catalogue: /Users/will/Dev/personal/tasks/math/erdos197/data/e122_n2_residue_recon.json
pairs: [11, 13, 15, 17, 19, 21]; catalogue sizes [110, 155, 173, 277, 401, 533]
x=11: 23 cores fire on >= 5 scales M = 0 mod 8
x=13: 3 cores fire on >= 5 scales M = 0 mod 8
x=15: 7 cores fire on >= 5 scales M = 0 mod 8
x=17: 9 cores fire on >= 5 scales M = 0 mod 8
x=19: 13 cores fire on >= 5 scales M = 0 mod 8
x=21: 22 cores fire on >= 5 scales M = 0 mod 8

3135 maximal affine families (len >= 3):
  step 2, delta [[2, 0], [10, -4], [-6, 4]]:
    x=11: {t0<b6,t1<b5,t6<b3} [M mod 8 in [3], M >= 60 (1 sporadic below)]
    x=13: {t0<b7,t2<b6,t11<b1} [M mod 8 in [1]]
    x=15: {t2<b7,t5<b5,t12<b2} [irregular]
    x=17: {t4<b7,t6<b6,t15<b1} [M mod 8 in [5]]
    x=19: {t6<b7,t9<b5,t16<b2} [irregular]
    x=21: {t8<b7,t10<b6,t19<b1} [M mod 8 in [1], M >= 26 (0 sporadic below)]
  step 2, delta [[10, -4], [2, 0], [-6, 4]]:
    x=11: {t0<b6,t1<b5,t6<b3} [M mod 8 in [3], M >= 60 (1 sporadic below)]
    x=13: {t0<b7,t3<b5,t10<b2} [irregular]
    x=15: {t4<b6,t5<b5,t10<b3} [irregular]
    x=17: {t4<b7,t7<b5,t14<b2} [irregular]
    x=19: {t8<b6,t9<b5,t14<b3} [irregular]
    x=21: {t8<b7,t11<b5,t18<b2} [irregular]
  step 2, delta [[2, 0], [2, 0], [2, 0]]:
    x=11: {t0<b6,t1<b5,t6<b3} [M mod 8 in [3], M >= 60 (1 sporadic below)]
    x=13: {t2<b6,t3<b5,t8<b3} [irregular]
    x=15: {t4<b6,t5<b5,t10<b3} [irregular]
    x=17: {t6<b6,t7<b5,t12<b3} [irregular]
    x=19: {t8<b6,t9<b5,t14<b3} [irregular]
    x=21: {t10<b6,t11<b5,t16<b3} [irregular]
  step 2, delta [[2, 0], [6, -2], [-2, 2]]:
    x=11: {t0<b6,t1<b5,t6<b3} [M mod 8 in [3], M >= 60 (1 sporadic below)]
    x=13: {t2<b6,t4<b5,t7<b3} [M mod 8 in [7]]
    x=15: {t4<b6,t5<b5,t10<b3} [irregular]
    x=17: {t6<b6,t8<b5,t11<b3} [M mod 8 in [3]]
    x=19: {t8<b6,t9<b5,t14<b3} [irregular]
    x=21: {t10<b6,t12<b5,t15<b3} [irregular]
  step 2, delta [[6, -2], [-2, 2], [-2, 2]]:
    x=11: {t0<b6,t2<b5,t5<b3} [M mod 8 in [5]]
    x=13: {t0<b7,t3<b5,t6<b4} [M mod 8 in [5]]
    x=15: {t1<b7,t4<b6,t6<b5} [irregular]
    x=17: {t2<b8,t4<b7,t7<b5} [M mod 8 in [1], M >= 18 (0 sporadic below)]
    x=19: {t2<b9,t5<b7,t8<b6} [M mod 8 in [1], M >= 18 (0 sporadic below)]
    x=21: {t3<b9,t6<b8,t8<b7} [irregular]
  step 2, delta [[10, -4], [-2, 2], [-2, 2]]:
    x=11: {t0<b6,t2<b5,t5<b3} [M mod 8 in [5]]
    x=13: {t0<b7,t3<b5,t10<b2} [irregular]
    x=15: {t1<b7,t8<b4,t10<b3} [irregular]
    x=17: {t6<b6,t8<b5,t11<b3} [M mod 8 in [3]]
    x=19: {t6<b7,t9<b5,t16<b2} [irregular]
    x=21: {t7<b7,t14<b4,t16<b3} [irregular]
  step 2, delta [[2, 0], [6, -2], [-2, 2]]:
    x=11: {t0<b6,t2<b5,t5<b3} [M mod 8 in [5]]
    x=13: {t2<b6,t3<b5,t8<b3} [irregular]
    x=15: {t4<b6,t6<b5,t9<b3} [M mod 8 in [1]]
    x=17: {t6<b6,t7<b5,t12<b3} [irregular]
    x=19: {t8<b6,t10<b5,t13<b3} [irregular]
    x=21: {t10<b6,t11<b5,t16<b3} [irregular]
  step 2, delta [[2, 0], [2, 0], [2, 0]]:
    x=11: {t0<b6,t2<b5,t5<b3} [M mod 8 in [5]]
    x=13: {t2<b6,t4<b5,t7<b3} [M mod 8 in [7]]
    x=15: {t4<b6,t6<b5,t9<b3} [M mod 8 in [1]]
    x=17: {t6<b6,t8<b5,t11<b3} [M mod 8 in [3]]
    x=19: {t8<b6,t10<b5,t13<b3} [irregular]
    x=21: {t10<b6,t12<b5,t15<b3} [irregular]
  step 2, delta [[10, -4], [-2, 2], [-2, 2]]:
    x=11: {t0<b6,t2<b5,t7<b2} [irregular]
    x=13: {t0<b7,t5<b4,t10<b2} [irregular]
    x=15: {t3<b6,t8<b4,t10<b3} [irregular]
    x=17: {t6<b6,t8<b5,t13<b2} [irregular]
    x=19: {t6<b7,t11<b4,t16<b2} [irregular]
    x=21: {t9<b6,t14<b4,t16<b3} [irregular]
  step 2, delta [[6, -2], [-2, 2], [2, 0]]:
    x=11: {t0<b6,t2<b5,t7<b2} [irregular]
    x=13: {t0<b7,t6<b4,t9<b2} [irregular]
    x=15: {t4<b6,t6<b5,t11<b2} [irregular]
    x=17: {t4<b7,t10<b4,t13<b2} [irregular]
    x=19: {t8<b6,t10<b5,t15<b2} [irregular]
    x=21: {t8<b7,t14<b4,t17<b2} [irregular]
  step 2, delta [[6, -2], [6, -2], [-6, 4]]:
    x=11: {t0<b6,t2<b5,t7<b2} [irregular]
    x=13: {t1<b6,t6<b4,t8<b3} [irregular]
    x=15: {t2<b7,t7<b4,t12<b2} [irregular]
    x=17: {t6<b6,t8<b5,t13<b2} [irregular]
    x=19: {t7<b6,t12<b4,t14<b3} [irregular]
    x=21: {t8<b7,t13<b4,t18<b2} [irregular]
  step 2, delta [[2, 0], [2, 0], [2, 0]]:
    x=11: {t0<b6,t2<b5,t7<b2} [irregular]
    x=13: {t2<b6,t4<b5,t9<b2} [irregular]
    x=15: {t4<b6,t6<b5,t11<b2} [irregular]
    x=17: {t6<b6,t8<b5,t13<b2} [irregular]
    x=19: {t8<b6,t10<b5,t15<b2} [irregular]
    x=21: {t10<b6,t12<b5,t17<b2} [irregular]
  step 2, delta [[2, 0], [6, -2], [-2, 2]]:
    x=11: {t0<b6,t2<b5,t7<b2} [irregular]
    x=13: {t2<b6,t5<b4,t8<b3} [M mod 8 in [6], M >= 63 (1 sporadic below)]
    x=15: {t4<b6,t6<b5,t11<b2} [irregular]
    x=17: {t6<b6,t9<b4,t12<b3} [M mod 8 in [2], M >= 59 (3 sporadic below)]
    x=19: {t8<b6,t10<b5,t15<b2} [irregular]
    x=21: {t10<b6,t13<b4,t16<b3} [M mod 8 in [6], M >= 31 (0 sporadic below)]
  step 2, delta [[10, -4], [-2, 2], [-2, 2]]:
    x=11: {t0<b6,t3<b4,t5<b3} [M mod 8 in [1], M >= 34 (0 sporadic below)]
    x=13: {t1<b6,t3<b5,t10<b2} [irregular]
    x=15: {t1<b7,t8<b4,t11<b2} [irregular]
    x=17: {t6<b6,t9<b4,t11<b3} [irregular]
    x=19: {t7<b6,t9<b5,t16<b2} [irregular]
    x=21: {t7<b7,t14<b4,t17<b2} [irregular]
  step 2, delta [[6, -2], [-2, 2], [2, 0]]:
    x=11: {t0<b6,t3<b4,t5<b3} [M mod 8 in [1], M >= 34 (0 sporadic below)]
    x=13: {t1<b6,t6<b4,t7<b3} [M mod 8 in [5], M >= 62 (1 sporadic below)]
    x=15: {t4<b6,t7<b4,t9<b3} [irregular]
    x=17: {t5<b6,t10<b4,t11<b3} [M mod 8 in [1], M >= 58 (3 sporadic below)]
    x=19: {t8<b6,t11<b4,t13<b3} [M mod 8 in [1], M >= 18 (0 sporadic below)]
    x=21: {t9<b6,t14<b4,t15<b3} [M mod 8 in [5], M >= 62 (2 sporadic below)]
  step 2, delta [[2, 0], [2, 0], [2, 0]]:
    x=11: {t0<b6,t3<b4,t5<b3} [M mod 8 in [1], M >= 34 (0 sporadic below)]
    x=13: {t2<b6,t5<b4,t7<b3} [M mod 8 in [3]]
    x=15: {t4<b6,t7<b4,t9<b3} [irregular]
    x=17: {t6<b6,t9<b4,t11<b3} [irregular]
    x=19: {t8<b6,t11<b4,t13<b3} [M mod 8 in [1], M >= 18 (0 sporadic below)]
    x=21: {t10<b6,t13<b4,t15<b3} [M mod 8 in [3], M >= 20 (0 sporadic below)]
  step 2, delta [[10, -4], [2, 0], [-6, 4]]:
    x=11: {t0<b6,t3<b4,t6<b3} [M mod 8 in [4], M >= 61 (1 sporadic below)]
    x=13: {t0<b7,t5<b4,t10<b2} [irregular]
    x=15: {t4<b6,t7<b4,t10<b3} [M mod 8 in [0], M >= 65 (1 sporadic below)]
    x=17: {t4<b7,t9<b4,t14<b2} [irregular]
    x=19: {t8<b6,t11<b4,t14<b3} [M mod 8 in [4], M >= 61 (3 sporadic below)]
    x=21: {t8<b7,t13<b4,t18<b2} [irregular]
  step 2, delta [[6, -2], [-2, 2], [-2, 2]]:
    x=11: {t0<b6,t3<b4,t6<b3} [M mod 8 in [4], M >= 61 (1 sporadic below)]
    x=13: {t1<b6,t4<b5,t6<b4} [irregular]
    x=15: {t2<b7,t4<b6,t7<b4} [M mod 8 in [0]]
    x=17: {t2<b8,t5<b6,t8<b5} [M mod 8 in [0], M >= 17 (0 sporadic below)]
    x=19: {t3<b8,t6<b7,t8<b6} [irregular]
    x=21: {t4<b9,t6<b8,t9<b6} [M mod 8 in [4], M >= 21 (0 sporadic below)]
  step 2, delta [[6, -2], [-2, 2], [2, 0]]:
    x=11: {t0<b6,t3<b4,t6<b3} [M mod 8 in [4], M >= 61 (1 sporadic below)]
    x=13: {t1<b6,t6<b4,t8<b3} [irregular]
    x=15: {t4<b6,t7<b4,t10<b3} [M mod 8 in [0], M >= 65 (1 sporadic below)]
    x=17: {t5<b6,t10<b4,t12<b3} [irregular]
    x=19: {t8<b6,t11<b4,t14<b3} [M mod 8 in [4], M >= 61 (3 sporadic below)]
    x=21: {t9<b6,t14<b4,t16<b3} [irregular]
  step 2, delta [[2, 0], [6, -2], [-2, 2]]:
    x=11: {t0<b6,t3<b4,t6<b3} [M mod 8 in [4], M >= 61 (1 sporadic below)]
    x=13: {t2<b6,t4<b5,t9<b2} [irregular]
    x=15: {t4<b6,t7<b4,t10<b3} [M mod 8 in [0], M >= 65 (1 sporadic below)]
    x=17: {t6<b6,t8<b5,t13<b2} [irregular]
    x=19: {t8<b6,t11<b4,t14<b3} [M mod 8 in [4], M >= 61 (3 sporadic below)]
    x=21: {t10<b6,t12<b5,t17<b2} [irregular]
  step 2, delta [[2, 0], [2, 0], [2, 0]]:
    x=11: {t0<b6,t3<b4,t6<b3} [M mod 8 in [4], M >= 61 (1 sporadic below)]
    x=13: {t2<b6,t5<b4,t8<b3} [M mod 8 in [6], M >= 63 (1 sporadic below)]
    x=15: {t4<b6,t7<b4,t10<b3} [M mod 8 in [0], M >= 65 (1 sporadic below)]
    x=17: {t6<b6,t9<b4,t12<b3} [M mod 8 in [2], M >= 59 (3 sporadic below)]
    x=19: {t8<b6,t11<b4,t14<b3} [M mod 8 in [4], M >= 61 (3 sporadic below)]
    x=21: {t10<b6,t13<b4,t16<b3} [M mod 8 in [6], M >= 31 (0 sporadic below)]
  step 2, delta [[6, -2], [-2, 2], [2, 0]]:
    x=11: {t0<b6,t3<b4,t10<b1} [irregular]
    x=13: {t1<b6,t6<b4,t12<b1} [irregular]
    x=15: {t4<b6,t7<b4,t14<b1} [irregular]
    x=17: {t5<b6,t10<b4,t16<b1} [irregular]
    x=19: {t8<b6,t11<b4,t18<b1} [irregular]
    x=21: {t9<b6,t14<b4,t20<b1} [irregular]
  step 2, delta [[10, -4], [-2, 2], [-2, 2]]:
    x=11: {t0<b6,t3<b4,t10<b1} [irregular]
    x=13: {t1<b6,t8<b3,t10<b2} [irregular]
    x=15: {t6<b5,t8<b4,t11<b2} [M mod 8 in [2]]
    x=17: {t6<b6,t9<b4,t16<b1} [irregular]
    x=19: {t7<b6,t14<b3,t16<b2} [irregular]
    x=21: {t12<b5,t14<b4,t17<b2} [M mod 8 in [0], M >= 25 (0 sporadic below)]
  step 2, delta [[2, 0], [2, 0], [2, 0]]:
    x=11: {t0<b6,t3<b4,t10<b1} [irregular]
    x=13: {t2<b6,t5<b4,t12<b1} [irregular]
    x=15: {t4<b6,t7<b4,t14<b1} [irregular]
    x=17: {t6<b6,t9<b4,t16<b1} [irregular]
    x=19: {t8<b6,t11<b4,t18<b1} [irregular]
    x=21: {t10<b6,t13<b4,t20<b1} [irregular]
  step 2, delta [[10, -4], [2, 0], [-6, 4]]:
    x=11: {t0<b6,t3<b4,t10<b1} [irregular]
    x=13: {t4<b5,t5<b4,t10<b2} [irregular]
    x=15: {t4<b6,t7<b4,t14<b1} [irregular]
    x=17: {t8<b5,t9<b4,t14<b2} [irregular]
    x=19: {t8<b6,t11<b4,t18<b1} [irregular]
    x=21: {t12<b5,t13<b4,t18<b2} [irregular]
  step 2, delta [[6, -2], [6, -2], [-6, 4]]:
    x=11: {t0<b6,t3<b4,t10<b1} [irregular]
    x=13: {t4<b5,t6<b4,t9<b2} [M mod 8 in [0]]
    x=15: {t3<b6,t10<b3,t12<b2} [irregular]
    x=17: {t6<b6,t9<b4,t16<b1} [irregular]
    x=19: {t10<b5,t12<b4,t15<b2} [irregular]
    x=21: {t9<b6,t16<b3,t18<b2} [irregular]
  step 2, delta [[2, 0], [2, 0], [2, 0]]:
    x=11: {t0<b6,t4<b4,t9<b1} [irregular]
    x=13: {t2<b6,t6<b4,t11<b1} [irregular]
    x=15: {t4<b6,t8<b4,t13<b1} [irregular]
    x=17: {t6<b6,t10<b4,t15<b1} [irregular]
    x=19: {t8<b6,t12<b4,t17<b1} [irregular]
    x=21: {t10<b6,t14<b4,t19<b1} [irregular]
  step 2, delta [[6, -2], [6, -2], [-10, 6]]:
    x=11: {t0<b6,t5<b3,t10<b1} [irregular]
    x=13: {t0<b7,t6<b4,t11<b1} [irregular]
    x=15: {t1<b7,t6<b5,t12<b2} [irregular]
    x=17: {t2<b8,t7<b5,t12<b3} [irregular]
    x=19: {t2<b9,t8<b6,t13<b3} [irregular]
    x=21: {t3<b9,t8<b7,t14<b4} [irregular]
  step 2, delta [[10, -4], [2, 0], [-10, 6]]:
    x=11: {t0<b6,t5<b3,t10<b1} [irregular]
    x=13: {t0<b7,t7<b3,t10<b2} [irregular]
    x=15: {t0<b8,t9<b3,t10<b3} [irregular]
    x=17: {t0<b9,t10<b4,t11<b3} [M mod 8 in [3], M >= 60 (2 sporadic below)]
    x=19: {t1<b9,t10<b5,t12<b4} [irregular]
    x=21: {t2<b10,t11<b5,t12<b5} [irregular]
  step 2, delta [[2, 0], [2, 0], [2, 0]]:
    x=11: {t0<b6,t5<b3,t10<b1} [irregular]
    x=13: {t2<b6,t7<b3,t12<b1} [irregular]
    x=15: {t4<b6,t9<b3,t14<b1} [irregular]
    x=17: {t6<b6,t11<b3,t16<b1} [irregular]
    x=19: {t8<b6,t13<b3,t18<b1} [irregular]
    x=21: {t10<b6,t15<b3,t20<b1} [irregular]
  step 2, delta [[2, 0], [6, -2], [-2, 2]]:
    x=11: {t0<b6,t5<b3,t10<b1} [irregular]
    x=13: {t2<b6,t8<b3,t11<b1} [irregular]
    x=15: {t4<b6,t9<b3,t14<b1} [irregular]
    x=17: {t6<b6,t12<b3,t15<b1} [irregular]
    x=19: {t8<b6,t13<b3,t18<b1} [irregular]
    x=21: {t10<b6,t16<b3,t19<b1} [irregular]
  step 2, delta [[6, -2], [-2, 2], [-2, 2]]:
    x=11: {t0<b6,t5<b3,t10<b1} [irregular]
    x=13: {t3<b5,t6<b4,t8<b3} [irregular]
    x=15: {t4<b6,t6<b5,t9<b3} [M mod 8 in [1]]
    x=17: {t4<b7,t7<b5,t10<b4} [M mod 8 in [1], M >= 18 (0 sporadic below)]
    x=19: {t5<b7,t8<b6,t10<b5} [irregular]
    x=21: {t6<b8,t8<b7,t11<b5} [M mod 8 in [5], M >= 22 (0 sporadic below)]
  step 2, delta [[10, -4], [-2, 2], [-2, 2]]:
    x=11: {t0<b6,t5<b3,t10<b1} [irregular]
    x=13: {t3<b5,t8<b3,t10<b2} [irregular]
    x=15: {t6<b5,t8<b4,t13<b1} [irregular]
    x=17: {t6<b6,t11<b3,t16<b1} [irregular]
    x=19: {t9<b5,t14<b3,t16<b2} [irregular]
    x=21: {t12<b5,t14<b4,t19<b1} [irregular]
  step 2, delta [[6, -2], [6, -2], [-6, 4]]:
    x=11: {t0<b6,t5<b3,t10<b1} [irregular]
    x=13: {t4<b5,t6<b4,t11<b1} [irregular]
    x=15: {t5<b5,t10<b3,t12<b2} [irregular]
    x=17: {t6<b6,t11<b3,t16<b1} [irregular]
    x=19: {t10<b5,t12<b4,t17<b1} [irregular]
    x=21: {t11<b5,t16<b3,t18<b2} [irregular]
  step 2, delta [[10, -4], [2, 0], [-6, 4]]:
    x=11: {t0<b6,t5<b3,t10<b1} [irregular]
    x=13: {t4<b5,t7<b3,t10<b2} [M mod 8 in [7], M >= 64 (1 sporadic below)]
    x=15: {t4<b6,t9<b3,t14<b1} [irregular]
    x=17: {t8<b5,t11<b3,t14<b2} [M mod 8 in [3], M >= 60 (3 sporadic below)]
    x=19: {t8<b6,t13<b3,t18<b1} [irregular]
    x=21: {t12<b5,t15<b3,t18<b2} [M mod 8 in [7], M >= 32 (0 sporadic below)]
  step 2, delta [[6, -2], [2, 0], [-2, 2]]:
    x=11: {t0<b6,t5<b3,t10<b1} [irregular]
    x=13: {t6<b4,t7<b3,t8<b3} [irregular]
    x=15: {t6<b5,t9<b3,t12<b2} [M mod 8 in [1], M >= 58 (3 sporadic below)]
    x=17: {t10<b4,t11<b3,t12<b3} [irregular]
    x=19: {t10<b5,t13<b3,t16<b2} [M mod 8 in [5], M >= 30 (0 sporadic below)]
    x=21: {t14<b4,t15<b3,t16<b3} [irregular]
  step 2, delta [[10, -4], [2, 0], [-10, 6]]:
    x=11: {t0<b6,t7<b2,t10<b1} [irregular]
    x=13: {t0<b7,t9<b2,t10<b2} [irregular]
    x=15: {t0<b8,t10<b3,t11<b2} [M mod 8 in [2], M >= 67 (1 sporadic below)]
    x=17: {t1<b8,t10<b4,t12<b3} [irregular]
    x=19: {t2<b9,t11<b4,t12<b4} [irregular]
    x=21: {t2<b10,t12<b5,t13<b4} [M mod 8 in [6], M >= 63 (2 sporadic below)]
  step 2, delta [[6, -2], [-6, 4], [2, 0]]:
    x=11: {t0<b6,t7<b2,t10<b1} [irregular]
    x=13: {t1<b6,t6<b4,t12<b1} [irregular]
    x=15: {t0<b8,t7<b4,t14<b1} [irregular]
    x=17: {t1<b8,t6<b6,t16<b1} [irregular]
    x=19: {t0<b10,t7<b6,t18<b1} [irregular]
    x=21: {t1<b10,t6<b8,t20<b1} [irregular]
  step 2, delta [[6, -2], [2, 0], [-6, 4]]:
    x=11: {t0<b6,t7<b2,t10<b1} [irregular]
    x=13: {t4<b5,t6<b4,t9<b2} [M mod 8 in [0]]
    x=15: {t3<b6,t8<b4,t10<b3} [irregular]
    x=17: {t4<b7,t9<b4,t10<b4} [irregular]
    x=19: {t4<b8,t10<b5,t11<b4} [irregular]
    x=21: {t5<b8,t10<b6,t12<b5} [irregular]
  step 2, delta [[6, -2], [-6, 4], [2, 0]]:
    x=11: {t0<b6,t8<b2,t9<b1} [irregular]
    x=13: {t2<b6,t6<b4,t11<b1} [irregular]
    x=15: {t0<b8,t8<b4,t13<b1} [irregular]
    x=17: {t2<b8,t6<b6,t15<b1} [irregular]
    x=19: {t0<b10,t8<b6,t17<b1} [irregular]
    x=21: {t2<b10,t6<b8,t19<b1} [irregular]
  step 2, delta [[2, 0], [2, 0], [2, 0]]:
    x=11: {t0<b6,t8<b2,t9<b1} [irregular]
    x=13: {t2<b6,t10<b2,t11<b1} [irregular]
    x=15: {t4<b6,t12<b2,t13<b1} [irregular]
    x=17: {t6<b6,t14<b2,t15<b1} [irregular]
    x=19: {t8<b6,t16<b2,t17<b1} [irregular]
    x=21: {t10<b6,t18<b2,t19<b1} [irregular]
  step 2, delta [[10, -4], [2, 0], [-10, 6]]:
    x=11: {t0<b6,t9<b1,t10<b1} [irregular]
    x=13: {t0<b7,t10<b2,t11<b1} [M mod 8 in [1], M >= 66 (1 sporadic below)]
    x=15: {t1<b7,t10<b3,t12<b2} [irregular]
    x=17: {t2<b8,t11<b3,t12<b3} [irregular]
    x=19: {t2<b9,t12<b4,t13<b3} [M mod 8 in [5], M >= 62 (2 sporadic below)]
    x=21: {t3<b9,t12<b5,t14<b4} [irregular]
  step 2, delta [[2, 0], [2, 0], [2, 0]]:
    x=11: {t0<b6,t9<b1,t10<b1} [irregular]
    x=13: {t2<b6,t11<b1,t12<b1} [irregular]
    x=15: {t4<b6,t13<b1,t14<b1} [irregular]
    x=17: {t6<b6,t15<b1,t16<b1} [irregular]
    x=19: {t8<b6,t17<b1,t18<b1} [irregular]
    x=21: {t10<b6,t19<b1,t20<b1} [irregular]
  step 2, delta [[10, -4], [-6, 4], [-2, 2]]:
    x=11: {t0<b6,t9<b1,t10<b1} [irregular]
    x=13: {t3<b5,t8<b3,t10<b2} [irregular]
    x=15: {t2<b7,t8<b4,t13<b1} [irregular]
    x=17: {t2<b8,t11<b3,t12<b3} [irregular]
    x=19: {t5<b7,t10<b5,t12<b4} [irregular]
    x=21: {t4<b9,t10<b6,t15<b3} [irregular]
  step 2, delta [[10, -4], [-6, 4], [2, 0]]:
    x=11: {t0<b6,t9<b1,t10<b1} [irregular]
    x=13: {t3<b5,t10<b2,t12<b1} [irregular]
    x=15: {t4<b6,t13<b1,t14<b1} [irregular]
    x=17: {t7<b5,t14<b2,t16<b1} [irregular]
    x=19: {t8<b6,t17<b1,t18<b1} [irregular]
    x=21: {t11<b5,t18<b2,t20<b1} [irregular]
  step 2, delta [[6, -2], [2, 0], [-6, 4]]:
    x=11: {t0<b6,t9<b1,t10<b1} [irregular]
    x=13: {t4<b5,t6<b4,t11<b1} [irregular]
    x=15: {t5<b5,t8<b4,t10<b3} [irregular]
    x=17: {t4<b7,t10<b4,t11<b3} [irregular]
    x=19: {t5<b7,t10<b5,t12<b4} [irregular]
    x=21: {t6<b8,t11<b5,t12<b5} [irregular]
  step 2, delta [[6, -2], [-2, 2], [2, 0]]:
    x=11: {t0<b6,t9<b1,t10<b1} [irregular]
    x=13: {t6<b4,t7<b3,t12<b1} [irregular]
    x=15: {t5<b5,t12<b2,t14<b1} [irregular]
    x=17: {t10<b4,t11<b3,t16<b1} [irregular]
    x=19: {t9<b5,t16<b2,t18<b1} [irregular]
    x=21: {t14<b4,t15<b3,t20<b1} [irregular]
  step 2, delta [[2, 0], [-2, 2], [2, 0]]:
    x=11: {t1<b5,t3<b4,t8<b2} [M mod 8 in [5], M >= 30 (0 sporadic below)]
    x=13: {t1<b6,t3<b5,t10<b2} [irregular]
    x=15: {t1<b7,t3<b6,t12<b2} [irregular]
    x=17: {t1<b8,t3<b7,t14<b2} [M mod 8 in [3]]
    x=19: {t1<b9,t3<b8,t16<b2} [irregular]
    x=21: {t1<b10,t3<b9,t18<b2} [irregular]
  step 2, delta [[10, -4], [-2, 2], [-2, 2]]:
    x=11: {t1<b5,t3<b4,t8<b2} [M mod 8 in [5], M >= 30 (0 sporadic below)]
    x=13: {t1<b6,t6<b4,t11<b1} [irregular]
    x=15: {t4<b6,t9<b3,t11<b2} [irregular]
    x=17: {t7<b5,t9<b4,t14<b2} [M mod 8 in [3], M >= 20 (0 sporadic below)]
    x=19: {t7<b6,t12<b4,t17<b1} [irregular]
    x=21: {t10<b6,t15<b3,t17<b2} [irregular]
  step 2, delta [[10, -4], [2, 0], [-6, 4]]:
    x=11: {t1<b5,t3<b4,t8<b2} [M mod 8 in [5], M >= 30 (0 sporadic below)]
    x=13: {t2<b6,t5<b4,t11<b1} [irregular]
    x=15: {t5<b5,t7<b4,t12<b2} [M mod 8 in [1]]
    x=17: {t6<b6,t9<b4,t15<b1} [irregular]
    x=19: {t9<b5,t11<b4,t16<b2} [irregular]
    x=21: {t10<b6,t13<b4,t19<b1} [irregular]
  step 2, delta [[2, 0], [2, 0], [2, 0]]:
    x=11: {t1<b5,t3<b4,t8<b2} [M mod 8 in [5], M >= 30 (0 sporadic below)]
    x=13: {t3<b5,t5<b4,t10<b2} [M mod 8 in [7]]
    x=15: {t5<b5,t7<b4,t12<b2} [M mod 8 in [1]]
    x=17: {t7<b5,t9<b4,t14<b2} [M mod 8 in [3], M >= 20 (0 sporadic below)]
    x=19: {t9<b5,t11<b4,t16<b2} [irregular]
    x=21: {t11<b5,t13<b4,t18<b2} [M mod 8 in [7], M >= 24 (0 sporadic below)]
  step 2, delta [[2, 0], [6, -2], [-2, 2]]:
    x=11: {t1<b5,t3<b4,t8<b2} [M mod 8 in [5], M >= 30 (0 sporadic below)]
    x=13: {t3<b5,t6<b4,t9<b2} [irregular]
    x=15: {t5<b5,t7<b4,t12<b2} [M mod 8 in [1]]
    x=17: {t7<b5,t10<b4,t13<b2} [irregular]
    x=19: {t9<b5,t11<b4,t16<b2} [irregular]
    x=21: {t11<b5,t14<b4,t17<b2} [irregular]
  step 2, delta [[2, 0], [-2, 2], [2, 0]]:
    x=11: {t1<b5,t3<b4,t10<b1} [irregular]
    x=13: {t1<b6,t3<b5,t12<b1} [irregular]
    x=15: {t1<b7,t3<b6,t14<b1} [M mod 8 in [2]]
    x=17: {t1<b8,t3<b7,t16<b1} [irregular]
    x=19: {t1<b9,t3<b8,t18<b1} [irregular]
    x=21: {t1<b10,t3<b9,t20<b1} [irregular]
  step 2, delta [[6, -2], [-2, 2], [2, 0]]:
    x=11: {t1<b5,t3<b4,t10<b1} [irregular]
    x=13: {t1<b6,t7<b3,t12<b1} [irregular]
    x=15: {t5<b5,t7<b4,t14<b1} [irregular]
    x=17: {t5<b6,t11<b3,t16<b1} [irregular]
    x=19: {t9<b5,t11<b4,t18<b1} [irregular]
    x=21: {t9<b6,t15<b3,t20<b1} [irregular]
  step 2, delta [[10, -4], [-2, 2], [-2, 2]]:
    x=11: {t1<b5,t3<b4,t10<b1} [irregular]
    x=13: {t1<b6,t8<b3,t11<b1} [irregular]
    x=15: {t6<b5,t9<b3,t11<b2} [irregular]
    x=17: {t7<b5,t9<b4,t16<b1} [irregular]
    x=19: {t7<b6,t14<b3,t17<b1} [irregular]
    x=21: {t12<b5,t15<b3,t17<b2} [irregular]
  step 2, delta [[2, 0], [2, 0], [2, 0]]:
    x=11: {t1<b5,t3<b4,t10<b1} [irregular]
    x=13: {t3<b5,t5<b4,t12<b1} [irregular]
    x=15: {t5<b5,t7<b4,t14<b1} [irregular]
    x=17: {t7<b5,t9<b4,t16<b1} [irregular]
    x=19: {t9<b5,t11<b4,t18<b1} [irregular]
    x=21: {t11<b5,t13<b4,t20<b1} [irregular]
  step 2, delta [[2, 0], [6, -2], [-2, 2]]:
    x=11: {t1<b5,t3<b4,t10<b1} [irregular]
    x=13: {t3<b5,t8<b3,t9<b2} [M mod 8 in [6], M >= 63 (1 sporadic below)]
    x=15: {t5<b5,t7<b4,t14<b1} [irregular]
    x=17: {t7<b5,t12<b3,t13<b2} [M mod 8 in [2], M >= 59 (2 sporadic below)]
    x=19: {t9<b5,t11<b4,t18<b1} [irregular]
    x=21: {t11<b5,t16<b3,t17<b2} [M mod 8 in [6], M >= 31 (0 sporadic below)]
  step 2, delta [[6, -2], [6, -2], [-6, 4]]:
    x=11: {t1<b5,t3<b4,t10<b1} [irregular]
    x=13: {t4<b5,t7<b3,t9<b2} [irregular]
    x=15: {t3<b6,t10<b3,t13<b1} [irregular]
    x=17: {t7<b5,t9<b4,t16<b1} [irregular]
    x=19: {t10<b5,t13<b3,t15<b2} [M mod 8 in [2], M >= 19 (0 sporadic below)]
    x=21: {t9<b6,t16<b3,t19<b1} [irregular]
  step 2, delta [[6, -2], [2, 0], [-2, 2]]:
    x=11: {t1<b5,t3<b4,t10<b1} [irregular]
    x=13: {t5<b4,t7<b3,t8<b3} [irregular]
    x=15: {t6<b5,t9<b3,t11<b2} [irregular]
    x=17: {t9<b4,t11<b3,t12<b3} [irregular]
    x=19: {t10<b5,t13<b3,t15<b2} [M mod 8 in [2], M >= 19 (0 sporadic below)]
    x=21: {t13<b4,t15<b3,t16<b3} [irregular]
  step 2, delta [[10, -4], [2, 0], [-6, 4]]:
    x=11: {t1<b5,t4<b4,t7<b2} [M mod 8 in [3]]
    x=13: {t1<b6,t6<b4,t11<b1} [irregular]
    x=15: {t5<b5,t8<b4,t11<b2} [irregular]
    x=17: {t5<b6,t10<b4,t15<b1} [irregular]
    x=19: {t9<b5,t12<b4,t15<b2} [irregular]
    x=21: {t9<b6,t14<b4,t19<b1} [irregular]
  step 2, delta [[6, -2], [-2, 2], [-2, 2]]:
    x=11: {t1<b5,t4<b4,t7<b2} [M mod 8 in [3]]
    x=13: {t2<b6,t5<b4,t7<b3} [M mod 8 in [3]]
    x=15: {t3<b6,t5<b5,t8<b4} [irregular]
    x=17: {t3<b7,t6<b6,t9<b4} [irregular]
    x=19: {t4<b8,t7<b6,t9<b5} [M mod 8 in [7]]
    x=21: {t5<b8,t7<b7,t10<b6} [irregular]
  step 2, delta [[2, 0], [6, -2], [-2, 2]]:
    x=11: {t1<b5,t4<b4,t7<b2} [M mod 8 in [3]]
    x=13: {t3<b5,t5<b4,t10<b2} [M mod 8 in [7]]
    x=15: {t5<b5,t8<b4,t11<b2} [irregular]
    x=17: {t7<b5,t9<b4,t14<b2} [M mod 8 in [3], M >= 20 (0 sporadic below)]
    x=19: {t9<b5,t12<b4,t15<b2} [irregular]
    x=21: {t11<b5,t13<b4,t18<b2} [M mod 8 in [7], M >= 24 (0 sporadic below)]
  step 2, delta [[2, 0], [2, 0], [2, 0]]:
    x=11: {t1<b5,t4<b4,t7<b2} [M mod 8 in [3]]
    x=13: {t3<b5,t6<b4,t9<b2} [irregular]
    x=15: {t5<b5,t8<b4,t11<b2} [irregular]
    x=17: {t7<b5,t10<b4,t13<b2} [irregular]
    x=19: {t9<b5,t12<b4,t15<b2} [irregular]
    x=21: {t11<b5,t14<b4,t17<b2} [irregular]
  step 2, delta [[2, 0], [2, 0], [2, 0]]:
    x=11: {t1<b5,t5<b3,t8<b2} [irregular]
    x=13: {t3<b5,t7<b3,t10<b2} [irregular]
    x=15: {t5<b5,t9<b3,t12<b2} [irregular]
    x=17: {t7<b5,t11<b3,t14<b2} [irregular]
    x=19: {t9<b5,t13<b3,t16<b2} [irregular]
    x=21: {t11<b5,t15<b3,t18<b2} [irregular]
  step 2, delta [[10, -4], [-6, 4], [2, 0]]:
    x=11: {t1<b5,t6<b3,t7<b2} [M mod 8 in [4], M >= 61 (1 sporadic below)]
    x=13: {t0<b7,t9<b2,t11<b1} [irregular]
    x=15: {t3<b6,t10<b3,t13<b1} [irregular]
    x=17: {t4<b7,t13<b2,t15<b1} [irregular]
    x=19: {t7<b6,t14<b3,t17<b1} [irregular]
    x=21: {t8<b7,t17<b2,t19<b1} [irregular]
  step 2, delta [[10, -4], [2, 0], [-6, 4]]:
    x=11: {t1<b5,t6<b3,t7<b2} [M mod 8 in [4], M >= 61 (1 sporadic below)]
    x=13: {t1<b6,t8<b3,t11<b1} [irregular]
    x=15: {t5<b5,t10<b3,t11<b2} [M mod 8 in [0], M >= 57 (3 sporadic below)]
    x=17: {t5<b6,t12<b3,t15<b1} [irregular]
    x=19: {t9<b5,t14<b3,t15<b2} [M mod 8 in [4], M >= 61 (2 sporadic below)]
    x=21: {t9<b6,t16<b3,t19<b1} [irregular]
  step 2, delta [[2, 0], [6, -2], [-2, 2]]:
    x=11: {t1<b5,t6<b3,t7<b2} [M mod 8 in [4], M >= 61 (1 sporadic below)]
    x=13: {t3<b5,t5<b4,t12<b1} [irregular]
    x=15: {t5<b5,t10<b3,t11<b2} [M mod 8 in [0], M >= 57 (3 sporadic below)]
    x=17: {t7<b5,t9<b4,t16<b1} [irregular]
    x=19: {t9<b5,t14<b3,t15<b2} [M mod 8 in [4], M >= 61 (2 sporadic below)]
    x=21: {t11<b5,t13<b4,t20<b1} [irregular]
  step 2, delta [[2, 0], [2, 0], [2, 0]]:
    x=11: {t1<b5,t6<b3,t7<b2} [M mod 8 in [4], M >= 61 (1 sporadic below)]
    x=13: {t3<b5,t8<b3,t9<b2} [M mod 8 in [6], M >= 63 (1 sporadic below)]
    x=15: {t5<b5,t10<b3,t11<b2} [M mod 8 in [0], M >= 57 (3 sporadic below)]
    x=17: {t7<b5,t12<b3,t13<b2} [M mod 8 in [2], M >= 59 (2 sporadic below)]
    x=19: {t9<b5,t14<b3,t15<b2} [M mod 8 in [4], M >= 61 (2 sporadic below)]
    x=21: {t11<b5,t16<b3,t17<b2} [M mod 8 in [6], M >= 31 (0 sporadic below)]
  step 2, delta [[6, -2], [-2, 2], [-2, 2]]:
    x=11: {t1<b5,t6<b3,t7<b2} [M mod 8 in [4], M >= 61 (1 sporadic below)]
    x=13: {t4<b5,t5<b4,t7<b3} [irregular]
    x=15: {t3<b6,t5<b5,t10<b3} [M mod 8 in [0]]
    x=17: {t3<b7,t8<b5,t9<b4} [M mod 8 in [0], M >= 17 (0 sporadic below)]
    x=19: {t6<b7,t7<b6,t9<b5} [irregular]
    x=21: {t5<b8,t7<b7,t12<b5} [M mod 8 in [4], M >= 21 (0 sporadic below)]
  step 2, delta [[6, -2], [-2, 2], [2, 0]]:
    x=11: {t1<b5,t6<b3,t7<b2} [M mod 8 in [4], M >= 61 (1 sporadic below)]
    x=13: {t4<b5,t7<b3,t9<b2} [irregular]
    x=15: {t5<b5,t10<b3,t11<b2} [M mod 8 in [0], M >= 57 (3 sporadic below)]
    x=17: {t8<b5,t11<b3,t13<b2} [M mod 8 in [0], M >= 17 (0 sporadic below)]
    x=19: {t9<b5,t14<b3,t15<b2} [M mod 8 in [4], M >= 61 (2 sporadic below)]
    x=21: {t12<b5,t15<b3,t17<b2} [irregular]
  step 2, delta [[6, -2], [2, 0], [-2, 2]]:
    x=11: {t1<b5,t6<b3,t7<b2} [M mod 8 in [4], M >= 61 (1 sporadic below)]
    x=13: {t5<b4,t7<b3,t8<b3} [irregular]
    x=15: {t6<b5,t9<b3,t11<b2} [irregular]
    x=17: {t9<b4,t11<b3,t12<b3} [irregular]
    x=19: {t10<b5,t13<b3,t15<b2} [M mod 8 in [2], M >= 19 (0 sporadic below)]
    x=21: {t13<b4,t15<b3,t16<b3} [irregular]
  step 2, delta [[10, -4], [-6, 4], [-2, 2]]:
    x=11: {t1<b5,t6<b3,t8<b2} [M mod 8 in [3], M >= 60 (1 sporadic below)]
    x=13: {t0<b7,t6<b4,t11<b1} [irregular]
    x=15: {t0<b8,t9<b3,t10<b3} [irregular]
    x=17: {t3<b7,t8<b5,t10<b4} [irregular]
    x=19: {t2<b9,t8<b6,t13<b3} [irregular]
    x=21: {t2<b10,t11<b5,t12<b5} [irregular]
  step 2, delta [[6, -2], [-6, 4], [2, 0]]:
    x=11: {t1<b5,t6<b3,t8<b2} [M mod 8 in [3], M >= 60 (1 sporadic below)]
    x=13: {t0<b7,t7<b3,t10<b2} [irregular]
    x=15: {t1<b7,t6<b5,t12<b2} [irregular]
    x=17: {t0<b9,t7<b5,t14<b2} [irregular]
    x=19: {t1<b9,t6<b7,t16<b2} [irregular]
    x=21: {t0<b11,t7<b7,t18<b2} [irregular]
  step 2, delta [[10, -4], [-6, 4], [2, 0]]:
    x=11: {t1<b5,t6<b3,t8<b2} [M mod 8 in [3], M >= 60 (1 sporadic below)]
    x=13: {t0<b7,t10<b2,t11<b1} [M mod 8 in [1], M >= 66 (1 sporadic below)]
    x=15: {t4<b6,t10<b3,t13<b1} [irregular]
    x=17: {t4<b7,t14<b2,t15<b1} [M mod 8 in [5], M >= 62 (2 sporadic below)]
    x=19: {t8<b6,t14<b3,t17<b1} [irregular]
    x=21: {t8<b7,t18<b2,t19<b1} [M mod 8 in [1], M >= 34 (0 sporadic below)]
  step 2, delta [[6, -2], [6, -2], [-6, 4]]:
    x=11: {t1<b5,t6<b3,t8<b2} [M mod 8 in [3], M >= 60 (1 sporadic below)]
    x=13: {t2<b6,t7<b3,t12<b1} [irregular]
    x=15: {t6<b5,t8<b4,t13<b1} [irregular]
    x=17: {t7<b5,t12<b3,t14<b2} [irregular]
    x=19: {t8<b6,t13<b3,t18<b1} [irregular]
    x=21: {t12<b5,t14<b4,t19<b1} [irregular]
  step 2, delta [[10, -4], [2, 0], [-6, 4]]:
    x=11: {t1<b5,t6<b3,t8<b2} [M mod 8 in [3], M >= 60 (1 sporadic below)]
    x=13: {t2<b6,t8<b3,t11<b1} [irregular]
    x=15: {t5<b5,t10<b3,t12<b2} [irregular]
    x=17: {t6<b6,t12<b3,t15<b1} [irregular]
    x=19: {t9<b5,t14<b3,t16<b2} [irregular]
    x=21: {t10<b6,t16<b3,t19<b1} [irregular]
  step 2, delta [[2, 0], [2, 0], [2, 0]]:
    x=11: {t1<b5,t6<b3,t8<b2} [M mod 8 in [3], M >= 60 (1 sporadic below)]
    x=13: {t3<b5,t8<b3,t10<b2} [irregular]
    x=15: {t5<b5,t10<b3,t12<b2} [irregular]
    x=17: {t7<b5,t12<b3,t14<b2} [irregular]
    x=19: {t9<b5,t14<b3,t16<b2} [irregular]
    x=21: {t11<b5,t16<b3,t18<b2} [irregular]
  step 2, delta [[10, -4], [-2, 2], [-2, 2]]:
    x=11: {t1<b5,t6<b3,t8<b2} [M mod 8 in [3], M >= 60 (1 sporadic below)]
    x=13: {t4<b5,t6<b4,t11<b1} [irregular]
    x=15: {t4<b6,t9<b3,t14<b1} [irregular]
    x=17: {t7<b5,t12<b3,t14<b2} [irregular]
    x=19: {t10<b5,t12<b4,t17<b1} [irregular]
    x=21: {t10<b6,t15<b3,t20<b1} [irregular]
  step 2, delta [[6, -2], [-2, 2], [2, 0]]:
    x=11: {t1<b5,t6<b3,t8<b2} [M mod 8 in [3], M >= 60 (1 sporadic below)]
    x=13: {t4<b5,t7<b3,t10<b2} [M mod 8 in [7], M >= 64 (1 sporadic below)]
    x=15: {t5<b5,t10<b3,t12<b2} [irregular]
    x=17: {t8<b5,t11<b3,t14<b2} [M mod 8 in [3], M >= 60 (3 sporadic below)]
    x=19: {t9<b5,t14<b3,t16<b2} [irregular]
    x=21: {t12<b5,t15<b3,t18<b2} [M mod 8 in [7], M >= 32 (0 sporadic below)]
  step 2, delta [[6, -2], [2, 0], [-2, 2]]:
    x=11: {t1<b5,t6<b3,t8<b2} [M mod 8 in [3], M >= 60 (1 sporadic below)]
    x=13: {t6<b4,t7<b3,t8<b3} [irregular]
    x=15: {t6<b5,t9<b3,t12<b2} [M mod 8 in [1], M >= 58 (3 sporadic below)]
    x=17: {t10<b4,t11<b3,t12<b3} [irregular]
    x=19: {t10<b5,t13<b3,t16<b2} [M mod 8 in [5], M >= 30 (0 sporadic below)]
    x=21: {t14<b4,t15<b3,t16<b3} [irregular]
  step 2, delta [[6, -2], [-2, 2], [2, 0]]:
    x=11: {t2<b5,t3<b4,t8<b2} [irregular]
    x=13: {t1<b6,t8<b3,t10<b2} [irregular]
    x=15: {t6<b5,t7<b4,t12<b2} [irregular]
    x=17: {t5<b6,t12<b3,t14<b2} [irregular]
    x=19: {t10<b5,t11<b4,t16<b2} [irregular]
    x=21: {t9<b6,t16<b3,t18<b2} [irregular]
  step 2, delta [[10, -4], [2, 0], [-6, 4]]:
    x=11: {t2<b5,t3<b4,t8<b2} [irregular]
    x=13: {t2<b6,t5<b4,t12<b1} [irregular]
    x=15: {t6<b5,t7<b4,t12<b2} [irregular]
    x=17: {t6<b6,t9<b4,t16<b1} [irregular]
    x=19: {t10<b5,t11<b4,t16<b2} [irregular]
    x=21: {t10<b6,t13<b4,t20<b1} [irregular]
  step 2, delta [[2, 0], [2, 0], [2, 0]]:
    x=11: {t2<b5,t3<b4,t8<b2} [irregular]
    x=13: {t4<b5,t5<b4,t10<b2} [irregular]
    x=15: {t6<b5,t7<b4,t12<b2} [irregular]
    x=17: {t8<b5,t9<b4,t14<b2} [irregular]
    x=19: {t10<b5,t11<b4,t16<b2} [irregular]
    x=21: {t12<b5,t13<b4,t18<b2} [irregular]
  step 2, delta [[2, 0], [6, -2], [-2, 2]]:
    x=11: {t2<b5,t3<b4,t8<b2} [irregular]
    x=13: {t4<b5,t6<b4,t9<b2} [M mod 8 in [0]]
    x=15: {t6<b5,t7<b4,t12<b2} [irregular]
    x=17: {t8<b5,t10<b4,t13<b2} [irregular]
    x=19: {t10<b5,t11<b4,t16<b2} [irregular]
    x=21: {t12<b5,t14<b4,t17<b2} [M mod 8 in [0], M >= 25 (0 sporadic below)]
  step 2, delta [[10, -4], [2, 0], [-6, 4]]:
    x=11: {t2<b5,t4<b4,t7<b2} [M mod 8 in [6], M >= 31 (0 sporadic below)]
    x=13: {t1<b6,t6<b4,t12<b1} [irregular]
    x=15: {t6<b5,t8<b4,t11<b2} [M mod 8 in [2]]
    x=17: {t5<b6,t10<b4,t16<b1} [irregular]
    x=19: {t10<b5,t12<b4,t15<b2} [irregular]
    x=21: {t9<b6,t14<b4,t20<b1} [irregular]
  step 2, delta [[6, -2], [6, -2], [-6, 4]]:
    x=11: {t2<b5,t4<b4,t7<b2} [M mod 8 in [6], M >= 31 (0 sporadic below)]
    x=13: {t1<b6,t8<b3,t10<b2} [irregular]
    x=15: {t4<b6,t7<b4,t14<b1} [irregular]
    x=17: {t8<b5,t10<b4,t13<b2} [irregular]
    x=19: {t7<b6,t14<b3,t16<b2} [irregular]
    x=21: {t10<b6,t13<b4,t20<b1} [irregular]
  step 2, delta [[2, 0], [-2, 2], [2, 0]]:
    x=11: {t2<b5,t4<b4,t7<b2} [M mod 8 in [6], M >= 31 (0 sporadic below)]
    x=13: {t2<b6,t4<b5,t9<b2} [irregular]
    x=15: {t2<b7,t4<b6,t11<b2} [irregular]
    x=17: {t2<b8,t4<b7,t13<b2} [M mod 8 in [4]]
    x=19: {t2<b9,t4<b8,t15<b2} [irregular]
    x=21: {t2<b10,t4<b9,t17<b2} [irregular]
  step 2, delta [[6, -2], [-2, 2], [-2, 2]]:
    x=11: {t2<b5,t4<b4,t7<b2} [M mod 8 in [6], M >= 31 (0 sporadic below)]
    x=13: {t2<b6,t5<b4,t8<b3} [M mod 8 in [6], M >= 63 (1 sporadic below)]
    x=15: {t3<b6,t6<b5,t8<b4} [irregular]
    x=17: {t4<b7,t6<b6,t9<b4} [M mod 8 in [2]]
    x=19: {t4<b8,t7<b6,t10<b5} [M mod 8 in [2], M >= 19 (0 sporadic below)]
    x=21: {t5<b8,t8<b7,t10<b6} [irregular]
  step 2, delta [[10, -4], [-2, 2], [-2, 2]]:
    x=11: {t2<b5,t4<b4,t7<b2} [M mod 8 in [6], M >= 31 (0 sporadic below)]
    x=13: {t2<b6,t5<b4,t12<b1} [irregular]
    x=15: {t3<b6,t10<b3,t12<b2} [irregular]
    x=17: {t8<b5,t10<b4,t13<b2} [irregular]
    x=19: {t8<b6,t11<b4,t18<b1} [irregular]
    x=21: {t9<b6,t16<b3,t18<b2} [irregular]
  step 2, delta [[2, 0], [6, -2], [-2, 2]]:
    x=11: {t2<b5,t4<b4,t7<b2} [M mod 8 in [6], M >= 31 (0 sporadic below)]
    x=13: {t4<b5,t5<b4,t10<b2} [irregular]
    x=15: {t6<b5,t8<b4,t11<b2} [M mod 8 in [2]]
    x=17: {t8<b5,t9<b4,t14<b2} [irregular]
    x=19: {t10<b5,t12<b4,t15<b2} [irregular]
    x=21: {t12<b5,t13<b4,t18<b2} [irregular]
  step 2, delta [[2, 0], [2, 0], [2, 0]]:
    x=11: {t2<b5,t4<b4,t7<b2} [M mod 8 in [6], M >= 31 (0 sporadic below)]
    x=13: {t4<b5,t6<b4,t9<b2} [M mod 8 in [0]]
    x=15: {t6<b5,t8<b4,t11<b2} [M mod 8 in [2]]
    x=17: {t8<b5,t10<b4,t13<b2} [irregular]
    x=19: {t10<b5,t12<b4,t15<b2} [irregular]
    x=21: {t12<b5,t14<b4,t17<b2} [M mod 8 in [0], M >= 25 (0 sporadic below)]
  step 2, delta [[2, 0], [-2, 2], [2, 0]]:
    x=11: {t2<b5,t4<b4,t9<b1} [irregular]
    x=13: {t2<b6,t4<b5,t11<b1} [irregular]
    x=15: {t2<b7,t4<b6,t13<b1} [M mod 8 in [3]]
    x=17: {t2<b8,t4<b7,t15<b1} [irregular]
    x=19: {t2<b9,t4<b8,t17<b1} [irregular]
    x=21: {t2<b10,t4<b9,t19<b1} [irregular]
  step 2, delta [[10, -4], [-2, 2], [-2, 2]]:
    x=11: {t2<b5,t4<b4,t9<b1} [irregular]
    x=13: {t2<b6,t7<b3,t12<b1} [irregular]
    x=15: {t5<b5,t10<b3,t12<b2} [irregular]
    x=17: {t8<b5,t10<b4,t15<b1} [irregular]
    x=19: {t8<b6,t13<b3,t18<b1} [irregular]
    x=21: {t11<b5,t16<b3,t18<b2} [irregular]
  step 2, delta [[6, -2], [-2, 2], [2, 0]]:
    x=11: {t2<b5,t4<b4,t9<b1} [irregular]
    x=13: {t2<b6,t8<b3,t11<b1} [irregular]
    x=15: {t6<b5,t8<b4,t13<b1} [irregular]
    x=17: {t6<b6,t12<b3,t15<b1} [irregular]
    x=19: {t10<b5,t12<b4,t17<b1} [irregular]
    x=21: {t10<b6,t16<b3,t19<b1} [irregular]
  step 2, delta [[6, -2], [6, -2], [-6, 4]]:
    x=11: {t2<b5,t4<b4,t9<b1} [irregular]
    x=13: {t3<b5,t8<b3,t10<b2} [irregular]
    x=15: {t4<b6,t9<b3,t14<b1} [irregular]
    x=17: {t8<b5,t10<b4,t15<b1} [irregular]
    x=19: {t9<b5,t14<b3,t16<b2} [irregular]
    x=21: {t10<b6,t15<b3,t20<b1} [irregular]
  step 2, delta [[2, 0], [2, 0], [2, 0]]:
    x=11: {t2<b5,t4<b4,t9<b1} [irregular]
    x=13: {t4<b5,t6<b4,t11<b1} [irregular]
    x=15: {t6<b5,t8<b4,t13<b1} [irregular]
    x=17: {t8<b5,t10<b4,t15<b1} [irregular]
    x=19: {t10<b5,t12<b4,t17<b1} [irregular]
    x=21: {t12<b5,t14<b4,t19<b1} [irregular]
  step 2, delta [[2, 0], [6, -2], [-2, 2]]:
    x=11: {t2<b5,t4<b4,t9<b1} [irregular]
    x=13: {t4<b5,t7<b3,t10<b2} [M mod 8 in [7], M >= 64 (1 sporadic below)]
    x=15: {t6<b5,t8<b4,t13<b1} [irregular]
    x=17: {t8<b5,t11<b3,t14<b2} [M mod 8 in [3], M >= 60 (3 sporadic below)]
    x=19: {t10<b5,t12<b4,t17<b1} [irregular]
    x=21: {t12<b5,t15<b3,t18<b2} [M mod 8 in [7], M >= 32 (0 sporadic below)]
  step 2, delta [[6, -2], [2, 0], [-2, 2]]:
    x=11: {t2<b5,t4<b4,t9<b1} [irregular]
    x=13: {t6<b4,t7<b3,t8<b3} [irregular]
    x=15: {t6<b5,t9<b3,t12<b2} [M mod 8 in [1], M >= 58 (3 sporadic below)]
    x=17: {t10<b4,t11<b3,t12<b3} [irregular]
    x=19: {t10<b5,t13<b3,t16<b2} [M mod 8 in [5], M >= 30 (0 sporadic below)]
    x=21: {t14<b4,t15<b3,t16<b3} [irregular]
  step 2, delta [[10, -4], [2, 0], [-6, 4]]:
    x=11: {t2<b5,t5<b3,t7<b2} [M mod 8 in [2]]
    x=13: {t1<b6,t7<b3,t12<b1} [irregular]
    x=15: {t6<b5,t9<b3,t11<b2} [irregular]
    x=17: {t5<b6,t11<b3,t16<b1} [irregular]
    x=19: {t10<b5,t13<b3,t15<b2} [M mod 8 in [2], M >= 19 (0 sporadic below)]
    x=21: {t9<b6,t15<b3,t20<b1} [irregular]
  step 2, delta [[6, -2], [6, -2], [-6, 4]]:
    x=11: {t2<b5,t5<b3,t7<b2} [M mod 8 in [2]]
    x=13: {t1<b6,t8<b3,t11<b1} [irregular]
    x=15: {t5<b5,t7<b4,t14<b1} [irregular]
    x=17: {t8<b5,t11<b3,t13<b2} [M mod 8 in [0], M >= 17 (0 sporadic below)]
    x=19: {t7<b6,t14<b3,t17<b1} [irregular]
    x=21: {t11<b5,t13<b4,t20<b1} [irregular]
  step 2, delta [[6, -2], [-2, 2], [-2, 2]]:
    x=11: {t2<b5,t5<b3,t7<b2} [M mod 8 in [2]]
    x=13: {t3<b5,t5<b4,t8<b3} [irregular]
    x=15: {t3<b6,t6<b5,t9<b3} [irregular]
    x=17: {t4<b7,t7<b5,t9<b4} [irregular]
    x=19: {t5<b7,t7<b6,t10<b5} [irregular]
    x=21: {t5<b8,t8<b7,t11<b5} [irregular]
  step 2, delta [[10, -4], [-2, 2], [-2, 2]]:
    x=11: {t2<b5,t5<b3,t7<b2} [M mod 8 in [2]]
    x=13: {t3<b5,t5<b4,t12<b1} [irregular]
    x=15: {t3<b6,t10<b3,t13<b1} [irregular]
    x=17: {t8<b5,t11<b3,t13<b2} [M mod 8 in [0], M >= 17 (0 sporadic below)]
    x=19: {t9<b5,t11<b4,t18<b1} [irregular]
    x=21: {t9<b6,t16<b3,t19<b1} [irregular]
  step 2, delta [[6, -2], [-2, 2], [2, 0]]:
    x=11: {t2<b5,t5<b3,t7<b2} [M mod 8 in [2]]
    x=13: {t3<b5,t8<b3,t9<b2} [M mod 8 in [6], M >= 63 (1 sporadic below)]
    x=15: {t6<b5,t9<b3,t11<b2} [irregular]
    x=17: {t7<b5,t12<b3,t13<b2} [M mod 8 in [2], M >= 59 (2 sporadic below)]
    x=19: {t10<b5,t13<b3,t15<b2} [M mod 8 in [2], M >= 19 (0 sporadic below)]
    x=21: {t11<b5,t16<b3,t17<b2} [M mod 8 in [6], M >= 31 (0 sporadic below)]
  step 2, delta [[2, 0], [2, 0], [2, 0]]:
    x=11: {t2<b5,t5<b3,t7<b2} [M mod 8 in [2]]
    x=13: {t4<b5,t7<b3,t9<b2} [irregular]
    x=15: {t6<b5,t9<b3,t11<b2} [irregular]
    x=17: {t8<b5,t11<b3,t13<b2} [M mod 8 in [0], M >= 17 (0 sporadic below)]
    x=19: {t10<b5,t13<b3,t15<b2} [M mod 8 in [2], M >= 19 (0 sporadic below)]
    x=21: {t12<b5,t15<b3,t17<b2} [irregular]
  step 2, delta [[6, -2], [2, 0], [-2, 2]]:
    x=11: {t2<b5,t5<b3,t7<b2} [M mod 8 in [2]]
    x=13: {t5<b4,t7<b3,t8<b3} [irregular]
    x=15: {t6<b5,t9<b3,t11<b2} [irregular]
    x=17: {t9<b4,t11<b3,t12<b3} [irregular]
    x=19: {t10<b5,t13<b3,t15<b2} [M mod 8 in [2], M >= 19 (0 sporadic below)]
    x=21: {t13<b4,t15<b3,t16<b3} [irregular]
  step 2, delta [[10, -4], [2, 0], [-6, 4]]:
    x=11: {t2<b5,t5<b3,t8<b2} [M mod 8 in [5], M >= 62 (1 sporadic below)]
    x=13: {t2<b6,t7<b3,t12<b1} [irregular]
    x=15: {t6<b5,t9<b3,t12<b2} [M mod 8 in [1], M >= 58 (3 sporadic below)]
    x=17: {t6<b6,t11<b3,t16<b1} [irregular]
    x=19: {t10<b5,t13<b3,t16<b2} [M mod 8 in [5], M >= 30 (0 sporadic below)]
    x=21: {t10<b6,t15<b3,t20<b1} [irregular]
  step 2, delta [[6, -2], [-2, 2], [-2, 2]]:
    x=11: {t2<b5,t5<b3,t8<b2} [M mod 8 in [5], M >= 62 (1 sporadic below)]
    x=13: {t3<b5,t6<b4,t8<b3} [irregular]
    x=15: {t4<b6,t6<b5,t9<b3} [M mod 8 in [1]]
    x=17: {t4<b7,t7<b5,t10<b4} [M mod 8 in [1], M >= 18 (0 sporadic below)]
    x=19: {t5<b7,t8<b6,t10<b5} [irregular]
    x=21: {t6<b8,t8<b7,t11<b5} [M mod 8 in [5], M >= 22 (0 sporadic below)]
  step 2, delta [[6, -2], [-2, 2], [2, 0]]:
    x=11: {t2<b5,t5<b3,t8<b2} [M mod 8 in [5], M >= 62 (1 sporadic below)]
    x=13: {t3<b5,t8<b3,t10<b2} [irregular]
    x=15: {t6<b5,t9<b3,t12<b2} [M mod 8 in [1], M >= 58 (3 sporadic below)]
    x=17: {t7<b5,t12<b3,t14<b2} [irregular]
    x=19: {t10<b5,t13<b3,t16<b2} [M mod 8 in [5], M >= 30 (0 sporadic below)]
    x=21: {t11<b5,t16<b3,t18<b2} [irregular]
  step 2, delta [[2, 0], [6, -2], [-2, 2]]:
    x=11: {t2<b5,t5<b3,t8<b2} [M mod 8 in [5], M >= 62 (1 sporadic below)]
    x=13: {t4<b5,t6<b4,t11<b1} [irregular]
    x=15: {t6<b5,t9<b3,t12<b2} [M mod 8 in [1], M >= 58 (3 sporadic below)]
    x=17: {t8<b5,t10<b4,t15<b1} [irregular]
    x=19: {t10<b5,t13<b3,t16<b2} [M mod 8 in [5], M >= 30 (0 sporadic below)]
    x=21: {t12<b5,t14<b4,t19<b1} [irregular]
  step 2, delta [[2, 0], [2, 0], [2, 0]]:
    x=11: {t2<b5,t5<b3,t8<b2} [M mod 8 in [5], M >= 62 (1 sporadic below)]
    x=13: {t4<b5,t7<b3,t10<b2} [M mod 8 in [7], M >= 64 (1 sporadic below)]
    x=15: {t6<b5,t9<b3,t12<b2} [M mod 8 in [1], M >= 58 (3 sporadic below)]
    x=17: {t8<b5,t11<b3,t14<b2} [M mod 8 in [3], M >= 60 (3 sporadic below)]
    x=19: {t10<b5,t13<b3,t16<b2} [M mod 8 in [5], M >= 30 (0 sporadic below)]
    x=21: {t12<b5,t15<b3,t18<b2} [M mod 8 in [7], M >= 32 (0 sporadic below)]
  step 2, delta [[6, -2], [2, 0], [-2, 2]]:
    x=11: {t2<b5,t5<b3,t8<b2} [M mod 8 in [5], M >= 62 (1 sporadic below)]
    x=13: {t6<b4,t7<b3,t8<b3} [irregular]
    x=15: {t6<b5,t9<b3,t12<b2} [M mod 8 in [1], M >= 58 (3 sporadic below)]
    x=17: {t10<b4,t11<b3,t12<b3} [irregular]
    x=19: {t10<b5,t13<b3,t16<b2} [M mod 8 in [5], M >= 30 (0 sporadic below)]
    x=21: {t14<b4,t15<b3,t16<b3} [irregular]
  step 2, delta [[6, -2], [-6, 4], [2, 0]]:
    x=11: {t2<b5,t6<b3,t7<b2} [irregular]
    x=13: {t0<b7,t8<b3,t9<b2} [irregular]
    x=15: {t2<b7,t6<b5,t11<b2} [irregular]
    x=17: {t0<b9,t8<b5,t13<b2} [irregular]
    x=19: {t2<b9,t6<b7,t15<b2} [irregular]
    x=21: {t0<b11,t8<b7,t17<b2} [irregular]
  step 2, delta [[2, 0], [2, 0], [2, 0]]:
    x=11: {t2<b5,t6<b3,t7<b2} [irregular]
    x=13: {t4<b5,t8<b3,t9<b2} [irregular]
    x=15: {t6<b5,t10<b3,t11<b2} [irregular]
    x=17: {t8<b5,t12<b3,t13<b2} [irregular]
    x=19: {t10<b5,t14<b3,t15<b2} [irregular]
    x=21: {t12<b5,t16<b3,t17<b2} [irregular]
  step 2, delta [[10, -4], [-6, 4], [-2, 2]]:
    x=11: {t2<b5,t7<b2,t8<b2} [irregular]
    x=13: {t1<b6,t6<b4,t12<b1} [irregular]
    x=15: {t0<b8,t10<b3,t11<b2} [M mod 8 in [2], M >= 67 (1 sporadic below)]
    x=17: {t4<b7,t9<b4,t10<b4} [irregular]
    x=19: {t3<b8,t8<b6,t14<b3} [irregular]
    x=21: {t2<b10,t12<b5,t13<b4} [M mod 8 in [6], M >= 63 (2 sporadic below)]
  step 2, delta [[2, 0], [2, 0], [2, 0]]:
    x=11: {t2<b5,t7<b2,t8<b2} [irregular]
    x=13: {t4<b5,t9<b2,t10<b2} [irregular]
    x=15: {t6<b5,t11<b2,t12<b2} [irregular]
    x=17: {t8<b5,t13<b2,t14<b2} [irregular]
    x=19: {t10<b5,t15<b2,t16<b2} [irregular]
    x=21: {t12<b5,t17<b2,t18<b2} [irregular]
  step 2, delta [[6, -2], [-2, 2], [2, 0]]:
    x=11: {t2<b5,t7<b2,t8<b2} [irregular]
    x=13: {t5<b4,t8<b3,t10<b2} [irregular]
    x=15: {t6<b5,t11<b2,t12<b2} [irregular]
    x=17: {t9<b4,t12<b3,t14<b2} [irregular]
    x=19: {t10<b5,t15<b2,t16<b2} [irregular]
    x=21: {t13<b4,t16<b3,t18<b2} [irregular]
  step 2, delta [[2, 0], [-2, 2], [2, 0]]:
    x=11: {t3<b4,t5<b3,t8<b2} [irregular]
    x=13: {t3<b5,t5<b4,t10<b2} [M mod 8 in [7]]
    x=15: {t3<b6,t5<b5,t12<b2} [irregular]
    x=17: {t3<b7,t5<b6,t14<b2} [irregular]
    x=19: {t3<b8,t5<b7,t16<b2} [M mod 8 in [5]]
    x=21: {t3<b9,t5<b8,t18<b2} [irregular]
  step 2, delta [[6, -2], [-2, 2], [-2, 2]]:
    x=11: {t3<b4,t5<b3,t8<b2} [irregular]
    x=13: {t3<b5,t6<b4,t9<b2} [irregular]
    x=15: {t4<b6,t7<b4,t9<b3} [irregular]
    x=17: {t5<b6,t7<b5,t10<b4} [irregular]
    x=19: {t5<b7,t8<b6,t11<b4} [irregular]
    x=21: {t6<b8,t9<b6,t11<b5} [M mod 8 in [1], M >= 18 (0 sporadic below)]
  step 2, delta [[2, 0], [-2, 2], [2, 0]]:
    x=11: {t3<b4,t5<b3,t10<b1} [M mod 8 in [6]]
    x=13: {t3<b5,t5<b4,t12<b1} [irregular]
    x=15: {t3<b6,t5<b5,t14<b1} [irregular]
    x=17: {t3<b7,t5<b6,t16<b1} [M mod 8 in [4]]
    x=19: {t3<b8,t5<b7,t18<b1} [irregular]
    x=21: {t3<b9,t5<b8,t20<b1} [irregular]
  step 2, delta [[6, -2], [-2, 2], [-2, 2]]:
    x=11: {t3<b4,t5<b3,t10<b1} [M mod 8 in [6]]
    x=13: {t3<b5,t8<b3,t9<b2} [M mod 8 in [6], M >= 63 (1 sporadic below)]
    x=15: {t6<b5,t7<b4,t9<b3} [irregular]
    x=17: {t5<b6,t7<b5,t12<b3} [M mod 8 in [2]]
    x=19: {t5<b7,t10<b5,t11<b4} [M mod 8 in [2], M >= 19 (0 sporadic below)]
    x=21: {t8<b7,t9<b6,t11<b5} [irregular]
  step 2, delta [[6, -2], [2, 0], [-6, 4]]:
    x=11: {t3<b4,t5<b3,t10<b1} [M mod 8 in [6]]
    x=13: {t4<b5,t7<b3,t9<b2} [irregular]
    x=15: {t3<b6,t9<b3,t10<b3} [irregular]
    x=17: {t4<b7,t9<b4,t11<b3} [irregular]
    x=19: {t5<b7,t10<b5,t11<b4} [M mod 8 in [2], M >= 19 (0 sporadic below)]
    x=21: {t5<b8,t11<b5,t12<b5} [irregular]
  step 2, delta [[2, 0], [2, 0], [2, 0]]:
    x=11: {t3<b4,t5<b3,t10<b1} [M mod 8 in [6]]
    x=13: {t5<b4,t7<b3,t12<b1} [M mod 8 in [0]]
    x=15: {t7<b4,t9<b3,t14<b1} [M mod 8 in [2], M >= 19 (0 sporadic below)]
    x=17: {t9<b4,t11<b3,t16<b1} [irregular]
    x=19: {t11<b4,t13<b3,t18<b1} [M mod 8 in [6], M >= 23 (0 sporadic below)]
    x=21: {t13<b4,t15<b3,t20<b1} [M mod 8 in [0], M >= 25 (0 sporadic below)]
  step 2, delta [[2, 0], [6, -2], [-2, 2]]:
    x=11: {t3<b4,t5<b3,t10<b1} [M mod 8 in [6]]
    x=13: {t5<b4,t8<b3,t11<b1} [irregular]
    x=15: {t7<b4,t9<b3,t14<b1} [M mod 8 in [2], M >= 19 (0 sporadic below)]
    x=17: {t9<b4,t12<b3,t15<b1} [irregular]
    x=19: {t11<b4,t13<b3,t18<b1} [M mod 8 in [6], M >= 23 (0 sporadic below)]
    x=21: {t13<b4,t16<b3,t19<b1} [irregular]
  step 2, delta [[2, 0], [2, 0], [-6, 4]]:
    x=11: {t3<b4,t6<b3,t8<b2} [irregular]
    x=13: {t2<b6,t5<b4,t8<b3} [M mod 8 in [6], M >= 63 (1 sporadic below)]
    x=15: {t2<b7,t4<b6,t7<b4} [M mod 8 in [0]]
    x=17: {t1<b8,t4<b7,t6<b6} [irregular]
    x=19: {t0<b10,t3<b8,t6<b7} [M mod 8 in [0], M >= 17 (0 sporadic below)]
    x=21: {t0<b11,t2<b10,t5<b8} [M mod 8 in [2], M >= 19 (0 sporadic below)]
  step 2, delta [[6, -2], [-2, 2], [-2, 2]]:
    x=11: {t3<b4,t6<b3,t8<b2} [irregular]
    x=13: {t4<b5,t6<b4,t9<b2} [M mod 8 in [0]]
    x=15: {t4<b6,t7<b4,t10<b3} [M mod 8 in [0], M >= 65 (1 sporadic below)]
    x=17: {t5<b6,t8<b5,t10<b4} [irregular]
    x=19: {t6<b7,t8<b6,t11<b4} [M mod 8 in [4]]
    x=21: {t6<b8,t9<b6,t12<b5} [M mod 8 in [4], M >= 21 (0 sporadic below)]
  step 2, delta [[6, -2], [-2, 2], [2, 0]]:
    x=11: {t3<b4,t6<b3,t8<b2} [irregular]
    x=13: {t4<b5,t9<b2,t10<b2} [irregular]
    x=15: {t7<b4,t10<b3,t12<b2} [irregular]
    x=17: {t8<b5,t13<b2,t14<b2} [irregular]
    x=19: {t11<b4,t14<b3,t16<b2} [irregular]
    x=21: {t12<b5,t17<b2,t18<b2} [irregular]
  step 2, delta [[2, 0], [2, 0], [2, 0]]:
    x=11: {t3<b4,t6<b3,t8<b2} [irregular]
    x=13: {t5<b4,t8<b3,t10<b2} [irregular]
    x=15: {t7<b4,t10<b3,t12<b2} [irregular]
    x=17: {t9<b4,t12<b3,t14<b2} [irregular]
    x=19: {t11<b4,t14<b3,t16<b2} [irregular]
    x=21: {t13<b4,t16<b3,t18<b2} [irregular]
  step 2, delta [[6, -2], [2, 0], [-6, 4]]:
    x=11: {t3<b4,t6<b3,t9<b1} [irregular]
    x=13: {t3<b5,t8<b3,t9<b2} [M mod 8 in [6], M >= 63 (1 sporadic below)]
    x=15: {t3<b6,t9<b3,t10<b3} [irregular]
    x=17: {t4<b7,t9<b4,t11<b3} [irregular]
    x=19: {t5<b7,t10<b5,t11<b4} [M mod 8 in [2], M >= 19 (0 sporadic below)]
    x=21: {t5<b8,t11<b5,t12<b5} [irregular]
  step 2, delta [[2, 0], [6, -2], [-2, 2]]:
    x=11: {t3<b4,t6<b3,t9<b1} [irregular]
    x=13: {t5<b4,t7<b3,t12<b1} [M mod 8 in [0]]
    x=15: {t7<b4,t10<b3,t13<b1} [irregular]
    x=17: {t9<b4,t11<b3,t16<b1} [irregular]
    x=19: {t11<b4,t14<b3,t17<b1} [irregular]
    x=21: {t13<b4,t15<b3,t20<b1} [M mod 8 in [0], M >= 25 (0 sporadic below)]
  step 2, delta [[2, 0], [2, 0], [2, 0]]:
    x=11: {t3<b4,t6<b3,t9<b1} [irregular]
    x=13: {t5<b4,t8<b3,t11<b1} [irregular]
    x=15: {t7<b4,t10<b3,t13<b1} [irregular]
    x=17: {t9<b4,t12<b3,t15<b1} [irregular]
    x=19: {t11<b4,t14<b3,t17<b1} [irregular]
    x=21: {t13<b4,t16<b3,t19<b1} [irregular]
  step 2, delta [[6, -2], [-6, 4], [2, 0]]:
    x=11: {t3<b4,t7<b2,t10<b1} [irregular]
    x=13: {t1<b6,t9<b2,t12<b1} [irregular]
    x=15: {t3<b6,t7<b4,t14<b1} [irregular]
    x=17: {t1<b8,t9<b4,t16<b1} [irregular]
    x=19: {t3<b8,t7<b6,t18<b1} [irregular]
    x=21: {t1<b10,t9<b6,t20<b1} [irregular]
  step 2, delta [[2, 0], [2, 0], [2, 0]]:
    x=11: {t3<b4,t7<b2,t10<b1} [irregular]
    x=13: {t5<b4,t9<b2,t12<b1} [irregular]
    x=15: {t7<b4,t11<b2,t14<b1} [irregular]
    x=17: {t9<b4,t13<b2,t16<b1} [irregular]
    x=19: {t11<b4,t15<b2,t18<b1} [irregular]
    x=21: {t13<b4,t17<b2,t20<b1} [irregular]
  step 2, delta [[2, 0], [2, 0], [2, 0]]:
    x=11: {t3<b4,t8<b2,t9<b1} [M mod 8 in [5], M >= 70 (1 sporadic below)]
    x=13: {t5<b4,t10<b2,t11<b1} [M mod 8 in [7], M >= 72 (4 sporadic below)]
    x=15: {t7<b4,t12<b2,t13<b1} [M mod 8 in [1], M >= 58 (2 sporadic below)]
    x=17: {t9<b4,t14<b2,t15<b1} [M mod 8 in [3], M >= 60 (2 sporadic below)]
    x=19: {t11<b4,t16<b2,t17<b1} [M mod 8 in [5], M >= 30 (0 sporadic below)]
    x=21: {t13<b4,t18<b2,t19<b1} [M mod 8 in [7], M >= 32 (0 sporadic below)]
  step 2, delta [[6, -2], [-2, 2], [-2, 2]]:
    x=11: {t3<b4,t8<b2,t9<b1} [M mod 8 in [5], M >= 70 (1 sporadic below)]
    x=13: {t6<b4,t7<b3,t9<b2} [irregular]
    x=15: {t5<b5,t7<b4,t12<b2} [M mod 8 in [1]]
    x=17: {t5<b6,t10<b4,t11<b3} [M mod 8 in [1], M >= 58 (3 sporadic below)]
    x=19: {t8<b6,t9<b5,t11<b4} [irregular]
    x=21: {t7<b7,t9<b6,t14<b4} [M mod 8 in [5], M >= 22 (0 sporadic below)]
  step 2, delta [[6, -2], [-2, 2], [2, 0]]:
    x=11: {t3<b4,t8<b2,t9<b1} [M mod 8 in [5], M >= 70 (1 sporadic below)]
    x=13: {t6<b4,t9<b2,t11<b1} [irregular]
    x=15: {t7<b4,t12<b2,t13<b1} [M mod 8 in [1], M >= 58 (2 sporadic below)]
    x=17: {t10<b4,t13<b2,t15<b1} [M mod 8 in [1], M >= 58 (3 sporadic below)]
    x=19: {t11<b4,t16<b2,t17<b1} [M mod 8 in [5], M >= 30 (0 sporadic below)]
    x=21: {t14<b4,t17<b2,t19<b1} [irregular]
  step 2, delta [[2, 0], [2, 0], [2, 0]]:
    x=11: {t3<b4,t8<b2,t10<b1} [irregular]
    x=13: {t5<b4,t10<b2,t12<b1} [irregular]
    x=15: {t7<b4,t12<b2,t14<b1} [irregular]
    x=17: {t9<b4,t14<b2,t16<b1} [irregular]
    x=19: {t11<b4,t16<b2,t18<b1} [irregular]
    x=21: {t13<b4,t18<b2,t20<b1} [irregular]
  step 2, delta [[6, -2], [-2, 2], [2, 0]]:
    x=11: {t3<b4,t8<b2,t10<b1} [irregular]
    x=13: {t6<b4,t9<b2,t12<b1} [M mod 8 in [0], M >= 57 (3 sporadic below)]
    x=15: {t7<b4,t12<b2,t14<b1} [irregular]
    x=17: {t10<b4,t13<b2,t16<b1} [M mod 8 in [4], M >= 29 (0 sporadic below)]
    x=19: {t11<b4,t16<b2,t18<b1} [irregular]
    x=21: {t14<b4,t17<b2,t20<b1} [M mod 8 in [0], M >= 33 (0 sporadic below)]
  step 2, delta [[6, -2], [2, 0], [-6, 4]]:
    x=11: {t3<b4,t9<b1,t10<b1} [irregular]
    x=13: {t4<b5,t9<b2,t11<b1} [irregular]
    x=15: {t5<b5,t10<b3,t11<b2} [M mod 8 in [0], M >= 57 (3 sporadic below)]
    x=17: {t5<b6,t11<b3,t12<b3} [irregular]
    x=19: {t6<b7,t11<b4,t13<b3} [irregular]
    x=21: {t7<b7,t12<b5,t13<b4} [M mod 8 in [4], M >= 29 (0 sporadic below)]
  step 2, delta [[2, 0], [-2, 2], [2, 0]]:
    x=11: {t3<b4,t9<b1,t10<b1} [irregular]
    x=13: {t5<b4,t7<b3,t12<b1} [M mod 8 in [0]]
    x=15: {t5<b5,t7<b4,t14<b1} [irregular]
    x=17: {t5<b6,t7<b5,t16<b1} [irregular]
    x=19: {t5<b7,t7<b6,t18<b1} [M mod 8 in [6]]
    x=21: {t5<b8,t7<b7,t20<b1} [irregular]
  step 2, delta [[2, 0], [2, 0], [2, 0]]:
    x=11: {t3<b4,t9<b1,t10<b1} [irregular]
    x=13: {t5<b4,t11<b1,t12<b1} [irregular]
    x=15: {t7<b4,t13<b1,t14<b1} [irregular]
    x=17: {t9<b4,t15<b1,t16<b1} [irregular]
    x=19: {t11<b4,t17<b1,t18<b1} [irregular]
    x=21: {t13<b4,t19<b1,t20<b1} [irregular]
  step 2, delta [[6, -2], [-2, 2], [2, 0]]:
    x=11: {t4<b4,t5<b3,t10<b1} [irregular]
    x=13: {t3<b5,t10<b2,t12<b1} [irregular]
    x=15: {t8<b4,t9<b3,t14<b1} [irregular]
    x=17: {t7<b5,t14<b2,t16<b1} [irregular]
    x=19: {t12<b4,t13<b3,t18<b1} [irregular]
    x=21: {t11<b5,t18<b2,t20<b1} [irregular]
  step 2, delta [[6, -2], [2, 0], [-6, 4]]:
    x=11: {t4<b4,t5<b3,t10<b1} [irregular]
    x=13: {t4<b5,t7<b3,t10<b2} [M mod 8 in [7], M >= 64 (1 sporadic below)]
    x=15: {t4<b6,t9<b3,t10<b3} [irregular]
    x=17: {t4<b7,t10<b4,t11<b3} [irregular]
    x=19: {t5<b7,t10<b5,t12<b4} [irregular]
    x=21: {t6<b8,t11<b5,t12<b5} [irregular]
  step 2, delta [[2, 0], [2, 0], [2, 0]]:
    x=11: {t4<b4,t5<b3,t10<b1} [irregular]
    x=13: {t6<b4,t7<b3,t12<b1} [irregular]
    x=15: {t8<b4,t9<b3,t14<b1} [irregular]
    x=17: {t10<b4,t11<b3,t16<b1} [irregular]
    x=19: {t12<b4,t13<b3,t18<b1} [irregular]
    x=21: {t14<b4,t15<b3,t20<b1} [irregular]
  step 2, delta [[2, 0], [6, -2], [-2, 2]]:
    x=11: {t4<b4,t5<b3,t10<b1} [irregular]
    x=13: {t6<b4,t8<b3,t11<b1} [M mod 8 in [1]]
    x=15: {t8<b4,t9<b3,t14<b1} [irregular]
    x=17: {t10<b4,t12<b3,t15<b1} [irregular]
    x=19: {t12<b4,t13<b3,t18<b1} [irregular]
    x=21: {t14<b4,t16<b3,t19<b1} [M mod 8 in [1], M >= 26 (0 sporadic below)]
  step 2, delta [[2, 0], [2, 0], [-6, 4]]:
    x=11: {t4<b4,t6<b3,t9<b1} [M mod 8 in [7]]
    x=13: {t3<b5,t6<b4,t8<b3} [irregular]
    x=15: {t2<b7,t5<b5,t8<b4} [M mod 8 in [7]]
    x=17: {t2<b8,t4<b7,t7<b5} [M mod 8 in [1], M >= 18 (0 sporadic below)]
    x=19: {t1<b9,t4<b8,t6<b7} [irregular]
    x=21: {t0<b11,t3<b9,t6<b8} [irregular]
  step 2, delta [[6, -2], [2, 0], [-6, 4]]:
    x=11: {t4<b4,t6<b3,t9<b1} [M mod 8 in [7]]
    x=13: {t3<b5,t8<b3,t10<b2} [irregular]
    x=15: {t4<b6,t9<b3,t10<b3} [irregular]
    x=17: {t4<b7,t10<b4,t11<b3} [irregular]
    x=19: {t5<b7,t10<b5,t12<b4} [irregular]
    x=21: {t6<b8,t11<b5,t12<b5} [irregular]
  step 2, delta [[2, 0], [-2, 2], [2, 0]]:
    x=11: {t4<b4,t6<b3,t9<b1} [M mod 8 in [7]]
    x=13: {t4<b5,t6<b4,t11<b1} [irregular]
    x=15: {t4<b6,t6<b5,t13<b1} [irregular]
    x=17: {t4<b7,t6<b6,t15<b1} [M mod 8 in [5]]
    x=19: {t4<b8,t6<b7,t17<b1} [irregular]
    x=21: {t4<b9,t6<b8,t19<b1} [irregular]
  step 2, delta [[6, -2], [-2, 2], [-2, 2]]:
    x=11: {t4<b4,t6<b3,t9<b1} [M mod 8 in [7]]
    x=13: {t4<b5,t7<b3,t10<b2} [M mod 8 in [7], M >= 64 (1 sporadic below)]
    x=15: {t5<b5,t8<b4,t10<b3} [irregular]
    x=17: {t6<b6,t8<b5,t11<b3} [M mod 8 in [3]]
    x=19: {t6<b7,t9<b5,t12<b4} [M mod 8 in [3], M >= 20 (0 sporadic below)]
    x=21: {t7<b7,t10<b6,t12<b5} [irregular]
  step 2, delta [[2, 0], [6, -2], [-2, 2]]:
    x=11: {t4<b4,t6<b3,t9<b1} [M mod 8 in [7]]
    x=13: {t6<b4,t7<b3,t12<b1} [irregular]
    x=15: {t8<b4,t10<b3,t13<b1} [irregular]
    x=17: {t10<b4,t11<b3,t16<b1} [irregular]
    x=19: {t12<b4,t14<b3,t17<b1} [M mod 8 in [7], M >= 24 (0 sporadic below)]
    x=21: {t14<b4,t15<b3,t20<b1} [irregular]
  step 2, delta [[2, 0], [2, 0], [2, 0]]:
    x=11: {t4<b4,t6<b3,t9<b1} [M mod 8 in [7]]
    x=13: {t6<b4,t8<b3,t11<b1} [M mod 8 in [1]]
    x=15: {t8<b4,t10<b3,t13<b1} [irregular]
    x=17: {t10<b4,t12<b3,t15<b1} [irregular]
    x=19: {t12<b4,t14<b3,t17<b1} [M mod 8 in [7], M >= 24 (0 sporadic below)]
    x=21: {t14<b4,t16<b3,t19<b1} [M mod 8 in [1], M >= 26 (0 sporadic below)]
  step 2, delta [[2, 0], [2, 0], [-6, 4]]:
    x=11: {t4<b4,t7<b2,t9<b1} [M mod 8 in [3], M >= 68 (4 sporadic below)]
    x=13: {t3<b5,t6<b4,t9<b2} [irregular]
    x=15: {t3<b6,t5<b5,t8<b4} [irregular]
    x=17: {t2<b8,t5<b6,t7<b5} [M mod 8 in [5]]
    x=19: {t1<b9,t4<b8,t7<b6} [irregular]
    x=21: {t1<b10,t3<b9,t6<b8} [irregular]
  step 2, delta [[6, -2], [-2, 2], [2, 0]]:
    x=11: {t4<b4,t7<b2,t9<b1} [M mod 8 in [3], M >= 68 (4 sporadic below)]
    x=13: {t5<b4,t10<b2,t11<b1} [M mod 8 in [7], M >= 72 (4 sporadic below)]
    x=15: {t8<b4,t11<b2,t13<b1} [M mod 8 in [7], M >= 56 (3 sporadic below)]
    x=17: {t9<b4,t14<b2,t15<b1} [M mod 8 in [3], M >= 60 (2 sporadic below)]
    x=19: {t12<b4,t15<b2,t17<b1} [irregular]
    x=21: {t13<b4,t18<b2,t19<b1} [M mod 8 in [7], M >= 32 (0 sporadic below)]
  step 2, delta [[2, 0], [2, 0], [2, 0]]:
    x=11: {t4<b4,t7<b2,t9<b1} [M mod 8 in [3], M >= 68 (4 sporadic below)]
    x=13: {t6<b4,t9<b2,t11<b1} [irregular]
    x=15: {t8<b4,t11<b2,t13<b1} [M mod 8 in [7], M >= 56 (3 sporadic below)]
    x=17: {t10<b4,t13<b2,t15<b1} [M mod 8 in [1], M >= 58 (3 sporadic below)]
    x=19: {t12<b4,t15<b2,t17<b1} [irregular]
    x=21: {t14<b4,t17<b2,t19<b1} [irregular]
  step 2, delta [[6, -2], [-6, 4], [2, 0]]:
    x=11: {t4<b4,t7<b2,t10<b1} [M mod 8 in [6], M >= 71 (1 sporadic below)]
    x=13: {t1<b6,t10<b2,t12<b1} [irregular]
    x=15: {t4<b6,t7<b4,t14<b1} [irregular]
    x=17: {t1<b8,t10<b4,t16<b1} [irregular]
    x=19: {t4<b8,t7<b6,t18<b1} [M mod 8 in [2], M >= 19 (0 sporadic below)]
    x=21: {t1<b10,t10<b6,t20<b1} [irregular]
  step 2, delta [[6, -2], [-2, 2], [-2, 2]]:
    x=11: {t4<b4,t7<b2,t10<b1} [M mod 8 in [6], M >= 71 (1 sporadic below)]
    x=13: {t5<b4,t8<b3,t10<b2} [irregular]
    x=15: {t6<b5,t8<b4,t11<b2} [M mod 8 in [2]]
    x=17: {t6<b6,t9<b4,t12<b3} [M mod 8 in [2], M >= 59 (3 sporadic below)]
    x=19: {t7<b6,t10<b5,t12<b4} [irregular]
    x=21: {t8<b7,t10<b6,t13<b4} [irregular]
  step 2, delta [[6, -2], [-2, 2], [2, 0]]:
    x=11: {t4<b4,t7<b2,t10<b1} [M mod 8 in [6], M >= 71 (1 sporadic below)]
    x=13: {t5<b4,t10<b2,t12<b1} [irregular]
    x=15: {t8<b4,t11<b2,t14<b1} [M mod 8 in [2], M >= 59 (3 sporadic below)]
    x=17: {t9<b4,t14<b2,t16<b1} [irregular]
    x=19: {t12<b4,t15<b2,t18<b1} [M mod 8 in [6], M >= 31 (0 sporadic below)]
    x=21: {t13<b4,t18<b2,t20<b1} [irregular]
  step 2, delta [[2, 0], [2, 0], [2, 0]]:
    x=11: {t4<b4,t7<b2,t10<b1} [M mod 8 in [6], M >= 71 (1 sporadic below)]
    x=13: {t6<b4,t9<b2,t12<b1} [M mod 8 in [0], M >= 57 (3 sporadic below)]
    x=15: {t8<b4,t11<b2,t14<b1} [M mod 8 in [2], M >= 59 (3 sporadic below)]
    x=17: {t10<b4,t13<b2,t16<b1} [M mod 8 in [4], M >= 29 (0 sporadic below)]
    x=19: {t12<b4,t15<b2,t18<b1} [M mod 8 in [6], M >= 31 (0 sporadic below)]
    x=21: {t14<b4,t17<b2,t20<b1} [M mod 8 in [0], M >= 33 (0 sporadic below)]
  step 2, delta [[6, -2], [-6, 4], [2, 0]]:
    x=11: {t4<b4,t8<b2,t9<b1} [irregular]
    x=13: {t2<b6,t10<b2,t11<b1} [irregular]
    x=15: {t4<b6,t8<b4,t13<b1} [irregular]
    x=17: {t2<b8,t10<b4,t15<b1} [irregular]
    x=19: {t4<b8,t8<b6,t17<b1} [irregular]
    x=21: {t2<b10,t10<b6,t19<b1} [irregular]
  step 2, delta [[2, 0], [2, 0], [2, 0]]:
    x=11: {t4<b4,t8<b2,t9<b1} [irregular]
    x=13: {t6<b4,t10<b2,t11<b1} [irregular]
    x=15: {t8<b4,t12<b2,t13<b1} [irregular]
    x=17: {t10<b4,t14<b2,t15<b1} [irregular]
    x=19: {t12<b4,t16<b2,t17<b1} [irregular]
    x=21: {t14<b4,t18<b2,t19<b1} [irregular]
  step 2, delta [[2, 0], [-2, 2], [2, 0]]:
    x=11: {t4<b4,t9<b1,t10<b1} [irregular]
    x=13: {t6<b4,t7<b3,t12<b1} [irregular]
    x=15: {t5<b5,t8<b4,t14<b1} [irregular]
    x=17: {t6<b6,t7<b5,t16<b1} [irregular]
    x=19: {t5<b7,t8<b6,t18<b1} [irregular]
    x=21: {t6<b8,t7<b7,t20<b1} [irregular]
  step 2, delta [[2, 0], [2, 0], [2, 0]]:
    x=11: {t4<b4,t9<b1,t10<b1} [irregular]
    x=13: {t6<b4,t11<b1,t12<b1} [irregular]
    x=15: {t8<b4,t13<b1,t14<b1} [irregular]
    x=17: {t10<b4,t15<b1,t16<b1} [irregular]
    x=19: {t12<b4,t17<b1,t18<b1} [irregular]
    x=21: {t14<b4,t19<b1,t20<b1} [irregular]
  step 2, delta [[6, -2], [-2, 2], [2, 0]]:
    x=11: {t4<b4,t9<b1,t10<b1} [irregular]
    x=13: {t7<b3,t10<b2,t12<b1} [irregular]
    x=15: {t8<b4,t13<b1,t14<b1} [irregular]
    x=17: {t11<b3,t14<b2,t16<b1} [irregular]
    x=19: {t12<b4,t17<b1,t18<b1} [irregular]
    x=21: {t15<b3,t18<b2,t20<b1} [irregular]
  step 2, delta [[6, -2], [-6, 4], [2, 0]]:
    x=11: {t5<b3,t7<b2,t10<b1} [irregular]
    x=13: {t1<b6,t11<b1,t12<b1} [irregular]
    x=15: {t5<b5,t7<b4,t14<b1} [irregular]
    x=17: {t1<b8,t11<b3,t16<b1} [irregular]
    x=19: {t5<b7,t7<b6,t18<b1} [M mod 8 in [6]]
    x=21: {t1<b10,t11<b5,t20<b1} [irregular]
  step 2, delta [[2, 0], [2, 0], [-6, 4]]:
    x=11: {t5<b3,t7<b2,t10<b1} [irregular]
    x=13: {t4<b5,t7<b3,t9<b2} [irregular]
    x=15: {t3<b6,t6<b5,t9<b3} [irregular]
    x=17: {t3<b7,t5<b6,t8<b5} [irregular]
    x=19: {t2<b9,t5<b7,t7<b6} [M mod 8 in [6]]
    x=21: {t1<b10,t4<b9,t7<b7} [M mod 8 in [0], M >= 17 (0 sporadic below)]
  step 2, delta [[6, -2], [2, 0], [-6, 4]]:
    x=11: {t5<b3,t7<b2,t10<b1} [irregular]
    x=13: {t4<b5,t9<b2,t11<b1} [irregular]
    x=15: {t5<b5,t10<b3,t11<b2} [M mod 8 in [0], M >= 57 (3 sporadic below)]
    x=17: {t5<b6,t11<b3,t12<b3} [irregular]
    x=19: {t6<b7,t11<b4,t13<b3} [irregular]
    x=21: {t7<b7,t12<b5,t13<b4} [M mod 8 in [4], M >= 29 (0 sporadic below)]
  step 2, delta [[2, 0], [-2, 2], [2, 0]]:
    x=11: {t5<b3,t7<b2,t10<b1} [irregular]
    x=13: {t5<b4,t7<b3,t12<b1} [M mod 8 in [0]]
    x=15: {t5<b5,t7<b4,t14<b1} [irregular]
    x=17: {t5<b6,t7<b5,t16<b1} [irregular]
    x=19: {t5<b7,t7<b6,t18<b1} [M mod 8 in [6]]
    x=21: {t5<b8,t7<b7,t20<b1} [irregular]
  step 2, delta [[6, -2], [-6, 4], [2, 0]]:
    x=11: {t5<b3,t8<b2,t10<b1} [irregular]
    x=13: {t2<b6,t11<b1,t12<b1} [irregular]
    x=15: {t5<b5,t8<b4,t14<b1} [irregular]
    x=17: {t2<b8,t11<b3,t16<b1} [irregular]
    x=19: {t5<b7,t8<b6,t18<b1} [irregular]
    x=21: {t2<b10,t11<b5,t20<b1} [irregular]
  step 2, delta [[2, 0], [2, 0], [-6, 4]]:
    x=11: {t5<b3,t8<b2,t10<b1} [irregular]
    x=13: {t4<b5,t7<b3,t10<b2} [M mod 8 in [7], M >= 64 (1 sporadic below)]
    x=15: {t4<b6,t6<b5,t9<b3} [M mod 8 in [1]]
    x=17: {t3<b7,t6<b6,t8<b5} [irregular]
    x=19: {t2<b9,t5<b7,t8<b6} [M mod 8 in [1], M >= 18 (0 sporadic below)]
    x=21: {t2<b10,t4<b9,t7<b7} [M mod 8 in [3], M >= 20 (0 sporadic below)]
  step 2, delta [[2, 0], [-2, 2], [2, 0]]:
    x=11: {t5<b3,t8<b2,t10<b1} [irregular]
    x=13: {t6<b4,t7<b3,t12<b1} [irregular]
    x=15: {t5<b5,t8<b4,t14<b1} [irregular]
    x=17: {t6<b6,t7<b5,t16<b1} [irregular]
    x=19: {t5<b7,t8<b6,t18<b1} [irregular]
    x=21: {t6<b8,t7<b7,t20<b1} [irregular]
  step 2, delta [[6, -2], [-2, 2], [-2, 2]]:
    x=11: {t5<b3,t8<b2,t10<b1} [irregular]
    x=13: {t6<b4,t8<b3,t11<b1} [M mod 8 in [1]]
    x=15: {t6<b5,t9<b3,t12<b2} [M mod 8 in [1], M >= 58 (3 sporadic below)]
    x=17: {t7<b5,t10<b4,t12<b3} [irregular]
    x=19: {t8<b6,t10<b5,t13<b3} [irregular]
    x=21: {t8<b7,t11<b5,t14<b4} [M mod 8 in [5], M >= 22 (0 sporadic below)]
  step 2, delta [[6, -2], [-2, 2], [2, 0]]:
    x=11: {t5<b3,t8<b2,t10<b1} [irregular]
    x=13: {t6<b4,t11<b1,t12<b1} [irregular]
    x=15: {t9<b3,t12<b2,t14<b1} [irregular]
    x=17: {t10<b4,t15<b1,t16<b1} [irregular]
    x=19: {t13<b3,t16<b2,t18<b1} [irregular]
    x=21: {t14<b4,t19<b1,t20<b1} [irregular]
  step 2, delta [[2, 0], [2, 0], [2, 0]]:
    x=11: {t5<b3,t8<b2,t10<b1} [irregular]
    x=13: {t7<b3,t10<b2,t12<b1} [irregular]
    x=15: {t9<b3,t12<b2,t14<b1} [irregular]
    x=17: {t11<b3,t14<b2,t16<b1} [irregular]
    x=19: {t13<b3,t16<b2,t18<b1} [irregular]
    x=21: {t15<b3,t18<b2,t20<b1} [irregular]
  step 2, delta [[6, -2], [-6, 4], [2, 0]]:
    x=11: {t6<b3,t7<b2,t8<b2} [irregular]
    x=13: {t1<b6,t10<b2,t12<b1} [irregular]
    x=15: {t4<b6,t7<b4,t14<b1} [irregular]
    x=17: {t1<b8,t10<b4,t16<b1} [irregular]
    x=19: {t4<b8,t7<b6,t18<b1} [M mod 8 in [2], M >= 19 (0 sporadic below)]
    x=21: {t1<b10,t10<b6,t20<b1} [irregular]
  step 2, delta [[2, 0], [-2, 2], [2, 0]]:
    x=11: {t6<b3,t7<b2,t8<b2} [irregular]
    x=13: {t5<b4,t8<b3,t10<b2} [irregular]
    x=15: {t6<b5,t7<b4,t12<b2} [irregular]
    x=17: {t5<b6,t8<b5,t14<b2} [irregular]
    x=19: {t6<b7,t7<b6,t16<b2} [irregular]
    x=21: {t5<b8,t8<b7,t18<b2} [irregular]
  step 2, delta [[6, -2], [-2, 2], [2, 0]]:
    x=11: {t6<b3,t7<b2,t8<b2} [irregular]
    x=13: {t5<b4,t10<b2,t12<b1} [irregular]
    x=15: {t8<b4,t11<b2,t14<b1} [M mod 8 in [2], M >= 59 (3 sporadic below)]
    x=17: {t9<b4,t14<b2,t16<b1} [irregular]
    x=19: {t12<b4,t15<b2,t18<b1} [M mod 8 in [6], M >= 31 (0 sporadic below)]
    x=21: {t13<b4,t18<b2,t20<b1} [irregular]
  step 2, delta [[6, -2], [2, 0], [-2, 2]]:
    x=11: {t6<b3,t7<b2,t8<b2} [irregular]
    x=13: {t6<b4,t9<b2,t12<b1} [M mod 8 in [0], M >= 57 (3 sporadic below)]
    x=15: {t10<b3,t11<b2,t12<b2} [irregular]
    x=17: {t10<b4,t13<b2,t16<b1} [M mod 8 in [4], M >= 29 (0 sporadic below)]
    x=19: {t14<b3,t15<b2,t16<b2} [irregular]
    x=21: {t14<b4,t17<b2,t20<b1} [M mod 8 in [0], M >= 33 (0 sporadic below)]
  step 2, delta [[6, -2], [-6, 4], [2, 0]]:
    x=11: {t6<b3,t7<b2,t9<b1} [irregular]
    x=13: {t1<b6,t11<b1,t12<b1} [irregular]
    x=15: {t5<b5,t7<b4,t14<b1} [irregular]
    x=17: {t1<b8,t11<b3,t16<b1} [irregular]
    x=19: {t5<b7,t7<b6,t18<b1} [M mod 8 in [6]]
    x=21: {t1<b10,t11<b5,t20<b1} [irregular]
  step 2, delta [[2, 0], [2, 0], [-6, 4]]:
    x=11: {t6<b3,t7<b2,t9<b1} [irregular]
    x=13: {t3<b5,t8<b3,t9<b2} [M mod 8 in [6], M >= 63 (1 sporadic below)]
    x=15: {t3<b6,t5<b5,t10<b3} [M mod 8 in [0]]
    x=17: {t4<b7,t5<b6,t7<b5} [irregular]
    x=19: {t1<b9,t6<b7,t7<b6} [M mod 8 in [0], M >= 17 (0 sporadic below)]
    x=21: {t1<b10,t3<b9,t8<b7} [M mod 8 in [2], M >= 19 (0 sporadic below)]
  step 2, delta [[6, -2], [-2, 2], [-2, 2]]:
    x=11: {t6<b3,t7<b2,t9<b1} [irregular]
    x=13: {t5<b4,t7<b3,t12<b1} [M mod 8 in [0]]
    x=15: {t5<b5,t10<b3,t11<b2} [M mod 8 in [0], M >= 57 (3 sporadic below)]
    x=17: {t8<b5,t9<b4,t11<b3} [irregular]
    x=19: {t7<b6,t9<b5,t14<b3} [M mod 8 in [4], M >= 21 (0 sporadic below)]
    x=21: {t7<b7,t12<b5,t13<b4} [M mod 8 in [4], M >= 29 (0 sporadic below)]
  step 2, delta [[2, 0], [-2, 2], [2, 0]]:
    x=11: {t6<b3,t7<b2,t9<b1} [irregular]
    x=13: {t5<b4,t8<b3,t11<b1} [irregular]
    x=15: {t6<b5,t7<b4,t13<b1} [irregular]
    x=17: {t5<b6,t8<b5,t15<b1} [irregular]
    x=19: {t6<b7,t7<b6,t17<b1} [irregular]
    x=21: {t5<b8,t8<b7,t19<b1} [irregular]
  step 2, delta [[2, 0], [2, 0], [2, 0]]:
    x=11: {t6<b3,t7<b2,t9<b1} [irregular]
    x=13: {t8<b3,t9<b2,t11<b1} [irregular]
    x=15: {t10<b3,t11<b2,t13<b1} [irregular]
    x=17: {t12<b3,t13<b2,t15<b1} [irregular]
    x=19: {t14<b3,t15<b2,t17<b1} [irregular]
    x=21: {t16<b3,t17<b2,t19<b1} [irregular]
  step 2, delta [[6, -2], [-6, 4], [2, 0]]:
    x=11: {t6<b3,t8<b2,t9<b1} [irregular]
    x=13: {t2<b6,t11<b1,t12<b1} [irregular]
    x=15: {t5<b5,t8<b4,t14<b1} [irregular]
    x=17: {t2<b8,t11<b3,t16<b1} [irregular]
    x=19: {t5<b7,t8<b6,t18<b1} [irregular]
    x=21: {t2<b10,t11<b5,t20<b1} [irregular]
  step 2, delta [[2, 0], [-2, 2], [2, 0]]:
    x=11: {t6<b3,t8<b2,t9<b1} [irregular]
    x=13: {t6<b4,t8<b3,t11<b1} [M mod 8 in [1]]
    x=15: {t6<b5,t8<b4,t13<b1} [irregular]
    x=17: {t6<b6,t8<b5,t15<b1} [irregular]
    x=19: {t6<b7,t8<b6,t17<b1} [M mod 8 in [7]]
    x=21: {t6<b8,t8<b7,t19<b1} [irregular]
  step 2, delta [[6, -2], [-2, 2], [2, 0]]:
    x=11: {t6<b3,t8<b2,t9<b1} [irregular]
    x=13: {t6<b4,t11<b1,t12<b1} [irregular]
    x=15: {t9<b3,t12<b2,t14<b1} [irregular]
    x=17: {t10<b4,t15<b1,t16<b1} [irregular]
    x=19: {t13<b3,t16<b2,t18<b1} [irregular]
    x=21: {t14<b4,t19<b1,t20<b1} [irregular]
  step 2, delta [[2, 0], [-2, 2]]:
    x=11: {t7<b2,t10<b1} [irregular]
    x=13: {t8<b3,t9<b2} [irregular]
    x=15: {t7<b4,t10<b3} [irregular]
    x=17: {t8<b5,t9<b4} [irregular]
    x=19: {t7<b6,t10<b5} [irregular]
    x=21: {t8<b7,t9<b6} [irregular]
  step 2, delta [[2, 0], [2, 0]]:
    x=11: {t7<b2,t10<b1} [irregular]
    x=13: {t9<b2,t12<b1} [irregular]
    x=15: {t11<b2,t14<b1} [irregular]
    x=17: {t13<b2,t16<b1} [irregular]
    x=19: {t15<b2,t18<b1} [irregular]
    x=21: {t17<b2,t20<b1} [irregular]
  step 2, delta [[2, 0], [-2, 2]]:
    x=11: {t8<b2,t9<b1} [irregular]
    x=13: {t7<b3,t10<b2} [irregular]
    x=15: {t8<b4,t9<b3} [irregular]
    x=17: {t7<b5,t10<b4} [irregular]
    x=19: {t8<b6,t9<b5} [irregular]
    x=21: {t7<b7,t10<b6} [irregular]
  step 2, delta [[2, 0], [2, 0]]:
    x=11: {t8<b2,t9<b1} [irregular]
    x=13: {t10<b2,t11<b1} [irregular]
    x=15: {t12<b2,t13<b1} [irregular]
    x=17: {t14<b2,t15<b1} [irregular]
    x=19: {t16<b2,t17<b1} [irregular]
    x=21: {t18<b2,t19<b1} [irregular]
  step 2, delta [[6, -2], [6, -2], [-2, 2]]:
    x=11: {t0<b6,t2<b5,t5<b3} [M mod 8 in [5]]
    x=13: {t3<b5,t6<b4,t8<b3} [irregular]
    x=15: {t6<b5,t9<b3,t12<b2} [M mod 8 in [1], M >= 58 (3 sporadic below)]
    x=17: {t10<b4,t12<b3,t15<b1} [irregular]
    x=19: {t13<b3,t16<b2,t18<b1} [irregular]
  step 2, delta [[10, -4], [2, 0], [-10, 6]]:
    x=11: {t0<b6,t3<b4,t10<b1} [irregular]
    x=13: {t0<b7,t5<b4,t10<b2} [irregular]
    x=15: {t0<b8,t7<b4,t10<b3} [irregular]
    x=17: {t0<b9,t9<b4,t10<b4} [irregular]
    x=19: {t0<b10,t10<b5,t11<b4} [M mod 8 in [4], M >= 61 (2 sporadic below)]
  step 2, delta [[2, 0], [2, 0], [-6, 4]]:
    x=11: {t0<b6,t5<b3,t10<b1} [irregular]
    x=13: {t2<b6,t4<b5,t7<b3} [M mod 8 in [7]]
    x=15: {t1<b7,t4<b6,t6<b5} [irregular]
    x=17: {t0<b9,t3<b7,t6<b6} [M mod 8 in [7]]
    x=19: {t0<b10,t2<b9,t5<b7} [M mod 8 in [1], M >= 18 (0 sporadic below)]
  step 2, delta [[2, 0], [2, 0], [-2, 2]]:
    x=11: {t0<b6,t5<b3,t10<b1} [irregular]
    x=13: {t2<b6,t7<b3,t8<b3} [irregular]
    x=15: {t4<b6,t6<b5,t9<b3} [M mod 8 in [1]]
    x=17: {t6<b6,t7<b5,t8<b5} [irregular]
    x=19: {t6<b7,t8<b6,t9<b5} [irregular]
  step 2, delta [[10, -4], [-2, 2], [-10, 6]]:
    x=11: {t0<b6,t9<b1,t10<b1} [irregular]
    x=13: {t0<b7,t7<b3,t10<b2} [irregular]
    x=15: {t0<b8,t5<b5,t10<b3} [irregular]
    x=17: {t0<b9,t3<b7,t10<b4} [irregular]
    x=19: {t0<b10,t1<b9,t10<b5} [irregular]
  step 2, delta [[6, -2], [-2, 2], [-2, 2]]:
    x=11: {t1<b5,t3<b4,t8<b2} [M mod 8 in [5], M >= 30 (0 sporadic below)]
    x=13: {t1<b6,t6<b4,t7<b3} [M mod 8 in [5], M >= 62 (1 sporadic below)]
    x=15: {t4<b6,t5<b5,t7<b4} [irregular]
    x=17: {t3<b7,t5<b6,t10<b4} [M mod 8 in [1]]
    x=19: {t3<b8,t8<b6,t9<b5} [M mod 8 in [1], M >= 18 (0 sporadic below)]
  step 2, delta [[6, -2], [2, 0], [-6, 4]]:
    x=11: {t1<b5,t3<b4,t10<b1} [irregular]
    x=13: {t4<b5,t5<b4,t7<b3} [irregular]
    x=15: {t1<b7,t7<b4,t10<b3} [irregular]
    x=17: {t4<b7,t7<b5,t9<b4} [irregular]
    x=19: {t3<b8,t9<b5,t10<b5} [irregular]
  step 2, delta [[6, -2], [2, 0], [-6, 4]]:
    x=11: {t1<b5,t6<b3,t7<b2} [M mod 8 in [4], M >= 61 (1 sporadic below)]
    x=13: {t1<b6,t7<b3,t8<b3} [irregular]
    x=15: {t2<b7,t7<b4,t9<b3} [irregular]
    x=17: {t3<b7,t8<b5,t9<b4} [M mod 8 in [0], M >= 17 (0 sporadic below)]
    x=19: {t3<b8,t9<b5,t10<b5} [irregular]
  step 2, delta [[6, -2], [6, -2], [-6, 4]]:
    x=11: {t1<b5,t6<b3,t7<b2} [M mod 8 in [4], M >= 61 (1 sporadic below)]
    x=13: {t1<b6,t7<b3,t12<b1} [irregular]
    x=15: {t6<b5,t7<b4,t13<b1} [irregular]
    x=17: {t7<b5,t12<b3,t13<b2} [M mod 8 in [2], M >= 59 (2 sporadic below)]
    x=19: {t7<b6,t13<b3,t18<b1} [irregular]
  step 2, delta [[6, -2], [2, 0], [-6, 4]]:
    x=11: {t2<b5,t5<b3,t7<b2} [M mod 8 in [2]]
    x=13: {t1<b6,t7<b3,t8<b3} [irregular]
    x=15: {t2<b7,t7<b4,t9<b3} [irregular]
    x=17: {t3<b7,t8<b5,t9<b4} [M mod 8 in [0], M >= 17 (0 sporadic below)]
    x=19: {t3<b8,t9<b5,t10<b5} [irregular]
  step 2, delta [[2, 0], [2, 0], [-6, 4]]:
    x=11: {t2<b5,t5<b3,t8<b2} [M mod 8 in [5], M >= 62 (1 sporadic below)]
    x=13: {t2<b6,t4<b5,t7<b3} [M mod 8 in [7]]
    x=15: {t1<b7,t4<b6,t6<b5} [irregular]
    x=17: {t0<b9,t3<b7,t6<b6} [M mod 8 in [7]]
    x=19: {t0<b10,t2<b9,t5<b7} [M mod 8 in [1], M >= 18 (0 sporadic below)]
  step 2, delta [[6, -2], [6, -2], [-6, 4]]:
    x=11: {t2<b5,t5<b3,t8<b2} [M mod 8 in [5], M >= 62 (1 sporadic below)]
    x=13: {t2<b6,t8<b3,t11<b1} [irregular]
    x=15: {t5<b5,t8<b4,t14<b1} [irregular]
    x=17: {t8<b5,t11<b3,t14<b2} [M mod 8 in [3], M >= 60 (3 sporadic below)]
    x=19: {t8<b6,t14<b3,t17<b1} [irregular]
  step 2, delta [[6, -2], [-6, 4], [2, 0]]:
    x=11: {t2<b5,t7<b2,t8<b2} [irregular]
    x=13: {t1<b6,t8<b3,t10<b2} [irregular]
    x=15: {t2<b7,t7<b4,t12<b2} [irregular]
    x=17: {t1<b8,t8<b5,t14<b2} [irregular]
    x=19: {t2<b9,t7<b6,t16<b2} [irregular]
  step 2, delta [[6, -2], [-2, 2], [-2, 2]]:
    x=11: {t3<b4,t6<b3,t9<b1} [irregular]
    x=13: {t4<b5,t7<b3,t9<b2} [irregular]
    x=15: {t5<b5,t7<b4,t10<b3} [irregular]
    x=17: {t5<b6,t8<b5,t11<b3} [irregular]
    x=19: {t6<b7,t9<b5,t11<b4} [irregular]
  step 2, delta [[2, 0], [2, 0], [-6, 4]]:
    x=11: {t3<b4,t8<b2,t9<b1} [M mod 8 in [5], M >= 70 (1 sporadic below)]
    x=13: {t3<b5,t5<b4,t10<b2} [M mod 8 in [7]]
    x=15: {t4<b6,t5<b5,t7<b4} [irregular]
    x=17: {t1<b8,t6<b6,t7<b5} [M mod 8 in [7]]
    x=19: {t1<b9,t3<b8,t8<b6} [M mod 8 in [1], M >= 18 (0 sporadic below)]
  step 2, delta [[6, -2], [2, 0], [-6, 4]]:
    x=11: {t3<b4,t8<b2,t9<b1} [M mod 8 in [5], M >= 70 (1 sporadic below)]
    x=13: {t3<b5,t9<b2,t10<b2} [irregular]
    x=15: {t4<b6,t9<b3,t11<b2} [irregular]
    x=17: {t5<b6,t10<b4,t11<b3} [M mod 8 in [1], M >= 58 (3 sporadic below)]
    x=19: {t5<b7,t11<b4,t12<b4} [irregular]
  step 2, delta [[6, -2], [-6, 4], [-2, 2]]:
    x=11: {t3<b4,t9<b1,t10<b1} [irregular]
    x=13: {t3<b5,t8<b3,t9<b2} [M mod 8 in [6], M >= 63 (1 sporadic below)]
    x=15: {t2<b7,t7<b4,t9<b3} [irregular]
    x=17: {t1<b8,t7<b5,t8<b5} [irregular]
    x=19: {t1<b9,t6<b7,t7<b6} [M mod 8 in [0], M >= 17 (0 sporadic below)]
  step 2, delta [[6, -2], [-2, 2], [-2, 2]]:
    x=11: {t4<b4,t5<b3,t10<b1} [irregular]
    x=13: {t3<b5,t8<b3,t10<b2} [irregular]
    x=15: {t6<b5,t8<b4,t9<b3} [irregular]
    x=17: {t6<b6,t7<b5,t12<b3} [irregular]
    x=19: {t5<b7,t10<b5,t12<b4} [irregular]
  step 2, delta [[6, -2], [2, 0], [-6, 4]]:
    x=11: {t4<b4,t7<b2,t9<b1} [M mod 8 in [3], M >= 68 (4 sporadic below)]
    x=13: {t3<b5,t9<b2,t10<b2} [irregular]
    x=15: {t4<b6,t9<b3,t11<b2} [irregular]
    x=17: {t5<b6,t10<b4,t11<b3} [M mod 8 in [1], M >= 58 (3 sporadic below)]
    x=19: {t5<b7,t11<b4,t12<b4} [irregular]
  step 2, delta [[2, 0], [2, 0], [-6, 4]]:
    x=11: {t4<b4,t7<b2,t10<b1} [M mod 8 in [6], M >= 71 (1 sporadic below)]
    x=13: {t4<b5,t6<b4,t9<b2} [M mod 8 in [0]]
    x=15: {t3<b6,t6<b5,t8<b4} [irregular]
    x=17: {t2<b8,t5<b6,t8<b5} [M mod 8 in [0], M >= 17 (0 sporadic below)]
    x=19: {t2<b9,t4<b8,t7<b6} [M mod 8 in [2], M >= 19 (0 sporadic below)]
  step 2, delta [[6, -2], [-6, 4], [2, 0]]:
    x=11: {t4<b4,t9<b1,t10<b1} [irregular]
    x=13: {t3<b5,t10<b2,t12<b1} [irregular]
    x=15: {t4<b6,t9<b3,t14<b1} [irregular]
    x=17: {t3<b7,t10<b4,t16<b1} [irregular]
    x=19: {t4<b8,t9<b5,t18<b1} [irregular]
  step 2, delta [[6, -2], [-6, 4], [-2, 2]]:
    x=11: {t5<b3,t7<b2,t10<b1} [irregular]
    x=13: {t1<b6,t8<b3,t11<b1} [irregular]
    x=15: {t2<b7,t7<b4,t9<b3} [irregular]
    x=17: {t1<b8,t7<b5,t8<b5} [irregular]
    x=19: {t1<b9,t6<b7,t7<b6} [M mod 8 in [0], M >= 17 (0 sporadic below)]
  step 2, delta [[6, -2], [-2, 2], [-6, 4]]:
    x=11: {t6<b3,t7<b2,t8<b2} [irregular]
    x=13: {t2<b6,t5<b4,t12<b1} [irregular]
    x=15: {t3<b6,t6<b5,t8<b4} [irregular]
    x=17: {t2<b8,t4<b7,t9<b4} [irregular]
    x=19: {t2<b9,t3<b8,t8<b6} [irregular]
  step 2, delta [[6, -2], [-6, 4], [-2, 2]]:
    x=11: {t6<b3,t7<b2,t9<b1} [irregular]
    x=13: {t1<b6,t7<b3,t12<b1} [irregular]
    x=15: {t1<b7,t7<b4,t10<b3} [irregular]
    x=17: {t1<b8,t7<b5,t8<b5} [irregular]
    x=19: {t1<b9,t6<b7,t7<b6} [M mod 8 in [0], M >= 17 (0 sporadic below)]
  step 2, delta [[6, -2], [-6, 4], [-2, 2]]:
    x=11: {t6<b3,t8<b2,t9<b1} [irregular]
    x=13: {t2<b6,t7<b3,t12<b1} [irregular]
    x=15: {t1<b7,t8<b4,t10<b3} [irregular]
    x=17: {t2<b8,t7<b5,t8<b5} [irregular]
    x=19: {t1<b9,t6<b7,t8<b6} [irregular]
  step 2, delta [[10, -4], [6, -2], [-6, 4]]:
    x=11: {t0<b6,t1<b5,t6<b3} [M mod 8 in [3], M >= 60 (1 sporadic below)]
    x=13: {t0<b7,t7<b3,t10<b2} [irregular]
    x=15: {t4<b6,t10<b3,t13<b1} [irregular]
    x=17: {t7<b5,t14<b2,t16<b1} [irregular]
  step 2, delta [[2, 0], [6, -2], [2, 0]]:
    x=11: {t0<b6,t1<b5,t6<b3} [M mod 8 in [3], M >= 60 (1 sporadic below)]
    x=13: {t2<b6,t7<b3,t8<b3} [irregular]
    x=15: {t4<b6,t10<b3,t13<b1} [irregular]
    x=17: {t6<b6,t15<b1,t16<b1} [irregular]
  step 2, delta [[2, 0], [6, -2], [2, 0]]:
    x=11: {t0<b6,t2<b5,t5<b3} [M mod 8 in [5]]
    x=13: {t2<b6,t7<b3,t8<b3} [irregular]
    x=15: {t4<b6,t10<b3,t13<b1} [irregular]
    x=17: {t6<b6,t15<b1,t16<b1} [irregular]
  step 2, delta [[10, -4], [-2, 2], [2, 0]]:
    x=11: {t0<b6,t3<b4,t6<b3} [M mod 8 in [4], M >= 61 (1 sporadic below)]
    x=13: {t1<b6,t8<b3,t10<b2} [irregular]
    x=15: {t6<b5,t11<b2,t12<b2} [irregular]
    x=17: {t9<b4,t14<b2,t16<b1} [irregular]
  step 2, delta [[6, -2], [6, -2], [-2, 2]]:
    x=11: {t0<b6,t3<b4,t6<b3} [M mod 8 in [4], M >= 61 (1 sporadic below)]
    x=13: {t4<b5,t6<b4,t9<b2} [M mod 8 in [0]]
    x=15: {t7<b4,t10<b3,t12<b2} [irregular]
    x=17: {t10<b4,t13<b2,t16<b1} [M mod 8 in [4], M >= 29 (0 sporadic below)]
  step 2, delta [[6, -2], [-2, 2], [-6, 4]]:
    x=11: {t0<b6,t3<b4,t10<b1} [irregular]
    x=13: {t1<b6,t4<b5,t6<b4} [irregular]
    x=15: {t0<b8,t2<b7,t7<b4} [irregular]
    x=17: {t0<b9,t1<b8,t6<b6} [irregular]
  step 2, delta [[2, 0], [6, -2], [-6, 4]]:
    x=11: {t0<b6,t5<b3,t10<b1} [irregular]
    x=13: {t2<b6,t4<b5,t11<b1} [irregular]
    x=15: {t4<b6,t5<b5,t10<b3} [irregular]
    x=17: {t4<b7,t6<b6,t11<b3} [irregular]
  step 2, delta [[6, -2], [2, 0], [2, 0]]:
    x=11: {t0<b6,t5<b3,t10<b1} [irregular]
    x=13: {t6<b4,t7<b3,t12<b1} [irregular]
    x=15: {t9<b3,t12<b2,t14<b1} [irregular]
    x=17: {t14<b2,t15<b1,t16<b1} [irregular]
  step 2, delta [[2, 0], [2, 0], [-2, 2]]:
    x=11: {t0<b6,t9<b1,t10<b1} [irregular]
    x=13: {t2<b6,t8<b3,t11<b1} [irregular]
    x=15: {t4<b6,t9<b3,t10<b3} [irregular]
    x=17: {t6<b6,t8<b5,t11<b3} [M mod 8 in [3]]
  step 2, delta [[10, -4], [2, 0], [-10, 6]]:
    x=11: {t1<b5,t3<b4,t10<b1} [irregular]
    x=13: {t0<b7,t5<b4,t11<b1} [irregular]
    x=15: {t1<b7,t7<b4,t10<b3} [irregular]
    x=17: {t0<b9,t9<b4,t11<b3} [irregular]
  step 2, delta [[2, 0], [6, -2], [-6, 4]]:
    x=11: {t1<b5,t6<b3,t7<b2} [M mod 8 in [4], M >= 61 (1 sporadic below)]
    x=13: {t1<b6,t3<b5,t12<b1} [irregular]
    x=15: {t3<b6,t6<b5,t9<b3} [irregular]
    x=17: {t3<b7,t5<b6,t12<b3} [irregular]
  step 2, delta [[2, 0], [2, 0], [-6, 4]]:
    x=11: {t2<b5,t4<b4,t7<b2} [M mod 8 in [6], M >= 31 (0 sporadic below)]
    x=13: {t1<b6,t4<b5,t6<b4} [irregular]
    x=15: {t0<b8,t3<b6,t6<b5} [M mod 8 in [6]]
    x=17: {t0<b9,t2<b8,t5<b6} [M mod 8 in [0], M >= 17 (0 sporadic below)]
  step 2, delta [[2, 0], [6, -2], [-6, 4]]:
    x=11: {t2<b5,t5<b3,t8<b2} [M mod 8 in [5], M >= 62 (1 sporadic below)]
    x=13: {t2<b6,t4<b5,t11<b1} [irregular]
    x=15: {t4<b6,t5<b5,t10<b3} [irregular]
    x=17: {t4<b7,t6<b6,t11<b3} [irregular]
  step 2, delta [[2, 0], [2, 0], [-2, 2]]:
    x=11: {t2<b5,t7<b2,t8<b2} [irregular]
    x=13: {t4<b5,t6<b4,t9<b2} [M mod 8 in [0]]
    x=15: {t6<b5,t7<b4,t8<b4} [irregular]
    x=17: {t6<b6,t8<b5,t9<b4} [irregular]
  step 2, delta [[2, 0], [2, 0], [-6, 4]]:
    x=11: {t3<b4,t5<b3,t10<b1} [M mod 8 in [6]]
    x=13: {t4<b5,t5<b4,t7<b3} [irregular]
    x=15: {t1<b7,t6<b5,t7<b4} [M mod 8 in [6]]
    x=17: {t1<b8,t3<b7,t8<b5} [M mod 8 in [0], M >= 17 (0 sporadic below)]
  step 2, delta [[2, 0], [2, 0], [-6, 4]]:
    x=11: {t3<b4,t6<b3,t9<b1} [irregular]
    x=13: {t3<b5,t5<b4,t8<b3} [irregular]
    x=15: {t2<b7,t5<b5,t7<b4} [M mod 8 in [4]]
    x=17: {t1<b8,t4<b7,t7<b5} [irregular]
  step 2, delta [[6, -2], [2, 0], [-10, 6]]:
    x=11: {t3<b4,t8<b2,t10<b1} [irregular]
    x=13: {t0<b7,t9<b2,t10<b2} [irregular]
    x=15: {t0<b8,t6<b5,t11<b2} [irregular]
    x=17: {t1<b8,t6<b6,t8<b5} [irregular]
  step 2, delta [[6, -2], [-2, 2], [-2, 2]]:
    x=11: {t3<b4,t8<b2,t10<b1} [irregular]
    x=13: {t6<b4,t8<b3,t9<b2} [irregular]
    x=15: {t6<b5,t7<b4,t12<b2} [irregular]
    x=17: {t5<b6,t10<b4,t12<b3} [irregular]
  step 2, delta [[6, -2], [2, 0], [-10, 6]]:
    x=11: {t3<b4,t9<b1,t10<b1} [irregular]
    x=13: {t0<b7,t9<b2,t11<b1} [irregular]
    x=15: {t1<b7,t6<b5,t11<b2} [irregular]
    x=17: {t1<b8,t7<b5,t8<b5} [irregular]
  step 2, delta [[6, -2], [-2, 2], [-2, 2]]:
    x=11: {t4<b4,t7<b2,t9<b1} [M mod 8 in [3], M >= 68 (4 sporadic below)]
    x=13: {t5<b4,t7<b3,t10<b2} [irregular]
    x=15: {t5<b5,t8<b4,t11<b2} [irregular]
    x=17: {t6<b6,t9<b4,t11<b3} [irregular]
  step 2, delta [[6, -2], [2, 0], [-10, 6]]:
    x=11: {t4<b4,t7<b2,t10<b1} [M mod 8 in [6], M >= 71 (1 sporadic below)]
    x=13: {t0<b7,t9<b2,t10<b2} [irregular]
    x=15: {t0<b8,t6<b5,t11<b2} [irregular]
    x=17: {t1<b8,t6<b6,t8<b5} [irregular]
  step 2, delta [[6, -2], [-6, 4], [-2, 2]]:
    x=11: {t4<b4,t7<b2,t10<b1} [M mod 8 in [6], M >= 71 (1 sporadic below)]
    x=13: {t1<b6,t8<b3,t10<b2} [irregular]
    x=15: {t2<b7,t7<b4,t8<b4} [irregular]
    x=17: {t1<b8,t6<b6,t8<b5} [irregular]
  step 2, delta [[6, -2], [2, 0], [-10, 6]]:
    x=11: {t4<b4,t9<b1,t10<b1} [irregular]
    x=13: {t0<b7,t10<b2,t11<b1} [M mod 8 in [1], M >= 66 (1 sporadic below)]
    x=15: {t1<b7,t6<b5,t12<b2} [irregular]
    x=17: {t2<b8,t7<b5,t8<b5} [irregular]
  step 2, delta [[6, -2], [2, 0], [-10, 6]]:
    x=11: {t5<b3,t7<b2,t10<b1} [irregular]
    x=13: {t0<b7,t9<b2,t11<b1} [irregular]
    x=15: {t1<b7,t6<b5,t11<b2} [irregular]
    x=17: {t1<b8,t7<b5,t8<b5} [irregular]
  step 2, delta [[6, -2], [2, 0], [-10, 6]]:
    x=11: {t5<b3,t8<b2,t10<b1} [irregular]
    x=13: {t0<b7,t10<b2,t11<b1} [M mod 8 in [1], M >= 66 (1 sporadic below)]
    x=15: {t1<b7,t6<b5,t12<b2} [irregular]
    x=17: {t2<b8,t7<b5,t8<b5} [irregular]
  step 2, delta [[6, -2], [-6, 4], [-2, 2]]:
    x=11: {t6<b3,t7<b2,t8<b2} [irregular]
    x=13: {t1<b6,t6<b4,t12<b1} [irregular]
    x=15: {t0<b8,t7<b4,t10<b3} [irregular]
    x=17: {t1<b8,t6<b6,t8<b5} [irregular]
  step 2, delta [[-2, 2], [2, 0], [-2, 2]]:
    x=11: {t6<b3,t7<b2,t8<b2} [irregular]
    x=13: {t4<b5,t6<b4,t9<b2} [M mod 8 in [0]]
    x=15: {t2<b7,t7<b4,t8<b4} [irregular]
    x=17: {t0<b9,t6<b6,t9<b4} [irregular]
  step 2, delta [[-2, 2], [2, 0], [2, 0]]:
    x=11: {t6<b3,t7<b2,t8<b2} [irregular]
    x=13: {t4<b5,t9<b2,t10<b2} [irregular]
    x=15: {t2<b7,t11<b2,t12<b2} [irregular]
    x=17: {t0<b9,t13<b2,t14<b2} [irregular]
  step 2, delta [[-2, 2], [2, 0], [2, 0]]:
    x=11: {t6<b3,t7<b2,t9<b1} [irregular]
    x=13: {t4<b5,t9<b2,t11<b1} [irregular]
    x=15: {t2<b7,t11<b2,t13<b1} [irregular]
    x=17: {t0<b9,t13<b2,t15<b1} [irregular]
  step 2, delta [[6, -2], [2, 0], [-6, 4]]:
    x=11: {t6<b3,t8<b2,t9<b1} [irregular]
    x=13: {t3<b5,t10<b2,t12<b1} [irregular]
    x=15: {t6<b5,t9<b3,t12<b2} [M mod 8 in [1], M >= 58 (3 sporadic below)]
    x=17: {t6<b6,t11<b3,t12<b3} [irregular]
  step 2, delta [[-2, 2], [-2, 2], [2, 0]]:
    x=11: {t6<b3,t8<b2,t9<b1} [irregular]
    x=13: {t4<b5,t6<b4,t11<b1} [irregular]
    x=15: {t2<b7,t4<b6,t13<b1} [M mod 8 in [3]]
    x=17: {t0<b9,t2<b8,t15<b1} [irregular]
  step 2, delta [[2, 0], [10, -4], [-2, 2]]:
    x=11: {t0<b6,t1<b5,t6<b3} [M mod 8 in [3], M >= 60 (1 sporadic below)]
    x=13: {t2<b6,t4<b5,t11<b1} [irregular]
    x=15: {t4<b6,t9<b3,t14<b1} [irregular]
  step 2, delta [[10, -4], [6, -2], [-2, 2]]:
    x=11: {t0<b6,t1<b5,t6<b3} [M mod 8 in [3], M >= 60 (1 sporadic below)]
    x=13: {t4<b5,t7<b3,t10<b2} [M mod 8 in [7], M >= 64 (1 sporadic below)]
    x=15: {t8<b4,t13<b1,t14<b1} [irregular]
  step 2, delta [[10, -4], [-2, 2], [2, 0]]:
    x=11: {t0<b6,t2<b5,t5<b3} [M mod 8 in [5]]
    x=13: {t0<b7,t7<b3,t10<b2} [irregular]
    x=15: {t5<b5,t10<b3,t12<b2} [irregular]
  step 2, delta [[10, -4], [6, -2], [-2, 2]]:
    x=11: {t0<b6,t2<b5,t5<b3} [M mod 8 in [5]]
    x=13: {t3<b5,t8<b3,t10<b2} [irregular]
    x=15: {t8<b4,t13<b1,t14<b1} [irregular]
  step 2, delta [[10, -4], [2, 0], [2, 0]]:
    x=11: {t0<b6,t2<b5,t5<b3} [M mod 8 in [5]]
    x=13: {t4<b5,t7<b3,t10<b2} [M mod 8 in [7], M >= 64 (1 sporadic below)]
    x=15: {t9<b3,t12<b2,t14<b1} [irregular]
  step 2, delta [[10, -4], [-2, 2], [2, 0]]:
    x=11: {t0<b6,t2<b5,t7<b2} [irregular]
    x=13: {t0<b7,t9<b2,t10<b2} [irregular]
    x=15: {t7<b4,t10<b3,t12<b2} [irregular]
  step 2, delta [[10, -4], [-2, 2], [2, 0]]:
    x=11: {t0<b6,t3<b4,t10<b1} [irregular]
    x=13: {t1<b6,t10<b2,t12<b1} [irregular]
    x=15: {t8<b4,t11<b2,t14<b1} [M mod 8 in [2], M >= 59 (3 sporadic below)]
  step 2, delta [[6, -2], [6, -2], [-2, 2]]:
    x=11: {t0<b6,t3<b4,t10<b1} [irregular]
    x=13: {t6<b4,t8<b3,t9<b2} [irregular]
    x=15: {t7<b4,t12<b2,t14<b1} [irregular]
  step 2, delta [[10, -4], [-2, 2], [2, 0]]:
    x=11: {t0<b6,t4<b4,t9<b1} [irregular]
    x=13: {t2<b6,t10<b2,t11<b1} [irregular]
    x=15: {t8<b4,t12<b2,t13<b1} [irregular]
  step 2, delta [[2, 0], [-2, 2], [-2, 2]]:
    x=11: {t0<b6,t5<b3,t10<b1} [irregular]
    x=13: {t2<b6,t3<b5,t8<b3} [irregular]
    x=15: {t1<b7,t4<b6,t6<b5} [irregular]
  step 2, delta [[10, -4], [-2, 2], [2, 0]]:
    x=11: {t0<b6,t5<b3,t10<b1} [irregular]
    x=13: {t3<b5,t10<b2,t12<b1} [irregular]
    x=15: {t8<b4,t13<b1,t14<b1} [irregular]
  step 2, delta [[6, -2], [6, -2], [-2, 2]]:
    x=11: {t0<b6,t5<b3,t10<b1} [irregular]
    x=13: {t6<b4,t8<b3,t11<b1} [M mod 8 in [1]]
    x=15: {t9<b3,t12<b2,t14<b1} [irregular]
  step 2, delta [[10, -4], [-2, 2], [-10, 6]]:
    x=11: {t0<b6,t7<b2,t10<b1} [irregular]
    x=13: {t0<b7,t5<b4,t10<b2} [irregular]
    x=15: {t0<b8,t3<b6,t10<b3} [irregular]
  step 2, delta [[10, -4], [-6, 4], [-2, 2]]:
    x=11: {t0<b6,t7<b2,t10<b1} [irregular]
    x=13: {t1<b6,t8<b3,t10<b2} [irregular]
    x=15: {t2<b7,t8<b4,t11<b2} [irregular]
  step 2, delta [[6, -2], [2, 0], [-2, 2]]:
    x=11: {t0<b6,t7<b2,t10<b1} [irregular]
    x=13: {t6<b4,t8<b3,t9<b2} [irregular]
    x=15: {t7<b4,t10<b3,t12<b2} [irregular]
  step 2, delta [[6, -2], [2, 0], [-10, 6]]:
    x=11: {t0<b6,t9<b1,t10<b1} [irregular]
    x=13: {t0<b7,t6<b4,t11<b1} [irregular]
    x=15: {t1<b7,t6<b5,t8<b4} [irregular]
  step 2, delta [[6, -2], [-6, 4], [-2, 2]]:
    x=11: {t0<b6,t9<b1,t10<b1} [irregular]
    x=13: {t3<b5,t6<b4,t8<b3} [irregular]
    x=15: {t0<b8,t6<b5,t9<b3} [irregular]
  step 2, delta [[6, -2], [2, 0], [-6, 4]]:
    x=11: {t1<b5,t3<b4,t8<b2} [M mod 8 in [5], M >= 30 (0 sporadic below)]
    x=13: {t2<b6,t5<b4,t7<b3} [M mod 8 in [3]]
    x=15: {t1<b7,t7<b4,t8<b4} [irregular]
  step 2, delta [[6, -2], [2, 0], [2, 0]]:
    x=11: {t1<b5,t3<b4,t8<b2} [M mod 8 in [5], M >= 30 (0 sporadic below)]
    x=13: {t5<b4,t7<b3,t10<b2} [irregular]
    x=15: {t9<b3,t11<b2,t12<b2} [irregular]
  step 2, delta [[6, -2], [6, -2], [-2, 2]]:
    x=11: {t1<b5,t3<b4,t8<b2} [M mod 8 in [5], M >= 30 (0 sporadic below)]
    x=13: {t6<b4,t7<b3,t9<b2} [irregular]
    x=15: {t7<b4,t12<b2,t13<b1} [M mod 8 in [1], M >= 58 (2 sporadic below)]
  step 2, delta [[6, -2], [2, 0], [-6, 4]]:
    x=11: {t1<b5,t4<b4,t7<b2} [M mod 8 in [3]]
    x=13: {t1<b6,t6<b4,t7<b3} [M mod 8 in [5], M >= 62 (1 sporadic below)]
    x=15: {t1<b7,t7<b4,t8<b4} [irregular]
  step 2, delta [[6, -2], [6, -2], [-2, 2]]:
    x=11: {t1<b5,t4<b4,t7<b2} [M mod 8 in [3]]
    x=13: {t5<b4,t7<b3,t10<b2} [irregular]
    x=15: {t8<b4,t11<b2,t13<b1} [M mod 8 in [7], M >= 56 (3 sporadic below)]
  step 2, delta [[6, -2], [2, 0], [2, 0]]:
    x=11: {t1<b5,t4<b4,t7<b2} [M mod 8 in [3]]
    x=13: {t6<b4,t7<b3,t9<b2} [irregular]
    x=15: {t9<b3,t11<b2,t12<b2} [irregular]
  step 2, delta [[10, -4], [-2, 2], [2, 0]]:
    x=11: {t1<b5,t6<b3,t7<b2} [M mod 8 in [4], M >= 61 (1 sporadic below)]
    x=13: {t4<b5,t9<b2,t11<b1} [irregular]
    x=15: {t7<b4,t13<b1,t14<b1} [irregular]
  step 2, delta [[6, -2], [6, -2], [-2, 2]]:
    x=11: {t1<b5,t6<b3,t7<b2} [M mod 8 in [4], M >= 61 (1 sporadic below)]
    x=13: {t5<b4,t7<b3,t12<b1} [M mod 8 in [0]]
    x=15: {t10<b3,t11<b2,t13<b1} [irregular]
  step 2, delta [[10, -4], [-2, 2], [-6, 4]]:
    x=11: {t1<b5,t6<b3,t8<b2} [M mod 8 in [3], M >= 60 (1 sporadic below)]
    x=13: {t2<b6,t4<b5,t11<b1} [irregular]
    x=15: {t2<b7,t5<b5,t12<b2} [irregular]
  step 2, delta [[10, -4], [-2, 2], [2, 0]]:
    x=11: {t2<b5,t3<b4,t8<b2} [irregular]
    x=13: {t1<b6,t10<b2,t12<b1} [irregular]
    x=15: {t8<b4,t11<b2,t14<b1} [M mod 8 in [2], M >= 59 (3 sporadic below)]
  step 2, delta [[6, -2], [2, 0], [-6, 4]]:
    x=11: {t2<b5,t3<b4,t8<b2} [irregular]
    x=13: {t2<b6,t5<b4,t8<b3} [M mod 8 in [6], M >= 63 (1 sporadic below)]
    x=15: {t2<b7,t7<b4,t8<b4} [irregular]
  step 2, delta [[6, -2], [2, 0], [2, 0]]:
    x=11: {t2<b5,t3<b4,t8<b2} [irregular]
    x=13: {t5<b4,t8<b3,t10<b2} [irregular]
    x=15: {t10<b3,t11<b2,t12<b2} [irregular]
  step 2, delta [[6, -2], [6, -2], [-2, 2]]:
    x=11: {t2<b5,t3<b4,t8<b2} [irregular]
    x=13: {t6<b4,t8<b3,t9<b2} [irregular]
    x=15: {t7<b4,t12<b2,t14<b1} [irregular]
  step 2, delta [[6, -2], [2, 0], [-6, 4]]:
    x=11: {t2<b5,t4<b4,t7<b2} [M mod 8 in [6], M >= 31 (0 sporadic below)]
    x=13: {t1<b6,t6<b4,t8<b3} [irregular]
    x=15: {t2<b7,t7<b4,t8<b4} [irregular]
  step 2, delta [[6, -2], [6, -2], [-2, 2]]:
    x=11: {t2<b5,t4<b4,t7<b2} [M mod 8 in [6], M >= 31 (0 sporadic below)]
    x=13: {t5<b4,t8<b3,t10<b2} [irregular]
    x=15: {t8<b4,t11<b2,t14<b1} [M mod 8 in [2], M >= 59 (3 sporadic below)]
  step 2, delta [[6, -2], [2, 0], [2, 0]]:
    x=11: {t2<b5,t4<b4,t7<b2} [M mod 8 in [6], M >= 31 (0 sporadic below)]
    x=13: {t6<b4,t8<b3,t9<b2} [irregular]
    x=15: {t10<b3,t11<b2,t12<b2} [irregular]
  step 2, delta [[10, -4], [-2, 2], [2, 0]]:
    x=11: {t2<b5,t4<b4,t9<b1} [irregular]
    x=13: {t2<b6,t11<b1,t12<b1} [irregular]
    x=15: {t9<b3,t12<b2,t14<b1} [irregular]
  step 2, delta [[10, -4], [-2, 2], [-6, 4]]:
    x=11: {t2<b5,t5<b3,t7<b2} [M mod 8 in [2]]
    x=13: {t1<b6,t3<b5,t12<b1} [irregular]
    x=15: {t1<b7,t6<b5,t11<b2} [irregular]
  step 2, delta [[10, -4], [-2, 2], [2, 0]]:
    x=11: {t2<b5,t5<b3,t8<b2} [M mod 8 in [5], M >= 62 (1 sporadic below)]
    x=13: {t3<b5,t10<b2,t12<b1} [irregular]
    x=15: {t8<b4,t13<b1,t14<b1} [irregular]
  step 2, delta [[6, -2], [6, -2], [-2, 2]]:
    x=11: {t2<b5,t5<b3,t8<b2} [M mod 8 in [5], M >= 62 (1 sporadic below)]
    x=13: {t6<b4,t8<b3,t11<b1} [M mod 8 in [1]]
    x=15: {t9<b3,t12<b2,t14<b1} [irregular]
  step 2, delta [[6, -2], [-2, 2], [-6, 4]]:
    x=11: {t2<b5,t7<b2,t8<b2} [irregular]
    x=13: {t2<b6,t5<b4,t8<b3} [M mod 8 in [6], M >= 63 (1 sporadic below)]
    x=15: {t2<b7,t3<b6,t8<b4} [irregular]
  step 2, delta [[6, -2], [2, 0], [-2, 2]]:
    x=11: {t2<b5,t7<b2,t8<b2} [irregular]
    x=13: {t6<b4,t8<b3,t9<b2} [irregular]
    x=15: {t7<b4,t10<b3,t12<b2} [irregular]
  step 2, delta [[2, 0], [2, 0], [-6, 4]]:
    x=11: {t3<b4,t5<b3,t8<b2} [irregular]
    x=13: {t2<b6,t5<b4,t7<b3} [M mod 8 in [3]]
    x=15: {t1<b7,t4<b6,t7<b4} [irregular]
  step 2, delta [[2, 0], [-2, 2], [-2, 2]]:
    x=11: {t3<b4,t5<b3,t10<b1} [M mod 8 in [6]]
    x=13: {t3<b5,t5<b4,t8<b3} [irregular]
    x=15: {t3<b6,t5<b5,t6<b5} [irregular]
  step 2, delta [[2, 0], [2, 0], [-2, 2]]:
    x=11: {t3<b4,t5<b3,t10<b1} [M mod 8 in [6]]
    x=13: {t5<b4,t7<b3,t8<b3} [irregular]
    x=15: {t6<b5,t7<b4,t9<b3} [irregular]
  step 2, delta [[6, -2], [-2, 2], [-6, 4]]:
    x=11: {t3<b4,t6<b3,t8<b2} [irregular]
    x=13: {t2<b6,t4<b5,t9<b2} [irregular]
    x=15: {t2<b7,t3<b6,t8<b4} [irregular]
  step 2, delta [[2, 0], [6, -2], [-6, 4]]:
    x=11: {t3<b4,t6<b3,t8<b2} [irregular]
    x=13: {t2<b6,t5<b4,t12<b1} [irregular]
    x=15: {t4<b6,t6<b5,t11<b2} [irregular]
  step 2, delta [[6, -2], [2, 0], [-2, 2]]:
    x=11: {t3<b4,t6<b3,t8<b2} [irregular]
    x=13: {t6<b4,t8<b3,t9<b2} [irregular]
    x=15: {t7<b4,t10<b3,t12<b2} [irregular]
  step 2, delta [[6, -2], [-6, 4], [2, 0]]:
    x=11: {t3<b4,t6<b3,t9<b1} [irregular]
    x=13: {t0<b7,t9<b2,t11<b1} [irregular]
    x=15: {t3<b6,t6<b5,t13<b1} [irregular]
  step 2, delta [[2, 0], [-2, 2], [-2, 2]]:
    x=11: {t3<b4,t6<b3,t9<b1} [irregular]
    x=13: {t4<b5,t5<b4,t7<b3} [irregular]
    x=15: {t3<b6,t5<b5,t6<b5} [irregular]
  step 2, delta [[6, -2], [-2, 2], [2, 0]]:
    x=11: {t3<b4,t6<b3,t9<b1} [irregular]
    x=13: {t4<b5,t9<b2,t11<b1} [irregular]
    x=15: {t7<b4,t10<b3,t13<b1} [irregular]
  step 2, delta [[2, 0], [2, 0], [-2, 2]]:
    x=11: {t3<b4,t6<b3,t9<b1} [irregular]
    x=13: {t5<b4,t7<b3,t8<b3} [irregular]
    x=15: {t6<b5,t7<b4,t9<b3} [irregular]
  step 2, delta [[6, -2], [2, 0], [2, 0]]:
    x=11: {t3<b4,t6<b3,t9<b1} [irregular]
    x=13: {t8<b3,t9<b2,t11<b1} [irregular]
    x=15: {t11<b2,t13<b1,t14<b1} [irregular]
  step 2, delta [[2, 0], [2, 0], [-10, 6]]:
    x=11: {t3<b4,t8<b2,t10<b1} [irregular]
    x=13: {t0<b7,t5<b4,t10<b2} [irregular]
    x=15: {t0<b8,t2<b7,t7<b4} [irregular]
  step 2, delta [[6, -2], [-2, 2], [-6, 4]]:
    x=11: {t3<b4,t9<b1,t10<b1} [irregular]
    x=13: {t4<b5,t7<b3,t9<b2} [irregular]
    x=15: {t3<b6,t5<b5,t10<b3} [M mod 8 in [0]]
  step 2, delta [[6, -2], [-2, 2], [-10, 6]]:
    x=11: {t4<b4,t5<b3,t10<b1} [irregular]
    x=13: {t0<b7,t3<b5,t10<b2} [irregular]
    x=15: {t0<b8,t1<b7,t6<b5} [irregular]
  step 2, delta [[6, -2], [2, 0], [-10, 6]]:
    x=11: {t4<b4,t5<b3,t10<b1} [irregular]
    x=13: {t0<b7,t7<b3,t10<b2} [irregular]
    x=15: {t0<b8,t6<b5,t9<b3} [irregular]
  step 2, delta [[-2, 2], [-2, 2], [-2, 2]]:
    x=11: {t4<b4,t5<b3,t10<b1} [irregular]
    x=13: {t2<b6,t3<b5,t8<b3} [irregular]
    x=15: {t0<b8,t1<b7,t6<b5} [irregular]
  step 2, delta [[-2, 2], [2, 0], [-6, 4]]:
    x=11: {t4<b4,t5<b3,t10<b1} [irregular]
    x=13: {t2<b6,t4<b5,t7<b3} [M mod 8 in [7]]
    x=15: {t0<b8,t1<b7,t6<b5} [irregular]
  step 2, delta [[-2, 2], [6, -2], [-6, 4]]:
    x=11: {t4<b4,t5<b3,t10<b1} [irregular]
    x=13: {t2<b6,t4<b5,t11<b1} [irregular]
    x=15: {t0<b8,t5<b5,t10<b3} [irregular]
  step 2, delta [[-2, 2], [2, 0], [-2, 2]]:
    x=11: {t4<b4,t5<b3,t10<b1} [irregular]
    x=13: {t2<b6,t7<b3,t8<b3} [irregular]
    x=15: {t0<b8,t6<b5,t9<b3} [irregular]
  step 2, delta [[-2, 2], [2, 0], [2, 0]]:
    x=11: {t4<b4,t5<b3,t10<b1} [irregular]
    x=13: {t2<b6,t7<b3,t12<b1} [irregular]
    x=15: {t0<b8,t9<b3,t14<b1} [irregular]
  step 2, delta [[-2, 2], [6, -2], [-2, 2]]:
    x=11: {t4<b4,t5<b3,t10<b1} [irregular]
    x=13: {t2<b6,t8<b3,t11<b1} [irregular]
    x=15: {t0<b8,t9<b3,t14<b1} [irregular]
  step 2, delta [[2, 0], [2, 0], [-2, 2]]:
    x=11: {t4<b4,t5<b3,t10<b1} [irregular]
    x=13: {t6<b4,t7<b3,t8<b3} [irregular]
    x=15: {t6<b5,t8<b4,t9<b3} [irregular]
  step 2, delta [[2, 0], [-6, 4], [2, 0]]:
    x=11: {t4<b4,t6<b3,t9<b1} [M mod 8 in [7]]
    x=13: {t0<b7,t6<b4,t11<b1} [irregular]
    x=15: {t0<b8,t2<b7,t13<b1} [irregular]
  step 2, delta [[6, -2], [-6, 4], [-2, 2]]:
    x=11: {t4<b4,t6<b3,t9<b1} [M mod 8 in [7]]
    x=13: {t0<b7,t7<b3,t10<b2} [irregular]
    x=15: {t1<b7,t6<b5,t8<b4} [irregular]
  step 2, delta [[6, -2], [-6, 4], [2, 0]]:
    x=11: {t4<b4,t6<b3,t9<b1} [M mod 8 in [7]]
    x=13: {t0<b7,t10<b2,t11<b1} [M mod 8 in [1], M >= 66 (1 sporadic below)]
    x=15: {t4<b6,t6<b5,t13<b1} [irregular]
  step 2, delta [[-2, 2], [2, 0], [-6, 4]]:
    x=11: {t4<b4,t6<b3,t9<b1} [M mod 8 in [7]]
    x=13: {t2<b6,t3<b5,t8<b3} [irregular]
    x=15: {t0<b8,t2<b7,t5<b5} [M mod 8 in [7]]
  step 2, delta [[-2, 2], [-2, 2], [-2, 2]]:
    x=11: {t4<b4,t6<b3,t9<b1} [M mod 8 in [7]]
    x=13: {t2<b6,t4<b5,t7<b3} [M mod 8 in [7]]
    x=15: {t0<b8,t2<b7,t5<b5} [M mod 8 in [7]]
  step 2, delta [[-2, 2], [-2, 2], [2, 0]]:
    x=11: {t4<b4,t6<b3,t9<b1} [M mod 8 in [7]]
    x=13: {t2<b6,t4<b5,t11<b1} [irregular]
    x=15: {t0<b8,t2<b7,t13<b1} [irregular]
  step 2, delta [[-2, 2], [2, 0], [-2, 2]]:
    x=11: {t4<b4,t6<b3,t9<b1} [M mod 8 in [7]]
    x=13: {t2<b6,t7<b3,t8<b3} [irregular]
    x=15: {t0<b8,t6<b5,t9<b3} [irregular]
  step 2, delta [[-2, 2], [6, -2], [-2, 2]]:
    x=11: {t4<b4,t6<b3,t9<b1} [M mod 8 in [7]]
    x=13: {t2<b6,t7<b3,t12<b1} [irregular]
    x=15: {t0<b8,t10<b3,t13<b1} [irregular]
  step 2, delta [[-2, 2], [2, 0], [2, 0]]:
    x=11: {t4<b4,t6<b3,t9<b1} [M mod 8 in [7]]
    x=13: {t2<b6,t8<b3,t11<b1} [irregular]
    x=15: {t0<b8,t10<b3,t13<b1} [irregular]
  step 2, delta [[2, 0], [2, 0], [-2, 2]]:
    x=11: {t4<b4,t6<b3,t9<b1} [M mod 8 in [7]]
    x=13: {t6<b4,t7<b3,t8<b3} [irregular]
    x=15: {t6<b5,t8<b4,t9<b3} [irregular]
  step 2, delta [[2, 0], [-6, 4], [-2, 2]]:
    x=11: {t4<b4,t7<b2,t9<b1} [M mod 8 in [3], M >= 68 (4 sporadic below)]
    x=13: {t1<b6,t6<b4,t7<b3} [M mod 8 in [5], M >= 62 (1 sporadic below)]
    x=15: {t0<b8,t3<b6,t5<b5} [M mod 8 in [3]]
  step 2, delta [[2, 0], [-6, 4], [2, 0]]:
    x=11: {t4<b4,t7<b2,t9<b1} [M mod 8 in [3], M >= 68 (4 sporadic below)]
    x=13: {t1<b6,t6<b4,t11<b1} [irregular]
    x=15: {t0<b8,t3<b6,t13<b1} [M mod 8 in [3], M >= 60 (4 sporadic below)]
  step 2, delta [[-2, 2], [-2, 2], [-2, 2]]:
    x=11: {t4<b4,t7<b2,t9<b1} [M mod 8 in [3], M >= 68 (4 sporadic below)]
    x=13: {t2<b6,t5<b4,t7<b3} [M mod 8 in [3]]
    x=15: {t0<b8,t3<b6,t5<b5} [M mod 8 in [3]]
  step 2, delta [[-2, 2], [-2, 2], [2, 0]]:
    x=11: {t4<b4,t7<b2,t9<b1} [M mod 8 in [3], M >= 68 (4 sporadic below)]
    x=13: {t2<b6,t5<b4,t11<b1} [irregular]
    x=15: {t0<b8,t3<b6,t13<b1} [M mod 8 in [3], M >= 60 (4 sporadic below)]
  step 2, delta [[6, -2], [-2, 2], [-10, 6]]:
    x=11: {t4<b4,t7<b2,t10<b1} [M mod 8 in [6], M >= 71 (1 sporadic below)]
    x=13: {t0<b7,t5<b4,t10<b2} [irregular]
    x=15: {t0<b8,t3<b6,t6<b5} [M mod 8 in [6]]
  step 2, delta [[2, 0], [-6, 4], [-2, 2]]:
    x=11: {t4<b4,t7<b2,t10<b1} [M mod 8 in [6], M >= 71 (1 sporadic below)]
    x=13: {t1<b6,t6<b4,t8<b3} [irregular]
    x=15: {t0<b8,t3<b6,t6<b5} [M mod 8 in [6]]
  step 2, delta [[2, 0], [-6, 4], [2, 0]]:
    x=11: {t4<b4,t7<b2,t10<b1} [M mod 8 in [6], M >= 71 (1 sporadic below)]
    x=13: {t1<b6,t6<b4,t12<b1} [irregular]
    x=15: {t0<b8,t3<b6,t14<b1} [M mod 8 in [6], M >= 63 (3 sporadic below)]
  step 2, delta [[-2, 2], [2, 0], [-6, 4]]:
    x=11: {t4<b4,t7<b2,t10<b1} [M mod 8 in [6], M >= 71 (1 sporadic below)]
    x=13: {t2<b6,t4<b5,t9<b2} [irregular]
    x=15: {t0<b8,t3<b6,t6<b5} [M mod 8 in [6]]
  step 2, delta [[-2, 2], [-2, 2], [-2, 2]]:
    x=11: {t4<b4,t7<b2,t10<b1} [M mod 8 in [6], M >= 71 (1 sporadic below)]
    x=13: {t2<b6,t5<b4,t8<b3} [M mod 8 in [6], M >= 63 (1 sporadic below)]
    x=15: {t0<b8,t3<b6,t6<b5} [M mod 8 in [6]]
  step 2, delta [[-2, 2], [-2, 2], [2, 0]]:
    x=11: {t4<b4,t7<b2,t10<b1} [M mod 8 in [6], M >= 71 (1 sporadic below)]
    x=13: {t2<b6,t5<b4,t12<b1} [irregular]
    x=15: {t0<b8,t3<b6,t14<b1} [M mod 8 in [6], M >= 63 (3 sporadic below)]
  step 2, delta [[-2, 2], [-2, 2], [2, 0]]:
    x=11: {t4<b4,t8<b2,t9<b1} [irregular]
    x=13: {t2<b6,t6<b4,t11<b1} [irregular]
    x=15: {t0<b8,t4<b6,t13<b1} [irregular]
  step 2, delta [[-2, 2], [2, 0], [2, 0]]:
    x=11: {t4<b4,t8<b2,t9<b1} [irregular]
    x=13: {t2<b6,t10<b2,t11<b1} [irregular]
    x=15: {t0<b8,t12<b2,t13<b1} [irregular]
  step 2, delta [[-2, 2], [2, 0], [-2, 2]]:
    x=11: {t4<b4,t9<b1,t10<b1} [irregular]
    x=13: {t2<b6,t8<b3,t11<b1} [irregular]
    x=15: {t0<b8,t9<b3,t10<b3} [irregular]
  step 2, delta [[-2, 2], [2, 0], [2, 0]]:
    x=11: {t4<b4,t9<b1,t10<b1} [irregular]
    x=13: {t2<b6,t11<b1,t12<b1} [irregular]
    x=15: {t0<b8,t13<b1,t14<b1} [irregular]
  step 2, delta [[6, -2], [-2, 2], [-6, 4]]:
    x=11: {t4<b4,t9<b1,t10<b1} [irregular]
    x=13: {t4<b5,t7<b3,t10<b2} [M mod 8 in [7], M >= 64 (1 sporadic below)]
    x=15: {t4<b6,t5<b5,t10<b3} [irregular]
  step 2, delta [[2, 0], [-6, 4], [2, 0]]:
    x=11: {t5<b3,t7<b2,t10<b1} [irregular]
    x=13: {t1<b6,t7<b3,t12<b1} [irregular]
    x=15: {t1<b7,t3<b6,t14<b1} [M mod 8 in [2]]
  step 2, delta [[-2, 2], [-2, 2], [2, 0]]:
    x=11: {t5<b3,t7<b2,t10<b1} [irregular]
    x=13: {t3<b5,t5<b4,t12<b1} [irregular]
    x=15: {t1<b7,t3<b6,t14<b1} [M mod 8 in [2]]
  step 2, delta [[-2, 2], [2, 0], [-2, 2]]:
    x=11: {t5<b3,t7<b2,t10<b1} [irregular]
    x=13: {t3<b5,t8<b3,t9<b2} [M mod 8 in [6], M >= 63 (1 sporadic below)]
    x=15: {t1<b7,t7<b4,t10<b3} [irregular]
  step 2, delta [[6, -2], [-2, 2], [-2, 2]]:
    x=11: {t5<b3,t7<b2,t10<b1} [irregular]
    x=13: {t5<b4,t8<b3,t11<b1} [irregular]
    x=15: {t6<b5,t9<b3,t11<b2} [irregular]
  step 2, delta [[6, -2], [-2, 2], [-10, 6]]:
    x=11: {t5<b3,t8<b2,t10<b1} [irregular]
    x=13: {t0<b7,t6<b4,t11<b1} [irregular]
    x=15: {t1<b7,t4<b6,t6<b5} [irregular]
  step 2, delta [[2, 0], [-6, 4], [-2, 2]]:
    x=11: {t5<b3,t8<b2,t10<b1} [irregular]
    x=13: {t2<b6,t7<b3,t8<b3} [irregular]
    x=15: {t1<b7,t4<b6,t6<b5} [irregular]
  step 2, delta [[2, 0], [-6, 4], [2, 0]]:
    x=11: {t5<b3,t8<b2,t10<b1} [irregular]
    x=13: {t2<b6,t7<b3,t12<b1} [irregular]
    x=15: {t1<b7,t4<b6,t14<b1} [irregular]
  step 2, delta [[-2, 2], [-2, 2], [-2, 2]]:
    x=11: {t5<b3,t8<b2,t10<b1} [irregular]
    x=13: {t3<b5,t6<b4,t8<b3} [irregular]
    x=15: {t1<b7,t4<b6,t6<b5} [irregular]
  step 2, delta [[-2, 2], [2, 0], [-2, 2]]:
    x=11: {t5<b3,t8<b2,t10<b1} [irregular]
    x=13: {t3<b5,t8<b3,t10<b2} [irregular]
    x=15: {t1<b7,t8<b4,t10<b3} [irregular]
  step 2, delta [[-2, 2], [2, 0], [2, 0]]:
    x=11: {t5<b3,t8<b2,t10<b1} [irregular]
    x=13: {t3<b5,t10<b2,t12<b1} [irregular]
    x=15: {t1<b7,t12<b2,t14<b1} [irregular]
  step 2, delta [[6, -2], [-2, 2], [-6, 4]]:
    x=11: {t5<b3,t8<b2,t10<b1} [irregular]
    x=13: {t4<b5,t6<b4,t11<b1} [irregular]
    x=15: {t4<b6,t5<b5,t10<b3} [irregular]
  step 2, delta [[2, 0], [-6, 4], [-2, 2]]:
    x=11: {t6<b3,t7<b2,t8<b2} [irregular]
    x=13: {t1<b6,t6<b4,t8<b3} [irregular]
    x=15: {t0<b8,t3<b6,t6<b5} [M mod 8 in [6]]
  step 2, delta [[-2, 2], [2, 0], [-6, 4]]:
    x=11: {t6<b3,t7<b2,t8<b2} [irregular]
    x=13: {t2<b6,t4<b5,t9<b2} [irregular]
    x=15: {t0<b8,t3<b6,t6<b5} [M mod 8 in [6]]
  step 2, delta [[2, 0], [-6, 4], [2, 0]]:
    x=11: {t6<b3,t7<b2,t9<b1} [irregular]
    x=13: {t1<b6,t8<b3,t11<b1} [irregular]
    x=15: {t2<b7,t3<b6,t13<b1} [irregular]
  step 2, delta [[6, -2], [-2, 2], [-6, 4]]:
    x=11: {t6<b3,t7<b2,t9<b1} [irregular]
    x=13: {t3<b5,t5<b4,t12<b1} [irregular]
    x=15: {t3<b6,t6<b5,t9<b3} [irregular]
  step 2, delta [[-2, 2], [2, 0], [-2, 2]]:
    x=11: {t6<b3,t7<b2,t9<b1} [irregular]
    x=13: {t4<b5,t7<b3,t9<b2} [irregular]
    x=15: {t2<b7,t7<b4,t9<b3} [irregular]
  step 2, delta [[2, 0], [-6, 4], [-2, 2]]:
    x=11: {t6<b3,t8<b2,t9<b1} [irregular]
    x=13: {t2<b6,t7<b3,t8<b3} [irregular]
    x=15: {t1<b7,t4<b6,t6<b5} [irregular]
  step 2, delta [[2, 0], [-6, 4], [2, 0]]:
    x=11: {t6<b3,t8<b2,t9<b1} [irregular]
    x=13: {t2<b6,t8<b3,t11<b1} [irregular]
    x=15: {t2<b7,t4<b6,t13<b1} [M mod 8 in [3]]
  step 2, delta [[2, 0], [2, 0], [-6, 4]]:
    x=11: {t6<b3,t8<b2,t9<b1} [irregular]
    x=13: {t3<b5,t8<b3,t10<b2} [irregular]
    x=15: {t4<b6,t5<b5,t10<b3} [irregular]
  step 2, delta [[6, -2], [-2, 2], [-2, 2]]:
    x=11: {t6<b3,t8<b2,t9<b1} [irregular]
    x=13: {t6<b4,t7<b3,t12<b1} [irregular]
    x=15: {t5<b5,t10<b3,t12<b2} [irregular]
  step 4, delta [[0, 2], [0, 2], [0, 2]]:
    x=11: {t0<b6,t1<b5,t6<b3} [M mod 8 in [3], M >= 60 (1 sporadic below)]
    x=15: {t0<b8,t1<b7,t6<b5} [irregular]
    x=19: {t0<b10,t1<b9,t6<b7} [irregular]
  step 4, delta [[0, 2], [4, 0], [-4, 4]]:
    x=11: {t0<b6,t1<b5,t6<b3} [M mod 8 in [3], M >= 60 (1 sporadic below)]
    x=15: {t0<b8,t2<b7,t5<b5} [M mod 8 in [7]]
    x=19: {t0<b10,t1<b9,t6<b7} [irregular]
  step 4, delta [[0, 2], [12, -4], [-4, 4]]:
    x=11: {t0<b6,t1<b5,t6<b3} [M mod 8 in [3], M >= 60 (1 sporadic below)]
    x=15: {t0<b8,t2<b7,t13<b1} [irregular]
    x=19: {t0<b10,t9<b5,t14<b3} [irregular]
  step 4, delta [[0, 2], [4, 0], [4, 0]]:
    x=11: {t0<b6,t1<b5,t6<b3} [M mod 8 in [3], M >= 60 (1 sporadic below)]
    x=15: {t0<b8,t5<b5,t10<b3} [irregular]
    x=19: {t0<b10,t9<b5,t14<b3} [irregular]
  step 4, delta [[0, 2], [8, -2], [0, 2]]:
    x=11: {t0<b6,t1<b5,t6<b3} [M mod 8 in [3], M >= 60 (1 sporadic below)]
    x=15: {t0<b8,t6<b5,t9<b3} [irregular]
    x=19: {t0<b10,t9<b5,t14<b3} [irregular]
  step 4, delta [[0, 2], [12, -4], [0, 2]]:
    x=11: {t0<b6,t1<b5,t6<b3} [M mod 8 in [3], M >= 60 (1 sporadic below)]
    x=15: {t0<b8,t6<b5,t13<b1} [irregular]
    x=19: {t0<b10,t13<b3,t18<b1} [irregular]
  step 4, delta [[0, 2], [8, -2], [4, 0]]:
    x=11: {t0<b6,t1<b5,t6<b3} [M mod 8 in [3], M >= 60 (1 sporadic below)]
    x=15: {t0<b8,t9<b3,t10<b3} [irregular]
    x=19: {t0<b10,t14<b3,t17<b1} [irregular]
  step 4, delta [[8, -2], [0, 2], [0, 2]]:
    x=11: {t0<b6,t1<b5,t6<b3} [M mod 8 in [3], M >= 60 (1 sporadic below)]
    x=15: {t1<b7,t6<b5,t8<b4} [irregular]
    x=19: {t6<b7,t8<b6,t9<b5} [irregular]
  step 4, delta [[8, -2], [0, 2], [4, 0]]:
    x=11: {t0<b6,t1<b5,t6<b3} [M mod 8 in [3], M >= 60 (1 sporadic below)]
    x=15: {t1<b7,t8<b4,t10<b3} [irregular]
    x=19: {t8<b6,t9<b5,t14<b3} [irregular]
  step 4, delta [[12, -4], [0, 2], [4, 0]]:
    x=11: {t0<b6,t1<b5,t6<b3} [M mod 8 in [3], M >= 60 (1 sporadic below)]
    x=15: {t1<b7,t10<b3,t12<b2} [irregular]
    x=19: {t10<b5,t13<b3,t16<b2} [M mod 8 in [5], M >= 30 (0 sporadic below)]
  step 4, delta [[4, 0], [12, -4], [-4, 4]]:
    x=11: {t0<b6,t1<b5,t6<b3} [M mod 8 in [3], M >= 60 (1 sporadic below)]
    x=15: {t2<b7,t4<b6,t13<b1} [M mod 8 in [3]]
    x=19: {t6<b7,t9<b5,t16<b2} [irregular]
  step 4, delta [[8, -2], [4, 0], [-4, 4]]:
    x=11: {t0<b6,t1<b5,t6<b3} [M mod 8 in [3], M >= 60 (1 sporadic below)]
    x=15: {t2<b7,t5<b5,t8<b4} [M mod 8 in [7]]
    x=19: {t4<b8,t9<b5,t10<b5} [irregular]
  step 4, delta [[12, -4], [4, 0], [-4, 4]]:
    x=11: {t0<b6,t1<b5,t6<b3} [M mod 8 in [3], M >= 60 (1 sporadic below)]
    x=15: {t2<b7,t5<b5,t12<b2} [irregular]
    x=19: {t8<b6,t9<b5,t14<b3} [irregular]
  step 4, delta [[4, 0], [8, -2], [0, 2]]:
    x=11: {t0<b6,t1<b5,t6<b3} [M mod 8 in [3], M >= 60 (1 sporadic below)]
    x=15: {t4<b6,t6<b5,t9<b3} [M mod 8 in [1]]
    x=19: {t8<b6,t9<b5,t14<b3} [irregular]
  step 4, delta [[4, 0], [12, -4], [0, 2]]:
    x=11: {t0<b6,t1<b5,t6<b3} [M mod 8 in [3], M >= 60 (1 sporadic below)]
    x=15: {t4<b6,t6<b5,t13<b1} [irregular]
    x=19: {t8<b6,t13<b3,t18<b1} [irregular]
  step 4, delta [[4, 0], [8, -2], [4, 0]]:
    x=11: {t0<b6,t1<b5,t6<b3} [M mod 8 in [3], M >= 60 (1 sporadic below)]
    x=15: {t4<b6,t9<b3,t10<b3} [irregular]
    x=19: {t8<b6,t14<b3,t17<b1} [irregular]
  step 4, delta [[12, -4], [4, 0], [4, 0]]:
    x=11: {t0<b6,t1<b5,t6<b3} [M mod 8 in [3], M >= 60 (1 sporadic below)]
    x=15: {t5<b5,t10<b3,t12<b2} [irregular]
    x=19: {t14<b3,t16<b2,t17<b1} [irregular]
  step 4, delta [[8, -2], [8, -2], [0, 2]]:
    x=11: {t0<b6,t1<b5,t6<b3} [M mod 8 in [3], M >= 60 (1 sporadic below)]
    x=15: {t6<b5,t8<b4,t9<b3} [irregular]
    x=19: {t9<b5,t14<b3,t16<b2} [irregular]
  step 4, delta [[12, -4], [8, -2], [0, 2]]:
    x=11: {t0<b6,t1<b5,t6<b3} [M mod 8 in [3], M >= 60 (1 sporadic below)]
    x=15: {t6<b5,t9<b3,t12<b2} [M mod 8 in [1], M >= 58 (3 sporadic below)]
    x=19: {t12<b4,t17<b1,t18<b1} [irregular]
  step 4, delta [[0, 2], [4, 0], [-4, 4]]:
    x=11: {t0<b6,t2<b5,t5<b3} [M mod 8 in [5]]
    x=15: {t0<b8,t1<b7,t6<b5} [irregular]
    x=19: {t0<b10,t2<b9,t5<b7} [M mod 8 in [1], M >= 18 (0 sporadic below)]
  step 4, delta [[0, 2], [12, -4], [-4, 4]]:
    x=11: {t0<b6,t2<b5,t5<b3} [M mod 8 in [5]]
    x=15: {t0<b8,t1<b7,t14<b1} [irregular]
    x=19: {t0<b10,t10<b5,t13<b3} [irregular]
  step 4, delta [[0, 2], [0, 2], [0, 2]]:
    x=11: {t0<b6,t2<b5,t5<b3} [M mod 8 in [5]]
    x=15: {t0<b8,t2<b7,t5<b5} [M mod 8 in [7]]
    x=19: {t0<b10,t2<b9,t5<b7} [M mod 8 in [1], M >= 18 (0 sporadic below)]
  step 4, delta [[0, 2], [8, -2], [0, 2]]:
    x=11: {t0<b6,t2<b5,t5<b3} [M mod 8 in [5]]
    x=15: {t0<b8,t5<b5,t10<b3} [irregular]
    x=19: {t0<b10,t10<b5,t13<b3} [irregular]
  step 4, delta [[0, 2], [4, 0], [4, 0]]:
    x=11: {t0<b6,t2<b5,t5<b3} [M mod 8 in [5]]
    x=15: {t0<b8,t6<b5,t9<b3} [irregular]
    x=19: {t0<b10,t10<b5,t13<b3} [irregular]
  step 4, delta [[0, 2], [8, -2], [4, 0]]:
    x=11: {t0<b6,t2<b5,t5<b3} [M mod 8 in [5]]
    x=15: {t0<b8,t9<b3,t10<b3} [irregular]
    x=19: {t0<b10,t14<b3,t17<b1} [irregular]
  step 4, delta [[4, 0], [12, -4], [-4, 4]]:
    x=11: {t0<b6,t2<b5,t5<b3} [M mod 8 in [5]]
    x=15: {t1<b7,t4<b6,t14<b1} [irregular]
    x=19: {t5<b7,t10<b5,t16<b2} [irregular]
  step 4, delta [[8, -2], [4, 0], [-4, 4]]:
    x=11: {t0<b6,t2<b5,t5<b3} [M mod 8 in [5]]
    x=15: {t1<b7,t6<b5,t8<b4} [irregular]
    x=19: {t4<b8,t9<b5,t10<b5} [irregular]
  step 4, delta [[12, -4], [4, 0], [-4, 4]]:
    x=11: {t0<b6,t2<b5,t5<b3} [M mod 8 in [5]]
    x=15: {t1<b7,t6<b5,t12<b2} [irregular]
    x=19: {t8<b6,t10<b5,t13<b3} [irregular]
  step 4, delta [[12, -4], [8, -2], [-4, 4]]:
    x=11: {t0<b6,t2<b5,t5<b3} [M mod 8 in [5]]
    x=15: {t1<b7,t10<b3,t12<b2} [irregular]
    x=19: {t8<b6,t13<b3,t18<b1} [irregular]
  step 4, delta [[4, 0], [0, 2], [4, 0]]:
    x=11: {t0<b6,t2<b5,t5<b3} [M mod 8 in [5]]
    x=15: {t2<b7,t4<b6,t9<b3} [irregular]
    x=19: {t4<b8,t6<b7,t13<b3} [irregular]
  step 4, delta [[8, -2], [0, 2], [0, 2]]:
    x=11: {t0<b6,t2<b5,t5<b3} [M mod 8 in [5]]
    x=15: {t2<b7,t5<b5,t8<b4} [M mod 8 in [7]]
    x=19: {t5<b7,t8<b6,t10<b5} [irregular]
  step 4, delta [[12, -4], [0, 2], [0, 2]]:
    x=11: {t0<b6,t2<b5,t5<b3} [M mod 8 in [5]]
    x=15: {t2<b7,t5<b5,t12<b2} [irregular]
    x=19: {t5<b7,t12<b4,t14<b3} [irregular]
  step 4, delta [[4, 0], [8, -2], [0, 2]]:
    x=11: {t0<b6,t2<b5,t5<b3} [M mod 8 in [5]]
    x=15: {t4<b6,t5<b5,t10<b3} [irregular]
    x=19: {t8<b6,t10<b5,t13<b3} [irregular]
  step 4, delta [[4, 0], [8, -2], [4, 0]]:
    x=11: {t0<b6,t2<b5,t5<b3} [M mod 8 in [5]]
    x=15: {t4<b6,t9<b3,t10<b3} [irregular]
    x=19: {t8<b6,t14<b3,t17<b1} [irregular]
  step 4, delta [[8, -2], [8, -2], [0, 2]]:
    x=11: {t0<b6,t2<b5,t5<b3} [M mod 8 in [5]]
    x=15: {t5<b5,t8<b4,t10<b3} [irregular]
    x=19: {t10<b5,t13<b3,t16<b2} [M mod 8 in [5], M >= 30 (0 sporadic below)]
  step 4, delta [[12, -4], [8, -2], [0, 2]]:
    x=11: {t0<b6,t2<b5,t5<b3} [M mod 8 in [5]]
    x=15: {t5<b5,t10<b3,t12<b2} [irregular]
    x=19: {t12<b4,t17<b1,t18<b1} [irregular]
  step 4, delta [[0, 2], [0, 2], [0, 2]]:
    x=11: {t0<b6,t2<b5,t7<b2} [irregular]
    x=15: {t0<b8,t2<b7,t7<b4} [irregular]
    x=19: {t0<b10,t2<b9,t7<b6} [irregular]
  step 4, delta [[0, 2], [0, 2], [4, 0]]:
    x=11: {t0<b6,t2<b5,t7<b2} [irregular]
    x=15: {t0<b8,t2<b7,t11<b2} [M mod 8 in [2]]
    x=19: {t0<b10,t2<b9,t15<b2} [irregular]
  step 4, delta [[0, 2], [4, 0], [-4, 4]]:
    x=11: {t0<b6,t2<b5,t7<b2} [irregular]
    x=15: {t0<b8,t3<b6,t6<b5} [M mod 8 in [6]]
    x=19: {t0<b10,t2<b9,t7<b6} [irregular]
  step 4, delta [[0, 2], [8, -2], [-4, 4]]:
    x=11: {t0<b6,t2<b5,t7<b2} [irregular]
    x=15: {t0<b8,t3<b6,t10<b3} [irregular]
    x=19: {t0<b10,t6<b7,t11<b4} [irregular]
  step 4, delta [[0, 2], [8, -2], [4, 0]]:
    x=11: {t0<b6,t2<b5,t7<b2} [irregular]
    x=15: {t0<b8,t10<b3,t11<b2} [M mod 8 in [2], M >= 67 (1 sporadic below)]
    x=19: {t0<b10,t15<b2,t18<b1} [irregular]
  step 4, delta [[4, 0], [0, 2], [4, 0]]:
    x=11: {t0<b6,t2<b5,t7<b2} [irregular]
    x=15: {t2<b7,t4<b6,t11<b2} [irregular]
    x=19: {t4<b8,t6<b7,t15<b2} [M mod 8 in [6]]
  step 4, delta [[8, -2], [0, 2], [4, 0]]:
    x=11: {t0<b6,t2<b5,t7<b2} [irregular]
    x=15: {t2<b7,t8<b4,t11<b2} [irregular]
    x=19: {t8<b6,t10<b5,t15<b2} [irregular]
  step 4, delta [[12, -4], [0, 2], [4, 0]]:
    x=11: {t0<b6,t2<b5,t7<b2} [irregular]
    x=15: {t2<b7,t11<b2,t12<b2} [irregular]
    x=19: {t11<b4,t14<b3,t16<b2} [irregular]
  step 4, delta [[8, -2], [4, 0], [-4, 4]]:
    x=11: {t0<b6,t2<b5,t7<b2} [irregular]
    x=15: {t3<b6,t6<b5,t8<b4} [irregular]
    x=19: {t4<b8,t10<b5,t11<b4} [irregular]
  step 4, delta [[4, 0], [8, -2], [0, 2]]:
    x=11: {t0<b6,t2<b5,t7<b2} [irregular]
    x=15: {t4<b6,t7<b4,t10<b3} [M mod 8 in [0], M >= 65 (1 sporadic below)]
    x=19: {t8<b6,t10<b5,t15<b2} [irregular]
  step 4, delta [[8, -2], [4, 0], [0, 2]]:
    x=11: {t0<b6,t2<b5,t7<b2} [irregular]
    x=15: {t6<b5,t7<b4,t8<b4} [irregular]
    x=19: {t8<b6,t11<b4,t14<b3} [M mod 8 in [4], M >= 61 (3 sporadic below)]
  step 4, delta [[0, 2], [0, 2], [0, 2]]:
    x=11: {t0<b6,t3<b4,t5<b3} [M mod 8 in [1], M >= 34 (0 sporadic below)]
    x=15: {t0<b8,t3<b6,t5<b5} [M mod 8 in [3]]
    x=19: {t0<b10,t3<b8,t5<b7} [M mod 8 in [5]]
  step 4, delta [[0, 2], [0, 2], [4, 0]]:
    x=11: {t0<b6,t3<b4,t5<b3} [M mod 8 in [1], M >= 34 (0 sporadic below)]
    x=15: {t0<b8,t3<b6,t9<b3} [irregular]
    x=19: {t0<b10,t3<b8,t13<b3} [M mod 8 in [5], M >= 62 (4 sporadic below)]
  step 4, delta [[0, 2], [8, -2], [0, 2]]:
    x=11: {t0<b6,t3<b4,t5<b3} [M mod 8 in [1], M >= 34 (0 sporadic below)]
    x=15: {t0<b8,t5<b5,t11<b2} [irregular]
    x=19: {t0<b10,t11<b4,t13<b3} [irregular]
  step 4, delta [[0, 2], [8, -2], [4, 0]]:
    x=11: {t0<b6,t3<b4,t5<b3} [M mod 8 in [1], M >= 34 (0 sporadic below)]
    x=15: {t0<b8,t9<b3,t11<b2} [irregular]
    x=19: {t0<b10,t15<b2,t17<b1} [irregular]
  step 4, delta [[12, -4], [0, 2], [-4, 4]]:
    x=11: {t0<b6,t3<b4,t5<b3} [M mod 8 in [1], M >= 34 (0 sporadic below)]
    x=15: {t1<b7,t3<b6,t12<b2} [irregular]
    x=19: {t3<b8,t8<b6,t13<b3} [irregular]
  step 4, delta [[4, 0], [4, 0], [-4, 4]]:
    x=11: {t0<b6,t3<b4,t5<b3} [M mod 8 in [1], M >= 34 (0 sporadic below)]
    x=15: {t1<b7,t4<b6,t7<b4} [irregular]
    x=19: {t3<b8,t5<b7,t8<b6} [irregular]
  step 4, delta [[12, -4], [4, 0], [-4, 4]]:
    x=11: {t0<b6,t3<b4,t5<b3} [M mod 8 in [1], M >= 34 (0 sporadic below)]
    x=15: {t1<b7,t7<b4,t12<b2} [irregular]
    x=19: {t8<b6,t11<b4,t13<b3} [M mod 8 in [1], M >= 18 (0 sporadic below)]
  step 4, delta [[8, -2], [0, 2], [0, 2]]:
    x=11: {t0<b6,t3<b4,t5<b3} [M mod 8 in [1], M >= 34 (0 sporadic below)]
    x=15: {t3<b6,t5<b5,t8<b4} [irregular]
    x=19: {t5<b7,t8<b6,t11<b4} [irregular]
  step 4, delta [[12, -4], [0, 2], [0, 2]]:
    x=11: {t0<b6,t3<b4,t5<b3} [M mod 8 in [1], M >= 34 (0 sporadic below)]
    x=15: {t3<b6,t5<b5,t12<b2} [irregular]
    x=19: {t5<b7,t12<b4,t15<b2} [irregular]
  step 4, delta [[8, -2], [0, 2], [4, 0]]:
    x=11: {t0<b6,t3<b4,t5<b3} [M mod 8 in [1], M >= 34 (0 sporadic below)]
    x=15: {t3<b6,t8<b4,t9<b3} [M mod 8 in [7], M >= 64 (1 sporadic below)]
    x=19: {t8<b6,t11<b4,t13<b3} [M mod 8 in [1], M >= 18 (0 sporadic below)]
  step 4, delta [[8, -2], [4, 0], [0, 2]]:
    x=11: {t0<b6,t3<b4,t5<b3} [M mod 8 in [1], M >= 34 (0 sporadic below)]
    x=15: {t5<b5,t7<b4,t8<b4} [irregular]
    x=19: {t8<b6,t11<b4,t13<b3} [M mod 8 in [1], M >= 18 (0 sporadic below)]
  step 4, delta [[8, -2], [8, -2], [0, 2]]:
    x=11: {t0<b6,t3<b4,t5<b3} [M mod 8 in [1], M >= 34 (0 sporadic below)]
    x=15: {t5<b5,t8<b4,t11<b2} [irregular]
    x=19: {t11<b4,t13<b3,t16<b2} [irregular]
  step 4, delta [[0, 2], [4, 0], [-4, 4]]:
    x=11: {t0<b6,t3<b4,t6<b3} [M mod 8 in [4], M >= 61 (1 sporadic below)]
    x=15: {t0<b8,t2<b7,t7<b4} [irregular]
    x=19: {t0<b10,t3<b8,t6<b7} [M mod 8 in [0], M >= 17 (0 sporadic below)]
  step 4, delta [[0, 2], [8, -2], [-4, 4]]:
    x=11: {t0<b6,t3<b4,t6<b3} [M mod 8 in [4], M >= 61 (1 sporadic below)]
    x=15: {t0<b8,t2<b7,t11<b2} [M mod 8 in [2]]
    x=19: {t0<b10,t7<b6,t10<b5} [irregular]
  step 4, delta [[0, 2], [0, 2], [0, 2]]:
    x=11: {t0<b6,t3<b4,t6<b3} [M mod 8 in [4], M >= 61 (1 sporadic below)]
    x=15: {t0<b8,t3<b6,t6<b5} [M mod 8 in [6]]
    x=19: {t0<b10,t3<b8,t6<b7} [M mod 8 in [0], M >= 17 (0 sporadic below)]
  step 4, delta [[0, 2], [0, 2], [4, 0]]:
    x=11: {t0<b6,t3<b4,t6<b3} [M mod 8 in [4], M >= 61 (1 sporadic below)]
    x=15: {t0<b8,t3<b6,t10<b3} [irregular]
    x=19: {t0<b10,t3<b8,t14<b3} [M mod 8 in [0], M >= 65 (3 sporadic below)]
  step 4, delta [[0, 2], [8, -2], [0, 2]]:
    x=11: {t0<b6,t3<b4,t6<b3} [M mod 8 in [4], M >= 61 (1 sporadic below)]
    x=15: {t0<b8,t6<b5,t11<b2} [irregular]
    x=19: {t0<b10,t11<b4,t14<b3} [irregular]
  step 4, delta [[0, 2], [4, 0], [4, 0]]:
    x=11: {t0<b6,t3<b4,t6<b3} [M mod 8 in [4], M >= 61 (1 sporadic below)]
    x=15: {t0<b8,t7<b4,t10<b3} [irregular]
    x=19: {t0<b10,t11<b4,t14<b3} [irregular]
  step 4, delta [[0, 2], [8, -2], [4, 0]]:
    x=11: {t0<b6,t3<b4,t6<b3} [M mod 8 in [4], M >= 61 (1 sporadic below)]
    x=15: {t0<b8,t10<b3,t11<b2} [M mod 8 in [2], M >= 67 (1 sporadic below)]
    x=19: {t0<b10,t15<b2,t18<b1} [irregular]
  step 4, delta [[4, 0], [8, -2], [-4, 4]]:
    x=11: {t0<b6,t3<b4,t6<b3} [M mod 8 in [4], M >= 61 (1 sporadic below)]
    x=15: {t2<b7,t4<b6,t11<b2} [irregular]
    x=19: {t6<b7,t7<b6,t12<b4} [irregular]
  step 4, delta [[8, -2], [4, 0], [-4, 4]]:
    x=11: {t0<b6,t3<b4,t6<b3} [M mod 8 in [4], M >= 61 (1 sporadic below)]
    x=15: {t2<b7,t7<b4,t8<b4} [irregular]
    x=19: {t4<b8,t10<b5,t11<b4} [irregular]
  step 4, delta [[12, -4], [4, 0], [-4, 4]]:
    x=11: {t0<b6,t3<b4,t6<b3} [M mod 8 in [4], M >= 61 (1 sporadic below)]
    x=15: {t2<b7,t7<b4,t12<b2} [irregular]
    x=19: {t8<b6,t11<b4,t14<b3} [M mod 8 in [4], M >= 61 (3 sporadic below)]
  step 4, delta [[8, -2], [8, -2], [-4, 4]]:
    x=11: {t0<b6,t3<b4,t6<b3} [M mod 8 in [4], M >= 61 (1 sporadic below)]
    x=15: {t2<b7,t8<b4,t11<b2} [irregular]
    x=19: {t7<b6,t10<b5,t16<b2} [irregular]
  step 4, delta [[8, -2], [0, 2], [0, 2]]:
    x=11: {t0<b6,t3<b4,t6<b3} [M mod 8 in [4], M >= 61 (1 sporadic below)]
    x=15: {t3<b6,t6<b5,t8<b4} [irregular]
    x=19: {t6<b7,t8<b6,t11<b4} [M mod 8 in [4]]
  step 4, delta [[8, -2], [0, 2], [4, 0]]:
    x=11: {t0<b6,t3<b4,t6<b3} [M mod 8 in [4], M >= 61 (1 sporadic below)]
    x=15: {t3<b6,t8<b4,t10<b3} [irregular]
    x=19: {t8<b6,t11<b4,t14<b3} [M mod 8 in [4], M >= 61 (3 sporadic below)]
  step 4, delta [[12, -4], [0, 2], [4, 0]]:
    x=11: {t0<b6,t3<b4,t6<b3} [M mod 8 in [4], M >= 61 (1 sporadic below)]
    x=15: {t3<b6,t10<b3,t12<b2} [irregular]
    x=19: {t10<b5,t15<b2,t16<b2} [irregular]
  step 4, delta [[4, 0], [8, -2], [0, 2]]:
    x=11: {t0<b6,t3<b4,t6<b3} [M mod 8 in [4], M >= 61 (1 sporadic below)]
    x=15: {t4<b6,t6<b5,t11<b2} [irregular]
    x=19: {t8<b6,t11<b4,t14<b3} [M mod 8 in [4], M >= 61 (3 sporadic below)]
  step 4, delta [[8, -2], [4, 0], [0, 2]]:
    x=11: {t0<b6,t3<b4,t6<b3} [M mod 8 in [4], M >= 61 (1 sporadic below)]
    x=15: {t6<b5,t7<b4,t8<b4} [irregular]
    x=19: {t8<b6,t11<b4,t14<b3} [M mod 8 in [4], M >= 61 (3 sporadic below)]
  step 4, delta [[8, -2], [8, -2], [0, 2]]:
    x=11: {t0<b6,t3<b4,t6<b3} [M mod 8 in [4], M >= 61 (1 sporadic below)]
    x=15: {t6<b5,t8<b4,t11<b2} [M mod 8 in [2]]
    x=19: {t11<b4,t14<b3,t16<b2} [irregular]
  step 4, delta [[0, 2], [8, -2], [-8, 6]]:
    x=11: {t0<b6,t3<b4,t10<b1} [irregular]
    x=15: {t0<b8,t2<b7,t11<b2} [M mod 8 in [2]]
    x=19: {t0<b10,t3<b8,t10<b5} [irregular]
  step 4, delta [[0, 2], [0, 2], [0, 2]]:
    x=11: {t0<b6,t3<b4,t10<b1} [irregular]
    x=15: {t0<b8,t3<b6,t10<b3} [irregular]
    x=19: {t0<b10,t3<b8,t10<b5} [irregular]
  step 4, delta [[0, 2], [0, 2], [4, 0]]:
    x=11: {t0<b6,t3<b4,t10<b1} [irregular]
    x=15: {t0<b8,t3<b6,t14<b1} [M mod 8 in [6], M >= 63 (3 sporadic below)]
    x=19: {t0<b10,t3<b8,t18<b1} [irregular]
  step 4, delta [[0, 2], [8, -2], [-4, 4]]:
    x=11: {t0<b6,t3<b4,t10<b1} [irregular]
    x=15: {t0<b8,t6<b5,t11<b2} [irregular]
    x=19: {t0<b10,t7<b6,t14<b3} [irregular]
  step 4, delta [[0, 2], [4, 0], [4, 0]]:
    x=11: {t0<b6,t3<b4,t10<b1} [irregular]
    x=15: {t0<b8,t7<b4,t14<b1} [irregular]
    x=19: {t0<b10,t11<b4,t18<b1} [M mod 8 in [4], M >= 21 (0 sporadic below)]
  step 4, delta [[0, 2], [8, -2], [0, 2]]:
    x=11: {t0<b6,t3<b4,t10<b1} [irregular]
    x=15: {t0<b8,t10<b3,t11<b2} [M mod 8 in [2], M >= 67 (1 sporadic below)]
    x=19: {t0<b10,t11<b4,t18<b1} [M mod 8 in [4], M >= 21 (0 sporadic below)]
  step 4, delta [[8, -2], [0, 2], [-8, 6]]:
    x=11: {t0<b6,t3<b4,t10<b1} [irregular]
    x=15: {t2<b7,t3<b6,t8<b4} [irregular]
    x=19: {t0<b10,t3<b8,t10<b5} [irregular]
  step 4, delta [[8, -2], [4, 0], [-8, 6]]:
    x=11: {t0<b6,t3<b4,t10<b1} [irregular]
    x=15: {t2<b7,t7<b4,t8<b4} [irregular]
    x=19: {t0<b10,t10<b5,t11<b4} [M mod 8 in [4], M >= 61 (2 sporadic below)]
  step 4, delta [[8, -2], [8, -2], [-8, 6]]:
    x=11: {t0<b6,t3<b4,t10<b1} [irregular]
    x=15: {t2<b7,t8<b4,t11<b2} [irregular]
    x=19: {t3<b8,t10<b5,t16<b2} [irregular]
  step 4, delta [[8, -2], [0, 2], [-4, 4]]:
    x=11: {t0<b6,t3<b4,t10<b1} [irregular]
    x=15: {t3<b6,t6<b5,t8<b4} [irregular]
    x=19: {t4<b8,t6<b7,t11<b4} [irregular]
  step 4, delta [[8, -2], [0, 2], [4, 0]]:
    x=11: {t0<b6,t3<b4,t10<b1} [irregular]
    x=15: {t3<b6,t8<b4,t14<b1} [irregular]
    x=19: {t8<b6,t11<b4,t18<b1} [irregular]
  step 4, delta [[12, -4], [0, 2], [4, 0]]:
    x=11: {t0<b6,t3<b4,t10<b1} [irregular]
    x=15: {t3<b6,t12<b2,t14<b1} [irregular]
    x=19: {t12<b4,t15<b2,t18<b1} [M mod 8 in [6], M >= 31 (0 sporadic below)]
  step 4, delta [[12, -4], [4, 0], [-4, 4]]:
    x=11: {t0<b6,t3<b4,t10<b1} [irregular]
    x=15: {t6<b5,t7<b4,t12<b2} [irregular]
    x=19: {t8<b6,t11<b4,t18<b1} [irregular]
  step 4, delta [[0, 2], [0, 2], [0, 2]]:
    x=11: {t0<b6,t4<b4,t9<b1} [irregular]
    x=15: {t0<b8,t4<b6,t9<b3} [irregular]
    x=19: {t0<b10,t4<b8,t9<b5} [irregular]
  step 4, delta [[0, 2], [0, 2], [4, 0]]:
    x=11: {t0<b6,t4<b4,t9<b1} [irregular]
    x=15: {t0<b8,t4<b6,t13<b1} [irregular]
    x=19: {t0<b10,t4<b8,t17<b1} [irregular]
  step 4, delta [[8, -2], [-4, 4], [0, 2]]:
    x=11: {t0<b6,t4<b4,t9<b1} [irregular]
    x=15: {t0<b8,t8<b4,t9<b3} [irregular]
    x=19: {t4<b8,t8<b6,t9<b5} [irregular]
  step 4, delta [[0, 2], [4, 0], [4, 0]]:
    x=11: {t0<b6,t4<b4,t9<b1} [irregular]
    x=15: {t0<b8,t8<b4,t13<b1} [irregular]
    x=19: {t0<b10,t12<b4,t17<b1} [irregular]
  step 4, delta [[8, -2], [-4, 4], [4, 0]]:
    x=11: {t0<b6,t4<b4,t9<b1} [irregular]
    x=15: {t0<b8,t8<b4,t13<b1} [irregular]
    x=19: {t4<b8,t8<b6,t17<b1} [irregular]
  step 4, delta [[12, -4], [-4, 4], [4, 0]]:
    x=11: {t0<b6,t4<b4,t9<b1} [irregular]
    x=15: {t0<b8,t12<b2,t13<b1} [irregular]
    x=19: {t8<b6,t12<b4,t17<b1} [irregular]
  step 4, delta [[12, -4], [0, 2], [4, 0]]:
    x=11: {t0<b6,t4<b4,t9<b1} [irregular]
    x=15: {t4<b6,t12<b2,t13<b1} [irregular]
    x=19: {t12<b4,t16<b2,t17<b1} [irregular]
  step 4, delta [[0, 2], [8, -2], [-8, 6]]:
    x=11: {t0<b6,t5<b3,t10<b1} [irregular]
    x=15: {t0<b8,t2<b7,t13<b1} [irregular]
    x=19: {t0<b10,t5<b7,t10<b5} [irregular]
  step 4, delta [[0, 2], [0, 2], [0, 2]]:
    x=11: {t0<b6,t5<b3,t10<b1} [irregular]
    x=15: {t0<b8,t5<b5,t10<b3} [irregular]
    x=19: {t0<b10,t5<b7,t10<b5} [irregular]
  step 4, delta [[0, 2], [4, 0], [-4, 4]]:
    x=11: {t0<b6,t5<b3,t10<b1} [irregular]
    x=15: {t0<b8,t6<b5,t9<b3} [irregular]
    x=19: {t0<b10,t5<b7,t10<b5} [irregular]
  step 4, delta [[0, 2], [8, -2], [-4, 4]]:
    x=11: {t0<b6,t5<b3,t10<b1} [irregular]
    x=15: {t0<b8,t6<b5,t13<b1} [irregular]
    x=19: {t0<b10,t9<b5,t14<b3} [irregular]
  step 4, delta [[0, 2], [4, 0], [0, 2]]:
    x=11: {t0<b6,t5<b3,t10<b1} [irregular]
    x=15: {t0<b8,t9<b3,t10<b3} [irregular]
    x=19: {t0<b10,t10<b5,t13<b3} [irregular]
  step 4, delta [[0, 2], [4, 0], [4, 0]]:
    x=11: {t0<b6,t5<b3,t10<b1} [irregular]
    x=15: {t0<b8,t9<b3,t14<b1} [irregular]
    x=19: {t0<b10,t13<b3,t18<b1} [irregular]
  step 4, delta [[0, 2], [8, -2], [0, 2]]:
    x=11: {t0<b6,t5<b3,t10<b1} [irregular]
    x=15: {t0<b8,t10<b3,t13<b1} [irregular]
    x=19: {t0<b10,t13<b3,t18<b1} [irregular]
  step 4, delta [[4, 0], [-4, 4], [4, 0]]:
    x=11: {t0<b6,t5<b3,t10<b1} [irregular]
    x=15: {t1<b7,t4<b6,t14<b1} [irregular]
    x=19: {t0<b10,t5<b7,t18<b1} [irregular]
  step 4, delta [[8, -2], [-4, 4], [-4, 4]]:
    x=11: {t0<b6,t5<b3,t10<b1} [irregular]
    x=15: {t1<b7,t6<b5,t8<b4} [irregular]
    x=19: {t2<b9,t4<b8,t9<b5} [irregular]
  step 4, delta [[8, -2], [-4, 4], [0, 2]]:
    x=11: {t0<b6,t5<b3,t10<b1} [irregular]
    x=15: {t1<b7,t8<b4,t10<b3} [irregular]
    x=19: {t4<b8,t9<b5,t10<b5} [irregular]
  step 4, delta [[8, -2], [-4, 4], [4, 0]]:
    x=11: {t0<b6,t5<b3,t10<b1} [irregular]
    x=15: {t1<b7,t8<b4,t14<b1} [irregular]
    x=19: {t4<b8,t9<b5,t18<b1} [irregular]
  step 4, delta [[12, -4], [-4, 4], [4, 0]]:
    x=11: {t0<b6,t5<b3,t10<b1} [irregular]
    x=15: {t1<b7,t12<b2,t14<b1} [irregular]
    x=19: {t8<b6,t13<b3,t18<b1} [irregular]
  step 4, delta [[4, 0], [4, 0], [-8, 6]]:
    x=11: {t0<b6,t5<b3,t10<b1} [irregular]
    x=15: {t2<b7,t4<b6,t9<b3} [irregular]
    x=19: {t1<b9,t6<b7,t8<b6} [irregular]
  step 4, delta [[8, -2], [0, 2], [-8, 6]]:
    x=11: {t0<b6,t5<b3,t10<b1} [irregular]
    x=15: {t2<b7,t5<b5,t8<b4} [M mod 8 in [7]]
    x=19: {t0<b10,t5<b7,t10<b5} [irregular]
  step 4, delta [[8, -2], [8, -2], [-8, 6]]:
    x=11: {t0<b6,t5<b3,t10<b1} [irregular]
    x=15: {t2<b7,t8<b4,t13<b1} [irregular]
    x=19: {t5<b7,t10<b5,t16<b2} [irregular]
  step 4, delta [[4, 0], [0, 2], [0, 2]]:
    x=11: {t0<b6,t5<b3,t10<b1} [irregular]
    x=15: {t4<b6,t5<b5,t10<b3} [irregular]
    x=19: {t5<b7,t8<b6,t10<b5} [irregular]
  step 4, delta [[4, 0], [8, -2], [-4, 4]]:
    x=11: {t0<b6,t5<b3,t10<b1} [irregular]
    x=15: {t4<b6,t6<b5,t13<b1} [irregular]
    x=19: {t8<b6,t9<b5,t14<b3} [irregular]
  step 4, delta [[4, 0], [4, 0], [0, 2]]:
    x=11: {t0<b6,t5<b3,t10<b1} [irregular]
    x=15: {t4<b6,t9<b3,t10<b3} [irregular]
    x=19: {t8<b6,t10<b5,t13<b3} [irregular]
  step 4, delta [[4, 0], [8, -2], [0, 2]]:
    x=11: {t0<b6,t5<b3,t10<b1} [irregular]
    x=15: {t4<b6,t10<b3,t13<b1} [irregular]
    x=19: {t8<b6,t13<b3,t18<b1} [irregular]
  step 4, delta [[8, -2], [0, 2], [0, 2]]:
    x=11: {t0<b6,t5<b3,t10<b1} [irregular]
    x=15: {t5<b5,t8<b4,t10<b3} [irregular]
    x=19: {t8<b6,t10<b5,t13<b3} [irregular]
  step 4, delta [[8, -2], [0, 2], [4, 0]]:
    x=11: {t0<b6,t5<b3,t10<b1} [irregular]
    x=15: {t5<b5,t8<b4,t14<b1} [irregular]
    x=19: {t8<b6,t13<b3,t18<b1} [irregular]
  step 4, delta [[12, -4], [0, 2], [4, 0]]:
    x=11: {t0<b6,t5<b3,t10<b1} [irregular]
    x=15: {t5<b5,t12<b2,t14<b1} [irregular]
    x=19: {t12<b4,t17<b1,t18<b1} [irregular]
  step 4, delta [[8, -2], [4, 0], [-4, 4]]:
    x=11: {t0<b6,t5<b3,t10<b1} [irregular]
    x=15: {t6<b5,t8<b4,t9<b3} [irregular]
    x=19: {t5<b7,t12<b4,t14<b3} [irregular]
  step 4, delta [[12, -4], [4, 0], [-4, 4]]:
    x=11: {t0<b6,t5<b3,t10<b1} [irregular]
    x=15: {t6<b5,t9<b3,t12<b2} [M mod 8 in [1], M >= 58 (3 sporadic below)]
    x=19: {t8<b6,t13<b3,t18<b1} [irregular]
  step 4, delta [[8, -2], [4, 0], [4, 0]]:
    x=11: {t0<b6,t5<b3,t10<b1} [irregular]
    x=15: {t8<b4,t9<b3,t14<b1} [irregular]
    x=19: {t13<b3,t16<b2,t18<b1} [irregular]
  step 4, delta [[8, -2], [8, -2], [0, 2]]:
    x=11: {t0<b6,t5<b3,t10<b1} [irregular]
    x=15: {t8<b4,t10<b3,t13<b1} [irregular]
    x=19: {t13<b3,t16<b2,t18<b1} [irregular]
  step 4, delta [[0, 2], [4, 0], [-8, 6]]:
    x=11: {t0<b6,t7<b2,t10<b1} [irregular]
    x=15: {t0<b8,t2<b7,t11<b2} [M mod 8 in [2]]
    x=19: {t0<b10,t3<b8,t6<b7} [M mod 8 in [0], M >= 17 (0 sporadic below)]
  step 4, delta [[0, 2], [4, 0], [-4, 4]]:
    x=11: {t0<b6,t7<b2,t10<b1} [irregular]
    x=15: {t0<b8,t6<b5,t11<b2} [irregular]
    x=19: {t0<b10,t7<b6,t10<b5} [irregular]
  step 4, delta [[0, 2], [0, 2], [0, 2]]:
    x=11: {t0<b6,t7<b2,t10<b1} [irregular]
    x=15: {t0<b8,t7<b4,t10<b3} [irregular]
    x=19: {t0<b10,t7<b6,t10<b5} [irregular]
  step 4, delta [[0, 2], [4, 0], [0, 2]]:
    x=11: {t0<b6,t7<b2,t10<b1} [irregular]
    x=15: {t0<b8,t10<b3,t11<b2} [M mod 8 in [2], M >= 67 (1 sporadic below)]
    x=19: {t0<b10,t11<b4,t14<b3} [irregular]
  step 4, delta [[0, 2], [4, 0], [4, 0]]:
    x=11: {t0<b6,t7<b2,t10<b1} [irregular]
    x=15: {t0<b8,t11<b2,t14<b1} [irregular]
    x=19: {t0<b10,t15<b2,t18<b1} [irregular]
  step 4, delta [[4, 0], [4, 0], [-8, 6]]:
    x=11: {t0<b6,t7<b2,t10<b1} [irregular]
    x=15: {t2<b7,t4<b6,t11<b2} [irregular]
    x=19: {t3<b8,t6<b7,t8<b6} [irregular]
  step 4, delta [[8, -2], [0, 2], [-8, 6]]:
    x=11: {t0<b6,t7<b2,t10<b1} [irregular]
    x=15: {t2<b7,t7<b4,t8<b4} [irregular]
    x=19: {t0<b10,t7<b6,t10<b5} [irregular]
  step 4, delta [[12, -4], [0, 2], [-8, 6]]:
    x=11: {t0<b6,t7<b2,t10<b1} [irregular]
    x=15: {t2<b7,t7<b4,t12<b2} [irregular]
    x=19: {t4<b8,t7<b6,t14<b3} [irregular]
  step 4, delta [[8, -2], [4, 0], [-8, 6]]:
    x=11: {t0<b6,t7<b2,t10<b1} [irregular]
    x=15: {t2<b7,t8<b4,t11<b2} [irregular]
    x=19: {t3<b8,t10<b5,t12<b4} [irregular]
  step 4, delta [[12, -4], [4, 0], [-8, 6]]:
    x=11: {t0<b6,t7<b2,t10<b1} [irregular]
    x=15: {t2<b7,t11<b2,t12<b2} [irregular]
    x=19: {t4<b8,t14<b3,t15<b2} [M mod 8 in [6], M >= 63 (2 sporadic below)]
  step 4, delta [[8, -2], [-4, 4], [-4, 4]]:
    x=11: {t0<b6,t7<b2,t10<b1} [irregular]
    x=15: {t3<b6,t6<b5,t8<b4} [irregular]
    x=19: {t2<b9,t4<b8,t11<b4} [irregular]
  step 4, delta [[12, -4], [-4, 4], [0, 2]]:
    x=11: {t0<b6,t7<b2,t10<b1} [irregular]
    x=15: {t3<b6,t10<b3,t12<b2} [irregular]
    x=19: {t6<b7,t12<b4,t15<b2} [irregular]
  step 4, delta [[8, -2], [0, 2], [-4, 4]]:
    x=11: {t0<b6,t7<b2,t10<b1} [irregular]
    x=15: {t6<b5,t7<b4,t8<b4} [irregular]
    x=19: {t4<b8,t7<b6,t14<b3} [irregular]
  step 4, delta [[8, -2], [4, 0], [-4, 4]]:
    x=11: {t0<b6,t7<b2,t10<b1} [irregular]
    x=15: {t6<b5,t8<b4,t11<b2} [M mod 8 in [2]]
    x=19: {t7<b6,t12<b4,t14<b3} [irregular]
  step 4, delta [[0, 2], [0, 2], [0, 2]]:
    x=11: {t0<b6,t8<b2,t9<b1} [irregular]
    x=15: {t0<b8,t8<b4,t9<b3} [irregular]
    x=19: {t0<b10,t8<b6,t9<b5} [irregular]
  step 4, delta [[0, 2], [4, 0], [4, 0]]:
    x=11: {t0<b6,t8<b2,t9<b1} [irregular]
    x=15: {t0<b8,t12<b2,t13<b1} [irregular]
    x=19: {t0<b10,t16<b2,t17<b1} [irregular]
  step 4, delta [[12, -4], [-8, 6], [4, 0]]:
    x=11: {t0<b6,t8<b2,t9<b1} [irregular]
    x=15: {t0<b8,t12<b2,t13<b1} [irregular]
    x=19: {t4<b8,t12<b4,t17<b1} [irregular]
  step 4, delta [[8, -2], [-4, 4], [4, 0]]:
    x=11: {t0<b6,t8<b2,t9<b1} [irregular]
    x=15: {t4<b6,t8<b4,t13<b1} [irregular]
    x=19: {t4<b8,t12<b4,t17<b1} [irregular]
  step 4, delta [[0, 2], [4, 0], [-4, 4]]:
    x=11: {t0<b6,t9<b1,t10<b1} [irregular]
    x=15: {t0<b8,t6<b5,t13<b1} [irregular]
    x=19: {t0<b10,t9<b5,t10<b5} [irregular]
  step 4, delta [[0, 2], [0, 2], [0, 2]]:
    x=11: {t0<b6,t9<b1,t10<b1} [irregular]
    x=15: {t0<b8,t9<b3,t10<b3} [irregular]
    x=19: {t0<b10,t9<b5,t10<b5} [irregular]
  step 4, delta [[0, 2], [0, 2], [4, 0]]:
    x=11: {t0<b6,t9<b1,t10<b1} [irregular]
    x=15: {t0<b8,t9<b3,t14<b1} [irregular]
    x=19: {t0<b10,t9<b5,t18<b1} [irregular]
  step 4, delta [[0, 2], [4, 0], [0, 2]]:
    x=11: {t0<b6,t9<b1,t10<b1} [irregular]
    x=15: {t0<b8,t10<b3,t13<b1} [irregular]
    x=19: {t0<b10,t13<b3,t14<b3} [irregular]
  step 4, delta [[0, 2], [4, 0], [4, 0]]:
    x=11: {t0<b6,t9<b1,t10<b1} [irregular]
    x=15: {t0<b8,t13<b1,t14<b1} [irregular]
    x=19: {t0<b10,t17<b1,t18<b1} [irregular]
  step 4, delta [[8, -2], [-8, 6], [0, 2]]:
    x=11: {t0<b6,t9<b1,t10<b1} [irregular]
    x=15: {t1<b7,t8<b4,t10<b3} [irregular]
    x=19: {t0<b10,t9<b5,t10<b5} [irregular]
  step 4, delta [[8, -2], [-8, 6], [4, 0]]:
    x=11: {t0<b6,t9<b1,t10<b1} [irregular]
    x=15: {t1<b7,t8<b4,t14<b1} [irregular]
    x=19: {t0<b10,t9<b5,t18<b1} [irregular]
  step 4, delta [[12, -4], [-8, 6], [4, 0]]:
    x=11: {t0<b6,t9<b1,t10<b1} [irregular]
    x=15: {t1<b7,t12<b2,t14<b1} [irregular]
    x=19: {t4<b8,t13<b3,t18<b1} [irregular]
  step 4, delta [[4, 0], [0, 2], [-8, 6]]:
    x=11: {t0<b6,t9<b1,t10<b1} [irregular]
    x=15: {t2<b7,t4<b6,t9<b3} [irregular]
    x=19: {t1<b9,t4<b8,t6<b7} [irregular]
  step 4, delta [[8, -2], [-4, 4], [-8, 6]]:
    x=11: {t0<b6,t9<b1,t10<b1} [irregular]
    x=15: {t2<b7,t5<b5,t8<b4} [M mod 8 in [7]]
    x=19: {t0<b10,t1<b9,t10<b5} [irregular]
  step 4, delta [[12, -4], [-4, 4], [-8, 6]]:
    x=11: {t0<b6,t9<b1,t10<b1} [irregular]
    x=15: {t2<b7,t5<b5,t12<b2} [irregular]
    x=19: {t1<b9,t4<b8,t14<b3} [irregular]
  step 4, delta [[12, -4], [4, 0], [-8, 6]]:
    x=11: {t0<b6,t9<b1,t10<b1} [irregular]
    x=15: {t2<b7,t12<b2,t13<b1} [M mod 8 in [3], M >= 60 (2 sporadic below)]
    x=19: {t5<b7,t14<b3,t16<b2} [irregular]
  step 4, delta [[4, 0], [-4, 4], [0, 2]]:
    x=11: {t0<b6,t9<b1,t10<b1} [irregular]
    x=15: {t4<b6,t5<b5,t10<b3} [irregular]
    x=19: {t1<b9,t8<b6,t10<b5} [irregular]
  step 4, delta [[4, 0], [4, 0], [0, 2]]:
    x=11: {t0<b6,t9<b1,t10<b1} [irregular]
    x=15: {t4<b6,t10<b3,t13<b1} [irregular]
    x=19: {t8<b6,t13<b3,t14<b3} [irregular]
  step 4, delta [[8, -2], [-4, 4], [0, 2]]:
    x=11: {t0<b6,t9<b1,t10<b1} [irregular]
    x=15: {t5<b5,t8<b4,t10<b3} [irregular]
    x=19: {t4<b8,t10<b5,t13<b3} [irregular]
  step 4, delta [[8, -2], [-4, 4], [4, 0]]:
    x=11: {t0<b6,t9<b1,t10<b1} [irregular]
    x=15: {t5<b5,t8<b4,t14<b1} [irregular]
    x=19: {t4<b8,t13<b3,t18<b1} [irregular]
  step 4, delta [[12, -4], [-4, 4], [0, 2]]:
    x=11: {t0<b6,t9<b1,t10<b1} [irregular]
    x=15: {t5<b5,t10<b3,t12<b2} [irregular]
    x=19: {t6<b7,t12<b4,t17<b1} [irregular]
  step 4, delta [[12, -4], [-4, 4], [4, 0]]:
    x=11: {t0<b6,t9<b1,t10<b1} [irregular]
    x=15: {t5<b5,t12<b2,t14<b1} [irregular]
    x=19: {t8<b6,t17<b1,t18<b1} [irregular]
  step 4, delta [[8, -2], [0, 2], [-4, 4]]:
    x=11: {t0<b6,t9<b1,t10<b1} [irregular]
    x=15: {t6<b5,t8<b4,t9<b3} [irregular]
    x=19: {t5<b7,t8<b6,t14<b3} [irregular]
  step 4, delta [[8, -2], [4, 0], [-4, 4]]:
    x=11: {t0<b6,t9<b1,t10<b1} [irregular]
    x=15: {t6<b5,t8<b4,t13<b1} [irregular]
    x=19: {t9<b5,t12<b4,t14<b3} [irregular]
  step 4, delta [[8, -2], [0, 2], [4, 0]]:
    x=11: {t0<b6,t9<b1,t10<b1} [irregular]
    x=15: {t8<b4,t9<b3,t14<b1} [irregular]
    x=19: {t9<b5,t16<b2,t18<b1} [irregular]
  step 4, delta [[0, 2], [8, -2], [-8, 6]]:
    x=11: {t1<b5,t3<b4,t8<b2} [M mod 8 in [5], M >= 30 (0 sporadic below)]
    x=15: {t0<b8,t1<b7,t11<b2} [irregular]
    x=19: {t0<b10,t3<b8,t9<b5} [irregular]
  step 4, delta [[8, -2], [0, 2], [-8, 6]]:
    x=11: {t1<b5,t3<b4,t8<b2} [M mod 8 in [5], M >= 30 (0 sporadic below)]
    x=15: {t0<b8,t3<b6,t9<b3} [irregular]
    x=19: {t1<b9,t3<b8,t8<b6} [M mod 8 in [1], M >= 18 (0 sporadic below)]
  step 4, delta [[12, -4], [0, 2], [-8, 6]]:
    x=11: {t1<b5,t3<b4,t8<b2} [M mod 8 in [5], M >= 30 (0 sporadic below)]
    x=15: {t0<b8,t3<b6,t13<b1} [M mod 8 in [3], M >= 60 (4 sporadic below)]
    x=19: {t3<b8,t5<b7,t12<b4} [irregular]
  step 4, delta [[8, -2], [8, -2], [-8, 6]]:
    x=11: {t1<b5,t3<b4,t8<b2} [M mod 8 in [5], M >= 30 (0 sporadic below)]
    x=15: {t0<b8,t9<b3,t11<b2} [irregular]
    x=19: {t3<b8,t8<b6,t17<b1} [M mod 8 in [1], M >= 18 (0 sporadic below)]
  step 4, delta [[0, 2], [0, 2], [0, 2]]:
    x=11: {t1<b5,t3<b4,t8<b2} [M mod 8 in [5], M >= 30 (0 sporadic below)]
    x=15: {t1<b7,t3<b6,t8<b4} [M mod 8 in [7]]
    x=19: {t1<b9,t3<b8,t8<b6} [M mod 8 in [1], M >= 18 (0 sporadic below)]
  step 4, delta [[0, 2], [4, 0], [-4, 4]]:
    x=11: {t1<b5,t3<b4,t8<b2} [M mod 8 in [5], M >= 30 (0 sporadic below)]
    x=15: {t1<b7,t4<b6,t7<b4} [irregular]
    x=19: {t1<b9,t3<b8,t8<b6} [M mod 8 in [1], M >= 18 (0 sporadic below)]
  step 4, delta [[0, 2], [4, 0], [0, 2]]:
    x=11: {t1<b5,t3<b4,t8<b2} [M mod 8 in [5], M >= 30 (0 sporadic below)]
    x=15: {t1<b7,t7<b4,t8<b4} [irregular]
    x=19: {t1<b9,t8<b6,t11<b4} [irregular]
  step 4, delta [[0, 2], [4, 0], [4, 0]]:
    x=11: {t1<b5,t3<b4,t8<b2} [M mod 8 in [5], M >= 30 (0 sporadic below)]
    x=15: {t1<b7,t7<b4,t12<b2} [irregular]
    x=19: {t1<b9,t11<b4,t16<b2} [irregular]
  step 4, delta [[0, 2], [8, -2], [0, 2]]:
    x=11: {t1<b5,t3<b4,t8<b2} [M mod 8 in [5], M >= 30 (0 sporadic below)]
    x=15: {t1<b7,t8<b4,t11<b2} [irregular]
    x=19: {t1<b9,t11<b4,t16<b2} [irregular]
  step 4, delta [[4, 0], [0, 2], [0, 2]]:
    x=11: {t1<b5,t3<b4,t8<b2} [M mod 8 in [5], M >= 30 (0 sporadic below)]
    x=15: {t3<b6,t5<b5,t8<b4} [irregular]
    x=19: {t5<b7,t7<b6,t8<b6} [irregular]
  step 4, delta [[4, 0], [0, 2], [4, 0]]:
    x=11: {t1<b5,t3<b4,t8<b2} [M mod 8 in [5], M >= 30 (0 sporadic below)]
    x=15: {t3<b6,t5<b5,t12<b2} [irregular]
    x=19: {t5<b7,t7<b6,t16<b2} [irregular]
  step 4, delta [[8, -2], [0, 2], [0, 2]]:
    x=11: {t1<b5,t3<b4,t8<b2} [M mod 8 in [5], M >= 30 (0 sporadic below)]
    x=15: {t3<b6,t8<b4,t9<b3} [M mod 8 in [7], M >= 64 (1 sporadic below)]
    x=19: {t8<b6,t9<b5,t11<b4} [irregular]
  step 4, delta [[8, -2], [4, 0], [-4, 4]]:
    x=11: {t1<b5,t3<b4,t8<b2} [M mod 8 in [5], M >= 30 (0 sporadic below)]
    x=15: {t4<b6,t7<b4,t9<b3} [irregular]
    x=19: {t5<b7,t11<b4,t12<b4} [irregular]
  step 4, delta [[12, -4], [4, 0], [-4, 4]]:
    x=11: {t1<b5,t3<b4,t8<b2} [M mod 8 in [5], M >= 30 (0 sporadic below)]
    x=15: {t4<b6,t7<b4,t13<b1} [irregular]
    x=19: {t9<b5,t11<b4,t16<b2} [irregular]
  step 4, delta [[4, 0], [4, 0], [0, 2]]:
    x=11: {t1<b5,t3<b4,t8<b2} [M mod 8 in [5], M >= 30 (0 sporadic below)]
    x=15: {t5<b5,t7<b4,t8<b4} [irregular]
    x=19: {t8<b6,t9<b5,t11<b4} [irregular]
  step 4, delta [[4, 0], [8, -2], [0, 2]]:
    x=11: {t1<b5,t3<b4,t8<b2} [M mod 8 in [5], M >= 30 (0 sporadic below)]
    x=15: {t5<b5,t8<b4,t11<b2} [irregular]
    x=19: {t9<b5,t11<b4,t16<b2} [irregular]
  step 4, delta [[8, -2], [8, -2], [0, 2]]:
    x=11: {t1<b5,t3<b4,t8<b2} [M mod 8 in [5], M >= 30 (0 sporadic below)]
    x=15: {t8<b4,t9<b3,t11<b2} [irregular]
    x=19: {t11<b4,t16<b2,t17<b1} [M mod 8 in [5], M >= 30 (0 sporadic below)]
  step 4, delta [[0, 2], [0, 2], [0, 2]]:
    x=11: {t1<b5,t3<b4,t10<b1} [irregular]
    x=15: {t1<b7,t3<b6,t10<b3} [irregular]
    x=19: {t1<b9,t3<b8,t10<b5} [irregular]
  step 4, delta [[0, 2], [4, 0], [-4, 4]]:
    x=11: {t1<b5,t3<b4,t10<b1} [irregular]
    x=15: {t1<b7,t6<b5,t7<b4} [M mod 8 in [6]]
    x=19: {t1<b9,t3<b8,t10<b5} [irregular]
  step 4, delta [[0, 2], [8, -2], [-4, 4]]:
    x=11: {t1<b5,t3<b4,t10<b1} [irregular]
    x=15: {t1<b7,t6<b5,t11<b2} [irregular]
    x=19: {t1<b9,t7<b6,t14<b3} [irregular]
  step 4, delta [[0, 2], [4, 0], [4, 0]]:
    x=11: {t1<b5,t3<b4,t10<b1} [irregular]
    x=15: {t1<b7,t7<b4,t14<b1} [irregular]
    x=19: {t1<b9,t11<b4,t18<b1} [irregular]
  step 4, delta [[12, -4], [0, 2], [-8, 6]]:
    x=11: {t1<b5,t3<b4,t10<b1} [irregular]
    x=15: {t2<b7,t3<b6,t13<b1} [irregular]
    x=19: {t3<b8,t5<b7,t14<b3} [irregular]
  step 4, delta [[8, -2], [8, -2], [-8, 6]]:
    x=11: {t1<b5,t3<b4,t10<b1} [irregular]
    x=15: {t2<b7,t9<b3,t11<b2} [irregular]
    x=19: {t3<b8,t10<b5,t17<b1} [irregular]
  step 4, delta [[4, 0], [0, 2], [-4, 4]]:
    x=11: {t1<b5,t3<b4,t10<b1} [irregular]
    x=15: {t3<b6,t5<b5,t6<b5} [irregular]
    x=19: {t2<b9,t5<b7,t7<b6} [M mod 8 in [6]]
  step 4, delta [[4, 0], [0, 2], [0, 2]]:
    x=11: {t1<b5,t3<b4,t10<b1} [irregular]
    x=15: {t3<b6,t5<b5,t10<b3} [M mod 8 in [0]]
    x=19: {t5<b7,t7<b6,t10<b5} [irregular]
  step 4, delta [[4, 0], [0, 2], [4, 0]]:
    x=11: {t1<b5,t3<b4,t10<b1} [irregular]
    x=15: {t3<b6,t5<b5,t14<b1} [irregular]
    x=19: {t5<b7,t7<b6,t18<b1} [M mod 8 in [6]]
  step 4, delta [[12, -4], [0, 2], [-4, 4]]:
    x=11: {t1<b5,t3<b4,t10<b1} [irregular]
    x=15: {t3<b6,t6<b5,t13<b1} [irregular]
    x=19: {t6<b7,t9<b5,t15<b2} [irregular]
  step 4, delta [[8, -2], [0, 2], [4, 0]]:
    x=11: {t1<b5,t3<b4,t10<b1} [irregular]
    x=15: {t3<b6,t9<b3,t14<b1} [irregular]
    x=19: {t9<b5,t11<b4,t18<b1} [irregular]
  step 4, delta [[12, -4], [0, 2], [4, 0]]:
    x=11: {t1<b5,t3<b4,t10<b1} [irregular]
    x=15: {t3<b6,t13<b1,t14<b1} [irregular]
    x=19: {t13<b3,t15<b2,t18<b1} [irregular]
  step 4, delta [[4, 0], [8, -2], [0, 2]]:
    x=11: {t1<b5,t3<b4,t10<b1} [irregular]
    x=15: {t5<b5,t10<b3,t11<b2} [M mod 8 in [0], M >= 57 (3 sporadic below)]
    x=19: {t9<b5,t11<b4,t18<b1} [irregular]
  step 4, delta [[12, -4], [4, 0], [-4, 4]]:
    x=11: {t1<b5,t3<b4,t10<b1} [irregular]
    x=15: {t6<b5,t7<b4,t13<b1} [irregular]
    x=19: {t9<b5,t11<b4,t18<b1} [irregular]
  step 4, delta [[8, -2], [4, 0], [4, 0]]:
    x=11: {t1<b5,t3<b4,t10<b1} [irregular]
    x=15: {t7<b4,t9<b3,t14<b1} [M mod 8 in [2], M >= 19 (0 sporadic below)]
    x=19: {t13<b3,t15<b2,t18<b1} [irregular]
  step 4, delta [[4, 0], [-4, 4], [4, 0]]:
    x=11: {t1<b5,t4<b4,t7<b2} [M mod 8 in [3]]
    x=15: {t0<b8,t5<b5,t11<b2} [irregular]
    x=19: {t1<b9,t4<b8,t15<b2} [irregular]
  step 4, delta [[8, -2], [-4, 4], [4, 0]]:
    x=11: {t1<b5,t4<b4,t7<b2} [M mod 8 in [3]]
    x=15: {t0<b8,t9<b3,t11<b2} [irregular]
    x=19: {t5<b7,t8<b6,t15<b2} [irregular]
  step 4, delta [[12, -4], [-4, 4], [4, 0]]:
    x=11: {t1<b5,t4<b4,t7<b2} [M mod 8 in [3]]
    x=15: {t0<b8,t11<b2,t13<b1} [irregular]
    x=19: {t7<b6,t12<b4,t17<b1} [irregular]
  step 4, delta [[0, 2], [4, 0], [-4, 4]]:
    x=11: {t1<b5,t4<b4,t7<b2} [M mod 8 in [3]]
    x=15: {t1<b7,t3<b6,t8<b4} [M mod 8 in [7]]
    x=19: {t1<b9,t4<b8,t7<b6} [irregular]
  step 4, delta [[0, 2], [8, -2], [-4, 4]]:
    x=11: {t1<b5,t4<b4,t7<b2} [M mod 8 in [3]]
    x=15: {t1<b7,t3<b6,t12<b2} [irregular]
    x=19: {t1<b9,t8<b6,t11<b4} [irregular]
  step 4, delta [[0, 2], [0, 2], [0, 2]]:
    x=11: {t1<b5,t4<b4,t7<b2} [M mod 8 in [3]]
    x=15: {t1<b7,t4<b6,t7<b4} [irregular]
    x=19: {t1<b9,t4<b8,t7<b6} [irregular]
  step 4, delta [[0, 2], [4, 0], [0, 2]]:
    x=11: {t1<b5,t4<b4,t7<b2} [M mod 8 in [3]]
    x=15: {t1<b7,t7<b4,t8<b4} [irregular]
    x=19: {t1<b9,t8<b6,t11<b4} [irregular]
  step 4, delta [[0, 2], [8, -2], [0, 2]]:
    x=11: {t1<b5,t4<b4,t7<b2} [M mod 8 in [3]]
    x=15: {t1<b7,t7<b4,t12<b2} [irregular]
    x=19: {t1<b9,t12<b4,t15<b2} [irregular]
  step 4, delta [[0, 2], [4, 0], [4, 0]]:
    x=11: {t1<b5,t4<b4,t7<b2} [M mod 8 in [3]]
    x=15: {t1<b7,t8<b4,t11<b2} [irregular]
    x=19: {t1<b9,t12<b4,t15<b2} [irregular]
  step 4, delta [[8, -2], [4, 0], [-4, 4]]:
    x=11: {t1<b5,t4<b4,t7<b2} [M mod 8 in [3]]
    x=15: {t3<b6,t8<b4,t9<b3} [M mod 8 in [7], M >= 64 (1 sporadic below)]
    x=19: {t5<b7,t11<b4,t12<b4} [irregular]
  step 4, delta [[12, -4], [4, 0], [-4, 4]]:
    x=11: {t1<b5,t4<b4,t7<b2} [M mod 8 in [3]]
    x=15: {t3<b6,t8<b4,t13<b1} [irregular]
    x=19: {t9<b5,t12<b4,t15<b2} [irregular]
  step 4, delta [[4, 0], [0, 2], [0, 2]]:
    x=11: {t1<b5,t4<b4,t7<b2} [M mod 8 in [3]]
    x=15: {t4<b6,t5<b5,t7<b4} [irregular]
    x=19: {t5<b7,t7<b6,t8<b6} [irregular]
  step 4, delta [[8, -2], [0, 2], [4, 0]]:
    x=11: {t1<b5,t4<b4,t7<b2} [M mod 8 in [3]]
    x=15: {t4<b6,t9<b3,t11<b2} [irregular]
    x=19: {t9<b5,t12<b4,t15<b2} [irregular]
  step 4, delta [[12, -4], [0, 2], [4, 0]]:
    x=11: {t1<b5,t4<b4,t7<b2} [M mod 8 in [3]]
    x=15: {t4<b6,t11<b2,t13<b1} [irregular]
    x=19: {t11<b4,t16<b2,t17<b1} [M mod 8 in [5], M >= 30 (0 sporadic below)]
  step 4, delta [[4, 0], [4, 0], [0, 2]]:
    x=11: {t1<b5,t4<b4,t7<b2} [M mod 8 in [3]]
    x=15: {t5<b5,t7<b4,t8<b4} [irregular]
    x=19: {t8<b6,t9<b5,t11<b4} [irregular]
  step 4, delta [[4, 0], [8, -2], [0, 2]]:
    x=11: {t1<b5,t4<b4,t7<b2} [M mod 8 in [3]]
    x=15: {t5<b5,t7<b4,t12<b2} [M mod 8 in [1]]
    x=19: {t9<b5,t12<b4,t15<b2} [irregular]
  step 4, delta [[8, -2], [4, 0], [4, 0]]:
    x=11: {t1<b5,t4<b4,t7<b2} [M mod 8 in [3]]
    x=15: {t8<b4,t9<b3,t11<b2} [irregular]
    x=19: {t13<b3,t15<b2,t16<b2} [irregular]
  step 4, delta [[0, 2], [0, 2], [0, 2]]:
    x=11: {t1<b5,t5<b3,t8<b2} [irregular]
    x=15: {t1<b7,t5<b5,t8<b4} [irregular]
    x=19: {t1<b9,t5<b7,t8<b6} [irregular]
  step 4, delta [[0, 2], [0, 2], [4, 0]]:
    x=11: {t1<b5,t5<b3,t8<b2} [irregular]
    x=15: {t1<b7,t5<b5,t12<b2} [irregular]
    x=19: {t1<b9,t5<b7,t16<b2} [irregular]
  step 4, delta [[0, 2], [4, 0], [4, 0]]:
    x=11: {t1<b5,t5<b3,t8<b2} [irregular]
    x=15: {t1<b7,t9<b3,t12<b2} [irregular]
    x=19: {t1<b9,t13<b3,t16<b2} [irregular]
  step 4, delta [[8, -2], [-4, 4], [4, 0]]:
    x=11: {t1<b5,t5<b3,t8<b2} [irregular]
    x=15: {t1<b7,t9<b3,t12<b2} [irregular]
    x=19: {t5<b7,t9<b5,t16<b2} [irregular]
  step 4, delta [[0, 2], [4, 0], [-4, 4]]:
    x=11: {t1<b5,t6<b3,t7<b2} [M mod 8 in [4], M >= 61 (1 sporadic below)]
    x=15: {t1<b7,t3<b6,t10<b3} [irregular]
    x=19: {t1<b9,t6<b7,t7<b6} [M mod 8 in [0], M >= 17 (0 sporadic below)]
  step 4, delta [[0, 2], [0, 2], [0, 2]]:
    x=11: {t1<b5,t6<b3,t7<b2} [M mod 8 in [4], M >= 61 (1 sporadic below)]
    x=15: {t1<b7,t6<b5,t7<b4} [M mod 8 in [6]]
    x=19: {t1<b9,t6<b7,t7<b6} [M mod 8 in [0], M >= 17 (0 sporadic below)]
  step 4, delta [[0, 2], [0, 2], [4, 0]]:
    x=11: {t1<b5,t6<b3,t7<b2} [M mod 8 in [4], M >= 61 (1 sporadic below)]
    x=15: {t1<b7,t6<b5,t11<b2} [irregular]
    x=19: {t1<b9,t6<b7,t15<b2} [M mod 8 in [0], M >= 65 (4 sporadic below)]
  step 4, delta [[4, 0], [-4, 4], [0, 2]]:
    x=11: {t1<b5,t6<b3,t7<b2} [M mod 8 in [4], M >= 61 (1 sporadic below)]
    x=15: {t2<b7,t5<b5,t7<b4} [M mod 8 in [4]]
    x=19: {t1<b9,t6<b7,t7<b6} [M mod 8 in [0], M >= 17 (0 sporadic below)]
  step 4, delta [[4, 0], [-4, 4], [4, 0]]:
    x=11: {t1<b5,t6<b3,t7<b2} [M mod 8 in [4], M >= 61 (1 sporadic below)]
    x=15: {t2<b7,t5<b5,t11<b2} [irregular]
    x=19: {t1<b9,t6<b7,t15<b2} [M mod 8 in [0], M >= 65 (4 sporadic below)]
  step 4, delta [[12, -4], [-4, 4], [0, 2]]:
    x=11: {t1<b5,t6<b3,t7<b2} [M mod 8 in [4], M >= 61 (1 sporadic below)]
    x=15: {t2<b7,t7<b4,t13<b1} [irregular]
    x=19: {t3<b8,t13<b3,t14<b3} [irregular]
  step 4, delta [[8, -2], [-4, 4], [4, 0]]:
    x=11: {t1<b5,t6<b3,t7<b2} [M mod 8 in [4], M >= 61 (1 sporadic below)]
    x=15: {t2<b7,t9<b3,t11<b2} [irregular]
    x=19: {t5<b7,t10<b5,t15<b2} [irregular]
  step 4, delta [[12, -4], [-4, 4], [4, 0]]:
    x=11: {t1<b5,t6<b3,t7<b2} [M mod 8 in [4], M >= 61 (1 sporadic below)]
    x=15: {t2<b7,t11<b2,t13<b1} [irregular]
    x=19: {t7<b6,t14<b3,t17<b1} [irregular]
  step 4, delta [[4, 0], [0, 2], [-4, 4]]:
    x=11: {t1<b5,t6<b3,t7<b2} [M mod 8 in [4], M >= 61 (1 sporadic below)]
    x=15: {t3<b6,t5<b5,t6<b5} [irregular]
    x=19: {t2<b9,t5<b7,t7<b6} [M mod 8 in [6]]
  step 4, delta [[4, 0], [8, -2], [-4, 4]]:
    x=11: {t1<b5,t6<b3,t7<b2} [M mod 8 in [4], M >= 61 (1 sporadic below)]
    x=15: {t3<b6,t5<b5,t14<b1} [irregular]
    x=19: {t7<b6,t10<b5,t13<b3} [irregular]
  step 4, delta [[12, -4], [0, 2], [-4, 4]]:
    x=11: {t1<b5,t6<b3,t7<b2} [M mod 8 in [4], M >= 61 (1 sporadic below)]
    x=15: {t3<b6,t6<b5,t13<b1} [irregular]
    x=19: {t6<b7,t9<b5,t15<b2} [irregular]
  step 4, delta [[8, -2], [4, 0], [-4, 4]]:
    x=11: {t1<b5,t6<b3,t7<b2} [M mod 8 in [4], M >= 61 (1 sporadic below)]
    x=15: {t3<b6,t9<b3,t10<b3} [irregular]
    x=19: {t6<b7,t11<b4,t13<b3} [irregular]
  step 4, delta [[12, -4], [4, 0], [-4, 4]]:
    x=11: {t1<b5,t6<b3,t7<b2} [M mod 8 in [4], M >= 61 (1 sporadic below)]
    x=15: {t3<b6,t10<b3,t13<b1} [irregular]
    x=19: {t9<b5,t14<b3,t15<b2} [M mod 8 in [4], M >= 61 (2 sporadic below)]
  step 4, delta [[4, 0], [8, -2], [0, 2]]:
    x=11: {t1<b5,t6<b3,t7<b2} [M mod 8 in [4], M >= 61 (1 sporadic below)]
    x=15: {t5<b5,t7<b4,t14<b1} [irregular]
    x=19: {t9<b5,t14<b3,t15<b2} [M mod 8 in [4], M >= 61 (2 sporadic below)]
  step 4, delta [[8, -2], [0, 2], [0, 2]]:
    x=11: {t1<b5,t6<b3,t7<b2} [M mod 8 in [4], M >= 61 (1 sporadic below)]
    x=15: {t6<b5,t7<b4,t9<b3} [irregular]
    x=19: {t7<b6,t9<b5,t14<b3} [M mod 8 in [4], M >= 21 (0 sporadic below)]
  step 4, delta [[8, -2], [0, 2], [4, 0]]:
    x=11: {t1<b5,t6<b3,t7<b2} [M mod 8 in [4], M >= 61 (1 sporadic below)]
    x=15: {t6<b5,t9<b3,t11<b2} [irregular]
    x=19: {t9<b5,t14<b3,t15<b2} [M mod 8 in [4], M >= 61 (2 sporadic below)]
  step 4, delta [[12, -4], [0, 2], [4, 0]]:
    x=11: {t1<b5,t6<b3,t7<b2} [M mod 8 in [4], M >= 61 (1 sporadic below)]
    x=15: {t6<b5,t11<b2,t13<b1} [irregular]
    x=19: {t11<b4,t17<b1,t18<b1} [irregular]
  step 4, delta [[8, -2], [8, -2], [0, 2]]:
    x=11: {t1<b5,t6<b3,t7<b2} [M mod 8 in [4], M >= 61 (1 sporadic below)]
    x=15: {t7<b4,t9<b3,t14<b1} [M mod 8 in [2], M >= 19 (0 sporadic below)]
    x=19: {t14<b3,t15<b2,t17<b1} [irregular]
  step 4, delta [[0, 2], [8, -2], [-8, 6]]:
    x=11: {t1<b5,t6<b3,t8<b2} [M mod 8 in [3], M >= 60 (1 sporadic below)]
    x=15: {t0<b8,t1<b7,t14<b1} [irregular]
    x=19: {t0<b10,t6<b7,t9<b5} [irregular]
  step 4, delta [[4, 0], [4, 0], [-8, 6]]:
    x=11: {t1<b5,t6<b3,t8<b2} [M mod 8 in [3], M >= 60 (1 sporadic below)]
    x=15: {t0<b8,t5<b5,t10<b3} [irregular]
    x=19: {t2<b9,t4<b8,t9<b5} [irregular]
  step 4, delta [[8, -2], [0, 2], [-8, 6]]:
    x=11: {t1<b5,t6<b3,t8<b2} [M mod 8 in [3], M >= 60 (1 sporadic below)]
    x=15: {t0<b8,t6<b5,t9<b3} [irregular]
    x=19: {t1<b9,t6<b7,t8<b6} [irregular]
  step 4, delta [[8, -2], [8, -2], [-8, 6]]:
    x=11: {t1<b5,t6<b3,t8<b2} [M mod 8 in [3], M >= 60 (1 sporadic below)]
    x=15: {t0<b8,t9<b3,t14<b1} [irregular]
    x=19: {t6<b7,t8<b6,t17<b1} [M mod 8 in [7]]
  step 4, delta [[12, -4], [4, 0], [-8, 6]]:
    x=11: {t1<b5,t6<b3,t8<b2} [M mod 8 in [3], M >= 60 (1 sporadic below)]
    x=15: {t0<b8,t10<b3,t13<b1} [irregular]
    x=19: {t5<b7,t12<b4,t14<b3} [irregular]
  step 4, delta [[0, 2], [8, -2], [-4, 4]]:
    x=11: {t1<b5,t6<b3,t8<b2} [M mod 8 in [3], M >= 60 (1 sporadic below)]
    x=15: {t1<b7,t4<b6,t14<b1} [irregular]
    x=19: {t1<b9,t10<b5,t12<b4} [irregular]
  step 4, delta [[0, 2], [0, 2], [0, 2]]:
    x=11: {t1<b5,t6<b3,t8<b2} [M mod 8 in [3], M >= 60 (1 sporadic below)]
    x=15: {t1<b7,t6<b5,t8<b4} [irregular]
    x=19: {t1<b9,t6<b7,t8<b6} [irregular]
  step 4, delta [[0, 2], [4, 0], [0, 2]]:
    x=11: {t1<b5,t6<b3,t8<b2} [M mod 8 in [3], M >= 60 (1 sporadic below)]
    x=15: {t1<b7,t8<b4,t10<b3} [irregular]
    x=19: {t1<b9,t10<b5,t12<b4} [irregular]
  step 4, delta [[0, 2], [8, -2], [0, 2]]:
    x=11: {t1<b5,t6<b3,t8<b2} [M mod 8 in [3], M >= 60 (1 sporadic below)]
    x=15: {t1<b7,t8<b4,t14<b1} [irregular]
    x=19: {t1<b9,t14<b3,t16<b2} [irregular]
  step 4, delta [[0, 2], [4, 0], [4, 0]]:
    x=11: {t1<b5,t6<b3,t8<b2} [M mod 8 in [3], M >= 60 (1 sporadic below)]
    x=15: {t1<b7,t10<b3,t12<b2} [irregular]
    x=19: {t1<b9,t14<b3,t16<b2} [irregular]
  step 4, delta [[8, -2], [-4, 4], [-4, 4]]:
    x=11: {t1<b5,t6<b3,t8<b2} [M mod 8 in [3], M >= 60 (1 sporadic below)]
    x=15: {t2<b7,t4<b6,t9<b3} [irregular]
    x=19: {t0<b10,t5<b7,t10<b5} [irregular]
  step 4, delta [[12, -4], [-4, 4], [-4, 4]]:
    x=11: {t1<b5,t6<b3,t8<b2} [M mod 8 in [3], M >= 60 (1 sporadic below)]
    x=15: {t2<b7,t4<b6,t13<b1} [M mod 8 in [3]]
    x=19: {t0<b10,t9<b5,t14<b3} [irregular]
  step 4, delta [[4, 0], [-4, 4], [0, 2]]:
    x=11: {t1<b5,t6<b3,t8<b2} [M mod 8 in [3], M >= 60 (1 sporadic below)]
    x=15: {t2<b7,t5<b5,t8<b4} [M mod 8 in [7]]
    x=19: {t1<b9,t6<b7,t8<b6} [irregular]
  step 4, delta [[4, 0], [-4, 4], [4, 0]]:
    x=11: {t1<b5,t6<b3,t8<b2} [M mod 8 in [3], M >= 60 (1 sporadic below)]
    x=15: {t2<b7,t5<b5,t12<b2} [irregular]
    x=19: {t1<b9,t6<b7,t16<b2} [irregular]
  step 4, delta [[12, -4], [-4, 4], [0, 2]]:
    x=11: {t1<b5,t6<b3,t8<b2} [M mod 8 in [3], M >= 60 (1 sporadic below)]
    x=15: {t2<b7,t8<b4,t13<b1} [irregular]
    x=19: {t4<b8,t13<b3,t14<b3} [irregular]
  step 4, delta [[12, -4], [-4, 4], [4, 0]]:
    x=11: {t1<b5,t6<b3,t8<b2} [M mod 8 in [3], M >= 60 (1 sporadic below)]
    x=15: {t2<b7,t12<b2,t13<b1} [M mod 8 in [3], M >= 60 (2 sporadic below)]
    x=19: {t8<b6,t14<b3,t17<b1} [irregular]
  step 4, delta [[4, 0], [4, 0], [-4, 4]]:
    x=11: {t1<b5,t6<b3,t8<b2} [M mod 8 in [3], M >= 60 (1 sporadic below)]
    x=15: {t4<b6,t5<b5,t10<b3} [irregular]
    x=19: {t6<b7,t8<b6,t9<b5} [irregular]
  step 4, delta [[12, -4], [0, 2], [-4, 4]]:
    x=11: {t1<b5,t6<b3,t8<b2} [M mod 8 in [3], M >= 60 (1 sporadic below)]
    x=15: {t4<b6,t6<b5,t13<b1} [irregular]
    x=19: {t6<b7,t9<b5,t16<b2} [irregular]
  step 4, delta [[12, -4], [4, 0], [-4, 4]]:
    x=11: {t1<b5,t6<b3,t8<b2} [M mod 8 in [3], M >= 60 (1 sporadic below)]
    x=15: {t4<b6,t10<b3,t13<b1} [irregular]
    x=19: {t9<b5,t14<b3,t16<b2} [irregular]
  step 4, delta [[4, 0], [8, -2], [0, 2]]:
    x=11: {t1<b5,t6<b3,t8<b2} [M mod 8 in [3], M >= 60 (1 sporadic below)]
    x=15: {t5<b5,t8<b4,t14<b1} [irregular]
    x=19: {t9<b5,t14<b3,t16<b2} [irregular]
  step 4, delta [[8, -2], [0, 2], [0, 2]]:
    x=11: {t1<b5,t6<b3,t8<b2} [M mod 8 in [3], M >= 60 (1 sporadic below)]
    x=15: {t6<b5,t8<b4,t9<b3} [irregular]
    x=19: {t8<b6,t9<b5,t14<b3} [irregular]
  step 4, delta [[8, -2], [0, 2], [4, 0]]:
    x=11: {t1<b5,t6<b3,t8<b2} [M mod 8 in [3], M >= 60 (1 sporadic below)]
    x=15: {t6<b5,t9<b3,t12<b2} [M mod 8 in [1], M >= 58 (3 sporadic below)]
    x=19: {t9<b5,t14<b3,t16<b2} [irregular]
  step 4, delta [[8, -2], [8, -2], [0, 2]]:
    x=11: {t1<b5,t6<b3,t8<b2} [M mod 8 in [3], M >= 60 (1 sporadic below)]
    x=15: {t8<b4,t9<b3,t14<b1} [irregular]
    x=19: {t14<b3,t16<b2,t17<b1} [irregular]
  step 4, delta [[0, 2], [8, -2], [-8, 6]]:
    x=11: {t2<b5,t3<b4,t8<b2} [irregular]
    x=15: {t0<b8,t2<b7,t11<b2} [M mod 8 in [2]]
    x=19: {t0<b10,t3<b8,t10<b5} [irregular]
  step 4, delta [[8, -2], [0, 2], [-8, 6]]:
    x=11: {t2<b5,t3<b4,t8<b2} [irregular]
    x=15: {t0<b8,t3<b6,t10<b3} [irregular]
    x=19: {t2<b9,t3<b8,t8<b6} [irregular]
  step 4, delta [[8, -2], [4, 0], [-8, 6]]:
    x=11: {t2<b5,t3<b4,t8<b2} [irregular]
    x=15: {t0<b8,t7<b4,t10<b3} [irregular]
    x=19: {t2<b9,t8<b6,t11<b4} [irregular]
  step 4, delta [[12, -4], [4, 0], [-8, 6]]:
    x=11: {t2<b5,t3<b4,t8<b2} [irregular]
    x=15: {t0<b8,t7<b4,t14<b1} [irregular]
    x=19: {t6<b7,t11<b4,t12<b4} [irregular]
  step 4, delta [[8, -2], [8, -2], [-8, 6]]:
    x=11: {t2<b5,t3<b4,t8<b2} [irregular]
    x=15: {t0<b8,t10<b3,t11<b2} [M mod 8 in [2], M >= 67 (1 sporadic below)]
    x=19: {t3<b8,t8<b6,t18<b1} [irregular]
  step 4, delta [[0, 2], [0, 2], [0, 2]]:
    x=11: {t2<b5,t3<b4,t8<b2} [irregular]
    x=15: {t2<b7,t3<b6,t8<b4} [irregular]
    x=19: {t2<b9,t3<b8,t8<b6} [irregular]
  step 4, delta [[0, 2], [4, 0], [-4, 4]]:
    x=11: {t2<b5,t3<b4,t8<b2} [irregular]
    x=15: {t2<b7,t4<b6,t7<b4} [M mod 8 in [0]]
    x=19: {t2<b9,t3<b8,t8<b6} [irregular]
  step 4, delta [[0, 2], [8, -2], [-4, 4]]:
    x=11: {t2<b5,t3<b4,t8<b2} [irregular]
    x=15: {t2<b7,t4<b6,t11<b2} [irregular]
    x=19: {t2<b9,t7<b6,t12<b4} [irregular]
  step 4, delta [[0, 2], [4, 0], [0, 2]]:
    x=11: {t2<b5,t3<b4,t8<b2} [irregular]
    x=15: {t2<b7,t7<b4,t8<b4} [irregular]
    x=19: {t2<b9,t8<b6,t11<b4} [irregular]
  step 4, delta [[0, 2], [4, 0], [4, 0]]:
    x=11: {t2<b5,t3<b4,t8<b2} [irregular]
    x=15: {t2<b7,t7<b4,t12<b2} [irregular]
    x=19: {t2<b9,t11<b4,t16<b2} [irregular]
  step 4, delta [[0, 2], [8, -2], [0, 2]]:
    x=11: {t2<b5,t3<b4,t8<b2} [irregular]
    x=15: {t2<b7,t8<b4,t11<b2} [irregular]
    x=19: {t2<b9,t11<b4,t16<b2} [irregular]
  step 4, delta [[4, 0], [0, 2], [0, 2]]:
    x=11: {t2<b5,t3<b4,t8<b2} [irregular]
    x=15: {t3<b6,t6<b5,t8<b4} [irregular]
    x=19: {t6<b7,t7<b6,t8<b6} [irregular]
  step 4, delta [[8, -2], [0, 2], [4, 0]]:
    x=11: {t2<b5,t3<b4,t8<b2} [irregular]
    x=15: {t3<b6,t10<b3,t12<b2} [irregular]
    x=19: {t10<b5,t11<b4,t16<b2} [irregular]
  step 4, delta [[12, -4], [0, 2], [4, 0]]:
    x=11: {t2<b5,t3<b4,t8<b2} [irregular]
    x=15: {t3<b6,t12<b2,t14<b1} [irregular]
    x=19: {t12<b4,t15<b2,t18<b1} [M mod 8 in [6], M >= 31 (0 sporadic below)]
  step 4, delta [[8, -2], [4, 0], [-4, 4]]:
    x=11: {t2<b5,t3<b4,t8<b2} [irregular]
    x=15: {t4<b6,t7<b4,t10<b3} [M mod 8 in [0], M >= 65 (1 sporadic below)]
    x=19: {t6<b7,t11<b4,t12<b4} [irregular]
  step 4, delta [[12, -4], [4, 0], [-4, 4]]:
    x=11: {t2<b5,t3<b4,t8<b2} [irregular]
    x=15: {t4<b6,t7<b4,t14<b1} [irregular]
    x=19: {t10<b5,t11<b4,t16<b2} [irregular]
  step 4, delta [[4, 0], [8, -2], [0, 2]]:
    x=11: {t2<b5,t3<b4,t8<b2} [irregular]
    x=15: {t6<b5,t8<b4,t11<b2} [M mod 8 in [2]]
    x=19: {t10<b5,t11<b4,t16<b2} [irregular]
  step 4, delta [[8, -2], [4, 0], [4, 0]]:
    x=11: {t2<b5,t3<b4,t8<b2} [irregular]
    x=15: {t7<b4,t10<b3,t12<b2} [irregular]
    x=19: {t14<b3,t15<b2,t16<b2} [irregular]
  step 4, delta [[4, 0], [-4, 4], [4, 0]]:
    x=11: {t2<b5,t4<b4,t7<b2} [M mod 8 in [6], M >= 31 (0 sporadic below)]
    x=15: {t0<b8,t6<b5,t11<b2} [irregular]
    x=19: {t2<b9,t4<b8,t15<b2} [irregular]
  step 4, delta [[8, -2], [-4, 4], [0, 2]]:
    x=11: {t2<b5,t4<b4,t7<b2} [M mod 8 in [6], M >= 31 (0 sporadic below)]
    x=15: {t0<b8,t7<b4,t10<b3} [irregular]
    x=19: {t3<b8,t8<b6,t10<b5} [irregular]
  step 4, delta [[12, -4], [-4, 4], [0, 2]]:
    x=11: {t2<b5,t4<b4,t7<b2} [M mod 8 in [6], M >= 31 (0 sporadic below)]
    x=15: {t0<b8,t7<b4,t14<b1} [irregular]
    x=19: {t3<b8,t12<b4,t14<b3} [irregular]
  step 4, delta [[8, -2], [-4, 4], [4, 0]]:
    x=11: {t2<b5,t4<b4,t7<b2} [M mod 8 in [6], M >= 31 (0 sporadic below)]
    x=15: {t0<b8,t10<b3,t11<b2} [M mod 8 in [2], M >= 67 (1 sporadic below)]
    x=19: {t6<b7,t8<b6,t15<b2} [irregular]
  step 4, delta [[12, -4], [-4, 4], [4, 0]]:
    x=11: {t2<b5,t4<b4,t7<b2} [M mod 8 in [6], M >= 31 (0 sporadic below)]
    x=15: {t0<b8,t11<b2,t14<b1} [irregular]
    x=19: {t7<b6,t12<b4,t18<b1} [irregular]
  step 4, delta [[0, 2], [4, 0], [-4, 4]]:
    x=11: {t2<b5,t4<b4,t7<b2} [M mod 8 in [6], M >= 31 (0 sporadic below)]
    x=15: {t2<b7,t3<b6,t8<b4} [irregular]
    x=19: {t2<b9,t4<b8,t7<b6} [M mod 8 in [2], M >= 19 (0 sporadic below)]
  step 4, delta [[0, 2], [0, 2], [0, 2]]:
    x=11: {t2<b5,t4<b4,t7<b2} [M mod 8 in [6], M >= 31 (0 sporadic below)]
    x=15: {t2<b7,t4<b6,t7<b4} [M mod 8 in [0]]
    x=19: {t2<b9,t4<b8,t7<b6} [M mod 8 in [2], M >= 19 (0 sporadic below)]
  step 4, delta [[0, 2], [4, 0], [0, 2]]:
    x=11: {t2<b5,t4<b4,t7<b2} [M mod 8 in [6], M >= 31 (0 sporadic below)]
    x=15: {t2<b7,t7<b4,t8<b4} [irregular]
    x=19: {t2<b9,t8<b6,t11<b4} [irregular]
  step 4, delta [[0, 2], [8, -2], [0, 2]]:
    x=11: {t2<b5,t4<b4,t7<b2} [M mod 8 in [6], M >= 31 (0 sporadic below)]
    x=15: {t2<b7,t7<b4,t12<b2} [irregular]
    x=19: {t2<b9,t12<b4,t15<b2} [irregular]
  step 4, delta [[0, 2], [4, 0], [4, 0]]:
    x=11: {t2<b5,t4<b4,t7<b2} [M mod 8 in [6], M >= 31 (0 sporadic below)]
    x=15: {t2<b7,t8<b4,t11<b2} [irregular]
    x=19: {t2<b9,t12<b4,t15<b2} [irregular]
  step 4, delta [[8, -2], [4, 0], [-4, 4]]:
    x=11: {t2<b5,t4<b4,t7<b2} [M mod 8 in [6], M >= 31 (0 sporadic below)]
    x=15: {t3<b6,t8<b4,t10<b3} [irregular]
    x=19: {t6<b7,t11<b4,t12<b4} [irregular]
  step 4, delta [[12, -4], [4, 0], [-4, 4]]:
    x=11: {t2<b5,t4<b4,t7<b2} [M mod 8 in [6], M >= 31 (0 sporadic below)]
    x=15: {t3<b6,t8<b4,t14<b1} [irregular]
    x=19: {t10<b5,t12<b4,t15<b2} [irregular]
  step 4, delta [[4, 0], [0, 2], [4, 0]]:
    x=11: {t2<b5,t4<b4,t7<b2} [M mod 8 in [6], M >= 31 (0 sporadic below)]
    x=15: {t4<b6,t6<b5,t11<b2} [irregular]
    x=19: {t6<b7,t8<b6,t15<b2} [irregular]
  step 4, delta [[8, -2], [0, 2], [0, 2]]:
    x=11: {t2<b5,t4<b4,t7<b2} [M mod 8 in [6], M >= 31 (0 sporadic below)]
    x=15: {t4<b6,t7<b4,t10<b3} [M mod 8 in [0], M >= 65 (1 sporadic below)]
    x=19: {t7<b6,t10<b5,t12<b4} [irregular]
  step 4, delta [[4, 0], [8, -2], [0, 2]]:
    x=11: {t2<b5,t4<b4,t7<b2} [M mod 8 in [6], M >= 31 (0 sporadic below)]
    x=15: {t6<b5,t7<b4,t12<b2} [irregular]
    x=19: {t10<b5,t12<b4,t15<b2} [irregular]
  step 4, delta [[8, -2], [8, -2], [0, 2]]:
    x=11: {t2<b5,t4<b4,t7<b2} [M mod 8 in [6], M >= 31 (0 sporadic below)]
    x=15: {t7<b4,t10<b3,t12<b2} [irregular]
    x=19: {t12<b4,t15<b2,t18<b1} [M mod 8 in [6], M >= 31 (0 sporadic below)]
  step 4, delta [[8, -2], [-4, 4], [-4, 4]]:
    x=11: {t2<b5,t4<b4,t9<b1} [irregular]
    x=15: {t0<b8,t5<b5,t10<b3} [irregular]
    x=19: {t1<b9,t6<b7,t8<b6} [irregular]
  step 4, delta [[4, 0], [-4, 4], [0, 2]]:
    x=11: {t2<b5,t4<b4,t9<b1} [irregular]
    x=15: {t0<b8,t6<b5,t9<b3} [irregular]
    x=19: {t2<b9,t4<b8,t9<b5} [irregular]
  step 4, delta [[4, 0], [-4, 4], [4, 0]]:
    x=11: {t2<b5,t4<b4,t9<b1} [irregular]
    x=15: {t0<b8,t6<b5,t13<b1} [irregular]
    x=19: {t2<b9,t4<b8,t17<b1} [irregular]
  step 4, delta [[8, -2], [-4, 4], [0, 2]]:
    x=11: {t2<b5,t4<b4,t9<b1} [irregular]
    x=15: {t0<b8,t9<b3,t10<b3} [irregular]
    x=19: {t5<b7,t8<b6,t10<b5} [irregular]
  step 4, delta [[12, -4], [-4, 4], [0, 2]]:
    x=11: {t2<b5,t4<b4,t9<b1} [irregular]
    x=15: {t0<b8,t9<b3,t14<b1} [irregular]
    x=19: {t5<b7,t12<b4,t14<b3} [irregular]
  step 4, delta [[8, -2], [-4, 4], [4, 0]]:
    x=11: {t2<b5,t4<b4,t9<b1} [irregular]
    x=15: {t0<b8,t10<b3,t13<b1} [irregular]
    x=19: {t6<b7,t8<b6,t17<b1} [M mod 8 in [7]]
  step 4, delta [[12, -4], [0, 2], [-8, 6]]:
    x=11: {t2<b5,t4<b4,t9<b1} [irregular]
    x=15: {t1<b7,t4<b6,t14<b1} [irregular]
    x=19: {t4<b8,t6<b7,t13<b3} [irregular]
  step 4, delta [[4, 0], [4, 0], [-8, 6]]:
    x=11: {t2<b5,t4<b4,t9<b1} [irregular]
    x=15: {t1<b7,t6<b5,t8<b4} [irregular]
    x=19: {t0<b10,t5<b7,t10<b5} [irregular]
  step 4, delta [[8, -2], [8, -2], [-8, 6]]:
    x=11: {t2<b5,t4<b4,t9<b1} [irregular]
    x=15: {t1<b7,t10<b3,t12<b2} [irregular]
    x=19: {t4<b8,t9<b5,t18<b1} [irregular]
  step 4, delta [[0, 2], [0, 2], [0, 2]]:
    x=11: {t2<b5,t4<b4,t9<b1} [irregular]
    x=15: {t2<b7,t4<b6,t9<b3} [irregular]
    x=19: {t2<b9,t4<b8,t9<b5} [irregular]
  step 4, delta [[0, 2], [4, 0], [-4, 4]]:
    x=11: {t2<b5,t4<b4,t9<b1} [irregular]
    x=15: {t2<b7,t5<b5,t8<b4} [M mod 8 in [7]]
    x=19: {t2<b9,t4<b8,t9<b5} [irregular]
  step 4, delta [[0, 2], [8, -2], [-4, 4]]:
    x=11: {t2<b5,t4<b4,t9<b1} [irregular]
    x=15: {t2<b7,t5<b5,t12<b2} [irregular]
    x=19: {t2<b9,t8<b6,t13<b3} [irregular]
  step 4, delta [[4, 0], [0, 2], [0, 2]]:
    x=11: {t2<b5,t4<b4,t9<b1} [irregular]
    x=15: {t4<b6,t6<b5,t9<b3} [M mod 8 in [1]]
    x=19: {t6<b7,t8<b6,t9<b5} [irregular]
  step 4, delta [[4, 0], [0, 2], [4, 0]]:
    x=11: {t2<b5,t4<b4,t9<b1} [irregular]
    x=15: {t4<b6,t6<b5,t13<b1} [irregular]
    x=19: {t6<b7,t8<b6,t17<b1} [M mod 8 in [7]]
  step 4, delta [[8, -2], [0, 2], [4, 0]]:
    x=11: {t2<b5,t4<b4,t9<b1} [irregular]
    x=15: {t4<b6,t10<b3,t13<b1} [irregular]
    x=19: {t10<b5,t12<b4,t17<b1} [irregular]
  step 4, delta [[12, -4], [0, 2], [4, 0]]:
    x=11: {t2<b5,t4<b4,t9<b1} [irregular]
    x=15: {t4<b6,t13<b1,t14<b1} [irregular]
    x=19: {t13<b3,t16<b2,t18<b1} [irregular]
  step 4, delta [[12, -4], [4, 0], [-4, 4]]:
    x=11: {t2<b5,t4<b4,t9<b1} [irregular]
    x=15: {t5<b5,t8<b4,t14<b1} [irregular]
    x=19: {t10<b5,t12<b4,t17<b1} [irregular]
  step 4, delta [[4, 0], [8, -2], [0, 2]]:
    x=11: {t2<b5,t4<b4,t9<b1} [irregular]
    x=15: {t6<b5,t9<b3,t12<b2} [M mod 8 in [1], M >= 58 (3 sporadic below)]
    x=19: {t10<b5,t12<b4,t17<b1} [irregular]
  step 4, delta [[8, -2], [4, 0], [4, 0]]:
    x=11: {t2<b5,t4<b4,t9<b1} [irregular]
    x=15: {t8<b4,t10<b3,t13<b1} [irregular]
    x=19: {t14<b3,t16<b2,t17<b1} [irregular]
  step 4, delta [[4, 0], [-4, 4], [0, 2]]:
    x=11: {t2<b5,t5<b3,t7<b2} [M mod 8 in [2]]
    x=15: {t1<b7,t6<b5,t7<b4} [M mod 8 in [6]]
    x=19: {t2<b9,t5<b7,t7<b6} [M mod 8 in [6]]
  step 4, delta [[4, 0], [-4, 4], [4, 0]]:
    x=11: {t2<b5,t5<b3,t7<b2} [M mod 8 in [2]]
    x=15: {t1<b7,t6<b5,t11<b2} [irregular]
    x=19: {t2<b9,t5<b7,t15<b2} [M mod 8 in [6], M >= 63 (4 sporadic below)]
  step 4, delta [[8, -2], [-4, 4], [0, 2]]:
    x=11: {t2<b5,t5<b3,t7<b2} [M mod 8 in [2]]
    x=15: {t1<b7,t7<b4,t10<b3} [irregular]
    x=19: {t3<b8,t9<b5,t10<b5} [irregular]
  step 4, delta [[12, -4], [-4, 4], [0, 2]]:
    x=11: {t2<b5,t5<b3,t7<b2} [M mod 8 in [2]]
    x=15: {t1<b7,t7<b4,t14<b1} [irregular]
    x=19: {t3<b8,t13<b3,t14<b3} [irregular]
  step 4, delta [[12, -4], [-4, 4], [4, 0]]:
    x=11: {t2<b5,t5<b3,t7<b2} [M mod 8 in [2]]
    x=15: {t1<b7,t11<b2,t14<b1} [M mod 8 in [2], M >= 67 (1 sporadic below)]
    x=19: {t7<b6,t13<b3,t18<b1} [irregular]
  step 4, delta [[0, 2], [0, 2], [0, 2]]:
    x=11: {t2<b5,t5<b3,t7<b2} [M mod 8 in [2]]
    x=15: {t2<b7,t5<b5,t7<b4} [M mod 8 in [4]]
    x=19: {t2<b9,t5<b7,t7<b6} [M mod 8 in [6]]
  step 4, delta [[0, 2], [0, 2], [4, 0]]:
    x=11: {t2<b5,t5<b3,t7<b2} [M mod 8 in [2]]
    x=15: {t2<b7,t5<b5,t11<b2} [irregular]
    x=19: {t2<b9,t5<b7,t15<b2} [M mod 8 in [6], M >= 63 (4 sporadic below)]
  step 4, delta [[0, 2], [8, -2], [0, 2]]:
    x=11: {t2<b5,t5<b3,t7<b2} [M mod 8 in [2]]
    x=15: {t2<b7,t7<b4,t13<b1} [irregular]
    x=19: {t2<b9,t13<b3,t15<b2} [irregular]
  step 4, delta [[0, 2], [4, 0], [4, 0]]:
    x=11: {t2<b5,t5<b3,t7<b2} [M mod 8 in [2]]
    x=15: {t2<b7,t9<b3,t11<b2} [irregular]
    x=19: {t2<b9,t13<b3,t15<b2} [irregular]
  step 4, delta [[4, 0], [0, 2], [-4, 4]]:
    x=11: {t2<b5,t5<b3,t7<b2} [M mod 8 in [2]]
    x=15: {t3<b6,t5<b5,t6<b5} [irregular]
    x=19: {t2<b9,t5<b7,t7<b6} [M mod 8 in [6]]
  step 4, delta [[12, -4], [0, 2], [-4, 4]]:
    x=11: {t2<b5,t5<b3,t7<b2} [M mod 8 in [2]]
    x=15: {t3<b6,t5<b5,t14<b1} [irregular]
    x=19: {t5<b7,t10<b5,t15<b2} [irregular]
  step 4, delta [[4, 0], [8, -2], [-4, 4]]:
    x=11: {t2<b5,t5<b3,t7<b2} [M mod 8 in [2]]
    x=15: {t3<b6,t6<b5,t13<b1} [irregular]
    x=19: {t7<b6,t9<b5,t14<b3} [M mod 8 in [4], M >= 21 (0 sporadic below)]
  step 4, delta [[8, -2], [4, 0], [-4, 4]]:
    x=11: {t2<b5,t5<b3,t7<b2} [M mod 8 in [2]]
    x=15: {t3<b6,t9<b3,t10<b3} [irregular]
    x=19: {t6<b7,t11<b4,t13<b3} [irregular]
  step 4, delta [[12, -4], [4, 0], [-4, 4]]:
    x=11: {t2<b5,t5<b3,t7<b2} [M mod 8 in [2]]
    x=15: {t3<b6,t9<b3,t14<b1} [irregular]
    x=19: {t10<b5,t13<b3,t15<b2} [M mod 8 in [2], M >= 19 (0 sporadic below)]
  step 4, delta [[8, -2], [0, 2], [0, 2]]:
    x=11: {t2<b5,t5<b3,t7<b2} [M mod 8 in [2]]
    x=15: {t5<b5,t7<b4,t10<b3} [irregular]
    x=19: {t7<b6,t10<b5,t13<b3} [irregular]
  step 4, delta [[8, -2], [0, 2], [4, 0]]:
    x=11: {t2<b5,t5<b3,t7<b2} [M mod 8 in [2]]
    x=15: {t5<b5,t10<b3,t11<b2} [M mod 8 in [0], M >= 57 (3 sporadic below)]
    x=19: {t10<b5,t13<b3,t15<b2} [M mod 8 in [2], M >= 19 (0 sporadic below)]
  step 4, delta [[4, 0], [8, -2], [0, 2]]:
    x=11: {t2<b5,t5<b3,t7<b2} [M mod 8 in [2]]
    x=15: {t6<b5,t7<b4,t13<b1} [irregular]
    x=19: {t10<b5,t13<b3,t15<b2} [M mod 8 in [2], M >= 19 (0 sporadic below)]
  step 4, delta [[8, -2], [8, -2], [0, 2]]:
    x=11: {t2<b5,t5<b3,t7<b2} [M mod 8 in [2]]
    x=15: {t7<b4,t10<b3,t13<b1} [irregular]
    x=19: {t13<b3,t15<b2,t18<b1} [irregular]
  step 4, delta [[0, 2], [8, -2], [-8, 6]]:
    x=11: {t2<b5,t5<b3,t8<b2} [M mod 8 in [5], M >= 62 (1 sporadic below)]
    x=15: {t0<b8,t2<b7,t13<b1} [irregular]
    x=19: {t0<b10,t5<b7,t10<b5} [irregular]
  step 4, delta [[8, -2], [0, 2], [-8, 6]]:
    x=11: {t2<b5,t5<b3,t8<b2} [M mod 8 in [5], M >= 62 (1 sporadic below)]
    x=15: {t0<b8,t5<b5,t10<b3} [irregular]
    x=19: {t2<b9,t5<b7,t8<b6} [M mod 8 in [1], M >= 18 (0 sporadic below)]
  step 4, delta [[4, 0], [4, 0], [-8, 6]]:
    x=11: {t2<b5,t5<b3,t8<b2} [M mod 8 in [5], M >= 62 (1 sporadic below)]
    x=15: {t0<b8,t6<b5,t9<b3} [irregular]
    x=19: {t1<b9,t4<b8,t10<b5} [irregular]
  step 4, delta [[8, -2], [4, 0], [-8, 6]]:
    x=11: {t2<b5,t5<b3,t8<b2} [M mod 8 in [5], M >= 62 (1 sporadic below)]
    x=15: {t0<b8,t9<b3,t10<b3} [irregular]
    x=19: {t2<b9,t8<b6,t13<b3} [irregular]
  step 4, delta [[8, -2], [8, -2], [-8, 6]]:
    x=11: {t2<b5,t5<b3,t8<b2} [M mod 8 in [5], M >= 62 (1 sporadic below)]
    x=15: {t0<b8,t10<b3,t13<b1} [irregular]
    x=19: {t5<b7,t8<b6,t18<b1} [irregular]
  step 4, delta [[12, -4], [-4, 4], [-4, 4]]:
    x=11: {t2<b5,t5<b3,t8<b2} [M mod 8 in [5], M >= 62 (1 sporadic below)]
    x=15: {t1<b7,t4<b6,t14<b1} [irregular]
    x=19: {t0<b10,t10<b5,t13<b3} [irregular]
  step 4, delta [[4, 0], [-4, 4], [0, 2]]:
    x=11: {t2<b5,t5<b3,t8<b2} [M mod 8 in [5], M >= 62 (1 sporadic below)]
    x=15: {t1<b7,t6<b5,t8<b4} [irregular]
    x=19: {t2<b9,t5<b7,t8<b6} [M mod 8 in [1], M >= 18 (0 sporadic below)]
  step 4, delta [[4, 0], [-4, 4], [4, 0]]:
    x=11: {t2<b5,t5<b3,t8<b2} [M mod 8 in [5], M >= 62 (1 sporadic below)]
    x=15: {t1<b7,t6<b5,t12<b2} [irregular]
    x=19: {t2<b9,t5<b7,t16<b2} [M mod 8 in [1], M >= 18 (0 sporadic below)]
  step 4, delta [[8, -2], [-4, 4], [0, 2]]:
    x=11: {t2<b5,t5<b3,t8<b2} [M mod 8 in [5], M >= 62 (1 sporadic below)]
    x=15: {t1<b7,t8<b4,t10<b3} [irregular]
    x=19: {t4<b8,t9<b5,t10<b5} [irregular]
  step 4, delta [[12, -4], [-4, 4], [0, 2]]:
    x=11: {t2<b5,t5<b3,t8<b2} [M mod 8 in [5], M >= 62 (1 sporadic below)]
    x=15: {t1<b7,t8<b4,t14<b1} [irregular]
    x=19: {t4<b8,t13<b3,t14<b3} [irregular]
  step 4, delta [[8, -2], [-4, 4], [4, 0]]:
    x=11: {t2<b5,t5<b3,t8<b2} [M mod 8 in [5], M >= 62 (1 sporadic below)]
    x=15: {t1<b7,t10<b3,t12<b2} [irregular]
    x=19: {t6<b7,t9<b5,t16<b2} [irregular]
  step 4, delta [[12, -4], [-4, 4], [4, 0]]:
    x=11: {t2<b5,t5<b3,t8<b2} [M mod 8 in [5], M >= 62 (1 sporadic below)]
    x=15: {t1<b7,t12<b2,t14<b1} [irregular]
    x=19: {t8<b6,t13<b3,t18<b1} [irregular]
  step 4, delta [[0, 2], [4, 0], [-4, 4]]:
    x=11: {t2<b5,t5<b3,t8<b2} [M mod 8 in [5], M >= 62 (1 sporadic below)]
    x=15: {t2<b7,t4<b6,t9<b3} [irregular]
    x=19: {t2<b9,t5<b7,t8<b6} [M mod 8 in [1], M >= 18 (0 sporadic below)]
  step 4, delta [[0, 2], [0, 2], [0, 2]]:
    x=11: {t2<b5,t5<b3,t8<b2} [M mod 8 in [5], M >= 62 (1 sporadic below)]
    x=15: {t2<b7,t5<b5,t8<b4} [M mod 8 in [7]]
    x=19: {t2<b9,t5<b7,t8<b6} [M mod 8 in [1], M >= 18 (0 sporadic below)]
  step 4, delta [[0, 2], [0, 2], [4, 0]]:
    x=11: {t2<b5,t5<b3,t8<b2} [M mod 8 in [5], M >= 62 (1 sporadic below)]
    x=15: {t2<b7,t5<b5,t12<b2} [irregular]
    x=19: {t2<b9,t5<b7,t16<b2} [M mod 8 in [1], M >= 18 (0 sporadic below)]
  step 4, delta [[4, 0], [8, -2], [-4, 4]]:
    x=11: {t2<b5,t5<b3,t8<b2} [M mod 8 in [5], M >= 62 (1 sporadic below)]
    x=15: {t4<b6,t6<b5,t13<b1} [irregular]
    x=19: {t8<b6,t9<b5,t14<b3} [irregular]
  step 4, delta [[12, -4], [4, 0], [-4, 4]]:
    x=11: {t2<b5,t5<b3,t8<b2} [M mod 8 in [5], M >= 62 (1 sporadic below)]
    x=15: {t4<b6,t9<b3,t14<b1} [irregular]
    x=19: {t10<b5,t13<b3,t16<b2} [M mod 8 in [5], M >= 30 (0 sporadic below)]
  step 4, delta [[8, -2], [0, 2], [0, 2]]:
    x=11: {t2<b5,t5<b3,t8<b2} [M mod 8 in [5], M >= 62 (1 sporadic below)]
    x=15: {t5<b5,t8<b4,t10<b3} [irregular]
    x=19: {t8<b6,t10<b5,t13<b3} [irregular]
  step 4, delta [[8, -2], [0, 2], [4, 0]]:
    x=11: {t2<b5,t5<b3,t8<b2} [M mod 8 in [5], M >= 62 (1 sporadic below)]
    x=15: {t5<b5,t10<b3,t12<b2} [irregular]
    x=19: {t10<b5,t13<b3,t16<b2} [M mod 8 in [5], M >= 30 (0 sporadic below)]
  step 4, delta [[12, -4], [0, 2], [4, 0]]:
    x=11: {t2<b5,t5<b3,t8<b2} [M mod 8 in [5], M >= 62 (1 sporadic below)]
    x=15: {t5<b5,t12<b2,t14<b1} [irregular]
    x=19: {t12<b4,t17<b1,t18<b1} [irregular]
  step 4, delta [[4, 0], [8, -2], [0, 2]]:
    x=11: {t2<b5,t5<b3,t8<b2} [M mod 8 in [5], M >= 62 (1 sporadic below)]
    x=15: {t6<b5,t8<b4,t13<b1} [irregular]
    x=19: {t10<b5,t13<b3,t16<b2} [M mod 8 in [5], M >= 30 (0 sporadic below)]
  step 4, delta [[8, -2], [8, -2], [0, 2]]:
    x=11: {t2<b5,t5<b3,t8<b2} [M mod 8 in [5], M >= 62 (1 sporadic below)]
    x=15: {t8<b4,t10<b3,t13<b1} [irregular]
    x=19: {t13<b3,t16<b2,t18<b1} [irregular]
  step 4, delta [[0, 2], [0, 2], [0, 2]]:
    x=11: {t2<b5,t6<b3,t7<b2} [irregular]
    x=15: {t2<b7,t6<b5,t7<b4} [irregular]
    x=19: {t2<b9,t6<b7,t7<b6} [irregular]
  step 4, delta [[0, 2], [4, 0], [4, 0]]:
    x=11: {t2<b5,t6<b3,t7<b2} [irregular]
    x=15: {t2<b7,t10<b3,t11<b2} [irregular]
    x=19: {t2<b9,t14<b3,t15<b2} [irregular]
  step 4, delta [[8, -2], [-4, 4], [4, 0]]:
    x=11: {t2<b5,t6<b3,t7<b2} [irregular]
    x=15: {t2<b7,t10<b3,t11<b2} [irregular]
    x=19: {t6<b7,t10<b5,t15<b2} [irregular]
  step 4, delta [[0, 2], [4, 0], [-8, 6]]:
    x=11: {t2<b5,t7<b2,t8<b2} [irregular]
    x=15: {t0<b8,t2<b7,t11<b2} [M mod 8 in [2]]
    x=19: {t0<b10,t3<b8,t6<b7} [M mod 8 in [0], M >= 17 (0 sporadic below)]
  step 4, delta [[8, -2], [0, 2], [-8, 6]]:
    x=11: {t2<b5,t7<b2,t8<b2} [irregular]
    x=15: {t0<b8,t7<b4,t10<b3} [irregular]
    x=19: {t2<b9,t7<b6,t8<b6} [irregular]
  step 4, delta [[12, -4], [0, 2], [-8, 6]]:
    x=11: {t2<b5,t7<b2,t8<b2} [irregular]
    x=15: {t0<b8,t7<b4,t14<b1} [irregular]
    x=19: {t6<b7,t7<b6,t12<b4} [irregular]
  step 4, delta [[12, -4], [4, 0], [-8, 6]]:
    x=11: {t2<b5,t7<b2,t8<b2} [irregular]
    x=15: {t0<b8,t11<b2,t14<b1} [irregular]
    x=19: {t6<b7,t12<b4,t15<b2} [irregular]
  step 4, delta [[0, 2], [4, 0], [-4, 4]]:
    x=11: {t2<b5,t7<b2,t8<b2} [irregular]
    x=15: {t2<b7,t4<b6,t11<b2} [irregular]
    x=19: {t2<b9,t7<b6,t8<b6} [irregular]
  step 4, delta [[0, 2], [0, 2], [0, 2]]:
    x=11: {t2<b5,t7<b2,t8<b2} [irregular]
    x=15: {t2<b7,t7<b4,t8<b4} [irregular]
    x=19: {t2<b9,t7<b6,t8<b6} [irregular]
  step 4, delta [[0, 2], [4, 0], [0, 2]]:
    x=11: {t2<b5,t7<b2,t8<b2} [irregular]
    x=15: {t2<b7,t8<b4,t11<b2} [irregular]
    x=19: {t2<b9,t11<b4,t12<b4} [irregular]
  step 4, delta [[0, 2], [4, 0], [4, 0]]:
    x=11: {t2<b5,t7<b2,t8<b2} [irregular]
    x=15: {t2<b7,t11<b2,t12<b2} [irregular]
    x=19: {t2<b9,t15<b2,t16<b2} [irregular]
  step 4, delta [[4, 0], [-4, 4], [0, 2]]:
    x=11: {t2<b5,t7<b2,t8<b2} [irregular]
    x=15: {t3<b6,t6<b5,t8<b4} [irregular]
    x=19: {t2<b9,t7<b6,t8<b6} [irregular]
  step 4, delta [[8, -2], [-4, 4], [0, 2]]:
    x=11: {t2<b5,t7<b2,t8<b2} [irregular]
    x=15: {t3<b6,t8<b4,t10<b3} [irregular]
    x=19: {t4<b8,t10<b5,t11<b4} [irregular]
  step 4, delta [[12, -4], [-4, 4], [0, 2]]:
    x=11: {t2<b5,t7<b2,t8<b2} [irregular]
    x=15: {t3<b6,t8<b4,t14<b1} [irregular]
    x=19: {t4<b8,t14<b3,t15<b2} [M mod 8 in [6], M >= 63 (2 sporadic below)]
  step 4, delta [[8, -2], [-4, 4], [4, 0]]:
    x=11: {t2<b5,t7<b2,t8<b2} [irregular]
    x=15: {t3<b6,t10<b3,t12<b2} [irregular]
    x=19: {t6<b7,t11<b4,t16<b2} [irregular]
  step 4, delta [[8, -2], [0, 2], [-4, 4]]:
    x=11: {t2<b5,t7<b2,t8<b2} [irregular]
    x=15: {t4<b6,t7<b4,t10<b3} [M mod 8 in [0], M >= 65 (1 sporadic below)]
    x=19: {t6<b7,t7<b6,t12<b4} [irregular]
  step 4, delta [[12, -4], [0, 2], [-4, 4]]:
    x=11: {t2<b5,t7<b2,t8<b2} [irregular]
    x=15: {t4<b6,t7<b4,t14<b1} [irregular]
    x=19: {t7<b6,t10<b5,t16<b2} [irregular]
  step 4, delta [[4, 0], [0, 2], [4, 0]]:
    x=11: {t2<b5,t7<b2,t8<b2} [irregular]
    x=15: {t6<b5,t7<b4,t12<b2} [irregular]
    x=19: {t7<b6,t10<b5,t16<b2} [irregular]
  step 4, delta [[4, 0], [4, 0], [0, 2]]:
    x=11: {t2<b5,t7<b2,t8<b2} [irregular]
    x=15: {t6<b5,t8<b4,t11<b2} [M mod 8 in [2]]
    x=19: {t10<b5,t11<b4,t12<b4} [irregular]
  step 4, delta [[8, -2], [0, 2], [4, 0]]:
    x=11: {t2<b5,t7<b2,t8<b2} [irregular]
    x=15: {t7<b4,t10<b3,t12<b2} [irregular]
    x=19: {t10<b5,t15<b2,t16<b2} [irregular]
  step 4, delta [[0, 2], [4, 0], [-8, 6]]:
    x=11: {t3<b4,t5<b3,t8<b2} [irregular]
    x=15: {t0<b8,t3<b6,t9<b3} [irregular]
    x=19: {t0<b10,t1<b9,t7<b6} [irregular]
  step 4, delta [[0, 2], [8, -2], [-8, 6]]:
    x=11: {t3<b4,t5<b3,t8<b2} [irregular]
    x=15: {t0<b8,t3<b6,t13<b1} [M mod 8 in [3], M >= 60 (4 sporadic below)]
    x=19: {t0<b10,t5<b7,t11<b4} [irregular]
  step 4, delta [[8, -2], [0, 2], [-8, 6]]:
    x=11: {t3<b4,t5<b3,t8<b2} [irregular]
    x=15: {t0<b8,t5<b5,t11<b2} [irregular]
    x=19: {t3<b8,t5<b7,t8<b6} [irregular]
  step 4, delta [[8, -2], [4, 0], [-8, 6]]:
    x=11: {t3<b4,t5<b3,t8<b2} [irregular]
    x=15: {t0<b8,t9<b3,t11<b2} [irregular]
    x=19: {t3<b8,t8<b6,t13<b3} [irregular]
  step 4, delta [[4, 0], [-4, 4], [-4, 4]]:
    x=11: {t3<b4,t5<b3,t8<b2} [irregular]
    x=15: {t1<b7,t4<b6,t7<b4} [irregular]
    x=19: {t0<b10,t3<b8,t5<b7} [M mod 8 in [5]]
  step 4, delta [[4, 0], [-4, 4], [0, 2]]:
    x=11: {t3<b4,t5<b3,t8<b2} [irregular]
    x=15: {t1<b7,t7<b4,t8<b4} [irregular]
    x=19: {t3<b8,t5<b7,t8<b6} [irregular]
  step 4, delta [[4, 0], [-4, 4], [4, 0]]:
    x=11: {t3<b4,t5<b3,t8<b2} [irregular]
    x=15: {t1<b7,t7<b4,t12<b2} [irregular]
    x=19: {t3<b8,t5<b7,t16<b2} [M mod 8 in [5]]
  step 4, delta [[8, -2], [-4, 4], [4, 0]]:
    x=11: {t3<b4,t5<b3,t8<b2} [irregular]
    x=15: {t1<b7,t11<b2,t12<b2} [irregular]
    x=19: {t7<b6,t9<b5,t16<b2} [irregular]
  step 4, delta [[0, 2], [0, 2], [0, 2]]:
    x=11: {t3<b4,t5<b3,t8<b2} [irregular]
    x=15: {t3<b6,t5<b5,t8<b4} [irregular]
    x=19: {t3<b8,t5<b7,t8<b6} [irregular]
  step 4, delta [[0, 2], [4, 0], [0, 2]]:
    x=11: {t3<b4,t5<b3,t8<b2} [irregular]
    x=15: {t3<b6,t8<b4,t9<b3} [M mod 8 in [7], M >= 64 (1 sporadic below)]
    x=19: {t3<b8,t9<b5,t12<b4} [irregular]
  step 4, delta [[0, 2], [8, -2], [0, 2]]:
    x=11: {t3<b4,t5<b3,t8<b2} [irregular]
    x=15: {t3<b6,t8<b4,t13<b1} [irregular]
    x=19: {t3<b8,t13<b3,t16<b2} [M mod 8 in [5], M >= 62 (2 sporadic below)]
  step 4, delta [[4, 0], [0, 2], [-4, 4]]:
    x=11: {t3<b4,t5<b3,t8<b2} [irregular]
    x=15: {t4<b6,t5<b5,t7<b4} [irregular]
    x=19: {t3<b8,t5<b7,t8<b6} [irregular]
  step 4, delta [[8, -2], [4, 0], [-4, 4]]:
    x=11: {t3<b4,t5<b3,t8<b2} [irregular]
    x=15: {t4<b6,t9<b3,t11<b2} [irregular]
    x=19: {t7<b6,t12<b4,t13<b3} [M mod 8 in [3], M >= 60 (2 sporadic below)]
  step 4, delta [[4, 0], [0, 2], [4, 0]]:
    x=11: {t3<b4,t5<b3,t8<b2} [irregular]
    x=15: {t5<b5,t7<b4,t12<b2} [M mod 8 in [1]]
    x=19: {t7<b6,t9<b5,t16<b2} [irregular]
  step 4, delta [[8, -2], [0, 2], [0, 2]]:
    x=11: {t3<b4,t5<b3,t8<b2} [irregular]
    x=15: {t5<b5,t8<b4,t11<b2} [irregular]
    x=19: {t8<b6,t11<b4,t13<b3} [M mod 8 in [1], M >= 18 (0 sporadic below)]
  step 4, delta [[8, -2], [0, 2], [4, 0]]:
    x=11: {t3<b4,t5<b3,t8<b2} [irregular]
    x=15: {t5<b5,t11<b2,t12<b2} [irregular]
    x=19: {t11<b4,t13<b3,t16<b2} [irregular]
  step 4, delta [[8, -2], [4, 0], [0, 2]]:
    x=11: {t3<b4,t5<b3,t8<b2} [irregular]
    x=15: {t8<b4,t9<b3,t11<b2} [irregular]
    x=19: {t11<b4,t13<b3,t16<b2} [irregular]
  step 4, delta [[4, 0], [-4, 4], [0, 2]]:
    x=11: {t3<b4,t5<b3,t10<b1} [M mod 8 in [6]]
    x=15: {t1<b7,t7<b4,t10<b3} [irregular]
    x=19: {t3<b8,t5<b7,t10<b5} [M mod 8 in [2], M >= 19 (0 sporadic below)]
  step 4, delta [[4, 0], [-4, 4], [4, 0]]:
    x=11: {t3<b4,t5<b3,t10<b1} [M mod 8 in [6]]
    x=15: {t1<b7,t7<b4,t14<b1} [irregular]
    x=19: {t3<b8,t5<b7,t18<b1} [irregular]
  step 4, delta [[8, -2], [-4, 4], [4, 0]]:
    x=11: {t3<b4,t5<b3,t10<b1} [M mod 8 in [6]]
    x=15: {t1<b7,t11<b2,t14<b1} [M mod 8 in [2], M >= 67 (1 sporadic below)]
    x=19: {t7<b6,t9<b5,t18<b1} [irregular]
  step 4, delta [[0, 2], [8, -2], [-8, 6]]:
    x=11: {t3<b4,t5<b3,t10<b1} [M mod 8 in [6]]
    x=15: {t2<b7,t3<b6,t13<b1} [irregular]
    x=19: {t2<b9,t5<b7,t11<b4} [irregular]
  step 4, delta [[8, -2], [0, 2], [-8, 6]]:
    x=11: {t3<b4,t5<b3,t10<b1} [M mod 8 in [6]]
    x=15: {t2<b7,t5<b5,t11<b2} [irregular]
    x=19: {t3<b8,t5<b7,t10<b5} [M mod 8 in [2], M >= 19 (0 sporadic below)]
  step 4, delta [[4, 0], [4, 0], [-8, 6]]:
    x=11: {t3<b4,t5<b3,t10<b1} [M mod 8 in [6]]
    x=15: {t2<b7,t7<b4,t9<b3} [irregular]
    x=19: {t1<b9,t6<b7,t11<b4} [irregular]
  step 4, delta [[8, -2], [4, 0], [-8, 6]]:
    x=11: {t3<b4,t5<b3,t10<b1} [M mod 8 in [6]]
    x=15: {t2<b7,t9<b3,t11<b2} [irregular]
    x=19: {t3<b8,t10<b5,t13<b3} [irregular]
  step 4, delta [[0, 2], [0, 2], [0, 2]]:
    x=11: {t3<b4,t5<b3,t10<b1} [M mod 8 in [6]]
    x=15: {t3<b6,t5<b5,t10<b3} [M mod 8 in [0]]
    x=19: {t3<b8,t5<b7,t10<b5} [M mod 8 in [2], M >= 19 (0 sporadic below)]
  step 4, delta [[0, 2], [4, 0], [-4, 4]]:
    x=11: {t3<b4,t5<b3,t10<b1} [M mod 8 in [6]]
    x=15: {t3<b6,t6<b5,t9<b3} [irregular]
    x=19: {t3<b8,t5<b7,t10<b5} [M mod 8 in [2], M >= 19 (0 sporadic below)]
  step 4, delta [[0, 2], [8, -2], [-4, 4]]:
    x=11: {t3<b4,t5<b3,t10<b1} [M mod 8 in [6]]
    x=15: {t3<b6,t6<b5,t13<b1} [irregular]
    x=19: {t3<b8,t9<b5,t14<b3} [irregular]
  step 4, delta [[0, 2], [4, 0], [0, 2]]:
    x=11: {t3<b4,t5<b3,t10<b1} [M mod 8 in [6]]
    x=15: {t3<b6,t9<b3,t10<b3} [irregular]
    x=19: {t3<b8,t10<b5,t13<b3} [irregular]
  step 4, delta [[0, 2], [4, 0], [4, 0]]:
    x=11: {t3<b4,t5<b3,t10<b1} [M mod 8 in [6]]
    x=15: {t3<b6,t9<b3,t14<b1} [irregular]
    x=19: {t3<b8,t13<b3,t18<b1} [irregular]
  step 4, delta [[0, 2], [8, -2], [0, 2]]:
    x=11: {t3<b4,t5<b3,t10<b1} [M mod 8 in [6]]
    x=15: {t3<b6,t10<b3,t13<b1} [irregular]
    x=19: {t3<b8,t13<b3,t18<b1} [irregular]
  step 4, delta [[4, 0], [0, 2], [4, 0]]:
    x=11: {t3<b4,t5<b3,t10<b1} [M mod 8 in [6]]
    x=15: {t5<b5,t7<b4,t14<b1} [irregular]
    x=19: {t7<b6,t9<b5,t18<b1} [irregular]
  step 4, delta [[8, -2], [0, 2], [0, 2]]:
    x=11: {t3<b4,t5<b3,t10<b1} [M mod 8 in [6]]
    x=15: {t5<b5,t10<b3,t11<b2} [M mod 8 in [0], M >= 57 (3 sporadic below)]
    x=19: {t10<b5,t11<b4,t13<b3} [irregular]
  step 4, delta [[8, -2], [4, 0], [-4, 4]]:
    x=11: {t3<b4,t5<b3,t10<b1} [M mod 8 in [6]]
    x=15: {t6<b5,t9<b3,t11<b2} [irregular]
    x=19: {t7<b6,t13<b3,t14<b3} [irregular]
  step 4, delta [[4, 0], [8, -2], [0, 2]]:
    x=11: {t3<b4,t5<b3,t10<b1} [M mod 8 in [6]]
    x=15: {t7<b4,t10<b3,t13<b1} [irregular]
    x=19: {t11<b4,t13<b3,t18<b1} [M mod 8 in [6], M >= 23 (0 sporadic below)]
  step 4, delta [[0, 2], [4, 0], [-8, 6]]:
    x=11: {t3<b4,t6<b3,t8<b2} [irregular]
    x=15: {t0<b8,t3<b6,t10<b3} [irregular]
    x=19: {t0<b10,t2<b9,t7<b6} [irregular]
  step 4, delta [[0, 2], [8, -2], [-8, 6]]:
    x=11: {t3<b4,t6<b3,t8<b2} [irregular]
    x=15: {t0<b8,t3<b6,t14<b1} [M mod 8 in [6], M >= 63 (3 sporadic below)]
    x=19: {t0<b10,t6<b7,t11<b4} [irregular]
  step 4, delta [[8, -2], [0, 2], [-8, 6]]:
    x=11: {t3<b4,t6<b3,t8<b2} [irregular]
    x=15: {t0<b8,t6<b5,t11<b2} [irregular]
    x=19: {t3<b8,t6<b7,t8<b6} [irregular]
  step 4, delta [[4, 0], [4, 0], [-8, 6]]:
    x=11: {t3<b4,t6<b3,t8<b2} [irregular]
    x=15: {t0<b8,t7<b4,t10<b3} [irregular]
    x=19: {t2<b9,t4<b8,t11<b4} [irregular]
  step 4, delta [[4, 0], [8, -2], [-8, 6]]:
    x=11: {t3<b4,t6<b3,t8<b2} [irregular]
    x=15: {t0<b8,t7<b4,t14<b1} [irregular]
    x=19: {t4<b8,t6<b7,t15<b2} [M mod 8 in [6]]
  step 4, delta [[8, -2], [4, 0], [-8, 6]]:
    x=11: {t3<b4,t6<b3,t8<b2} [irregular]
    x=15: {t0<b8,t10<b3,t11<b2} [M mod 8 in [2], M >= 67 (1 sporadic below)]
    x=19: {t3<b8,t8<b6,t14<b3} [irregular]
  step 4, delta [[8, -2], [-4, 4], [-4, 4]]:
    x=11: {t3<b4,t6<b3,t8<b2} [irregular]
    x=15: {t2<b7,t4<b6,t11<b2} [irregular]
    x=19: {t0<b10,t7<b6,t10<b5} [irregular]
  step 4, delta [[4, 0], [-4, 4], [0, 2]]:
    x=11: {t3<b4,t6<b3,t8<b2} [irregular]
    x=15: {t2<b7,t7<b4,t8<b4} [irregular]
    x=19: {t3<b8,t6<b7,t8<b6} [irregular]
  step 4, delta [[4, 0], [-4, 4], [4, 0]]:
    x=11: {t3<b4,t6<b3,t8<b2} [irregular]
    x=15: {t2<b7,t7<b4,t12<b2} [irregular]
    x=19: {t3<b8,t6<b7,t16<b2} [irregular]
  step 4, delta [[8, -2], [-4, 4], [0, 2]]:
    x=11: {t3<b4,t6<b3,t8<b2} [irregular]
    x=15: {t2<b7,t8<b4,t11<b2} [irregular]
    x=19: {t4<b8,t10<b5,t11<b4} [irregular]
  step 4, delta [[8, -2], [-4, 4], [4, 0]]:
    x=11: {t3<b4,t6<b3,t8<b2} [irregular]
    x=15: {t2<b7,t11<b2,t12<b2} [irregular]
    x=19: {t7<b6,t10<b5,t16<b2} [irregular]
  step 4, delta [[0, 2], [0, 2], [0, 2]]:
    x=11: {t3<b4,t6<b3,t8<b2} [irregular]
    x=15: {t3<b6,t6<b5,t8<b4} [irregular]
    x=19: {t3<b8,t6<b7,t8<b6} [irregular]
  step 4, delta [[0, 2], [4, 0], [0, 2]]:
    x=11: {t3<b4,t6<b3,t8<b2} [irregular]
    x=15: {t3<b6,t8<b4,t10<b3} [irregular]
    x=19: {t3<b8,t10<b5,t12<b4} [irregular]
  step 4, delta [[0, 2], [8, -2], [0, 2]]:
    x=11: {t3<b4,t6<b3,t8<b2} [irregular]
    x=15: {t3<b6,t8<b4,t14<b1} [irregular]
    x=19: {t3<b8,t14<b3,t16<b2} [irregular]
  step 4, delta [[0, 2], [4, 0], [4, 0]]:
    x=11: {t3<b4,t6<b3,t8<b2} [irregular]
    x=15: {t3<b6,t10<b3,t12<b2} [irregular]
    x=19: {t3<b8,t14<b3,t16<b2} [irregular]
  step 4, delta [[8, -2], [0, 2], [-4, 4]]:
    x=11: {t3<b4,t6<b3,t8<b2} [irregular]
    x=15: {t4<b6,t6<b5,t11<b2} [irregular]
    x=19: {t6<b7,t7<b6,t12<b4} [irregular]
  step 4, delta [[4, 0], [8, -2], [-4, 4]]:
    x=11: {t3<b4,t6<b3,t8<b2} [irregular]
    x=15: {t4<b6,t7<b4,t14<b1} [irregular]
    x=19: {t8<b6,t10<b5,t15<b2} [irregular]
  step 4, delta [[4, 0], [0, 2], [4, 0]]:
    x=11: {t3<b4,t6<b3,t8<b2} [irregular]
    x=15: {t6<b5,t7<b4,t12<b2} [irregular]
    x=19: {t7<b6,t10<b5,t16<b2} [irregular]
  step 4, delta [[8, -2], [0, 2], [0, 2]]:
    x=11: {t3<b4,t6<b3,t8<b2} [irregular]
    x=15: {t6<b5,t8<b4,t11<b2} [M mod 8 in [2]]
    x=19: {t8<b6,t11<b4,t14<b3} [M mod 8 in [4], M >= 61 (3 sporadic below)]
  step 4, delta [[8, -2], [0, 2], [4, 0]]:
    x=11: {t3<b4,t6<b3,t8<b2} [irregular]
    x=15: {t6<b5,t11<b2,t12<b2} [irregular]
    x=19: {t11<b4,t14<b3,t16<b2} [irregular]
  step 4, delta [[0, 2], [8, -2], [-8, 6]]:
    x=11: {t3<b4,t6<b3,t9<b1} [irregular]
    x=15: {t1<b7,t3<b6,t14<b1} [M mod 8 in [2]]
    x=19: {t1<b9,t6<b7,t11<b4} [irregular]
  step 4, delta [[8, -2], [0, 2], [-8, 6]]:
    x=11: {t3<b4,t6<b3,t9<b1} [irregular]
    x=15: {t1<b7,t6<b5,t11<b2} [irregular]
    x=19: {t3<b8,t6<b7,t9<b5} [irregular]
  step 4, delta [[4, 0], [4, 0], [-8, 6]]:
    x=11: {t3<b4,t6<b3,t9<b1} [irregular]
    x=15: {t1<b7,t7<b4,t10<b3} [irregular]
    x=19: {t2<b9,t5<b7,t11<b4} [irregular]
  step 4, delta [[8, -2], [-4, 4], [-4, 4]]:
    x=11: {t3<b4,t6<b3,t9<b1} [irregular]
    x=15: {t2<b7,t5<b5,t11<b2} [irregular]
    x=19: {t1<b9,t7<b6,t10<b5} [irregular]
  step 4, delta [[4, 0], [-4, 4], [0, 2]]:
    x=11: {t3<b4,t6<b3,t9<b1} [irregular]
    x=15: {t2<b7,t7<b4,t9<b3} [irregular]
    x=19: {t3<b8,t6<b7,t9<b5} [irregular]
  step 4, delta [[4, 0], [-4, 4], [4, 0]]:
    x=11: {t3<b4,t6<b3,t9<b1} [irregular]
    x=15: {t2<b7,t7<b4,t13<b1} [irregular]
    x=19: {t3<b8,t6<b7,t17<b1} [irregular]
  step 4, delta [[8, -2], [-4, 4], [0, 2]]:
    x=11: {t3<b4,t6<b3,t9<b1} [irregular]
    x=15: {t2<b7,t9<b3,t11<b2} [irregular]
    x=19: {t5<b7,t10<b5,t11<b4} [M mod 8 in [2], M >= 19 (0 sporadic below)]
  step 4, delta [[8, -2], [-4, 4], [4, 0]]:
    x=11: {t3<b4,t6<b3,t9<b1} [irregular]
    x=15: {t2<b7,t11<b2,t13<b1} [irregular]
    x=19: {t7<b6,t10<b5,t17<b1} [irregular]
  step 4, delta [[0, 2], [4, 0], [-4, 4]]:
    x=11: {t3<b4,t6<b3,t9<b1} [irregular]
    x=15: {t3<b6,t5<b5,t10<b3} [M mod 8 in [0]]
    x=19: {t3<b8,t6<b7,t9<b5} [irregular]
  step 4, delta [[0, 2], [8, -2], [-4, 4]]:
    x=11: {t3<b4,t6<b3,t9<b1} [irregular]
    x=15: {t3<b6,t5<b5,t14<b1} [irregular]
    x=19: {t3<b8,t10<b5,t13<b3} [irregular]
  step 4, delta [[0, 2], [0, 2], [0, 2]]:
    x=11: {t3<b4,t6<b3,t9<b1} [irregular]
    x=15: {t3<b6,t6<b5,t9<b3} [irregular]
    x=19: {t3<b8,t6<b7,t9<b5} [irregular]
  step 4, delta [[0, 2], [0, 2], [4, 0]]:
    x=11: {t3<b4,t6<b3,t9<b1} [irregular]
    x=15: {t3<b6,t6<b5,t13<b1} [irregular]
    x=19: {t3<b8,t6<b7,t17<b1} [irregular]
  step 4, delta [[0, 2], [4, 0], [0, 2]]:
    x=11: {t3<b4,t6<b3,t9<b1} [irregular]
    x=15: {t3<b6,t9<b3,t10<b3} [irregular]
    x=19: {t3<b8,t10<b5,t13<b3} [irregular]
  step 4, delta [[0, 2], [8, -2], [0, 2]]:
    x=11: {t3<b4,t6<b3,t9<b1} [irregular]
    x=15: {t3<b6,t9<b3,t14<b1} [irregular]
    x=19: {t3<b8,t14<b3,t17<b1} [irregular]
  step 4, delta [[0, 2], [4, 0], [4, 0]]:
    x=11: {t3<b4,t6<b3,t9<b1} [irregular]
    x=15: {t3<b6,t10<b3,t13<b1} [irregular]
    x=19: {t3<b8,t14<b3,t17<b1} [irregular]
  step 4, delta [[8, -2], [4, 0], [-4, 4]]:
    x=11: {t3<b4,t6<b3,t9<b1} [irregular]
    x=15: {t5<b5,t10<b3,t11<b2} [M mod 8 in [0], M >= 57 (3 sporadic below)]
    x=19: {t7<b6,t13<b3,t14<b3} [irregular]
  step 4, delta [[4, 0], [0, 2], [4, 0]]:
    x=11: {t3<b4,t6<b3,t9<b1} [irregular]
    x=15: {t6<b5,t7<b4,t13<b1} [irregular]
    x=19: {t7<b6,t10<b5,t17<b1} [irregular]
  step 4, delta [[8, -2], [0, 2], [4, 0]]:
    x=11: {t3<b4,t6<b3,t9<b1} [irregular]
    x=15: {t6<b5,t11<b2,t13<b1} [irregular]
    x=19: {t11<b4,t14<b3,t17<b1} [irregular]
  step 4, delta [[4, 0], [8, -2], [0, 2]]:
    x=11: {t3<b4,t6<b3,t9<b1} [irregular]
    x=15: {t7<b4,t9<b3,t14<b1} [M mod 8 in [2], M >= 19 (0 sporadic below)]
    x=19: {t11<b4,t14<b3,t17<b1} [irregular]
  step 4, delta [[0, 2], [0, 2], [0, 2]]:
    x=11: {t3<b4,t7<b2,t10<b1} [irregular]
    x=15: {t3<b6,t7<b4,t10<b3} [irregular]
    x=19: {t3<b8,t7<b6,t10<b5} [irregular]
  step 4, delta [[0, 2], [4, 0], [4, 0]]:
    x=11: {t3<b4,t7<b2,t10<b1} [irregular]
    x=15: {t3<b6,t11<b2,t14<b1} [irregular]
    x=19: {t3<b8,t15<b2,t18<b1} [irregular]
  step 4, delta [[8, -2], [-4, 4], [4, 0]]:
    x=11: {t3<b4,t7<b2,t10<b1} [irregular]
    x=15: {t3<b6,t11<b2,t14<b1} [irregular]
    x=19: {t7<b6,t11<b4,t18<b1} [irregular]
  step 4, delta [[8, -2], [-8, 6], [0, 2]]:
    x=11: {t3<b4,t8<b2,t9<b1} [M mod 8 in [5], M >= 70 (1 sporadic below)]
    x=15: {t0<b8,t9<b3,t11<b2} [irregular]
    x=19: {t1<b9,t8<b6,t11<b4} [irregular]
  step 4, delta [[8, -2], [-8, 6], [4, 0]]:
    x=11: {t3<b4,t8<b2,t9<b1} [M mod 8 in [5], M >= 70 (1 sporadic below)]
    x=15: {t0<b8,t11<b2,t13<b1} [irregular]
    x=19: {t3<b8,t8<b6,t17<b1} [M mod 8 in [1], M >= 18 (0 sporadic below)]
  step 4, delta [[0, 2], [4, 0], [-8, 6]]:
    x=11: {t3<b4,t8<b2,t9<b1} [M mod 8 in [5], M >= 70 (1 sporadic below)]
    x=15: {t1<b7,t3<b6,t12<b2} [irregular]
    x=19: {t1<b9,t4<b8,t7<b6} [irregular]
  step 4, delta [[4, 0], [0, 2], [-8, 6]]:
    x=11: {t3<b4,t8<b2,t9<b1} [M mod 8 in [5], M >= 70 (1 sporadic below)]
    x=15: {t1<b7,t7<b4,t8<b4} [irregular]
    x=19: {t0<b10,t5<b7,t7<b6} [irregular]
  step 4, delta [[8, -2], [0, 2], [-8, 6]]:
    x=11: {t3<b4,t8<b2,t9<b1} [M mod 8 in [5], M >= 70 (1 sporadic below)]
    x=15: {t1<b7,t8<b4,t11<b2} [irregular]
    x=19: {t3<b8,t8<b6,t9<b5} [M mod 8 in [1], M >= 18 (0 sporadic below)]
  step 4, delta [[8, -2], [4, 0], [-8, 6]]:
    x=11: {t3<b4,t8<b2,t9<b1} [M mod 8 in [5], M >= 70 (1 sporadic below)]
    x=15: {t1<b7,t11<b2,t12<b2} [irregular]
    x=19: {t4<b8,t9<b5,t15<b2} [irregular]
  step 4, delta [[0, 2], [4, 0], [-4, 4]]:
    x=11: {t3<b4,t8<b2,t9<b1} [M mod 8 in [5], M >= 70 (1 sporadic below)]
    x=15: {t3<b6,t5<b5,t12<b2} [irregular]
    x=19: {t3<b8,t8<b6,t9<b5} [M mod 8 in [1], M >= 18 (0 sporadic below)]
  step 4, delta [[0, 2], [0, 2], [0, 2]]:
    x=11: {t3<b4,t8<b2,t9<b1} [M mod 8 in [5], M >= 70 (1 sporadic below)]
    x=15: {t3<b6,t8<b4,t9<b3} [M mod 8 in [7], M >= 64 (1 sporadic below)]
    x=19: {t3<b8,t8<b6,t9<b5} [M mod 8 in [1], M >= 18 (0 sporadic below)]
  step 4, delta [[0, 2], [0, 2], [4, 0]]:
    x=11: {t3<b4,t8<b2,t9<b1} [M mod 8 in [5], M >= 70 (1 sporadic below)]
    x=15: {t3<b6,t8<b4,t13<b1} [irregular]
    x=19: {t3<b8,t8<b6,t17<b1} [M mod 8 in [1], M >= 18 (0 sporadic below)]
  step 4, delta [[4, 0], [-4, 4], [0, 2]]:
    x=11: {t3<b4,t8<b2,t9<b1} [M mod 8 in [5], M >= 70 (1 sporadic below)]
    x=15: {t4<b6,t7<b4,t9<b3} [irregular]
    x=19: {t3<b8,t8<b6,t9<b5} [M mod 8 in [1], M >= 18 (0 sporadic below)]
  step 4, delta [[4, 0], [-4, 4], [4, 0]]:
    x=11: {t3<b4,t8<b2,t9<b1} [M mod 8 in [5], M >= 70 (1 sporadic below)]
    x=15: {t4<b6,t7<b4,t13<b1} [irregular]
    x=19: {t3<b8,t8<b6,t17<b1} [M mod 8 in [1], M >= 18 (0 sporadic below)]
  step 4, delta [[8, -2], [-4, 4], [4, 0]]:
    x=11: {t3<b4,t8<b2,t9<b1} [M mod 8 in [5], M >= 70 (1 sporadic below)]
    x=15: {t4<b6,t11<b2,t13<b1} [irregular]
    x=19: {t7<b6,t12<b4,t17<b1} [irregular]
  step 4, delta [[4, 0], [0, 2], [-4, 4]]:
    x=11: {t3<b4,t8<b2,t9<b1} [M mod 8 in [5], M >= 70 (1 sporadic below)]
    x=15: {t5<b5,t7<b4,t8<b4} [irregular]
    x=19: {t4<b8,t7<b6,t9<b5} [M mod 8 in [7]]
  step 4, delta [[8, -2], [0, 2], [0, 2]]:
    x=11: {t3<b4,t8<b2,t9<b1} [M mod 8 in [5], M >= 70 (1 sporadic below)]
    x=15: {t8<b4,t9<b3,t11<b2} [irregular]
    x=19: {t9<b5,t11<b4,t16<b2} [irregular]
  step 4, delta [[8, -2], [0, 2], [4, 0]]:
    x=11: {t3<b4,t8<b2,t9<b1} [M mod 8 in [5], M >= 70 (1 sporadic below)]
    x=15: {t8<b4,t11<b2,t13<b1} [M mod 8 in [7], M >= 56 (3 sporadic below)]
    x=19: {t11<b4,t16<b2,t17<b1} [M mod 8 in [5], M >= 30 (0 sporadic below)]
  step 4, delta [[8, -2], [4, 0], [0, 2]]:
    x=11: {t3<b4,t8<b2,t9<b1} [M mod 8 in [5], M >= 70 (1 sporadic below)]
    x=15: {t9<b3,t11<b2,t12<b2} [irregular]
    x=19: {t12<b4,t15<b2,t17<b1} [irregular]
  step 4, delta [[8, -2], [-8, 6], [0, 2]]:
    x=11: {t3<b4,t8<b2,t10<b1} [irregular]
    x=15: {t0<b8,t10<b3,t11<b2} [M mod 8 in [2], M >= 67 (1 sporadic below)]
    x=19: {t2<b9,t8<b6,t11<b4} [irregular]
  step 4, delta [[8, -2], [-8, 6], [4, 0]]:
    x=11: {t3<b4,t8<b2,t10<b1} [irregular]
    x=15: {t0<b8,t11<b2,t14<b1} [irregular]
    x=19: {t3<b8,t8<b6,t18<b1} [irregular]
  step 4, delta [[8, -2], [-4, 4], [-8, 6]]:
    x=11: {t3<b4,t8<b2,t10<b1} [irregular]
    x=15: {t2<b7,t4<b6,t11<b2} [irregular]
    x=19: {t0<b10,t3<b8,t10<b5} [irregular]
  step 4, delta [[4, 0], [4, 0], [-8, 6]]:
    x=11: {t3<b4,t8<b2,t10<b1} [irregular]
    x=15: {t2<b7,t7<b4,t12<b2} [irregular]
    x=19: {t4<b8,t6<b7,t11<b4} [irregular]
  step 4, delta [[8, -2], [0, 2], [-8, 6]]:
    x=11: {t3<b4,t8<b2,t10<b1} [irregular]
    x=15: {t2<b7,t8<b4,t11<b2} [irregular]
    x=19: {t3<b8,t8<b6,t10<b5} [irregular]
  step 4, delta [[8, -2], [4, 0], [-8, 6]]:
    x=11: {t3<b4,t8<b2,t10<b1} [irregular]
    x=15: {t2<b7,t11<b2,t12<b2} [irregular]
    x=19: {t4<b8,t10<b5,t15<b2} [irregular]
  step 4, delta [[0, 2], [0, 2], [0, 2]]:
    x=11: {t3<b4,t8<b2,t10<b1} [irregular]
    x=15: {t3<b6,t8<b4,t10<b3} [irregular]
    x=19: {t3<b8,t8<b6,t10<b5} [irregular]
  step 4, delta [[0, 2], [0, 2], [4, 0]]:
    x=11: {t3<b4,t8<b2,t10<b1} [irregular]
    x=15: {t3<b6,t8<b4,t14<b1} [irregular]
    x=19: {t3<b8,t8<b6,t18<b1} [irregular]
  step 4, delta [[0, 2], [4, 0], [0, 2]]:
    x=11: {t3<b4,t8<b2,t10<b1} [irregular]
    x=15: {t3<b6,t10<b3,t12<b2} [irregular]
    x=19: {t3<b8,t12<b4,t14<b3} [irregular]
  step 4, delta [[0, 2], [4, 0], [4, 0]]:
    x=11: {t3<b4,t8<b2,t10<b1} [irregular]
    x=15: {t3<b6,t12<b2,t14<b1} [irregular]
    x=19: {t3<b8,t16<b2,t18<b1} [irregular]
  step 4, delta [[8, -2], [-4, 4], [-4, 4]]:
    x=11: {t3<b4,t8<b2,t10<b1} [irregular]
    x=15: {t4<b6,t6<b5,t11<b2} [irregular]
    x=19: {t2<b9,t7<b6,t12<b4} [irregular]
  step 4, delta [[4, 0], [-4, 4], [0, 2]]:
    x=11: {t3<b4,t8<b2,t10<b1} [irregular]
    x=15: {t4<b6,t7<b4,t10<b3} [M mod 8 in [0], M >= 65 (1 sporadic below)]
    x=19: {t3<b8,t8<b6,t10<b5} [irregular]
  step 4, delta [[4, 0], [-4, 4], [4, 0]]:
    x=11: {t3<b4,t8<b2,t10<b1} [irregular]
    x=15: {t4<b6,t7<b4,t14<b1} [irregular]
    x=19: {t3<b8,t8<b6,t18<b1} [irregular]
  step 4, delta [[4, 0], [0, 2], [-4, 4]]:
    x=11: {t3<b4,t8<b2,t10<b1} [irregular]
    x=15: {t6<b5,t7<b4,t8<b4} [irregular]
    x=19: {t4<b8,t7<b6,t10<b5} [M mod 8 in [2], M >= 19 (0 sporadic below)]
  step 4, delta [[8, -2], [0, 2], [4, 0]]:
    x=11: {t3<b4,t8<b2,t10<b1} [irregular]
    x=15: {t8<b4,t11<b2,t14<b1} [M mod 8 in [2], M >= 59 (3 sporadic below)]
    x=19: {t11<b4,t16<b2,t18<b1} [irregular]
  step 4, delta [[8, -2], [4, 0], [0, 2]]:
    x=11: {t3<b4,t8<b2,t10<b1} [irregular]
    x=15: {t10<b3,t11<b2,t12<b2} [irregular]
    x=19: {t12<b4,t15<b2,t18<b1} [M mod 8 in [6], M >= 31 (0 sporadic below)]
  step 4, delta [[8, -2], [-8, 6], [4, 0]]:
    x=11: {t3<b4,t9<b1,t10<b1} [irregular]
    x=15: {t1<b7,t11<b2,t14<b1} [M mod 8 in [2], M >= 67 (1 sporadic below)]
    x=19: {t3<b8,t9<b5,t18<b1} [irregular]
  step 4, delta [[0, 2], [4, 0], [-8, 6]]:
    x=11: {t3<b4,t9<b1,t10<b1} [irregular]
    x=15: {t2<b7,t3<b6,t13<b1} [irregular]
    x=19: {t2<b9,t5<b7,t7<b6} [M mod 8 in [6]]
  step 4, delta [[8, -2], [-4, 4], [-8, 6]]:
    x=11: {t3<b4,t9<b1,t10<b1} [irregular]
    x=15: {t2<b7,t5<b5,t11<b2} [irregular]
    x=19: {t1<b9,t3<b8,t10<b5} [irregular]
  step 4, delta [[8, -2], [0, 2], [-8, 6]]:
    x=11: {t3<b4,t9<b1,t10<b1} [irregular]
    x=15: {t2<b7,t9<b3,t11<b2} [irregular]
    x=19: {t3<b8,t9<b5,t10<b5} [irregular]
  step 4, delta [[8, -2], [4, 0], [-8, 6]]:
    x=11: {t3<b4,t9<b1,t10<b1} [irregular]
    x=15: {t2<b7,t11<b2,t13<b1} [irregular]
    x=19: {t5<b7,t10<b5,t15<b2} [irregular]
  step 4, delta [[0, 2], [-4, 4], [0, 2]]:
    x=11: {t3<b4,t9<b1,t10<b1} [irregular]
    x=15: {t3<b6,t5<b5,t10<b3} [M mod 8 in [0]]
    x=19: {t1<b9,t3<b8,t10<b5} [irregular]
  step 4, delta [[0, 2], [-4, 4], [4, 0]]:
    x=11: {t3<b4,t9<b1,t10<b1} [irregular]
    x=15: {t3<b6,t5<b5,t14<b1} [irregular]
    x=19: {t1<b9,t3<b8,t18<b1} [irregular]
  step 4, delta [[0, 2], [4, 0], [-4, 4]]:
    x=11: {t3<b4,t9<b1,t10<b1} [irregular]
    x=15: {t3<b6,t6<b5,t13<b1} [irregular]
    x=19: {t3<b8,t9<b5,t10<b5} [irregular]
  step 4, delta [[0, 2], [0, 2], [0, 2]]:
    x=11: {t3<b4,t9<b1,t10<b1} [irregular]
    x=15: {t3<b6,t9<b3,t10<b3} [irregular]
    x=19: {t3<b8,t9<b5,t10<b5} [irregular]
  step 4, delta [[0, 2], [0, 2], [4, 0]]:
    x=11: {t3<b4,t9<b1,t10<b1} [irregular]
    x=15: {t3<b6,t9<b3,t14<b1} [irregular]
    x=19: {t3<b8,t9<b5,t18<b1} [irregular]
  step 4, delta [[0, 2], [4, 0], [0, 2]]:
    x=11: {t3<b4,t9<b1,t10<b1} [irregular]
    x=15: {t3<b6,t10<b3,t13<b1} [irregular]
    x=19: {t3<b8,t13<b3,t14<b3} [irregular]
  step 4, delta [[0, 2], [4, 0], [4, 0]]:
    x=11: {t3<b4,t9<b1,t10<b1} [irregular]
    x=15: {t3<b6,t13<b1,t14<b1} [irregular]
    x=19: {t3<b8,t17<b1,t18<b1} [irregular]
  step 4, delta [[4, 0], [-4, 4], [0, 2]]:
    x=11: {t3<b4,t9<b1,t10<b1} [irregular]
    x=15: {t5<b5,t7<b4,t10<b3} [irregular]
    x=19: {t3<b8,t9<b5,t10<b5} [irregular]
  step 4, delta [[4, 0], [-4, 4], [4, 0]]:
    x=11: {t3<b4,t9<b1,t10<b1} [irregular]
    x=15: {t5<b5,t7<b4,t14<b1} [irregular]
    x=19: {t3<b8,t9<b5,t18<b1} [irregular]
  step 4, delta [[4, 0], [0, 2], [-4, 4]]:
    x=11: {t3<b4,t9<b1,t10<b1} [irregular]
    x=15: {t6<b5,t7<b4,t9<b3} [irregular]
    x=19: {t5<b7,t7<b6,t10<b5} [irregular]
  step 4, delta [[8, -2], [0, 2], [-4, 4]]:
    x=11: {t3<b4,t9<b1,t10<b1} [irregular]
    x=15: {t6<b5,t9<b3,t11<b2} [irregular]
    x=19: {t7<b6,t9<b5,t14<b3} [M mod 8 in [4], M >= 21 (0 sporadic below)]
  step 4, delta [[8, -2], [4, 0], [-4, 4]]:
    x=11: {t3<b4,t9<b1,t10<b1} [irregular]
    x=15: {t6<b5,t11<b2,t13<b1} [irregular]
    x=19: {t9<b5,t14<b3,t15<b2} [M mod 8 in [4], M >= 61 (2 sporadic below)]
  step 4, delta [[4, 0], [0, 2], [4, 0]]:
    x=11: {t3<b4,t9<b1,t10<b1} [irregular]
    x=15: {t7<b4,t9<b3,t14<b1} [M mod 8 in [2], M >= 19 (0 sporadic below)]
    x=19: {t9<b5,t11<b4,t18<b1} [irregular]
  step 4, delta [[4, 0], [4, 0], [0, 2]]:
    x=11: {t3<b4,t9<b1,t10<b1} [irregular]
    x=15: {t7<b4,t10<b3,t13<b1} [irregular]
    x=19: {t11<b4,t13<b3,t14<b3} [irregular]
  step 4, delta [[8, -2], [4, 0], [0, 2]]:
    x=11: {t3<b4,t9<b1,t10<b1} [irregular]
    x=15: {t10<b3,t11<b2,t13<b1} [irregular]
    x=19: {t13<b3,t15<b2,t18<b1} [irregular]
  step 4, delta [[4, 0], [-4, 4], [0, 2]]:
    x=11: {t4<b4,t5<b3,t10<b1} [irregular]
    x=15: {t1<b7,t8<b4,t10<b3} [irregular]
    x=19: {t4<b8,t5<b7,t10<b5} [irregular]
  step 4, delta [[4, 0], [-4, 4], [4, 0]]:
    x=11: {t4<b4,t5<b3,t10<b1} [irregular]
    x=15: {t1<b7,t8<b4,t14<b1} [irregular]
    x=19: {t4<b8,t5<b7,t18<b1} [irregular]
  step 4, delta [[8, -2], [-4, 4], [0, 2]]:
    x=11: {t4<b4,t5<b3,t10<b1} [irregular]
    x=15: {t1<b7,t10<b3,t12<b2} [irregular]
    x=19: {t6<b7,t9<b5,t12<b4} [M mod 8 in [3], M >= 20 (0 sporadic below)]
  step 4, delta [[0, 2], [8, -2], [-8, 6]]:
    x=11: {t4<b4,t5<b3,t10<b1} [irregular]
    x=15: {t2<b7,t4<b6,t13<b1} [M mod 8 in [3]]
    x=19: {t2<b9,t5<b7,t12<b4} [irregular]
  step 4, delta [[8, -2], [0, 2], [-8, 6]]:
    x=11: {t4<b4,t5<b3,t10<b1} [irregular]
    x=15: {t2<b7,t5<b5,t12<b2} [irregular]
    x=19: {t4<b8,t5<b7,t10<b5} [irregular]
  step 4, delta [[0, 2], [0, 2], [0, 2]]:
    x=11: {t4<b4,t5<b3,t10<b1} [irregular]
    x=15: {t4<b6,t5<b5,t10<b3} [irregular]
    x=19: {t4<b8,t5<b7,t10<b5} [irregular]
  step 4, delta [[0, 2], [4, 0], [-4, 4]]:
    x=11: {t4<b4,t5<b3,t10<b1} [irregular]
    x=15: {t4<b6,t6<b5,t9<b3} [M mod 8 in [1]]
    x=19: {t4<b8,t5<b7,t10<b5} [irregular]
  step 4, delta [[0, 2], [8, -2], [-4, 4]]:
    x=11: {t4<b4,t5<b3,t10<b1} [irregular]
    x=15: {t4<b6,t6<b5,t13<b1} [irregular]
    x=19: {t4<b8,t9<b5,t14<b3} [irregular]
  step 4, delta [[0, 2], [4, 0], [0, 2]]:
    x=11: {t4<b4,t5<b3,t10<b1} [irregular]
    x=15: {t4<b6,t9<b3,t10<b3} [irregular]
    x=19: {t4<b8,t10<b5,t13<b3} [irregular]
  step 4, delta [[0, 2], [4, 0], [4, 0]]:
    x=11: {t4<b4,t5<b3,t10<b1} [irregular]
    x=15: {t4<b6,t9<b3,t14<b1} [irregular]
    x=19: {t4<b8,t13<b3,t18<b1} [irregular]
  step 4, delta [[0, 2], [8, -2], [0, 2]]:
    x=11: {t4<b4,t5<b3,t10<b1} [irregular]
    x=15: {t4<b6,t10<b3,t13<b1} [irregular]
    x=19: {t4<b8,t13<b3,t18<b1} [irregular]
  step 4, delta [[8, -2], [0, 2], [4, 0]]:
    x=11: {t4<b4,t5<b3,t10<b1} [irregular]
    x=15: {t5<b5,t12<b2,t14<b1} [irregular]
    x=19: {t12<b4,t13<b3,t18<b1} [irregular]
  step 4, delta [[8, -2], [4, 0], [-4, 4]]:
    x=11: {t4<b4,t5<b3,t10<b1} [irregular]
    x=15: {t6<b5,t9<b3,t12<b2} [M mod 8 in [1], M >= 58 (3 sporadic below)]
    x=19: {t8<b6,t13<b3,t14<b3} [irregular]
  step 4, delta [[4, 0], [8, -2], [0, 2]]:
    x=11: {t4<b4,t5<b3,t10<b1} [irregular]
    x=15: {t8<b4,t10<b3,t13<b1} [irregular]
    x=19: {t12<b4,t13<b3,t18<b1} [irregular]
  step 4, delta [[0, 2], [8, -2], [-8, 6]]:
    x=11: {t4<b4,t6<b3,t9<b1} [M mod 8 in [7]]
    x=15: {t1<b7,t4<b6,t14<b1} [irregular]
    x=19: {t1<b9,t6<b7,t12<b4} [irregular]
  step 4, delta [[8, -2], [0, 2], [-8, 6]]:
    x=11: {t4<b4,t6<b3,t9<b1} [M mod 8 in [7]]
    x=15: {t1<b7,t6<b5,t12<b2} [irregular]
    x=19: {t4<b8,t6<b7,t9<b5} [M mod 8 in [3], M >= 20 (0 sporadic below)]
  step 4, delta [[4, 0], [4, 0], [-8, 6]]:
    x=11: {t4<b4,t6<b3,t9<b1} [M mod 8 in [7]]
    x=15: {t1<b7,t8<b4,t10<b3} [irregular]
    x=19: {t2<b9,t5<b7,t12<b4} [irregular]
  step 4, delta [[8, -2], [4, 0], [-8, 6]]:
    x=11: {t4<b4,t6<b3,t9<b1} [M mod 8 in [7]]
    x=15: {t1<b7,t10<b3,t12<b2} [irregular]
    x=19: {t4<b8,t9<b5,t14<b3} [irregular]
  step 4, delta [[0, 2], [-4, 4], [4, 0]]:
    x=11: {t4<b4,t6<b3,t9<b1} [M mod 8 in [7]]
    x=15: {t2<b7,t4<b6,t13<b1} [M mod 8 in [3]]
    x=19: {t0<b10,t2<b9,t17<b1} [irregular]
  step 4, delta [[8, -2], [-4, 4], [-4, 4]]:
    x=11: {t4<b4,t6<b3,t9<b1} [M mod 8 in [7]]
    x=15: {t2<b7,t5<b5,t12<b2} [irregular]
    x=19: {t1<b9,t8<b6,t10<b5} [irregular]
  step 4, delta [[4, 0], [-4, 4], [4, 0]]:
    x=11: {t4<b4,t6<b3,t9<b1} [M mod 8 in [7]]
    x=15: {t2<b7,t8<b4,t13<b1} [irregular]
    x=19: {t4<b8,t6<b7,t17<b1} [irregular]
  step 4, delta [[8, -2], [-4, 4], [4, 0]]:
    x=11: {t4<b4,t6<b3,t9<b1} [M mod 8 in [7]]
    x=15: {t2<b7,t12<b2,t13<b1} [M mod 8 in [3], M >= 60 (2 sporadic below)]
    x=19: {t8<b6,t10<b5,t17<b1} [irregular]
  step 4, delta [[0, 2], [4, 0], [-4, 4]]:
    x=11: {t4<b4,t6<b3,t9<b1} [M mod 8 in [7]]
    x=15: {t4<b6,t5<b5,t10<b3} [irregular]
    x=19: {t4<b8,t6<b7,t9<b5} [M mod 8 in [3], M >= 20 (0 sporadic below)]
  step 4, delta [[0, 2], [0, 2], [0, 2]]:
    x=11: {t4<b4,t6<b3,t9<b1} [M mod 8 in [7]]
    x=15: {t4<b6,t6<b5,t9<b3} [M mod 8 in [1]]
    x=19: {t4<b8,t6<b7,t9<b5} [M mod 8 in [3], M >= 20 (0 sporadic below)]
  step 4, delta [[0, 2], [4, 0], [0, 2]]:
    x=11: {t4<b4,t6<b3,t9<b1} [M mod 8 in [7]]
    x=15: {t4<b6,t9<b3,t10<b3} [irregular]
    x=19: {t4<b8,t10<b5,t13<b3} [irregular]
  step 4, delta [[0, 2], [8, -2], [0, 2]]:
    x=11: {t4<b4,t6<b3,t9<b1} [M mod 8 in [7]]
    x=15: {t4<b6,t9<b3,t14<b1} [irregular]
    x=19: {t4<b8,t14<b3,t17<b1} [irregular]
  step 4, delta [[0, 2], [4, 0], [4, 0]]:
    x=11: {t4<b4,t6<b3,t9<b1} [M mod 8 in [7]]
    x=15: {t4<b6,t10<b3,t13<b1} [irregular]
    x=19: {t4<b8,t14<b3,t17<b1} [irregular]
  step 4, delta [[8, -2], [4, 0], [-4, 4]]:
    x=11: {t4<b4,t6<b3,t9<b1} [M mod 8 in [7]]
    x=15: {t5<b5,t10<b3,t12<b2} [irregular]
    x=19: {t8<b6,t13<b3,t14<b3} [irregular]
  step 4, delta [[4, 0], [0, 2], [4, 0]]:
    x=11: {t4<b4,t6<b3,t9<b1} [M mod 8 in [7]]
    x=15: {t6<b5,t8<b4,t13<b1} [irregular]
    x=19: {t8<b6,t10<b5,t17<b1} [irregular]
  step 4, delta [[8, -2], [0, 2], [0, 2]]:
    x=11: {t4<b4,t6<b3,t9<b1} [M mod 8 in [7]]
    x=15: {t6<b5,t9<b3,t12<b2} [M mod 8 in [1], M >= 58 (3 sporadic below)]
    x=19: {t9<b5,t12<b4,t14<b3} [irregular]
  step 4, delta [[4, 0], [8, -2], [0, 2]]:
    x=11: {t4<b4,t6<b3,t9<b1} [M mod 8 in [7]]
    x=15: {t8<b4,t9<b3,t14<b1} [irregular]
    x=19: {t12<b4,t14<b3,t17<b1} [M mod 8 in [7], M >= 24 (0 sporadic below)]
  step 4, delta [[4, 0], [0, 2], [-8, 6]]:
    x=11: {t4<b4,t7<b2,t9<b1} [M mod 8 in [3], M >= 68 (4 sporadic below)]
    x=15: {t1<b7,t7<b4,t8<b4} [irregular]
    x=19: {t0<b10,t5<b7,t7<b6} [irregular]
  step 4, delta [[8, -2], [0, 2], [-8, 6]]:
    x=11: {t4<b4,t7<b2,t9<b1} [M mod 8 in [3], M >= 68 (4 sporadic below)]
    x=15: {t1<b7,t7<b4,t12<b2} [irregular]
    x=19: {t4<b8,t7<b6,t9<b5} [M mod 8 in [7]]
  step 4, delta [[4, 0], [4, 0], [-8, 6]]:
    x=11: {t4<b4,t7<b2,t9<b1} [M mod 8 in [3], M >= 68 (4 sporadic below)]
    x=15: {t1<b7,t8<b4,t11<b2} [irregular]
    x=19: {t3<b8,t5<b7,t12<b4} [irregular]
  step 4, delta [[8, -2], [4, 0], [-8, 6]]:
    x=11: {t4<b4,t7<b2,t9<b1} [M mod 8 in [3], M >= 68 (4 sporadic below)]
    x=15: {t1<b7,t11<b2,t12<b2} [irregular]
    x=19: {t4<b8,t9<b5,t15<b2} [irregular]
  step 4, delta [[8, -2], [-4, 4], [-4, 4]]:
    x=11: {t4<b4,t7<b2,t9<b1} [M mod 8 in [3], M >= 68 (4 sporadic below)]
    x=15: {t3<b6,t5<b5,t12<b2} [irregular]
    x=19: {t1<b9,t8<b6,t11<b4} [irregular]
  step 4, delta [[4, 0], [-4, 4], [0, 2]]:
    x=11: {t4<b4,t7<b2,t9<b1} [M mod 8 in [3], M >= 68 (4 sporadic below)]
    x=15: {t3<b6,t8<b4,t9<b3} [M mod 8 in [7], M >= 64 (1 sporadic below)]
    x=19: {t4<b8,t7<b6,t9<b5} [M mod 8 in [7]]
  step 4, delta [[4, 0], [-4, 4], [4, 0]]:
    x=11: {t4<b4,t7<b2,t9<b1} [M mod 8 in [3], M >= 68 (4 sporadic below)]
    x=15: {t3<b6,t8<b4,t13<b1} [irregular]
    x=19: {t4<b8,t7<b6,t17<b1} [M mod 8 in [7]]
  step 4, delta [[0, 2], [0, 2], [0, 2]]:
    x=11: {t4<b4,t7<b2,t9<b1} [M mod 8 in [3], M >= 68 (4 sporadic below)]
    x=15: {t4<b6,t7<b4,t9<b3} [irregular]
    x=19: {t4<b8,t7<b6,t9<b5} [M mod 8 in [7]]
  step 4, delta [[0, 2], [0, 2], [4, 0]]:
    x=11: {t4<b4,t7<b2,t9<b1} [M mod 8 in [3], M >= 68 (4 sporadic below)]
    x=15: {t4<b6,t7<b4,t13<b1} [irregular]
    x=19: {t4<b8,t7<b6,t17<b1} [M mod 8 in [7]]
  step 4, delta [[0, 2], [4, 0], [4, 0]]:
    x=11: {t4<b4,t7<b2,t9<b1} [M mod 8 in [3], M >= 68 (4 sporadic below)]
    x=15: {t4<b6,t11<b2,t13<b1} [irregular]
    x=19: {t4<b8,t15<b2,t17<b1} [irregular]
  step 4, delta [[4, 0], [0, 2], [-4, 4]]:
    x=11: {t4<b4,t7<b2,t9<b1} [M mod 8 in [3], M >= 68 (4 sporadic below)]
    x=15: {t5<b5,t7<b4,t8<b4} [irregular]
    x=19: {t4<b8,t7<b6,t9<b5} [M mod 8 in [7]]
  step 4, delta [[8, -2], [0, 2], [4, 0]]:
    x=11: {t4<b4,t7<b2,t9<b1} [M mod 8 in [3], M >= 68 (4 sporadic below)]
    x=15: {t7<b4,t12<b2,t13<b1} [M mod 8 in [1], M >= 58 (2 sporadic below)]
    x=19: {t12<b4,t15<b2,t17<b1} [irregular]
  step 4, delta [[8, -2], [4, 0], [0, 2]]:
    x=11: {t4<b4,t7<b2,t9<b1} [M mod 8 in [3], M >= 68 (4 sporadic below)]
    x=15: {t9<b3,t11<b2,t12<b2} [irregular]
    x=19: {t12<b4,t15<b2,t17<b1} [irregular]
  step 4, delta [[0, 2], [4, 0], [-8, 6]]:
    x=11: {t4<b4,t7<b2,t10<b1} [M mod 8 in [6], M >= 71 (1 sporadic below)]
    x=15: {t2<b7,t4<b6,t11<b2} [irregular]
    x=19: {t2<b9,t3<b8,t8<b6} [irregular]
  step 4, delta [[8, -2], [0, 2], [-8, 6]]:
    x=11: {t4<b4,t7<b2,t10<b1} [M mod 8 in [6], M >= 71 (1 sporadic below)]
    x=15: {t2<b7,t7<b4,t12<b2} [irregular]
    x=19: {t4<b8,t7<b6,t10<b5} [M mod 8 in [2], M >= 19 (0 sporadic below)]
  step 4, delta [[8, -2], [4, 0], [-8, 6]]:
    x=11: {t4<b4,t7<b2,t10<b1} [M mod 8 in [6], M >= 71 (1 sporadic below)]
    x=15: {t2<b7,t11<b2,t12<b2} [irregular]
    x=19: {t4<b8,t10<b5,t15<b2} [irregular]
  step 4, delta [[4, 0], [-4, 4], [0, 2]]:
    x=11: {t4<b4,t7<b2,t10<b1} [M mod 8 in [6], M >= 71 (1 sporadic below)]
    x=15: {t3<b6,t8<b4,t10<b3} [irregular]
    x=19: {t4<b8,t7<b6,t10<b5} [M mod 8 in [2], M >= 19 (0 sporadic below)]
  step 4, delta [[4, 0], [-4, 4], [4, 0]]:
    x=11: {t4<b4,t7<b2,t10<b1} [M mod 8 in [6], M >= 71 (1 sporadic below)]
    x=15: {t3<b6,t8<b4,t14<b1} [irregular]
    x=19: {t4<b8,t7<b6,t18<b1} [M mod 8 in [2], M >= 19 (0 sporadic below)]
  step 4, delta [[8, -2], [-4, 4], [0, 2]]:
    x=11: {t4<b4,t7<b2,t10<b1} [M mod 8 in [6], M >= 71 (1 sporadic below)]
    x=15: {t3<b6,t10<b3,t12<b2} [irregular]
    x=19: {t6<b7,t11<b4,t12<b4} [irregular]
  step 4, delta [[8, -2], [-4, 4], [4, 0]]:
    x=11: {t4<b4,t7<b2,t10<b1} [M mod 8 in [6], M >= 71 (1 sporadic below)]
    x=15: {t3<b6,t12<b2,t14<b1} [irregular]
    x=19: {t8<b6,t11<b4,t18<b1} [irregular]
  step 4, delta [[0, 2], [4, 0], [-4, 4]]:
    x=11: {t4<b4,t7<b2,t10<b1} [M mod 8 in [6], M >= 71 (1 sporadic below)]
    x=15: {t4<b6,t6<b5,t11<b2} [irregular]
    x=19: {t4<b8,t7<b6,t10<b5} [M mod 8 in [2], M >= 19 (0 sporadic below)]
  step 4, delta [[0, 2], [0, 2], [0, 2]]:
    x=11: {t4<b4,t7<b2,t10<b1} [M mod 8 in [6], M >= 71 (1 sporadic below)]
    x=15: {t4<b6,t7<b4,t10<b3} [M mod 8 in [0], M >= 65 (1 sporadic below)]
    x=19: {t4<b8,t7<b6,t10<b5} [M mod 8 in [2], M >= 19 (0 sporadic below)]
  step 4, delta [[4, 0], [0, 2], [-4, 4]]:
    x=11: {t4<b4,t7<b2,t10<b1} [M mod 8 in [6], M >= 71 (1 sporadic below)]
    x=15: {t6<b5,t7<b4,t8<b4} [irregular]
    x=19: {t4<b8,t7<b6,t10<b5} [M mod 8 in [2], M >= 19 (0 sporadic below)]
  step 4, delta [[8, -2], [0, 2], [0, 2]]:
    x=11: {t4<b4,t7<b2,t10<b1} [M mod 8 in [6], M >= 71 (1 sporadic below)]
    x=15: {t7<b4,t10<b3,t12<b2} [irregular]
    x=19: {t10<b5,t12<b4,t15<b2} [irregular]
  step 4, delta [[8, -2], [0, 2], [4, 0]]:
    x=11: {t4<b4,t7<b2,t10<b1} [M mod 8 in [6], M >= 71 (1 sporadic below)]
    x=15: {t7<b4,t12<b2,t14<b1} [irregular]
    x=19: {t12<b4,t15<b2,t18<b1} [M mod 8 in [6], M >= 31 (0 sporadic below)]
  step 4, delta [[8, -2], [4, 0], [0, 2]]:
    x=11: {t4<b4,t7<b2,t10<b1} [M mod 8 in [6], M >= 71 (1 sporadic below)]
    x=15: {t10<b3,t11<b2,t12<b2} [irregular]
    x=19: {t12<b4,t15<b2,t18<b1} [M mod 8 in [6], M >= 31 (0 sporadic below)]
  step 4, delta [[4, 0], [-8, 6], [0, 2]]:
    x=11: {t4<b4,t8<b2,t9<b1} [irregular]
    x=15: {t0<b8,t8<b4,t9<b3} [irregular]
    x=19: {t0<b10,t4<b8,t9<b5} [irregular]
  step 4, delta [[4, 0], [-8, 6], [4, 0]]:
    x=11: {t4<b4,t8<b2,t9<b1} [irregular]
    x=15: {t0<b8,t8<b4,t13<b1} [irregular]
    x=19: {t0<b10,t4<b8,t17<b1} [irregular]
  step 4, delta [[8, -2], [-8, 6], [4, 0]]:
    x=11: {t4<b4,t8<b2,t9<b1} [irregular]
    x=15: {t0<b8,t12<b2,t13<b1} [irregular]
    x=19: {t4<b8,t8<b6,t17<b1} [irregular]
  step 4, delta [[0, 2], [0, 2], [0, 2]]:
    x=11: {t4<b4,t8<b2,t9<b1} [irregular]
    x=15: {t4<b6,t8<b4,t9<b3} [irregular]
    x=19: {t4<b8,t8<b6,t9<b5} [irregular]
  step 4, delta [[0, 2], [4, 0], [4, 0]]:
    x=11: {t4<b4,t8<b2,t9<b1} [irregular]
    x=15: {t4<b6,t12<b2,t13<b1} [irregular]
    x=19: {t4<b8,t16<b2,t17<b1} [irregular]
  step 4, delta [[8, -2], [-4, 4], [4, 0]]:
    x=11: {t4<b4,t8<b2,t9<b1} [irregular]
    x=15: {t4<b6,t12<b2,t13<b1} [irregular]
    x=19: {t8<b6,t12<b4,t17<b1} [irregular]
  step 4, delta [[4, 0], [-8, 6], [0, 2]]:
    x=11: {t4<b4,t9<b1,t10<b1} [irregular]
    x=15: {t1<b7,t8<b4,t10<b3} [irregular]
    x=19: {t0<b10,t5<b7,t10<b5} [irregular]
  step 4, delta [[4, 0], [-8, 6], [4, 0]]:
    x=11: {t4<b4,t9<b1,t10<b1} [irregular]
    x=15: {t1<b7,t8<b4,t14<b1} [irregular]
    x=19: {t0<b10,t5<b7,t18<b1} [irregular]
  step 4, delta [[8, -2], [-8, 6], [4, 0]]:
    x=11: {t4<b4,t9<b1,t10<b1} [irregular]
    x=15: {t1<b7,t12<b2,t14<b1} [irregular]
    x=19: {t4<b8,t9<b5,t18<b1} [irregular]
  step 4, delta [[0, 2], [4, 0], [-8, 6]]:
    x=11: {t4<b4,t9<b1,t10<b1} [irregular]
    x=15: {t2<b7,t4<b6,t13<b1} [M mod 8 in [3]]
    x=19: {t2<b9,t5<b7,t8<b6} [M mod 8 in [1], M >= 18 (0 sporadic below)]
  step 4, delta [[4, 0], [-4, 4], [-8, 6]]:
    x=11: {t4<b4,t9<b1,t10<b1} [irregular]
    x=15: {t2<b7,t5<b5,t8<b4} [M mod 8 in [7]]
    x=19: {t0<b10,t1<b9,t6<b7} [irregular]
  step 4, delta [[8, -2], [-4, 4], [-8, 6]]:
    x=11: {t4<b4,t9<b1,t10<b1} [irregular]
    x=15: {t2<b7,t5<b5,t12<b2} [irregular]
    x=19: {t1<b9,t4<b8,t10<b5} [irregular]
  step 4, delta [[8, -2], [4, 0], [-8, 6]]:
    x=11: {t4<b4,t9<b1,t10<b1} [irregular]
    x=15: {t2<b7,t12<b2,t13<b1} [M mod 8 in [3], M >= 60 (2 sporadic below)]
    x=19: {t5<b7,t10<b5,t16<b2} [irregular]
  step 4, delta [[0, 2], [-4, 4], [0, 2]]:
    x=11: {t4<b4,t9<b1,t10<b1} [irregular]
    x=15: {t4<b6,t5<b5,t10<b3} [irregular]
    x=19: {t1<b9,t4<b8,t10<b5} [irregular]
  step 4, delta [[0, 2], [4, 0], [-4, 4]]:
    x=11: {t4<b4,t9<b1,t10<b1} [irregular]
    x=15: {t4<b6,t6<b5,t13<b1} [irregular]
    x=19: {t4<b8,t9<b5,t10<b5} [irregular]
  step 4, delta [[0, 2], [0, 2], [0, 2]]:
    x=11: {t4<b4,t9<b1,t10<b1} [irregular]
    x=15: {t4<b6,t9<b3,t10<b3} [irregular]
    x=19: {t4<b8,t9<b5,t10<b5} [irregular]
  step 4, delta [[0, 2], [4, 0], [0, 2]]:
    x=11: {t4<b4,t9<b1,t10<b1} [irregular]
    x=15: {t4<b6,t10<b3,t13<b1} [irregular]
    x=19: {t4<b8,t13<b3,t14<b3} [irregular]
  step 4, delta [[0, 2], [4, 0], [4, 0]]:
    x=11: {t4<b4,t9<b1,t10<b1} [irregular]
    x=15: {t4<b6,t13<b1,t14<b1} [irregular]
    x=19: {t4<b8,t17<b1,t18<b1} [irregular]
  step 4, delta [[4, 0], [-4, 4], [0, 2]]:
    x=11: {t4<b4,t9<b1,t10<b1} [irregular]
    x=15: {t5<b5,t8<b4,t10<b3} [irregular]
    x=19: {t4<b8,t9<b5,t10<b5} [irregular]
  step 4, delta [[4, 0], [-4, 4], [4, 0]]:
    x=11: {t4<b4,t9<b1,t10<b1} [irregular]
    x=15: {t5<b5,t8<b4,t14<b1} [irregular]
    x=19: {t4<b8,t9<b5,t18<b1} [irregular]
  step 4, delta [[8, -2], [-4, 4], [4, 0]]:
    x=11: {t4<b4,t9<b1,t10<b1} [irregular]
    x=15: {t5<b5,t12<b2,t14<b1} [irregular]
    x=19: {t8<b6,t13<b3,t18<b1} [irregular]
  step 4, delta [[4, 0], [0, 2], [-4, 4]]:
    x=11: {t4<b4,t9<b1,t10<b1} [irregular]
    x=15: {t6<b5,t8<b4,t9<b3} [irregular]
    x=19: {t5<b7,t8<b6,t10<b5} [irregular]
  step 4, delta [[8, -2], [0, 2], [-4, 4]]:
    x=11: {t4<b4,t9<b1,t10<b1} [irregular]
    x=15: {t6<b5,t9<b3,t12<b2} [M mod 8 in [1], M >= 58 (3 sporadic below)]
    x=19: {t8<b6,t9<b5,t14<b3} [irregular]
  step 4, delta [[8, -2], [0, 2], [4, 0]]:
    x=11: {t4<b4,t9<b1,t10<b1} [irregular]
    x=15: {t9<b3,t12<b2,t14<b1} [irregular]
    x=19: {t12<b4,t17<b1,t18<b1} [irregular]
  step 4, delta [[8, -2], [0, 2], [-8, 6]]:
    x=11: {t5<b3,t7<b2,t10<b1} [irregular]
    x=15: {t2<b7,t7<b4,t13<b1} [irregular]
    x=19: {t5<b7,t7<b6,t10<b5} [irregular]
  step 4, delta [[8, -2], [4, 0], [-8, 6]]:
    x=11: {t5<b3,t7<b2,t10<b1} [irregular]
    x=15: {t2<b7,t11<b2,t13<b1} [irregular]
    x=19: {t5<b7,t10<b5,t15<b2} [irregular]
  step 4, delta [[0, 2], [-4, 4], [0, 2]]:
    x=11: {t5<b3,t7<b2,t10<b1} [irregular]
    x=15: {t3<b6,t5<b5,t10<b3} [M mod 8 in [0]]
    x=19: {t1<b9,t3<b8,t10<b5} [irregular]
  step 4, delta [[0, 2], [-4, 4], [4, 0]]:
    x=11: {t5<b3,t7<b2,t10<b1} [irregular]
    x=15: {t3<b6,t5<b5,t14<b1} [irregular]
    x=19: {t1<b9,t3<b8,t18<b1} [irregular]
  step 4, delta [[4, 0], [-4, 4], [0, 2]]:
    x=11: {t5<b3,t7<b2,t10<b1} [irregular]
    x=15: {t3<b6,t9<b3,t10<b3} [irregular]
    x=19: {t5<b7,t7<b6,t10<b5} [irregular]
  step 4, delta [[4, 0], [-4, 4], [4, 0]]:
    x=11: {t5<b3,t7<b2,t10<b1} [irregular]
    x=15: {t3<b6,t9<b3,t14<b1} [irregular]
    x=19: {t5<b7,t7<b6,t18<b1} [M mod 8 in [6]]
  step 4, delta [[8, -2], [-4, 4], [0, 2]]:
    x=11: {t5<b3,t7<b2,t10<b1} [irregular]
    x=15: {t3<b6,t10<b3,t13<b1} [irregular]
    x=19: {t6<b7,t11<b4,t13<b3} [irregular]
  step 4, delta [[8, -2], [-4, 4], [4, 0]]:
    x=11: {t5<b3,t7<b2,t10<b1} [irregular]
    x=15: {t3<b6,t13<b1,t14<b1} [irregular]
    x=19: {t9<b5,t11<b4,t18<b1} [irregular]
  step 4, delta [[0, 2], [0, 2], [0, 2]]:
    x=11: {t5<b3,t7<b2,t10<b1} [irregular]
    x=15: {t5<b5,t7<b4,t10<b3} [irregular]
    x=19: {t5<b7,t7<b6,t10<b5} [irregular]
  step 4, delta [[4, 0], [0, 2], [-4, 4]]:
    x=11: {t5<b3,t7<b2,t10<b1} [irregular]
    x=15: {t6<b5,t7<b4,t9<b3} [irregular]
    x=19: {t5<b7,t7<b6,t10<b5} [irregular]
  step 4, delta [[8, -2], [0, 2], [-4, 4]]:
    x=11: {t5<b3,t7<b2,t10<b1} [irregular]
    x=15: {t6<b5,t7<b4,t13<b1} [irregular]
    x=19: {t7<b6,t9<b5,t14<b3} [M mod 8 in [4], M >= 21 (0 sporadic below)]
  step 4, delta [[4, 0], [4, 0], [-4, 4]]:
    x=11: {t5<b3,t7<b2,t10<b1} [irregular]
    x=15: {t6<b5,t9<b3,t11<b2} [irregular]
    x=19: {t7<b6,t10<b5,t13<b3} [irregular]
  step 4, delta [[8, -2], [4, 0], [-4, 4]]:
    x=11: {t5<b3,t7<b2,t10<b1} [irregular]
    x=15: {t6<b5,t11<b2,t13<b1} [irregular]
    x=19: {t9<b5,t14<b3,t15<b2} [M mod 8 in [4], M >= 61 (2 sporadic below)]
  step 4, delta [[4, 0], [0, 2], [4, 0]]:
    x=11: {t5<b3,t7<b2,t10<b1} [irregular]
    x=15: {t7<b4,t9<b3,t14<b1} [M mod 8 in [2], M >= 19 (0 sporadic below)]
    x=19: {t9<b5,t11<b4,t18<b1} [irregular]
  step 4, delta [[8, -2], [0, 2], [0, 2]]:
    x=11: {t5<b3,t7<b2,t10<b1} [irregular]
    x=15: {t7<b4,t10<b3,t13<b1} [irregular]
    x=19: {t10<b5,t13<b3,t15<b2} [M mod 8 in [2], M >= 19 (0 sporadic below)]
  step 4, delta [[8, -2], [0, 2], [4, 0]]:
    x=11: {t5<b3,t7<b2,t10<b1} [irregular]
    x=15: {t7<b4,t13<b1,t14<b1} [irregular]
    x=19: {t13<b3,t15<b2,t18<b1} [irregular]
  step 4, delta [[8, -2], [4, 0], [0, 2]]:
    x=11: {t5<b3,t7<b2,t10<b1} [irregular]
    x=15: {t10<b3,t11<b2,t13<b1} [irregular]
    x=19: {t13<b3,t15<b2,t18<b1} [irregular]
  step 4, delta [[4, 0], [-8, 6], [0, 2]]:
    x=11: {t5<b3,t8<b2,t10<b1} [irregular]
    x=15: {t0<b8,t9<b3,t10<b3} [irregular]
    x=19: {t1<b9,t4<b8,t10<b5} [irregular]
  step 4, delta [[8, -2], [-8, 6], [0, 2]]:
    x=11: {t5<b3,t8<b2,t10<b1} [irregular]
    x=15: {t0<b8,t10<b3,t13<b1} [irregular]
    x=19: {t2<b9,t8<b6,t13<b3} [irregular]
  step 4, delta [[8, -2], [-8, 6], [4, 0]]:
    x=11: {t5<b3,t8<b2,t10<b1} [irregular]
    x=15: {t0<b8,t13<b1,t14<b1} [irregular]
    x=19: {t5<b7,t8<b6,t18<b1} [irregular]
  step 4, delta [[4, 0], [-4, 4], [-8, 6]]:
    x=11: {t5<b3,t8<b2,t10<b1} [irregular]
    x=15: {t2<b7,t4<b6,t9<b3} [irregular]
    x=19: {t0<b10,t1<b9,t6<b7} [irregular]
  step 4, delta [[8, -2], [-4, 4], [-8, 6]]:
    x=11: {t5<b3,t8<b2,t10<b1} [irregular]
    x=15: {t2<b7,t4<b6,t13<b1} [M mod 8 in [3]]
    x=19: {t0<b10,t5<b7,t10<b5} [irregular]
  step 4, delta [[0, 2], [0, 2], [-8, 6]]:
    x=11: {t5<b3,t8<b2,t10<b1} [irregular]
    x=15: {t2<b7,t5<b5,t8<b4} [M mod 8 in [7]]
    x=19: {t0<b10,t2<b9,t5<b7} [M mod 8 in [1], M >= 18 (0 sporadic below)]
  step 4, delta [[0, 2], [4, 0], [-8, 6]]:
    x=11: {t5<b3,t8<b2,t10<b1} [irregular]
    x=15: {t2<b7,t5<b5,t12<b2} [irregular]
    x=19: {t2<b9,t4<b8,t9<b5} [irregular]
  step 4, delta [[8, -2], [0, 2], [-8, 6]]:
    x=11: {t5<b3,t8<b2,t10<b1} [irregular]
    x=15: {t2<b7,t8<b4,t13<b1} [irregular]
    x=19: {t5<b7,t8<b6,t10<b5} [irregular]
  step 4, delta [[8, -2], [4, 0], [-8, 6]]:
    x=11: {t5<b3,t8<b2,t10<b1} [irregular]
    x=15: {t2<b7,t12<b2,t13<b1} [M mod 8 in [3], M >= 60 (2 sporadic below)]
    x=19: {t5<b7,t10<b5,t16<b2} [irregular]
  step 4, delta [[0, 2], [-4, 4], [0, 2]]:
    x=11: {t5<b3,t8<b2,t10<b1} [irregular]
    x=15: {t4<b6,t5<b5,t10<b3} [irregular]
    x=19: {t1<b9,t4<b8,t10<b5} [irregular]
  step 4, delta [[4, 0], [-4, 4], [0, 2]]:
    x=11: {t5<b3,t8<b2,t10<b1} [irregular]
    x=15: {t4<b6,t9<b3,t10<b3} [irregular]
    x=19: {t5<b7,t8<b6,t10<b5} [irregular]
  step 4, delta [[4, 0], [-4, 4], [4, 0]]:
    x=11: {t5<b3,t8<b2,t10<b1} [irregular]
    x=15: {t4<b6,t9<b3,t14<b1} [irregular]
    x=19: {t5<b7,t8<b6,t18<b1} [irregular]
  step 4, delta [[0, 2], [0, 2], [0, 2]]:
    x=11: {t5<b3,t8<b2,t10<b1} [irregular]
    x=15: {t5<b5,t8<b4,t10<b3} [irregular]
    x=19: {t5<b7,t8<b6,t10<b5} [irregular]
  step 4, delta [[0, 2], [4, 0], [0, 2]]:
    x=11: {t5<b3,t8<b2,t10<b1} [irregular]
    x=15: {t5<b5,t10<b3,t12<b2} [irregular]
    x=19: {t5<b7,t12<b4,t14<b3} [irregular]
  step 4, delta [[0, 2], [4, 0], [4, 0]]:
    x=11: {t5<b3,t8<b2,t10<b1} [irregular]
    x=15: {t5<b5,t12<b2,t14<b1} [irregular]
    x=19: {t5<b7,t16<b2,t18<b1} [irregular]
  step 4, delta [[4, 0], [0, 2], [-4, 4]]:
    x=11: {t5<b3,t8<b2,t10<b1} [irregular]
    x=15: {t6<b5,t8<b4,t9<b3} [irregular]
    x=19: {t5<b7,t8<b6,t10<b5} [irregular]
  step 4, delta [[8, -2], [0, 2], [-4, 4]]:
    x=11: {t5<b3,t8<b2,t10<b1} [irregular]
    x=15: {t6<b5,t8<b4,t13<b1} [irregular]
    x=19: {t8<b6,t9<b5,t14<b3} [irregular]
  step 4, delta [[8, -2], [0, 2], [0, 2]]:
    x=11: {t5<b3,t8<b2,t10<b1} [irregular]
    x=15: {t8<b4,t10<b3,t13<b1} [irregular]
    x=19: {t10<b5,t13<b3,t16<b2} [M mod 8 in [5], M >= 30 (0 sporadic below)]
  step 4, delta [[8, -2], [0, 2], [4, 0]]:
    x=11: {t5<b3,t8<b2,t10<b1} [irregular]
    x=15: {t8<b4,t13<b1,t14<b1} [irregular]
    x=19: {t13<b3,t16<b2,t18<b1} [irregular]
  step 4, delta [[0, 2], [4, 0], [-8, 6]]:
    x=11: {t6<b3,t7<b2,t8<b2} [irregular]
    x=15: {t0<b8,t6<b5,t11<b2} [irregular]
    x=19: {t0<b10,t3<b8,t10<b5} [irregular]
  step 4, delta [[4, 0], [0, 2], [-8, 6]]:
    x=11: {t6<b3,t7<b2,t8<b2} [irregular]
    x=15: {t0<b8,t7<b4,t10<b3} [irregular]
    x=19: {t2<b9,t4<b8,t7<b6} [M mod 8 in [2], M >= 19 (0 sporadic below)]
  step 4, delta [[8, -2], [0, 2], [-8, 6]]:
    x=11: {t6<b3,t7<b2,t8<b2} [irregular]
    x=15: {t0<b8,t7<b4,t14<b1} [irregular]
    x=19: {t6<b7,t7<b6,t8<b6} [irregular]
  step 4, delta [[8, -2], [4, 0], [-8, 6]]:
    x=11: {t6<b3,t7<b2,t8<b2} [irregular]
    x=15: {t0<b8,t11<b2,t14<b1} [irregular]
    x=19: {t6<b7,t8<b6,t15<b2} [irregular]
  step 4, delta [[4, 0], [-4, 4], [0, 2]]:
    x=11: {t6<b3,t7<b2,t8<b2} [irregular]
    x=15: {t3<b6,t8<b4,t10<b3} [irregular]
    x=19: {t4<b8,t7<b6,t10<b5} [M mod 8 in [2], M >= 19 (0 sporadic below)]
  step 4, delta [[4, 0], [-4, 4], [4, 0]]:
    x=11: {t6<b3,t7<b2,t8<b2} [irregular]
    x=15: {t3<b6,t10<b3,t12<b2} [irregular]
    x=19: {t6<b7,t7<b6,t16<b2} [irregular]
  step 4, delta [[8, -2], [-4, 4], [4, 0]]:
    x=11: {t6<b3,t7<b2,t8<b2} [irregular]
    x=15: {t3<b6,t12<b2,t14<b1} [irregular]
    x=19: {t8<b6,t11<b4,t18<b1} [irregular]
  step 4, delta [[0, 2], [4, 0], [-4, 4]]:
    x=11: {t6<b3,t7<b2,t8<b2} [irregular]
    x=15: {t4<b6,t6<b5,t11<b2} [irregular]
    x=19: {t4<b8,t7<b6,t10<b5} [M mod 8 in [2], M >= 19 (0 sporadic below)]
  step 4, delta [[4, 0], [0, 2], [-4, 4]]:
    x=11: {t6<b3,t7<b2,t8<b2} [irregular]
    x=15: {t4<b6,t7<b4,t10<b3} [M mod 8 in [0], M >= 65 (1 sporadic below)]
    x=19: {t6<b7,t7<b6,t8<b6} [irregular]
  step 4, delta [[8, -2], [0, 2], [-4, 4]]:
    x=11: {t6<b3,t7<b2,t8<b2} [irregular]
    x=15: {t4<b6,t7<b4,t14<b1} [irregular]
    x=19: {t7<b6,t10<b5,t12<b4} [irregular]
  step 4, delta [[0, 2], [0, 2], [0, 2]]:
    x=11: {t6<b3,t7<b2,t8<b2} [irregular]
    x=15: {t6<b5,t7<b4,t8<b4} [irregular]
    x=19: {t6<b7,t7<b6,t8<b6} [irregular]
  step 4, delta [[0, 2], [4, 0], [0, 2]]:
    x=11: {t6<b3,t7<b2,t8<b2} [irregular]
    x=15: {t6<b5,t8<b4,t11<b2} [M mod 8 in [2]]
    x=19: {t6<b7,t11<b4,t12<b4} [irregular]
  step 4, delta [[0, 2], [4, 0], [4, 0]]:
    x=11: {t6<b3,t7<b2,t8<b2} [irregular]
    x=15: {t6<b5,t11<b2,t12<b2} [irregular]
    x=19: {t6<b7,t15<b2,t16<b2} [irregular]
  step 4, delta [[4, 0], [0, 2], [4, 0]]:
    x=11: {t6<b3,t7<b2,t8<b2} [irregular]
    x=15: {t7<b4,t10<b3,t12<b2} [irregular]
    x=19: {t10<b5,t11<b4,t16<b2} [irregular]
  step 4, delta [[8, -2], [0, 2], [4, 0]]:
    x=11: {t6<b3,t7<b2,t8<b2} [irregular]
    x=15: {t7<b4,t12<b2,t14<b1} [irregular]
    x=19: {t12<b4,t15<b2,t18<b1} [M mod 8 in [6], M >= 31 (0 sporadic below)]
  step 4, delta [[8, -2], [4, 0], [0, 2]]:
    x=11: {t6<b3,t7<b2,t8<b2} [irregular]
    x=15: {t8<b4,t11<b2,t14<b1} [M mod 8 in [2], M >= 59 (3 sporadic below)]
    x=19: {t14<b3,t15<b2,t16<b2} [irregular]
  step 4, delta [[0, 2], [4, 0], [-8, 6]]:
    x=11: {t6<b3,t7<b2,t9<b1} [irregular]
    x=15: {t1<b7,t6<b5,t11<b2} [irregular]
    x=19: {t1<b9,t3<b8,t10<b5} [irregular]
  step 4, delta [[4, 0], [0, 2], [-8, 6]]:
    x=11: {t6<b3,t7<b2,t9<b1} [irregular]
    x=15: {t1<b7,t7<b4,t10<b3} [irregular]
    x=19: {t2<b9,t5<b7,t7<b6} [M mod 8 in [6]]
  step 4, delta [[8, -2], [0, 2], [-8, 6]]:
    x=11: {t6<b3,t7<b2,t9<b1} [irregular]
    x=15: {t1<b7,t7<b4,t14<b1} [irregular]
    x=19: {t6<b7,t7<b6,t9<b5} [irregular]
  step 4, delta [[8, -2], [4, 0], [-8, 6]]:
    x=11: {t6<b3,t7<b2,t9<b1} [irregular]
    x=15: {t1<b7,t11<b2,t14<b1} [M mod 8 in [2], M >= 67 (1 sporadic below)]
    x=19: {t6<b7,t9<b5,t15<b2} [irregular]
  step 4, delta [[4, 0], [-4, 4], [0, 2]]:
    x=11: {t6<b3,t7<b2,t9<b1} [irregular]
    x=15: {t3<b6,t9<b3,t10<b3} [irregular]
    x=19: {t5<b7,t7<b6,t10<b5} [irregular]
  step 4, delta [[4, 0], [-4, 4], [4, 0]]:
    x=11: {t6<b3,t7<b2,t9<b1} [irregular]
    x=15: {t3<b6,t10<b3,t13<b1} [irregular]
    x=19: {t6<b7,t7<b6,t17<b1} [irregular]
  step 4, delta [[8, -2], [-4, 4], [4, 0]]:
    x=11: {t6<b3,t7<b2,t9<b1} [irregular]
    x=15: {t3<b6,t13<b1,t14<b1} [irregular]
    x=19: {t9<b5,t11<b4,t18<b1} [irregular]
  step 4, delta [[4, 0], [0, 2], [-4, 4]]:
    x=11: {t6<b3,t7<b2,t9<b1} [irregular]
    x=15: {t5<b5,t7<b4,t10<b3} [irregular]
    x=19: {t6<b7,t7<b6,t9<b5} [irregular]
  step 4, delta [[8, -2], [0, 2], [-4, 4]]:
    x=11: {t6<b3,t7<b2,t9<b1} [irregular]
    x=15: {t5<b5,t7<b4,t14<b1} [irregular]
    x=19: {t7<b6,t10<b5,t13<b3} [irregular]
  step 4, delta [[0, 2], [0, 2], [0, 2]]:
    x=11: {t6<b3,t7<b2,t9<b1} [irregular]
    x=15: {t6<b5,t7<b4,t9<b3} [irregular]
    x=19: {t6<b7,t7<b6,t9<b5} [irregular]
  step 4, delta [[0, 2], [4, 0], [0, 2]]:
    x=11: {t6<b3,t7<b2,t9<b1} [irregular]
    x=15: {t6<b5,t9<b3,t11<b2} [irregular]
    x=19: {t6<b7,t11<b4,t13<b3} [irregular]
  step 4, delta [[0, 2], [4, 0], [4, 0]]:
    x=11: {t6<b3,t7<b2,t9<b1} [irregular]
    x=15: {t6<b5,t11<b2,t13<b1} [irregular]
    x=19: {t6<b7,t15<b2,t17<b1} [irregular]
  step 4, delta [[8, -2], [0, 2], [0, 2]]:
    x=11: {t6<b3,t7<b2,t9<b1} [irregular]
    x=15: {t7<b4,t9<b3,t14<b1} [M mod 8 in [2], M >= 19 (0 sporadic below)]
    x=19: {t9<b5,t14<b3,t15<b2} [M mod 8 in [4], M >= 61 (2 sporadic below)]
  step 4, delta [[8, -2], [0, 2], [4, 0]]:
    x=11: {t6<b3,t7<b2,t9<b1} [irregular]
    x=15: {t7<b4,t13<b1,t14<b1} [irregular]
    x=19: {t13<b3,t15<b2,t18<b1} [irregular]
  step 4, delta [[4, 0], [-8, 6], [0, 2]]:
    x=11: {t6<b3,t8<b2,t9<b1} [irregular]
    x=15: {t0<b8,t9<b3,t10<b3} [irregular]
    x=19: {t1<b9,t4<b8,t10<b5} [irregular]
  step 4, delta [[8, -2], [-8, 6], [0, 2]]:
    x=11: {t6<b3,t8<b2,t9<b1} [irregular]
    x=15: {t0<b8,t9<b3,t14<b1} [irregular]
    x=19: {t1<b9,t8<b6,t14<b3} [irregular]
  step 4, delta [[4, 0], [-8, 6], [4, 0]]:
    x=11: {t6<b3,t8<b2,t9<b1} [irregular]
    x=15: {t0<b8,t10<b3,t13<b1} [irregular]
    x=19: {t2<b9,t4<b8,t17<b1} [irregular]
  step 4, delta [[8, -2], [-8, 6], [4, 0]]:
    x=11: {t6<b3,t8<b2,t9<b1} [irregular]
    x=15: {t0<b8,t13<b1,t14<b1} [irregular]
    x=19: {t5<b7,t8<b6,t18<b1} [irregular]
  step 4, delta [[8, -2], [-4, 4], [-8, 6]]:
    x=11: {t6<b3,t8<b2,t9<b1} [irregular]
    x=15: {t1<b7,t4<b6,t14<b1} [irregular]
    x=19: {t0<b10,t6<b7,t9<b5} [irregular]
  step 4, delta [[0, 2], [0, 2], [-8, 6]]:
    x=11: {t6<b3,t8<b2,t9<b1} [irregular]
    x=15: {t1<b7,t6<b5,t8<b4} [irregular]
    x=19: {t0<b10,t1<b9,t6<b7} [irregular]
  step 4, delta [[0, 2], [4, 0], [-8, 6]]:
    x=11: {t6<b3,t8<b2,t9<b1} [irregular]
    x=15: {t1<b7,t6<b5,t12<b2} [irregular]
    x=19: {t1<b9,t4<b8,t10<b5} [irregular]
  step 4, delta [[4, 0], [0, 2], [-8, 6]]:
    x=11: {t6<b3,t8<b2,t9<b1} [irregular]
    x=15: {t1<b7,t8<b4,t10<b3} [irregular]
    x=19: {t2<b9,t5<b7,t8<b6} [M mod 8 in [1], M >= 18 (0 sporadic below)]
  step 4, delta [[8, -2], [0, 2], [-8, 6]]:
    x=11: {t6<b3,t8<b2,t9<b1} [irregular]
    x=15: {t1<b7,t8<b4,t14<b1} [irregular]
    x=19: {t6<b7,t8<b6,t9<b5} [irregular]
  step 4, delta [[8, -2], [4, 0], [-8, 6]]:
    x=11: {t6<b3,t8<b2,t9<b1} [irregular]
    x=15: {t1<b7,t12<b2,t14<b1} [irregular]
    x=19: {t6<b7,t9<b5,t16<b2} [irregular]
  step 4, delta [[4, 0], [-4, 4], [-4, 4]]:
    x=11: {t6<b3,t8<b2,t9<b1} [irregular]
    x=15: {t4<b6,t5<b5,t10<b3} [irregular]
    x=19: {t1<b9,t6<b7,t8<b6} [irregular]
  step 4, delta [[0, 2], [-4, 4], [0, 2]]:
    x=11: {t6<b3,t8<b2,t9<b1} [irregular]
    x=15: {t4<b6,t6<b5,t9<b3} [M mod 8 in [1]]
    x=19: {t2<b9,t4<b8,t9<b5} [irregular]
  step 4, delta [[0, 2], [-4, 4], [4, 0]]:
    x=11: {t6<b3,t8<b2,t9<b1} [irregular]
    x=15: {t4<b6,t6<b5,t13<b1} [irregular]
    x=19: {t2<b9,t4<b8,t17<b1} [irregular]
  step 4, delta [[4, 0], [-4, 4], [0, 2]]:
    x=11: {t6<b3,t8<b2,t9<b1} [irregular]
    x=15: {t4<b6,t9<b3,t10<b3} [irregular]
    x=19: {t5<b7,t8<b6,t10<b5} [irregular]
  step 4, delta [[8, -2], [-4, 4], [0, 2]]:
    x=11: {t6<b3,t8<b2,t9<b1} [irregular]
    x=15: {t4<b6,t9<b3,t14<b1} [irregular]
    x=19: {t5<b7,t12<b4,t14<b3} [irregular]
  step 4, delta [[4, 0], [-4, 4], [4, 0]]:
    x=11: {t6<b3,t8<b2,t9<b1} [irregular]
    x=15: {t4<b6,t10<b3,t13<b1} [irregular]
    x=19: {t6<b7,t8<b6,t17<b1} [M mod 8 in [7]]
  step 4, delta [[4, 0], [0, 2], [-4, 4]]:
    x=11: {t6<b3,t8<b2,t9<b1} [irregular]
    x=15: {t5<b5,t8<b4,t10<b3} [irregular]
    x=19: {t6<b7,t8<b6,t9<b5} [irregular]
  step 4, delta [[8, -2], [0, 2], [-4, 4]]:
    x=11: {t6<b3,t8<b2,t9<b1} [irregular]
    x=15: {t5<b5,t8<b4,t14<b1} [irregular]
    x=19: {t8<b6,t10<b5,t13<b3} [irregular]
  step 4, delta [[4, 0], [4, 0], [-4, 4]]:
    x=11: {t6<b3,t8<b2,t9<b1} [irregular]
    x=15: {t5<b5,t10<b3,t12<b2} [irregular]
    x=19: {t8<b6,t9<b5,t14<b3} [irregular]
  step 4, delta [[8, -2], [4, 0], [-4, 4]]:
    x=11: {t6<b3,t8<b2,t9<b1} [irregular]
    x=15: {t5<b5,t12<b2,t14<b1} [irregular]
    x=19: {t10<b5,t13<b3,t16<b2} [M mod 8 in [5], M >= 30 (0 sporadic below)]
  step 4, delta [[0, 2], [0, 2], [0, 2]]:
    x=11: {t6<b3,t8<b2,t9<b1} [irregular]
    x=15: {t6<b5,t8<b4,t9<b3} [irregular]
    x=19: {t6<b7,t8<b6,t9<b5} [irregular]
  step 4, delta [[8, -2], [0, 2], [0, 2]]:
    x=11: {t6<b3,t8<b2,t9<b1} [irregular]
    x=15: {t8<b4,t9<b3,t14<b1} [irregular]
    x=19: {t9<b5,t14<b3,t16<b2} [irregular]
  step 4, delta [[4, 0], [0, 2], [4, 0]]:
    x=11: {t6<b3,t8<b2,t9<b1} [irregular]
    x=15: {t8<b4,t10<b3,t13<b1} [irregular]
    x=19: {t10<b5,t12<b4,t17<b1} [irregular]
  step 4, delta [[8, -2], [0, 2], [4, 0]]:
    x=11: {t6<b3,t8<b2,t9<b1} [irregular]
    x=15: {t8<b4,t13<b1,t14<b1} [irregular]
    x=19: {t13<b3,t16<b2,t18<b1} [irregular]
  step 4, delta [[8, -2], [4, 0], [0, 2]]:
    x=11: {t6<b3,t8<b2,t9<b1} [irregular]
    x=15: {t9<b3,t12<b2,t14<b1} [irregular]
    x=19: {t14<b3,t16<b2,t17<b1} [irregular]
  step 4, delta [[0, 2], [-4, 4]]:
    x=11: {t7<b2,t10<b1} [irregular]
    x=15: {t6<b5,t7<b4} [irregular]
    x=19: {t3<b8,t6<b7} [irregular]
  step 4, delta [[4, 0], [-4, 4]]:
    x=11: {t7<b2,t10<b1} [irregular]
    x=15: {t6<b5,t11<b2} [irregular]
    x=19: {t7<b6,t10<b5} [irregular]
  step 4, delta [[0, 2], [4, 0]]:
    x=11: {t7<b2,t10<b1} [irregular]
    x=15: {t7<b4,t14<b1} [irregular]
    x=19: {t7<b6,t18<b1} [irregular]
  step 4, delta [[4, 0], [0, 2]]:
    x=11: {t7<b2,t10<b1} [irregular]
    x=15: {t10<b3,t11<b2} [irregular]
    x=19: {t11<b4,t14<b3} [irregular]
  step 4, delta [[0, 2], [4, 0]]:
    x=11: {t8<b2,t9<b1} [irregular]
    x=15: {t8<b4,t13<b1} [irregular]
    x=19: {t8<b6,t17<b1} [irregular]
  step 4, delta [[4, 0], [0, 2]]:
    x=11: {t8<b2,t9<b1} [irregular]
    x=15: {t9<b3,t12<b2} [irregular]
    x=19: {t12<b4,t13<b3} [irregular]
  step 4, delta [[0, 2], [0, 2], [0, 2]]:
    x=13: {t0<b7,t1<b6,t6<b4} [irregular]
    x=17: {t0<b9,t1<b8,t6<b6} [irregular]
    x=21: {t0<b11,t1<b10,t6<b8} [M mod 8 in [0], M >= 17 (0 sporadic below)]
  step 4, delta [[0, 2], [4, 0], [-4, 4]]:
    x=13: {t0<b7,t1<b6,t6<b4} [irregular]
    x=17: {t0<b9,t2<b8,t5<b6} [M mod 8 in [0], M >= 17 (0 sporadic below)]
    x=21: {t0<b11,t1<b10,t6<b8} [M mod 8 in [0], M >= 17 (0 sporadic below)]
  step 4, delta [[0, 2], [12, -4], [-4, 4]]:
    x=13: {t0<b7,t1<b6,t6<b4} [irregular]
    x=17: {t0<b9,t2<b8,t13<b2} [irregular]
    x=21: {t0<b11,t9<b6,t14<b4} [irregular]
  step 4, delta [[0, 2], [4, 0], [4, 0]]:
    x=13: {t0<b7,t1<b6,t6<b4} [irregular]
    x=17: {t0<b9,t5<b6,t10<b4} [irregular]
    x=21: {t0<b11,t9<b6,t14<b4} [irregular]
  step 4, delta [[0, 2], [8, -2], [0, 2]]:
    x=13: {t0<b7,t1<b6,t6<b4} [irregular]
    x=17: {t0<b9,t6<b6,t9<b4} [irregular]
    x=21: {t0<b11,t9<b6,t14<b4} [irregular]
  step 4, delta [[0, 2], [12, -4], [0, 2]]:
    x=13: {t0<b7,t1<b6,t6<b4} [irregular]
    x=17: {t0<b9,t6<b6,t13<b2} [irregular]
    x=21: {t0<b11,t13<b4,t18<b2} [irregular]
  step 4, delta [[0, 2], [8, -2], [4, 0]]:
    x=13: {t0<b7,t1<b6,t6<b4} [irregular]
    x=17: {t0<b9,t9<b4,t10<b4} [irregular]
    x=21: {t0<b11,t14<b4,t17<b2} [irregular]
  step 4, delta [[8, -2], [0, 2], [0, 2]]:
    x=13: {t0<b7,t1<b6,t6<b4} [irregular]
    x=17: {t1<b8,t6<b6,t8<b5} [irregular]
    x=21: {t6<b8,t8<b7,t9<b6} [irregular]
  step 4, delta [[8, -2], [0, 2], [4, 0]]:
    x=13: {t0<b7,t1<b6,t6<b4} [irregular]
    x=17: {t1<b8,t8<b5,t10<b4} [irregular]
    x=21: {t8<b7,t9<b6,t14<b4} [irregular]
  step 4, delta [[12, -4], [0, 2], [4, 0]]:
    x=13: {t0<b7,t1<b6,t6<b4} [irregular]
    x=17: {t1<b8,t10<b4,t12<b3} [irregular]
    x=21: {t10<b6,t13<b4,t16<b3} [M mod 8 in [6], M >= 31 (0 sporadic below)]
  step 4, delta [[4, 0], [12, -4], [-4, 4]]:
    x=13: {t0<b7,t1<b6,t6<b4} [irregular]
    x=17: {t2<b8,t4<b7,t13<b2} [M mod 8 in [4]]
    x=21: {t6<b8,t9<b6,t16<b3} [irregular]
  step 4, delta [[8, -2], [4, 0], [-4, 4]]:
    x=13: {t0<b7,t1<b6,t6<b4} [irregular]
    x=17: {t2<b8,t5<b6,t8<b5} [M mod 8 in [0], M >= 17 (0 sporadic below)]
    x=21: {t4<b9,t9<b6,t10<b6} [irregular]
  step 4, delta [[12, -4], [4, 0], [-4, 4]]:
    x=13: {t0<b7,t1<b6,t6<b4} [irregular]
    x=17: {t2<b8,t5<b6,t12<b3} [irregular]
    x=21: {t8<b7,t9<b6,t14<b4} [irregular]
  step 4, delta [[4, 0], [4, 0], [4, 0]]:
    x=13: {t0<b7,t1<b6,t6<b4} [irregular]
    x=17: {t4<b7,t5<b6,t10<b4} [irregular]
    x=21: {t8<b7,t9<b6,t14<b4} [irregular]
  step 4, delta [[4, 0], [8, -2], [0, 2]]:
    x=13: {t0<b7,t1<b6,t6<b4} [irregular]
    x=17: {t4<b7,t6<b6,t9<b4} [M mod 8 in [2]]
    x=21: {t8<b7,t9<b6,t14<b4} [irregular]
  step 4, delta [[4, 0], [12, -4], [0, 2]]:
    x=13: {t0<b7,t1<b6,t6<b4} [irregular]
    x=17: {t4<b7,t6<b6,t13<b2} [irregular]
    x=21: {t8<b7,t13<b4,t18<b2} [irregular]
  step 4, delta [[4, 0], [8, -2], [4, 0]]:
    x=13: {t0<b7,t1<b6,t6<b4} [irregular]
    x=17: {t4<b7,t9<b4,t10<b4} [irregular]
    x=21: {t8<b7,t14<b4,t17<b2} [irregular]
  step 4, delta [[12, -4], [4, 0], [4, 0]]:
    x=13: {t0<b7,t1<b6,t6<b4} [irregular]
    x=17: {t5<b6,t10<b4,t12<b3} [irregular]
    x=21: {t14<b4,t16<b3,t17<b2} [irregular]
  step 4, delta [[8, -2], [8, -2], [0, 2]]:
    x=13: {t0<b7,t1<b6,t6<b4} [irregular]
    x=17: {t6<b6,t8<b5,t9<b4} [irregular]
    x=21: {t9<b6,t14<b4,t16<b3} [irregular]
  step 4, delta [[12, -4], [8, -2], [0, 2]]:
    x=13: {t0<b7,t1<b6,t6<b4} [irregular]
    x=17: {t6<b6,t9<b4,t12<b3} [M mod 8 in [2], M >= 59 (3 sporadic below)]
    x=21: {t12<b5,t17<b2,t18<b2} [irregular]
  step 4, delta [[0, 2], [0, 2], [0, 2]]:
    x=13: {t0<b7,t1<b6,t11<b1} [irregular]
    x=17: {t0<b9,t1<b8,t11<b3} [irregular]
    x=21: {t0<b11,t1<b10,t11<b5} [irregular]
  step 4, delta [[0, 2], [8, -2], [-8, 6]]:
    x=13: {t0<b7,t1<b6,t11<b1} [irregular]
    x=17: {t0<b9,t3<b7,t9<b4} [irregular]
    x=21: {t0<b11,t1<b10,t11<b5} [irregular]
  step 4, delta [[0, 2], [4, 0], [0, 2]]:
    x=13: {t0<b7,t1<b6,t11<b1} [irregular]
    x=17: {t0<b9,t5<b6,t11<b3} [irregular]
    x=21: {t0<b11,t9<b6,t11<b5} [irregular]
  step 4, delta [[0, 2], [8, -2], [0, 2]]:
    x=13: {t0<b7,t1<b6,t11<b1} [irregular]
    x=17: {t0<b9,t9<b4,t11<b3} [irregular]
    x=21: {t0<b11,t11<b5,t17<b2} [irregular]
  step 4, delta [[8, -2], [0, 2], [-8, 6]]:
    x=13: {t0<b7,t1<b6,t11<b1} [irregular]
    x=17: {t1<b8,t3<b7,t8<b5} [M mod 8 in [0], M >= 17 (0 sporadic below)]
    x=21: {t0<b11,t3<b9,t9<b6} [irregular]
  step 4, delta [[8, -2], [0, 2], [-4, 4]]:
    x=13: {t0<b7,t1<b6,t11<b1} [irregular]
    x=17: {t1<b8,t7<b5,t8<b5} [irregular]
    x=21: {t4<b9,t7<b7,t9<b6} [M mod 8 in [0], M >= 17 (0 sporadic below)]
  step 4, delta [[8, -2], [0, 2], [0, 2]]:
    x=13: {t0<b7,t1<b6,t11<b1} [irregular]
    x=17: {t1<b8,t8<b5,t11<b3} [irregular]
    x=21: {t8<b7,t9<b6,t11<b5} [irregular]
  step 4, delta [[8, -2], [0, 2], [4, 0]]:
    x=13: {t0<b7,t1<b6,t11<b1} [irregular]
    x=17: {t1<b8,t8<b5,t15<b1} [irregular]
    x=21: {t8<b7,t9<b6,t19<b1} [irregular]
  step 4, delta [[8, -2], [4, 0], [-8, 6]]:
    x=13: {t0<b7,t1<b6,t11<b1} [irregular]
    x=17: {t3<b7,t5<b6,t8<b5} [irregular]
    x=21: {t0<b11,t9<b6,t11<b5} [irregular]
  step 4, delta [[12, -4], [4, 0], [-8, 6]]:
    x=13: {t0<b7,t1<b6,t11<b1} [irregular]
    x=17: {t3<b7,t5<b6,t12<b3} [irregular]
    x=21: {t4<b9,t9<b6,t15<b3} [irregular]
  step 4, delta [[8, -2], [8, -2], [-8, 6]]:
    x=13: {t0<b7,t1<b6,t11<b1} [irregular]
    x=17: {t3<b7,t8<b5,t9<b4} [M mod 8 in [0], M >= 17 (0 sporadic below)]
    x=21: {t1<b10,t11<b5,t16<b3} [irregular]
  step 4, delta [[8, -2], [12, -4], [-8, 6]]:
    x=13: {t0<b7,t1<b6,t11<b1} [irregular]
    x=17: {t3<b7,t8<b5,t13<b2} [irregular]
    x=21: {t5<b8,t11<b5,t20<b1} [irregular]
  step 4, delta [[12, -4], [8, -2], [-8, 6]]:
    x=13: {t0<b7,t1<b6,t11<b1} [irregular]
    x=17: {t3<b7,t9<b4,t12<b3} [irregular]
    x=21: {t4<b9,t15<b3,t17<b2} [irregular]
  step 4, delta [[4, 0], [4, 0], [-4, 4]]:
    x=13: {t0<b7,t1<b6,t11<b1} [irregular]
    x=17: {t4<b7,t5<b6,t7<b5} [irregular]
    x=21: {t3<b9,t8<b7,t9<b6} [M mod 8 in [2], M >= 19 (0 sporadic below)]
  step 4, delta [[4, 0], [4, 0], [4, 0]]:
    x=13: {t0<b7,t1<b6,t11<b1} [irregular]
    x=17: {t4<b7,t5<b6,t15<b1} [irregular]
    x=21: {t8<b7,t9<b6,t19<b1} [irregular]
  step 4, delta [[4, 0], [12, -4], [-4, 4]]:
    x=13: {t0<b7,t1<b6,t11<b1} [irregular]
    x=17: {t4<b7,t7<b5,t13<b2} [irregular]
    x=21: {t8<b7,t9<b6,t19<b1} [irregular]
  step 4, delta [[4, 0], [8, -2], [0, 2]]:
    x=13: {t0<b7,t1<b6,t11<b1} [irregular]
    x=17: {t4<b7,t9<b4,t11<b3} [irregular]
    x=21: {t8<b7,t11<b5,t17<b2} [irregular]
  step 4, delta [[4, 0], [8, -2], [4, 0]]:
    x=13: {t0<b7,t1<b6,t11<b1} [irregular]
    x=17: {t4<b7,t9<b4,t15<b1} [irregular]
    x=21: {t8<b7,t17<b2,t19<b1} [irregular]
  step 4, delta [[12, -4], [4, 0], [-4, 4]]:
    x=13: {t0<b7,t1<b6,t11<b1} [irregular]
    x=17: {t5<b6,t7<b5,t12<b3} [M mod 8 in [2]]
    x=21: {t8<b7,t11<b5,t17<b2} [irregular]
  step 4, delta [[12, -4], [4, 0], [0, 2]]:
    x=13: {t0<b7,t1<b6,t11<b1} [irregular]
    x=17: {t5<b6,t11<b3,t12<b3} [irregular]
    x=21: {t12<b5,t15<b3,t17<b2} [irregular]
  step 4, delta [[12, -4], [4, 0], [4, 0]]:
    x=13: {t0<b7,t1<b6,t11<b1} [irregular]
    x=17: {t5<b6,t12<b3,t15<b1} [irregular]
    x=21: {t16<b3,t17<b2,t19<b1} [irregular]
  step 4, delta [[8, -2], [8, -2], [0, 2]]:
    x=13: {t0<b7,t1<b6,t11<b1} [irregular]
    x=17: {t8<b5,t9<b4,t11<b3} [irregular]
    x=21: {t11<b5,t16<b3,t17<b2} [M mod 8 in [6], M >= 31 (0 sporadic below)]
  step 4, delta [[0, 2], [4, 0], [-4, 4]]:
    x=13: {t0<b7,t2<b6,t5<b4} [M mod 8 in [6]]
    x=17: {t0<b9,t1<b8,t6<b6} [irregular]
    x=21: {t0<b11,t2<b10,t5<b8} [M mod 8 in [2], M >= 19 (0 sporadic below)]
  step 4, delta [[0, 2], [12, -4], [-4, 4]]:
    x=13: {t0<b7,t2<b6,t5<b4} [M mod 8 in [6]]
    x=17: {t0<b9,t1<b8,t14<b2} [irregular]
    x=21: {t0<b11,t10<b6,t13<b4} [irregular]
  step 4, delta [[0, 2], [0, 2], [0, 2]]:
    x=13: {t0<b7,t2<b6,t5<b4} [M mod 8 in [6]]
    x=17: {t0<b9,t2<b8,t5<b6} [M mod 8 in [0], M >= 17 (0 sporadic below)]
    x=21: {t0<b11,t2<b10,t5<b8} [M mod 8 in [2], M >= 19 (0 sporadic below)]
  step 4, delta [[0, 2], [8, -2], [0, 2]]:
    x=13: {t0<b7,t2<b6,t5<b4} [M mod 8 in [6]]
    x=17: {t0<b9,t5<b6,t10<b4} [irregular]
    x=21: {t0<b11,t10<b6,t13<b4} [irregular]
  step 4, delta [[0, 2], [4, 0], [4, 0]]:
    x=13: {t0<b7,t2<b6,t5<b4} [M mod 8 in [6]]
    x=17: {t0<b9,t6<b6,t9<b4} [irregular]
    x=21: {t0<b11,t10<b6,t13<b4} [irregular]
  step 4, delta [[0, 2], [8, -2], [4, 0]]:
    x=13: {t0<b7,t2<b6,t5<b4} [M mod 8 in [6]]
    x=17: {t0<b9,t9<b4,t10<b4} [irregular]
    x=21: {t0<b11,t14<b4,t17<b2} [irregular]
  step 4, delta [[4, 0], [4, 0], [-4, 4]]:
    x=13: {t0<b7,t2<b6,t5<b4} [M mod 8 in [6]]
    x=17: {t1<b8,t4<b7,t6<b6} [irregular]
    x=21: {t2<b10,t5<b8,t8<b7} [M mod 8 in [2], M >= 19 (0 sporadic below)]
  step 4, delta [[4, 0], [12, -4], [-4, 4]]:
    x=13: {t0<b7,t2<b6,t5<b4} [M mod 8 in [6]]
    x=17: {t1<b8,t4<b7,t14<b2} [irregular]
    x=21: {t5<b8,t10<b6,t16<b3} [irregular]
  step 4, delta [[8, -2], [4, 0], [-4, 4]]:
    x=13: {t0<b7,t2<b6,t5<b4} [M mod 8 in [6]]
    x=17: {t1<b8,t6<b6,t8<b5} [irregular]
    x=21: {t4<b9,t9<b6,t10<b6} [irregular]
  step 4, delta [[12, -4], [4, 0], [-4, 4]]:
    x=13: {t0<b7,t2<b6,t5<b4} [M mod 8 in [6]]
    x=17: {t1<b8,t6<b6,t12<b3} [irregular]
    x=21: {t8<b7,t10<b6,t13<b4} [irregular]
  step 4, delta [[8, -2], [8, -2], [-4, 4]]:
    x=13: {t0<b7,t2<b6,t5<b4} [M mod 8 in [6]]
    x=17: {t1<b8,t8<b5,t10<b4} [irregular]
    x=21: {t6<b8,t9<b6,t16<b3} [irregular]
  step 4, delta [[12, -4], [8, -2], [-4, 4]]:
    x=13: {t0<b7,t2<b6,t5<b4} [M mod 8 in [6]]
    x=17: {t1<b8,t10<b4,t12<b3} [irregular]
    x=21: {t8<b7,t13<b4,t18<b2} [irregular]
  step 4, delta [[4, 0], [0, 2], [4, 0]]:
    x=13: {t0<b7,t2<b6,t5<b4} [M mod 8 in [6]]
    x=17: {t2<b8,t4<b7,t9<b4} [irregular]
    x=21: {t4<b9,t6<b8,t13<b4} [irregular]
  step 4, delta [[8, -2], [0, 2], [0, 2]]:
    x=13: {t0<b7,t2<b6,t5<b4} [M mod 8 in [6]]
    x=17: {t2<b8,t5<b6,t8<b5} [M mod 8 in [0], M >= 17 (0 sporadic below)]
    x=21: {t5<b8,t8<b7,t10<b6} [irregular]
  step 4, delta [[12, -4], [0, 2], [0, 2]]:
    x=13: {t0<b7,t2<b6,t5<b4} [M mod 8 in [6]]
    x=17: {t2<b8,t5<b6,t12<b3} [irregular]
    x=21: {t5<b8,t12<b5,t14<b4} [irregular]
  step 4, delta [[4, 0], [8, -2], [0, 2]]:
    x=13: {t0<b7,t2<b6,t5<b4} [M mod 8 in [6]]
    x=17: {t4<b7,t5<b6,t10<b4} [irregular]
    x=21: {t8<b7,t10<b6,t13<b4} [irregular]
  step 4, delta [[4, 0], [4, 0], [4, 0]]:
    x=13: {t0<b7,t2<b6,t5<b4} [M mod 8 in [6]]
    x=17: {t4<b7,t6<b6,t9<b4} [M mod 8 in [2]]
    x=21: {t8<b7,t10<b6,t13<b4} [irregular]
  step 4, delta [[4, 0], [8, -2], [4, 0]]:
    x=13: {t0<b7,t2<b6,t5<b4} [M mod 8 in [6]]
    x=17: {t4<b7,t9<b4,t10<b4} [irregular]
    x=21: {t8<b7,t14<b4,t17<b2} [irregular]
  step 4, delta [[8, -2], [8, -2], [0, 2]]:
    x=13: {t0<b7,t2<b6,t5<b4} [M mod 8 in [6]]
    x=17: {t5<b6,t8<b5,t10<b4} [irregular]
    x=21: {t10<b6,t13<b4,t16<b3} [M mod 8 in [6], M >= 31 (0 sporadic below)]
  step 4, delta [[12, -4], [8, -2], [0, 2]]:
    x=13: {t0<b7,t2<b6,t5<b4} [M mod 8 in [6]]
    x=17: {t5<b6,t10<b4,t12<b3} [irregular]
    x=21: {t12<b5,t17<b2,t18<b2} [irregular]
  step 4, delta [[12, -4], [4, 0], [4, 0]]:
    x=13: {t0<b7,t2<b6,t5<b4} [M mod 8 in [6]]
    x=17: {t6<b6,t9<b4,t12<b3} [M mod 8 in [2], M >= 59 (3 sporadic below)]
    x=21: {t13<b4,t16<b3,t18<b2} [irregular]
  step 4, delta [[0, 2], [0, 2], [4, 0]]:
    x=13: {t0<b7,t2<b6,t7<b3} [irregular]
    x=17: {t0<b9,t2<b8,t11<b3} [M mod 8 in [3]]
    x=21: {t0<b11,t2<b10,t15<b3} [irregular]
  step 4, delta [[0, 2], [8, -2], [-4, 4]]:
    x=13: {t0<b7,t2<b6,t7<b3} [irregular]
    x=17: {t0<b9,t3<b7,t10<b4} [irregular]
    x=21: {t0<b11,t6<b8,t11<b5} [irregular]
  step 4, delta [[0, 2], [12, -4], [-4, 4]]:
    x=13: {t0<b7,t2<b6,t7<b3} [irregular]
    x=17: {t0<b9,t3<b7,t14<b2} [M mod 8 in [7], M >= 64 (3 sporadic below)]
    x=21: {t0<b11,t10<b6,t15<b3} [irregular]
  step 4, delta [[0, 2], [4, 0], [4, 0]]:
    x=13: {t0<b7,t2<b6,t7<b3} [irregular]
    x=17: {t0<b9,t6<b6,t11<b3} [irregular]
    x=21: {t0<b11,t10<b6,t15<b3} [irregular]
  step 4, delta [[0, 2], [8, -2], [0, 2]]:
    x=13: {t0<b7,t2<b6,t7<b3} [irregular]
    x=17: {t0<b9,t7<b5,t10<b4} [irregular]
    x=21: {t0<b11,t10<b6,t15<b3} [irregular]
  step 4, delta [[0, 2], [12, -4], [0, 2]]:
    x=13: {t0<b7,t2<b6,t7<b3} [irregular]
    x=17: {t0<b9,t7<b5,t14<b2} [irregular]
    x=21: {t0<b11,t14<b4,t19<b1} [M mod 8 in [1], M >= 66 (2 sporadic below)]
  step 4, delta [[0, 2], [8, -2], [4, 0]]:
    x=13: {t0<b7,t2<b6,t7<b3} [irregular]
    x=17: {t0<b9,t10<b4,t11<b3} [M mod 8 in [3], M >= 60 (2 sporadic below)]
    x=21: {t0<b11,t15<b3,t18<b2} [irregular]
  step 4, delta [[4, 0], [0, 2], [4, 0]]:
    x=13: {t0<b7,t2<b6,t7<b3} [irregular]
    x=17: {t2<b8,t4<b7,t11<b3} [irregular]
    x=21: {t4<b9,t6<b8,t15<b3} [M mod 8 in [7]]
  step 4, delta [[12, -4], [0, 2], [0, 2]]:
    x=13: {t0<b7,t2<b6,t7<b3} [irregular]
    x=17: {t2<b8,t7<b5,t12<b3} [irregular]
    x=21: {t7<b7,t12<b5,t14<b4} [irregular]
  step 4, delta [[8, -2], [0, 2], [4, 0]]:
    x=13: {t0<b7,t2<b6,t7<b3} [irregular]
    x=17: {t2<b8,t8<b5,t11<b3} [irregular]
    x=21: {t8<b7,t10<b6,t15<b3} [irregular]
  step 4, delta [[12, -4], [0, 2], [4, 0]]:
    x=13: {t0<b7,t2<b6,t7<b3} [irregular]
    x=17: {t2<b8,t11<b3,t12<b3} [irregular]
    x=21: {t11<b5,t14<b4,t16<b3} [irregular]
  step 4, delta [[8, -2], [4, 0], [-4, 4]]:
    x=13: {t0<b7,t2<b6,t7<b3} [irregular]
    x=17: {t3<b7,t6<b6,t8<b5} [irregular]
    x=21: {t4<b9,t10<b6,t11<b5} [irregular]
  step 4, delta [[8, -2], [8, -2], [-4, 4]]:
    x=13: {t0<b7,t2<b6,t7<b3} [irregular]
    x=17: {t3<b7,t8<b5,t10<b4} [irregular]
    x=21: {t6<b8,t11<b5,t16<b3} [irregular]
  step 4, delta [[8, -2], [12, -4], [-4, 4]]:
    x=13: {t0<b7,t2<b6,t7<b3} [irregular]
    x=17: {t3<b7,t8<b5,t14<b2} [irregular]
    x=21: {t10<b6,t11<b5,t20<b1} [irregular]
  step 4, delta [[4, 0], [4, 0], [4, 0]]:
    x=13: {t0<b7,t2<b6,t7<b3} [irregular]
    x=17: {t4<b7,t6<b6,t11<b3} [irregular]
    x=21: {t8<b7,t10<b6,t15<b3} [irregular]
  step 4, delta [[4, 0], [8, -2], [0, 2]]:
    x=13: {t0<b7,t2<b6,t7<b3} [irregular]
    x=17: {t4<b7,t7<b5,t10<b4} [M mod 8 in [1], M >= 18 (0 sporadic below)]
    x=21: {t8<b7,t10<b6,t15<b3} [irregular]
  step 4, delta [[4, 0], [12, -4], [0, 2]]:
    x=13: {t0<b7,t2<b6,t7<b3} [irregular]
    x=17: {t4<b7,t7<b5,t14<b2} [irregular]
    x=21: {t8<b7,t14<b4,t19<b1} [irregular]
  step 4, delta [[8, -2], [4, 0], [0, 2]]:
    x=13: {t0<b7,t2<b6,t7<b3} [irregular]
    x=17: {t6<b6,t7<b5,t8<b5} [irregular]
    x=21: {t8<b7,t11<b5,t14<b4} [M mod 8 in [5], M >= 22 (0 sporadic below)]
  step 4, delta [[12, -4], [8, -2], [0, 2]]:
    x=13: {t0<b7,t2<b6,t7<b3} [irregular]
    x=17: {t7<b5,t10<b4,t12<b3} [irregular]
    x=21: {t12<b5,t18<b2,t19<b1} [irregular]
  step 4, delta [[0, 2], [0, 2], [-4, 4]]:
    x=13: {t0<b7,t2<b6,t11<b1} [M mod 8 in [1]]
    x=17: {t0<b9,t2<b8,t7<b5} [irregular]
    x=21: {t0<b11,t2<b10,t3<b9} [irregular]
  step 4, delta [[0, 2], [0, 2], [0, 2]]:
    x=13: {t0<b7,t2<b6,t11<b1} [M mod 8 in [1]]
    x=17: {t0<b9,t2<b8,t11<b3} [M mod 8 in [3]]
    x=21: {t0<b11,t2<b10,t11<b5} [M mod 8 in [5], M >= 22 (0 sporadic below)]
  step 4, delta [[0, 2], [0, 2], [4, 0]]:
    x=13: {t0<b7,t2<b6,t11<b1} [M mod 8 in [1]]
    x=17: {t0<b9,t2<b8,t15<b1} [irregular]
    x=21: {t0<b11,t2<b10,t19<b1} [irregular]
  step 4, delta [[0, 2], [8, -2], [-8, 6]]:
    x=13: {t0<b7,t2<b6,t11<b1} [M mod 8 in [1]]
    x=17: {t0<b9,t3<b7,t10<b4} [irregular]
    x=21: {t0<b11,t2<b10,t11<b5} [M mod 8 in [5], M >= 22 (0 sporadic below)]
  step 4, delta [[0, 2], [12, -4], [-8, 6]]:
    x=13: {t0<b7,t2<b6,t11<b1} [M mod 8 in [1]]
    x=17: {t0<b9,t3<b7,t14<b2} [M mod 8 in [7], M >= 64 (3 sporadic below)]
    x=21: {t0<b11,t6<b8,t15<b3} [irregular]
  step 4, delta [[0, 2], [4, 0], [0, 2]]:
    x=13: {t0<b7,t2<b6,t11<b1} [M mod 8 in [1]]
    x=17: {t0<b9,t6<b6,t11<b3} [irregular]
    x=21: {t0<b11,t10<b6,t11<b5} [M mod 8 in [5], M >= 22 (0 sporadic below)]
  step 4, delta [[0, 2], [4, 0], [4, 0]]:
    x=13: {t0<b7,t2<b6,t11<b1} [M mod 8 in [1]]
    x=17: {t0<b9,t6<b6,t15<b1} [irregular]
    x=21: {t0<b11,t10<b6,t19<b1} [irregular]
  step 4, delta [[0, 2], [8, -2], [-4, 4]]:
    x=13: {t0<b7,t2<b6,t11<b1} [M mod 8 in [1]]
    x=17: {t0<b9,t7<b5,t10<b4} [irregular]
    x=21: {t0<b11,t6<b8,t15<b3} [irregular]
  step 4, delta [[0, 2], [12, -4], [-4, 4]]:
    x=13: {t0<b7,t2<b6,t11<b1} [M mod 8 in [1]]
    x=17: {t0<b9,t7<b5,t14<b2} [irregular]
    x=21: {t0<b11,t10<b6,t19<b1} [irregular]
  step 4, delta [[0, 2], [8, -2], [0, 2]]:
    x=13: {t0<b7,t2<b6,t11<b1} [M mod 8 in [1]]
    x=17: {t0<b9,t10<b4,t11<b3} [M mod 8 in [3], M >= 60 (2 sporadic below)]
    x=21: {t0<b11,t11<b5,t18<b2} [M mod 8 in [5], M >= 22 (0 sporadic below)]
  step 4, delta [[8, -2], [0, 2], [-8, 6]]:
    x=13: {t0<b7,t2<b6,t11<b1} [M mod 8 in [1]]
    x=17: {t2<b8,t3<b7,t8<b5} [irregular]
    x=21: {t0<b11,t3<b9,t10<b6} [irregular]
  step 4, delta [[4, 0], [0, 2], [0, 2]]:
    x=13: {t0<b7,t2<b6,t11<b1} [M mod 8 in [1]]
    x=17: {t2<b8,t4<b7,t11<b3} [irregular]
    x=21: {t4<b9,t6<b8,t11<b5} [irregular]
  step 4, delta [[4, 0], [0, 2], [4, 0]]:
    x=13: {t0<b7,t2<b6,t11<b1} [M mod 8 in [1]]
    x=17: {t2<b8,t4<b7,t15<b1} [irregular]
    x=21: {t4<b9,t6<b8,t19<b1} [irregular]
  step 4, delta [[8, -2], [0, 2], [-4, 4]]:
    x=13: {t0<b7,t2<b6,t11<b1} [M mod 8 in [1]]
    x=17: {t2<b8,t7<b5,t8<b5} [irregular]
    x=21: {t4<b9,t7<b7,t10<b6} [M mod 8 in [3], M >= 20 (0 sporadic below)]
  step 4, delta [[8, -2], [0, 2], [4, 0]]:
    x=13: {t0<b7,t2<b6,t11<b1} [M mod 8 in [1]]
    x=17: {t2<b8,t8<b5,t15<b1} [irregular]
    x=21: {t8<b7,t10<b6,t19<b1} [M mod 8 in [1], M >= 26 (0 sporadic below)]
  step 4, delta [[12, -4], [0, 2], [4, 0]]:
    x=13: {t0<b7,t2<b6,t11<b1} [M mod 8 in [1]]
    x=17: {t2<b8,t12<b3,t15<b1} [irregular]
    x=21: {t12<b5,t14<b4,t19<b1} [irregular]
  step 4, delta [[8, -2], [4, 0], [-8, 6]]:
    x=13: {t0<b7,t2<b6,t11<b1} [M mod 8 in [1]]
    x=17: {t3<b7,t6<b6,t8<b5} [irregular]
    x=21: {t0<b11,t10<b6,t11<b5} [M mod 8 in [5], M >= 22 (0 sporadic below)]
  step 4, delta [[8, -2], [8, -2], [-8, 6]]:
    x=13: {t0<b7,t2<b6,t11<b1} [M mod 8 in [1]]
    x=17: {t3<b7,t8<b5,t10<b4} [irregular]
    x=21: {t2<b10,t11<b5,t16<b3} [irregular]
  step 4, delta [[8, -2], [12, -4], [-8, 6]]:
    x=13: {t0<b7,t2<b6,t11<b1} [M mod 8 in [1]]
    x=17: {t3<b7,t8<b5,t14<b2} [irregular]
    x=21: {t6<b8,t11<b5,t20<b1} [irregular]
  step 4, delta [[4, 0], [8, -2], [-4, 4]]:
    x=13: {t0<b7,t2<b6,t11<b1} [M mod 8 in [1]]
    x=17: {t4<b7,t7<b5,t10<b4} [M mod 8 in [1], M >= 18 (0 sporadic below)]
    x=21: {t6<b8,t8<b7,t15<b3} [irregular]
  step 4, delta [[4, 0], [12, -4], [-4, 4]]:
    x=13: {t0<b7,t2<b6,t11<b1} [M mod 8 in [1]]
    x=17: {t4<b7,t7<b5,t14<b2} [irregular]
    x=21: {t8<b7,t10<b6,t19<b1} [M mod 8 in [1], M >= 26 (0 sporadic below)]
  step 4, delta [[4, 0], [8, -2], [0, 2]]:
    x=13: {t0<b7,t2<b6,t11<b1} [M mod 8 in [1]]
    x=17: {t4<b7,t10<b4,t11<b3} [irregular]
    x=21: {t8<b7,t11<b5,t18<b2} [irregular]
  step 4, delta [[4, 0], [8, -2], [4, 0]]:
    x=13: {t0<b7,t2<b6,t11<b1} [M mod 8 in [1]]
    x=17: {t4<b7,t10<b4,t15<b1} [irregular]
    x=21: {t8<b7,t18<b2,t19<b1} [M mod 8 in [1], M >= 34 (0 sporadic below)]
  step 4, delta [[12, -4], [4, 0], [-4, 4]]:
    x=13: {t0<b7,t2<b6,t11<b1} [M mod 8 in [1]]
    x=17: {t6<b6,t7<b5,t12<b3} [irregular]
    x=21: {t8<b7,t11<b5,t18<b2} [irregular]
  step 4, delta [[8, -2], [4, 0], [4, 0]]:
    x=13: {t0<b7,t2<b6,t11<b1} [M mod 8 in [1]]
    x=17: {t6<b6,t8<b5,t15<b1} [irregular]
    x=21: {t12<b5,t14<b4,t19<b1} [irregular]
  step 4, delta [[12, -4], [4, 0], [0, 2]]:
    x=13: {t0<b7,t2<b6,t11<b1} [M mod 8 in [1]]
    x=17: {t6<b6,t11<b3,t12<b3} [irregular]
    x=21: {t12<b5,t15<b3,t18<b2} [M mod 8 in [7], M >= 32 (0 sporadic below)]
  step 4, delta [[12, -4], [8, -2], [-4, 4]]:
    x=13: {t0<b7,t2<b6,t11<b1} [M mod 8 in [1]]
    x=17: {t7<b5,t10<b4,t12<b3} [irregular]
    x=21: {t8<b7,t18<b2,t19<b1} [M mod 8 in [1], M >= 34 (0 sporadic below)]
  step 4, delta [[0, 2], [0, 2], [0, 2]]:
    x=13: {t0<b7,t3<b5,t5<b4} [M mod 8 in [2], M >= 27 (1 sporadic below)]
    x=17: {t0<b9,t3<b7,t5<b6} [M mod 8 in [4]]
    x=21: {t0<b11,t3<b9,t5<b8} [M mod 8 in [6]]
  step 4, delta [[0, 2], [0, 2], [4, 0]]:
    x=13: {t0<b7,t3<b5,t5<b4} [M mod 8 in [2], M >= 27 (1 sporadic below)]
    x=17: {t0<b9,t3<b7,t9<b4} [irregular]
    x=21: {t0<b11,t3<b9,t13<b4} [M mod 8 in [6], M >= 63 (4 sporadic below)]
  step 4, delta [[0, 2], [8, -2], [0, 2]]:
    x=13: {t0<b7,t3<b5,t5<b4} [M mod 8 in [2], M >= 27 (1 sporadic below)]
    x=17: {t0<b9,t5<b6,t11<b3} [irregular]
    x=21: {t0<b11,t11<b5,t13<b4} [irregular]
  step 4, delta [[0, 2], [8, -2], [4, 0]]:
    x=13: {t0<b7,t3<b5,t5<b4} [M mod 8 in [2], M >= 27 (1 sporadic below)]
    x=17: {t0<b9,t9<b4,t11<b3} [irregular]
    x=21: {t0<b11,t15<b3,t17<b2} [irregular]
  step 4, delta [[12, -4], [0, 2], [-4, 4]]:
    x=13: {t0<b7,t3<b5,t5<b4} [M mod 8 in [2], M >= 27 (1 sporadic below)]
    x=17: {t1<b8,t3<b7,t12<b3} [irregular]
    x=21: {t3<b9,t8<b7,t13<b4} [irregular]
  step 4, delta [[4, 0], [4, 0], [-4, 4]]:
    x=13: {t0<b7,t3<b5,t5<b4} [M mod 8 in [2], M >= 27 (1 sporadic below)]
    x=17: {t1<b8,t4<b7,t7<b5} [irregular]
    x=21: {t3<b9,t5<b8,t8<b7} [irregular]
  step 4, delta [[4, 0], [12, -4], [-4, 4]]:
    x=13: {t0<b7,t3<b5,t5<b4} [M mod 8 in [2], M >= 27 (1 sporadic below)]
    x=17: {t1<b8,t4<b7,t15<b1} [irregular]
    x=21: {t5<b8,t11<b5,t16<b3} [irregular]
  step 4, delta [[12, -4], [4, 0], [-4, 4]]:
    x=13: {t0<b7,t3<b5,t5<b4} [M mod 8 in [2], M >= 27 (1 sporadic below)]
    x=17: {t1<b8,t7<b5,t12<b3} [irregular]
    x=21: {t8<b7,t11<b5,t13<b4} [M mod 8 in [2], M >= 19 (0 sporadic below)]
  step 4, delta [[8, -2], [8, -2], [-4, 4]]:
    x=13: {t0<b7,t3<b5,t5<b4} [M mod 8 in [2], M >= 27 (1 sporadic below)]
    x=17: {t1<b8,t8<b5,t11<b3} [irregular]
    x=21: {t7<b7,t9<b6,t16<b3} [irregular]
  step 4, delta [[8, -2], [12, -4], [-4, 4]]:
    x=13: {t0<b7,t3<b5,t5<b4} [M mod 8 in [2], M >= 27 (1 sporadic below)]
    x=17: {t1<b8,t8<b5,t15<b1} [irregular]
    x=21: {t9<b6,t11<b5,t20<b1} [irregular]
  step 4, delta [[12, -4], [8, -2], [-4, 4]]:
    x=13: {t0<b7,t3<b5,t5<b4} [M mod 8 in [2], M >= 27 (1 sporadic below)]
    x=17: {t1<b8,t11<b3,t12<b3} [irregular]
    x=21: {t8<b7,t13<b4,t19<b1} [irregular]
  step 4, delta [[8, -2], [0, 2], [0, 2]]:
    x=13: {t0<b7,t3<b5,t5<b4} [M mod 8 in [2], M >= 27 (1 sporadic below)]
    x=17: {t3<b7,t5<b6,t8<b5} [irregular]
    x=21: {t5<b8,t8<b7,t11<b5} [irregular]
  step 4, delta [[12, -4], [0, 2], [0, 2]]:
    x=13: {t0<b7,t3<b5,t5<b4} [M mod 8 in [2], M >= 27 (1 sporadic below)]
    x=17: {t3<b7,t5<b6,t12<b3} [irregular]
    x=21: {t5<b8,t12<b5,t15<b3} [irregular]
  step 4, delta [[8, -2], [0, 2], [4, 0]]:
    x=13: {t0<b7,t3<b5,t5<b4} [M mod 8 in [2], M >= 27 (1 sporadic below)]
    x=17: {t3<b7,t8<b5,t9<b4} [M mod 8 in [0], M >= 17 (0 sporadic below)]
    x=21: {t8<b7,t11<b5,t13<b4} [M mod 8 in [2], M >= 19 (0 sporadic below)]
  step 4, delta [[12, -4], [0, 2], [4, 0]]:
    x=13: {t0<b7,t3<b5,t5<b4} [M mod 8 in [2], M >= 27 (1 sporadic below)]
    x=17: {t3<b7,t9<b4,t12<b3} [irregular]
    x=21: {t9<b6,t15<b3,t16<b3} [irregular]
  step 4, delta [[4, 0], [4, 0], [4, 0]]:
    x=13: {t0<b7,t3<b5,t5<b4} [M mod 8 in [2], M >= 27 (1 sporadic below)]
    x=17: {t4<b7,t7<b5,t9<b4} [irregular]
    x=21: {t8<b7,t11<b5,t13<b4} [M mod 8 in [2], M >= 19 (0 sporadic below)]
  step 4, delta [[8, -2], [4, 0], [0, 2]]:
    x=13: {t0<b7,t3<b5,t5<b4} [M mod 8 in [2], M >= 27 (1 sporadic below)]
    x=17: {t5<b6,t7<b5,t8<b5} [irregular]
    x=21: {t8<b7,t11<b5,t13<b4} [M mod 8 in [2], M >= 19 (0 sporadic below)]
  step 4, delta [[8, -2], [8, -2], [0, 2]]:
    x=13: {t0<b7,t3<b5,t5<b4} [M mod 8 in [2], M >= 27 (1 sporadic below)]
    x=17: {t5<b6,t8<b5,t11<b3} [irregular]
    x=21: {t11<b5,t13<b4,t16<b3} [irregular]
  step 4, delta [[8, -2], [12, -4], [0, 2]]:
    x=13: {t0<b7,t3<b5,t5<b4} [M mod 8 in [2], M >= 27 (1 sporadic below)]
    x=17: {t5<b6,t8<b5,t15<b1} [irregular]
    x=21: {t13<b4,t15<b3,t20<b1} [M mod 8 in [0], M >= 25 (0 sporadic below)]
  step 4, delta [[12, -4], [8, -2], [0, 2]]:
    x=13: {t0<b7,t3<b5,t5<b4} [M mod 8 in [2], M >= 27 (1 sporadic below)]
    x=17: {t5<b6,t11<b3,t12<b3} [irregular]
    x=21: {t12<b5,t17<b2,t19<b1} [irregular]
  step 4, delta [[0, 2], [4, 0], [-4, 4]]:
    x=13: {t0<b7,t3<b5,t6<b4} [M mod 8 in [5]]
    x=17: {t0<b9,t2<b8,t7<b5} [irregular]
    x=21: {t0<b11,t3<b9,t6<b8} [irregular]
  step 4, delta [[0, 2], [8, -2], [-4, 4]]:
    x=13: {t0<b7,t3<b5,t6<b4} [M mod 8 in [5]]
    x=17: {t0<b9,t2<b8,t11<b3} [M mod 8 in [3]]
    x=21: {t0<b11,t7<b7,t10<b6} [irregular]
  step 4, delta [[0, 2], [12, -4], [-4, 4]]:
    x=13: {t0<b7,t3<b5,t6<b4} [M mod 8 in [5]]
    x=17: {t0<b9,t2<b8,t15<b1} [irregular]
    x=21: {t0<b11,t11<b5,t14<b4} [irregular]
  step 4, delta [[0, 2], [0, 2], [0, 2]]:
    x=13: {t0<b7,t3<b5,t6<b4} [M mod 8 in [5]]
    x=17: {t0<b9,t3<b7,t6<b6} [M mod 8 in [7]]
    x=21: {t0<b11,t3<b9,t6<b8} [irregular]
  step 4, delta [[0, 2], [0, 2], [4, 0]]:
    x=13: {t0<b7,t3<b5,t6<b4} [M mod 8 in [5]]
    x=17: {t0<b9,t3<b7,t10<b4} [irregular]
    x=21: {t0<b11,t3<b9,t14<b4} [irregular]
  step 4, delta [[0, 2], [8, -2], [0, 2]]:
    x=13: {t0<b7,t3<b5,t6<b4} [M mod 8 in [5]]
    x=17: {t0<b9,t6<b6,t11<b3} [irregular]
    x=21: {t0<b11,t11<b5,t14<b4} [irregular]
  step 4, delta [[0, 2], [12, -4], [0, 2]]:
    x=13: {t0<b7,t3<b5,t6<b4} [M mod 8 in [5]]
    x=17: {t0<b9,t6<b6,t15<b1} [irregular]
    x=21: {t0<b11,t15<b3,t18<b2} [irregular]
  step 4, delta [[0, 2], [4, 0], [4, 0]]:
    x=13: {t0<b7,t3<b5,t6<b4} [M mod 8 in [5]]
    x=17: {t0<b9,t7<b5,t10<b4} [irregular]
    x=21: {t0<b11,t11<b5,t14<b4} [irregular]
  step 4, delta [[0, 2], [8, -2], [4, 0]]:
    x=13: {t0<b7,t3<b5,t6<b4} [M mod 8 in [5]]
    x=17: {t0<b9,t10<b4,t11<b3} [M mod 8 in [3], M >= 60 (2 sporadic below)]
    x=21: {t0<b11,t15<b3,t18<b2} [irregular]
  step 4, delta [[4, 0], [8, -2], [-4, 4]]:
    x=13: {t0<b7,t3<b5,t6<b4} [M mod 8 in [5]]
    x=17: {t2<b8,t4<b7,t11<b3} [irregular]
    x=21: {t6<b8,t7<b7,t12<b5} [irregular]
  step 4, delta [[4, 0], [12, -4], [-4, 4]]:
    x=13: {t0<b7,t3<b5,t6<b4} [M mod 8 in [5]]
    x=17: {t2<b8,t4<b7,t15<b1} [irregular]
    x=21: {t6<b8,t11<b5,t16<b3} [irregular]
  step 4, delta [[8, -2], [4, 0], [-4, 4]]:
    x=13: {t0<b7,t3<b5,t6<b4} [M mod 8 in [5]]
    x=17: {t2<b8,t7<b5,t8<b5} [irregular]
    x=21: {t4<b9,t10<b6,t11<b5} [irregular]
  step 4, delta [[12, -4], [4, 0], [-4, 4]]:
    x=13: {t0<b7,t3<b5,t6<b4} [M mod 8 in [5]]
    x=17: {t2<b8,t7<b5,t12<b3} [irregular]
    x=21: {t8<b7,t11<b5,t14<b4} [M mod 8 in [5], M >= 22 (0 sporadic below)]
  step 4, delta [[8, -2], [8, -2], [-4, 4]]:
    x=13: {t0<b7,t3<b5,t6<b4} [M mod 8 in [5]]
    x=17: {t2<b8,t8<b5,t11<b3} [irregular]
    x=21: {t7<b7,t10<b6,t16<b3} [irregular]
  step 4, delta [[8, -2], [12, -4], [-4, 4]]:
    x=13: {t0<b7,t3<b5,t6<b4} [M mod 8 in [5]]
    x=17: {t2<b8,t8<b5,t15<b1} [irregular]
    x=21: {t10<b6,t11<b5,t20<b1} [irregular]
  step 4, delta [[12, -4], [8, -2], [-4, 4]]:
    x=13: {t0<b7,t3<b5,t6<b4} [M mod 8 in [5]]
    x=17: {t2<b8,t11<b3,t12<b3} [irregular]
    x=21: {t8<b7,t14<b4,t19<b1} [irregular]
  step 4, delta [[8, -2], [0, 2], [0, 2]]:
    x=13: {t0<b7,t3<b5,t6<b4} [M mod 8 in [5]]
    x=17: {t3<b7,t6<b6,t8<b5} [irregular]
    x=21: {t6<b8,t8<b7,t11<b5} [M mod 8 in [5], M >= 22 (0 sporadic below)]
  step 4, delta [[8, -2], [0, 2], [4, 0]]:
    x=13: {t0<b7,t3<b5,t6<b4} [M mod 8 in [5]]
    x=17: {t3<b7,t8<b5,t10<b4} [irregular]
    x=21: {t8<b7,t11<b5,t14<b4} [M mod 8 in [5], M >= 22 (0 sporadic below)]
  step 4, delta [[12, -4], [0, 2], [4, 0]]:
    x=13: {t0<b7,t3<b5,t6<b4} [M mod 8 in [5]]
    x=17: {t3<b7,t10<b4,t12<b3} [irregular]
    x=21: {t10<b6,t15<b3,t16<b3} [irregular]
  step 4, delta [[4, 0], [8, -2], [0, 2]]:
    x=13: {t0<b7,t3<b5,t6<b4} [M mod 8 in [5]]
    x=17: {t4<b7,t6<b6,t11<b3} [irregular]
    x=21: {t8<b7,t11<b5,t14<b4} [M mod 8 in [5], M >= 22 (0 sporadic below)]
  step 4, delta [[4, 0], [4, 0], [4, 0]]:
    x=13: {t0<b7,t3<b5,t6<b4} [M mod 8 in [5]]
    x=17: {t4<b7,t7<b5,t10<b4} [M mod 8 in [1], M >= 18 (0 sporadic below)]
    x=21: {t8<b7,t11<b5,t14<b4} [M mod 8 in [5], M >= 22 (0 sporadic below)]
  step 4, delta [[8, -2], [4, 0], [0, 2]]:
    x=13: {t0<b7,t3<b5,t6<b4} [M mod 8 in [5]]
    x=17: {t6<b6,t7<b5,t8<b5} [irregular]
    x=21: {t8<b7,t11<b5,t14<b4} [M mod 8 in [5], M >= 22 (0 sporadic below)]
  step 4, delta [[8, -2], [8, -2], [0, 2]]:
    x=13: {t0<b7,t3<b5,t6<b4} [M mod 8 in [5]]
    x=17: {t6<b6,t8<b5,t11<b3} [M mod 8 in [3]]
    x=21: {t11<b5,t14<b4,t16<b3} [irregular]
  step 4, delta [[8, -2], [12, -4], [0, 2]]:
    x=13: {t0<b7,t3<b5,t6<b4} [M mod 8 in [5]]
    x=17: {t6<b6,t8<b5,t15<b1} [irregular]
    x=21: {t14<b4,t15<b3,t20<b1} [irregular]
  step 4, delta [[12, -4], [8, -2], [0, 2]]:
    x=13: {t0<b7,t3<b5,t6<b4} [M mod 8 in [5]]
    x=17: {t6<b6,t11<b3,t12<b3} [irregular]
    x=21: {t12<b5,t18<b2,t19<b1} [irregular]
  step 4, delta [[12, -4], [4, 0], [4, 0]]:
    x=13: {t0<b7,t3<b5,t6<b4} [M mod 8 in [5]]
    x=17: {t7<b5,t10<b4,t12<b3} [irregular]
    x=21: {t14<b4,t16<b3,t19<b1} [M mod 8 in [1], M >= 26 (0 sporadic below)]
  step 4, delta [[0, 2], [8, -2], [-8, 6]]:
    x=13: {t0<b7,t3<b5,t9<b2} [irregular]
    x=17: {t0<b9,t1<b8,t11<b3} [irregular]
    x=21: {t0<b11,t3<b9,t9<b6} [irregular]
  step 4, delta [[0, 2], [0, 2], [0, 2]]:
    x=13: {t0<b7,t3<b5,t9<b2} [irregular]
    x=17: {t0<b9,t3<b7,t9<b4} [irregular]
    x=21: {t0<b11,t3<b9,t9<b6} [irregular]
  step 4, delta [[0, 2], [0, 2], [4, 0]]:
    x=13: {t0<b7,t3<b5,t9<b2} [irregular]
    x=17: {t0<b9,t3<b7,t13<b2} [M mod 8 in [4], M >= 61 (4 sporadic below)]
    x=21: {t0<b11,t3<b9,t17<b2} [irregular]
  step 4, delta [[0, 2], [8, -2], [0, 2]]:
    x=13: {t0<b7,t3<b5,t9<b2} [irregular]
    x=17: {t0<b9,t9<b4,t11<b3} [irregular]
    x=21: {t0<b11,t11<b5,t17<b2} [irregular]
  step 4, delta [[0, 2], [8, -2], [4, 0]]:
    x=13: {t0<b7,t3<b5,t9<b2} [irregular]
    x=17: {t0<b9,t11<b3,t13<b2} [irregular]
    x=21: {t0<b11,t17<b2,t19<b1} [irregular]
  step 4, delta [[8, -2], [0, 2], [-8, 6]]:
    x=13: {t0<b7,t3<b5,t9<b2} [irregular]
    x=17: {t1<b8,t3<b7,t8<b5} [M mod 8 in [0], M >= 17 (0 sporadic below)]
    x=21: {t0<b11,t3<b9,t9<b6} [irregular]
  step 4, delta [[4, 0], [12, -4], [-8, 6]]:
    x=13: {t0<b7,t3<b5,t9<b2} [irregular]
    x=17: {t1<b8,t4<b7,t15<b1} [irregular]
    x=21: {t5<b8,t7<b7,t16<b3} [irregular]
  step 4, delta [[8, -2], [4, 0], [-8, 6]]:
    x=13: {t0<b7,t3<b5,t9<b2} [irregular]
    x=17: {t1<b8,t7<b5,t8<b5} [irregular]
    x=21: {t0<b11,t9<b6,t11<b5} [irregular]
  step 4, delta [[8, -2], [8, -2], [-8, 6]]:
    x=13: {t0<b7,t3<b5,t9<b2} [irregular]
    x=17: {t1<b8,t8<b5,t11<b3} [irregular]
    x=21: {t3<b9,t9<b6,t16<b3} [irregular]
  step 4, delta [[8, -2], [12, -4], [-8, 6]]:
    x=13: {t0<b7,t3<b5,t9<b2} [irregular]
    x=17: {t1<b8,t8<b5,t15<b1} [irregular]
    x=21: {t7<b7,t9<b6,t20<b1} [M mod 8 in [0], M >= 25 (0 sporadic below)]
  step 4, delta [[12, -4], [8, -2], [-8, 6]]:
    x=13: {t0<b7,t3<b5,t9<b2} [irregular]
    x=17: {t1<b8,t11<b3,t12<b3} [irregular]
    x=21: {t4<b9,t13<b4,t19<b1} [irregular]
  step 4, delta [[8, -2], [0, 2], [0, 2]]:
    x=13: {t0<b7,t3<b5,t9<b2} [irregular]
    x=17: {t3<b7,t8<b5,t9<b4} [M mod 8 in [0], M >= 17 (0 sporadic below)]
    x=21: {t8<b7,t9<b6,t11<b5} [irregular]
  step 4, delta [[8, -2], [0, 2], [4, 0]]:
    x=13: {t0<b7,t3<b5,t9<b2} [irregular]
    x=17: {t3<b7,t8<b5,t13<b2} [irregular]
    x=21: {t8<b7,t11<b5,t17<b2} [irregular]
  step 4, delta [[12, -4], [0, 2], [0, 2]]:
    x=13: {t0<b7,t3<b5,t9<b2} [irregular]
    x=17: {t3<b7,t9<b4,t12<b3} [irregular]
    x=21: {t9<b6,t12<b5,t15<b3} [irregular]
  step 4, delta [[4, 0], [4, 0], [-4, 4]]:
    x=13: {t0<b7,t3<b5,t9<b2} [irregular]
    x=17: {t4<b7,t5<b6,t7<b5} [irregular]
    x=21: {t3<b9,t8<b7,t9<b6} [M mod 8 in [2], M >= 19 (0 sporadic below)]
  step 4, delta [[4, 0], [12, -4], [-4, 4]]:
    x=13: {t0<b7,t3<b5,t9<b2} [irregular]
    x=17: {t4<b7,t5<b6,t15<b1} [irregular]
    x=21: {t8<b7,t11<b5,t17<b2} [irregular]
  step 4, delta [[4, 0], [4, 0], [0, 2]]:
    x=13: {t0<b7,t3<b5,t9<b2} [irregular]
    x=17: {t4<b7,t7<b5,t9<b4} [irregular]
    x=21: {t8<b7,t9<b6,t11<b5} [irregular]
  step 4, delta [[4, 0], [4, 0], [4, 0]]:
    x=13: {t0<b7,t3<b5,t9<b2} [irregular]
    x=17: {t4<b7,t7<b5,t13<b2} [irregular]
    x=21: {t8<b7,t11<b5,t17<b2} [irregular]
  step 4, delta [[4, 0], [8, -2], [0, 2]]:
    x=13: {t0<b7,t3<b5,t9<b2} [irregular]
    x=17: {t4<b7,t9<b4,t11<b3} [irregular]
    x=21: {t8<b7,t11<b5,t17<b2} [irregular]
  step 4, delta [[4, 0], [8, -2], [4, 0]]:
    x=13: {t0<b7,t3<b5,t9<b2} [irregular]
    x=17: {t4<b7,t11<b3,t13<b2} [irregular]
    x=21: {t8<b7,t17<b2,t19<b1} [irregular]
  step 4, delta [[12, -4], [4, 0], [-4, 4]]:
    x=13: {t0<b7,t3<b5,t9<b2} [irregular]
    x=17: {t5<b6,t7<b5,t12<b3} [M mod 8 in [2]]
    x=21: {t8<b7,t11<b5,t17<b2} [irregular]
  step 4, delta [[8, -2], [12, -4], [-4, 4]]:
    x=13: {t0<b7,t3<b5,t9<b2} [irregular]
    x=17: {t5<b6,t8<b5,t15<b1} [irregular]
    x=21: {t11<b5,t13<b4,t20<b1} [irregular]
  step 4, delta [[12, -4], [8, -2], [-4, 4]]:
    x=13: {t0<b7,t3<b5,t9<b2} [irregular]
    x=17: {t5<b6,t11<b3,t12<b3} [irregular]
    x=21: {t8<b7,t17<b2,t19<b1} [irregular]
  step 4, delta [[12, -4], [4, 0], [4, 0]]:
    x=13: {t0<b7,t3<b5,t9<b2} [irregular]
    x=17: {t7<b5,t12<b3,t13<b2} [M mod 8 in [2], M >= 59 (2 sporadic below)]
    x=21: {t16<b3,t17<b2,t19<b1} [irregular]
  step 4, delta [[8, -2], [8, -2], [0, 2]]:
    x=13: {t0<b7,t3<b5,t9<b2} [irregular]
    x=17: {t8<b5,t9<b4,t11<b3} [irregular]
    x=21: {t11<b5,t16<b3,t17<b2} [M mod 8 in [6], M >= 31 (0 sporadic below)]
  step 4, delta [[8, -2], [8, -2], [4, 0]]:
    x=13: {t0<b7,t3<b5,t9<b2} [irregular]
    x=17: {t8<b5,t11<b3,t13<b2} [M mod 8 in [0], M >= 17 (0 sporadic below)]
    x=21: {t16<b3,t17<b2,t19<b1} [irregular]
  step 4, delta [[0, 2], [8, -2], [-8, 6]]:
    x=13: {t0<b7,t3<b5,t10<b2} [irregular]
    x=17: {t0<b9,t2<b8,t11<b3} [M mod 8 in [3]]
    x=21: {t0<b11,t3<b9,t10<b6} [irregular]
  step 4, delta [[0, 2], [12, -4], [-8, 6]]:
    x=13: {t0<b7,t3<b5,t10<b2} [irregular]
    x=17: {t0<b9,t2<b8,t15<b1} [irregular]
    x=21: {t0<b11,t7<b7,t14<b4} [irregular]
  step 4, delta [[0, 2], [0, 2], [-4, 4]]:
    x=13: {t0<b7,t3<b5,t10<b2} [irregular]
    x=17: {t0<b9,t3<b7,t6<b6} [M mod 8 in [7]]
    x=21: {t0<b11,t2<b10,t3<b9} [irregular]
  step 4, delta [[0, 2], [0, 2], [0, 2]]:
    x=13: {t0<b7,t3<b5,t10<b2} [irregular]
    x=17: {t0<b9,t3<b7,t10<b4} [irregular]
    x=21: {t0<b11,t3<b9,t10<b6} [irregular]
  step 4, delta [[0, 2], [0, 2], [4, 0]]:
    x=13: {t0<b7,t3<b5,t10<b2} [irregular]
    x=17: {t0<b9,t3<b7,t14<b2} [M mod 8 in [7], M >= 64 (3 sporadic below)]
    x=21: {t0<b11,t3<b9,t18<b2} [irregular]
  step 4, delta [[0, 2], [8, -2], [-4, 4]]:
    x=13: {t0<b7,t3<b5,t10<b2} [irregular]
    x=17: {t0<b9,t6<b6,t11<b3} [irregular]
    x=21: {t0<b11,t7<b7,t14<b4} [irregular]
  step 4, delta [[0, 2], [12, -4], [-4, 4]]:
    x=13: {t0<b7,t3<b5,t10<b2} [irregular]
    x=17: {t0<b9,t6<b6,t15<b1} [irregular]
    x=21: {t0<b11,t11<b5,t18<b2} [M mod 8 in [5], M >= 22 (0 sporadic below)]
  step 4, delta [[0, 2], [4, 0], [0, 2]]:
    x=13: {t0<b7,t3<b5,t10<b2} [irregular]
    x=17: {t0<b9,t7<b5,t10<b4} [irregular]
    x=21: {t0<b11,t10<b6,t11<b5} [M mod 8 in [5], M >= 22 (0 sporadic below)]
  step 4, delta [[0, 2], [4, 0], [4, 0]]:
    x=13: {t0<b7,t3<b5,t10<b2} [irregular]
    x=17: {t0<b9,t7<b5,t14<b2} [irregular]
    x=21: {t0<b11,t11<b5,t18<b2} [M mod 8 in [5], M >= 22 (0 sporadic below)]
  step 4, delta [[0, 2], [8, -2], [0, 2]]:
    x=13: {t0<b7,t3<b5,t10<b2} [irregular]
    x=17: {t0<b9,t10<b4,t11<b3} [M mod 8 in [3], M >= 60 (2 sporadic below)]
    x=21: {t0<b11,t11<b5,t18<b2} [M mod 8 in [5], M >= 22 (0 sporadic below)]
  step 4, delta [[8, -2], [0, 2], [-8, 6]]:
    x=13: {t0<b7,t3<b5,t10<b2} [irregular]
    x=17: {t2<b8,t3<b7,t8<b5} [irregular]
    x=21: {t0<b11,t3<b9,t10<b6} [irregular]
  step 4, delta [[4, 0], [8, -2], [-8, 6]]:
    x=13: {t0<b7,t3<b5,t10<b2} [irregular]
    x=17: {t2<b8,t4<b7,t11<b3} [irregular]
    x=21: {t3<b9,t6<b8,t12<b5} [irregular]
  step 4, delta [[8, -2], [4, 0], [-8, 6]]:
    x=13: {t0<b7,t3<b5,t10<b2} [irregular]
    x=17: {t2<b8,t7<b5,t8<b5} [irregular]
    x=21: {t0<b11,t10<b6,t11<b5} [M mod 8 in [5], M >= 22 (0 sporadic below)]
  step 4, delta [[8, -2], [8, -2], [-8, 6]]:
    x=13: {t0<b7,t3<b5,t10<b2} [irregular]
    x=17: {t2<b8,t8<b5,t11<b3} [irregular]
    x=21: {t3<b9,t10<b6,t16<b3} [irregular]
  step 4, delta [[8, -2], [12, -4], [-8, 6]]:
    x=13: {t0<b7,t3<b5,t10<b2} [irregular]
    x=17: {t2<b8,t8<b5,t15<b1} [irregular]
    x=21: {t7<b7,t10<b6,t20<b1} [irregular]
  step 4, delta [[12, -4], [8, -2], [-8, 6]]:
    x=13: {t0<b7,t3<b5,t10<b2} [irregular]
    x=17: {t2<b8,t11<b3,t12<b3} [irregular]
    x=21: {t4<b9,t14<b4,t19<b1} [irregular]
  step 4, delta [[8, -2], [0, 2], [-4, 4]]:
    x=13: {t0<b7,t3<b5,t10<b2} [irregular]
    x=17: {t3<b7,t6<b6,t8<b5} [irregular]
    x=21: {t4<b9,t6<b8,t11<b5} [irregular]
  step 4, delta [[8, -2], [0, 2], [4, 0]]:
    x=13: {t0<b7,t3<b5,t10<b2} [irregular]
    x=17: {t3<b7,t8<b5,t14<b2} [irregular]
    x=21: {t8<b7,t11<b5,t18<b2} [irregular]
  step 4, delta [[12, -4], [0, 2], [0, 2]]:
    x=13: {t0<b7,t3<b5,t10<b2} [irregular]
    x=17: {t3<b7,t10<b4,t12<b3} [irregular]
    x=21: {t10<b6,t12<b5,t15<b3} [irregular]
  step 4, delta [[12, -4], [0, 2], [4, 0]]:
    x=13: {t0<b7,t3<b5,t10<b2} [irregular]
    x=17: {t3<b7,t12<b3,t14<b2} [irregular]
    x=21: {t12<b5,t15<b3,t18<b2} [M mod 8 in [7], M >= 32 (0 sporadic below)]
  step 4, delta [[4, 0], [12, -4], [-4, 4]]:
    x=13: {t0<b7,t3<b5,t10<b2} [irregular]
    x=17: {t4<b7,t6<b6,t15<b1} [M mod 8 in [5]]
    x=21: {t8<b7,t11<b5,t18<b2} [irregular]
  step 4, delta [[4, 0], [8, -2], [0, 2]]:
    x=13: {t0<b7,t3<b5,t10<b2} [irregular]
    x=17: {t4<b7,t10<b4,t11<b3} [irregular]
    x=21: {t8<b7,t11<b5,t18<b2} [irregular]
  step 4, delta [[12, -4], [4, 0], [-4, 4]]:
    x=13: {t0<b7,t3<b5,t10<b2} [irregular]
    x=17: {t6<b6,t7<b5,t12<b3} [irregular]
    x=21: {t8<b7,t11<b5,t18<b2} [irregular]
  step 4, delta [[12, -4], [8, -2], [-4, 4]]:
    x=13: {t0<b7,t3<b5,t10<b2} [irregular]
    x=17: {t6<b6,t11<b3,t12<b3} [irregular]
    x=21: {t8<b7,t18<b2,t19<b1} [M mod 8 in [1], M >= 34 (0 sporadic below)]
  step 4, delta [[12, -4], [4, 0], [0, 2]]:
    x=13: {t0<b7,t3<b5,t10<b2} [irregular]
    x=17: {t7<b5,t10<b4,t12<b3} [irregular]
    x=21: {t12<b5,t14<b4,t19<b1} [irregular]
  step 4, delta [[0, 2], [0, 2], [0, 2]]:
    x=13: {t0<b7,t4<b5,t9<b2} [irregular]
    x=17: {t0<b9,t4<b7,t9<b4} [irregular]
    x=21: {t0<b11,t4<b9,t9<b6} [irregular]
  step 4, delta [[0, 2], [0, 2], [4, 0]]:
    x=13: {t0<b7,t4<b5,t9<b2} [irregular]
    x=17: {t0<b9,t4<b7,t13<b2} [irregular]
    x=21: {t0<b11,t4<b9,t17<b2} [irregular]
  step 4, delta [[8, -2], [-4, 4], [0, 2]]:
    x=13: {t0<b7,t4<b5,t9<b2} [irregular]
    x=17: {t0<b9,t8<b5,t9<b4} [irregular]
    x=21: {t4<b9,t8<b7,t9<b6} [irregular]
  step 4, delta [[0, 2], [4, 0], [4, 0]]:
    x=13: {t0<b7,t4<b5,t9<b2} [irregular]
    x=17: {t0<b9,t8<b5,t13<b2} [irregular]
    x=21: {t0<b11,t12<b5,t17<b2} [irregular]
  step 4, delta [[8, -2], [-4, 4], [4, 0]]:
    x=13: {t0<b7,t4<b5,t9<b2} [irregular]
    x=17: {t0<b9,t8<b5,t13<b2} [irregular]
    x=21: {t4<b9,t8<b7,t17<b2} [irregular]
  step 4, delta [[12, -4], [-4, 4], [4, 0]]:
    x=13: {t0<b7,t4<b5,t9<b2} [irregular]
    x=17: {t0<b9,t12<b3,t13<b2} [irregular]
    x=21: {t8<b7,t12<b5,t17<b2} [irregular]
  step 4, delta [[4, 0], [4, 0], [4, 0]]:
    x=13: {t0<b7,t4<b5,t9<b2} [irregular]
    x=17: {t4<b7,t8<b5,t13<b2} [irregular]
    x=21: {t8<b7,t12<b5,t17<b2} [irregular]
  step 4, delta [[12, -4], [0, 2], [4, 0]]:
    x=13: {t0<b7,t4<b5,t9<b2} [irregular]
    x=17: {t4<b7,t12<b3,t13<b2} [irregular]
    x=21: {t12<b5,t16<b3,t17<b2} [irregular]
  step 4, delta [[0, 2], [8, -2], [-8, 6]]:
    x=13: {t0<b7,t5<b4,t10<b2} [irregular]
    x=17: {t0<b9,t2<b8,t13<b2} [irregular]
    x=21: {t0<b11,t5<b8,t10<b6} [irregular]
  step 4, delta [[0, 2], [0, 2], [0, 2]]:
    x=13: {t0<b7,t5<b4,t10<b2} [irregular]
    x=17: {t0<b9,t5<b6,t10<b4} [irregular]
    x=21: {t0<b11,t5<b8,t10<b6} [irregular]
  step 4, delta [[0, 2], [4, 0], [-4, 4]]:
    x=13: {t0<b7,t5<b4,t10<b2} [irregular]
    x=17: {t0<b9,t6<b6,t9<b4} [irregular]
    x=21: {t0<b11,t5<b8,t10<b6} [irregular]
  step 4, delta [[0, 2], [8, -2], [-4, 4]]:
    x=13: {t0<b7,t5<b4,t10<b2} [irregular]
    x=17: {t0<b9,t6<b6,t13<b2} [irregular]
    x=21: {t0<b11,t9<b6,t14<b4} [irregular]
  step 4, delta [[0, 2], [4, 0], [0, 2]]:
    x=13: {t0<b7,t5<b4,t10<b2} [irregular]
    x=17: {t0<b9,t9<b4,t10<b4} [irregular]
    x=21: {t0<b11,t10<b6,t13<b4} [irregular]
  step 4, delta [[0, 2], [4, 0], [4, 0]]:
    x=13: {t0<b7,t5<b4,t10<b2} [irregular]
    x=17: {t0<b9,t9<b4,t14<b2} [irregular]
    x=21: {t0<b11,t13<b4,t18<b2} [irregular]
  step 4, delta [[0, 2], [8, -2], [0, 2]]:
    x=13: {t0<b7,t5<b4,t10<b2} [irregular]
    x=17: {t0<b9,t10<b4,t13<b2} [irregular]
    x=21: {t0<b11,t13<b4,t18<b2} [irregular]
  step 4, delta [[4, 0], [-4, 4], [-4, 4]]:
    x=13: {t0<b7,t5<b4,t10<b2} [irregular]
    x=17: {t1<b8,t4<b7,t6<b6} [irregular]
    x=21: {t0<b11,t2<b10,t5<b8} [M mod 8 in [2], M >= 19 (0 sporadic below)]
  step 4, delta [[4, 0], [-4, 4], [4, 0]]:
    x=13: {t0<b7,t5<b4,t10<b2} [irregular]
    x=17: {t1<b8,t4<b7,t14<b2} [irregular]
    x=21: {t0<b11,t5<b8,t18<b2} [irregular]
  step 4, delta [[8, -2], [-4, 4], [-4, 4]]:
    x=13: {t0<b7,t5<b4,t10<b2} [irregular]
    x=17: {t1<b8,t6<b6,t8<b5} [irregular]
    x=21: {t2<b10,t4<b9,t9<b6} [irregular]
  step 4, delta [[12, -4], [-4, 4], [-4, 4]]:
    x=13: {t0<b7,t5<b4,t10<b2} [irregular]
    x=17: {t1<b8,t6<b6,t12<b3} [irregular]
    x=21: {t2<b10,t8<b7,t13<b4} [irregular]
  step 4, delta [[8, -2], [-4, 4], [0, 2]]:
    x=13: {t0<b7,t5<b4,t10<b2} [irregular]
    x=17: {t1<b8,t8<b5,t10<b4} [irregular]
    x=21: {t4<b9,t9<b6,t10<b6} [irregular]
  step 4, delta [[8, -2], [-4, 4], [4, 0]]:
    x=13: {t0<b7,t5<b4,t10<b2} [irregular]
    x=17: {t1<b8,t8<b5,t14<b2} [irregular]
    x=21: {t4<b9,t9<b6,t18<b2} [irregular]
  step 4, delta [[12, -4], [-4, 4], [4, 0]]:
    x=13: {t0<b7,t5<b4,t10<b2} [irregular]
    x=17: {t1<b8,t12<b3,t14<b2} [irregular]
    x=21: {t8<b7,t13<b4,t18<b2} [irregular]
  step 4, delta [[4, 0], [4, 0], [-8, 6]]:
    x=13: {t0<b7,t5<b4,t10<b2} [irregular]
    x=17: {t2<b8,t4<b7,t9<b4} [irregular]
    x=21: {t1<b10,t6<b8,t8<b7} [M mod 8 in [0], M >= 17 (0 sporadic below)]
  step 4, delta [[8, -2], [0, 2], [-8, 6]]:
    x=13: {t0<b7,t5<b4,t10<b2} [irregular]
    x=17: {t2<b8,t5<b6,t8<b5} [M mod 8 in [0], M >= 17 (0 sporadic below)]
    x=21: {t0<b11,t5<b8,t10<b6} [irregular]
  step 4, delta [[8, -2], [8, -2], [-8, 6]]:
    x=13: {t0<b7,t5<b4,t10<b2} [irregular]
    x=17: {t2<b8,t8<b5,t13<b2} [irregular]
    x=21: {t5<b8,t10<b6,t16<b3} [irregular]
  step 4, delta [[12, -4], [8, -2], [-8, 6]]:
    x=13: {t0<b7,t5<b4,t10<b2} [irregular]
    x=17: {t2<b8,t12<b3,t13<b2} [M mod 8 in [4], M >= 61 (2 sporadic below)]
    x=21: {t5<b8,t14<b4,t20<b1} [irregular]
  step 4, delta [[4, 0], [0, 2], [0, 2]]:
    x=13: {t0<b7,t5<b4,t10<b2} [irregular]
    x=17: {t4<b7,t5<b6,t10<b4} [irregular]
    x=21: {t5<b8,t8<b7,t10<b6} [irregular]
  step 4, delta [[4, 0], [4, 0], [-4, 4]]:
    x=13: {t0<b7,t5<b4,t10<b2} [irregular]
    x=17: {t4<b7,t6<b6,t9<b4} [M mod 8 in [2]]
    x=21: {t5<b8,t8<b7,t10<b6} [irregular]
  step 4, delta [[4, 0], [8, -2], [-4, 4]]:
    x=13: {t0<b7,t5<b4,t10<b2} [irregular]
    x=17: {t4<b7,t6<b6,t13<b2} [irregular]
    x=21: {t8<b7,t9<b6,t14<b4} [irregular]
  step 4, delta [[4, 0], [4, 0], [0, 2]]:
    x=13: {t0<b7,t5<b4,t10<b2} [irregular]
    x=17: {t4<b7,t9<b4,t10<b4} [irregular]
    x=21: {t8<b7,t10<b6,t13<b4} [irregular]
  step 4, delta [[4, 0], [8, -2], [0, 2]]:
    x=13: {t0<b7,t5<b4,t10<b2} [irregular]
    x=17: {t4<b7,t10<b4,t13<b2} [irregular]
    x=21: {t8<b7,t13<b4,t18<b2} [irregular]
  step 4, delta [[8, -2], [0, 2], [0, 2]]:
    x=13: {t0<b7,t5<b4,t10<b2} [irregular]
    x=17: {t5<b6,t8<b5,t10<b4} [irregular]
    x=21: {t8<b7,t10<b6,t13<b4} [irregular]
  step 4, delta [[8, -2], [0, 2], [4, 0]]:
    x=13: {t0<b7,t5<b4,t10<b2} [irregular]
    x=17: {t5<b6,t8<b5,t14<b2} [irregular]
    x=21: {t8<b7,t13<b4,t18<b2} [irregular]
  step 4, delta [[12, -4], [0, 2], [0, 2]]:
    x=13: {t0<b7,t5<b4,t10<b2} [irregular]
    x=17: {t5<b6,t10<b4,t12<b3} [irregular]
    x=21: {t10<b6,t12<b5,t17<b2} [irregular]
  step 4, delta [[12, -4], [0, 2], [4, 0]]:
    x=13: {t0<b7,t5<b4,t10<b2} [irregular]
    x=17: {t5<b6,t12<b3,t14<b2} [irregular]
    x=21: {t12<b5,t17<b2,t18<b2} [irregular]
  step 4, delta [[8, -2], [4, 0], [-4, 4]]:
    x=13: {t0<b7,t5<b4,t10<b2} [irregular]
    x=17: {t6<b6,t8<b5,t9<b4} [irregular]
    x=21: {t5<b8,t12<b5,t14<b4} [irregular]
  step 4, delta [[12, -4], [4, 0], [-4, 4]]:
    x=13: {t0<b7,t5<b4,t10<b2} [irregular]
    x=17: {t6<b6,t9<b4,t12<b3} [M mod 8 in [2], M >= 59 (3 sporadic below)]
    x=21: {t8<b7,t13<b4,t18<b2} [irregular]
  step 4, delta [[8, -2], [4, 0], [4, 0]]:
    x=13: {t0<b7,t5<b4,t10<b2} [irregular]
    x=17: {t8<b5,t9<b4,t14<b2} [irregular]
    x=21: {t13<b4,t16<b3,t18<b2} [irregular]
  step 4, delta [[8, -2], [8, -2], [0, 2]]:
    x=13: {t0<b7,t5<b4,t10<b2} [irregular]
    x=17: {t8<b5,t10<b4,t13<b2} [irregular]
    x=21: {t13<b4,t16<b3,t18<b2} [irregular]
  step 4, delta [[0, 2], [8, -2], [-8, 6]]:
    x=13: {t0<b7,t5<b4,t11<b1} [irregular]
    x=17: {t0<b9,t3<b7,t13<b2} [M mod 8 in [4], M >= 61 (4 sporadic below)]
    x=21: {t0<b11,t5<b8,t11<b5} [irregular]
  step 4, delta [[0, 2], [0, 2], [0, 2]]:
    x=13: {t0<b7,t5<b4,t11<b1} [irregular]
    x=17: {t0<b9,t5<b6,t11<b3} [irregular]
    x=21: {t0<b11,t5<b8,t11<b5} [irregular]
  step 4, delta [[0, 2], [4, 0], [0, 2]]:
    x=13: {t0<b7,t5<b4,t11<b1} [irregular]
    x=17: {t0<b9,t9<b4,t11<b3} [irregular]
    x=21: {t0<b11,t11<b5,t13<b4} [irregular]
  step 4, delta [[0, 2], [8, -2], [0, 2]]:
    x=13: {t0<b7,t5<b4,t11<b1} [irregular]
    x=17: {t0<b9,t11<b3,t13<b2} [irregular]
    x=21: {t0<b11,t13<b4,t19<b1} [irregular]
  step 4, delta [[4, 0], [-4, 4], [-4, 4]]:
    x=13: {t0<b7,t5<b4,t11<b1} [irregular]
    x=17: {t1<b8,t4<b7,t7<b5} [irregular]
    x=21: {t0<b11,t3<b9,t5<b8} [M mod 8 in [6]]
  step 4, delta [[4, 0], [-4, 4], [4, 0]]:
    x=13: {t0<b7,t5<b4,t11<b1} [irregular]
    x=17: {t1<b8,t4<b7,t15<b1} [irregular]
    x=21: {t0<b11,t5<b8,t19<b1} [irregular]
  step 4, delta [[12, -4], [-4, 4], [-4, 4]]:
    x=13: {t0<b7,t5<b4,t11<b1} [irregular]
    x=17: {t1<b8,t7<b5,t12<b3} [irregular]
    x=21: {t3<b9,t8<b7,t13<b4} [irregular]
  step 4, delta [[12, -4], [-4, 4], [0, 2]]:
    x=13: {t0<b7,t5<b4,t11<b1} [irregular]
    x=17: {t1<b8,t11<b3,t12<b3} [irregular]
    x=21: {t7<b7,t12<b5,t13<b4} [M mod 8 in [4], M >= 29 (0 sporadic below)]
  step 4, delta [[12, -4], [-4, 4], [4, 0]]:
    x=13: {t0<b7,t5<b4,t11<b1} [irregular]
    x=17: {t1<b8,t12<b3,t15<b1} [irregular]
    x=21: {t8<b7,t13<b4,t19<b1} [irregular]
  step 4, delta [[8, -2], [0, 2], [-8, 6]]:
    x=13: {t0<b7,t5<b4,t11<b1} [irregular]
    x=17: {t3<b7,t5<b6,t8<b5} [irregular]
    x=21: {t0<b11,t5<b8,t11<b5} [irregular]
  step 4, delta [[12, -4], [0, 2], [-8, 6]]:
    x=13: {t0<b7,t5<b4,t11<b1} [irregular]
    x=17: {t3<b7,t5<b6,t12<b3} [irregular]
    x=21: {t4<b9,t5<b8,t15<b3} [irregular]
  step 4, delta [[8, -2], [4, 0], [-8, 6]]:
    x=13: {t0<b7,t5<b4,t11<b1} [irregular]
    x=17: {t3<b7,t8<b5,t9<b4} [M mod 8 in [0], M >= 17 (0 sporadic below)]
    x=21: {t1<b10,t11<b5,t12<b5} [irregular]
  step 4, delta [[8, -2], [8, -2], [-8, 6]]:
    x=13: {t0<b7,t5<b4,t11<b1} [irregular]
    x=17: {t3<b7,t8<b5,t13<b2} [irregular]
    x=21: {t5<b8,t11<b5,t16<b3} [irregular]
  step 4, delta [[12, -4], [4, 0], [-8, 6]]:
    x=13: {t0<b7,t5<b4,t11<b1} [irregular]
    x=17: {t3<b7,t9<b4,t12<b3} [irregular]
    x=21: {t4<b9,t13<b4,t15<b3} [irregular]
  step 4, delta [[4, 0], [0, 2], [-4, 4]]:
    x=13: {t0<b7,t5<b4,t11<b1} [irregular]
    x=17: {t4<b7,t5<b6,t7<b5} [irregular]
    x=21: {t3<b9,t5<b8,t8<b7} [irregular]
  step 4, delta [[4, 0], [0, 2], [4, 0]]:
    x=13: {t0<b7,t5<b4,t11<b1} [irregular]
    x=17: {t4<b7,t5<b6,t15<b1} [irregular]
    x=21: {t5<b8,t8<b7,t19<b1} [irregular]
  step 4, delta [[4, 0], [4, 0], [-4, 4]]:
    x=13: {t0<b7,t5<b4,t11<b1} [irregular]
    x=17: {t4<b7,t7<b5,t9<b4} [irregular]
    x=21: {t5<b8,t8<b7,t11<b5} [irregular]
  step 4, delta [[4, 0], [4, 0], [0, 2]]:
    x=13: {t0<b7,t5<b4,t11<b1} [irregular]
    x=17: {t4<b7,t9<b4,t11<b3} [irregular]
    x=21: {t8<b7,t11<b5,t13<b4} [M mod 8 in [2], M >= 19 (0 sporadic below)]
  step 4, delta [[4, 0], [4, 0], [4, 0]]:
    x=13: {t0<b7,t5<b4,t11<b1} [irregular]
    x=17: {t4<b7,t9<b4,t15<b1} [irregular]
    x=21: {t8<b7,t13<b4,t19<b1} [irregular]
  step 4, delta [[4, 0], [8, -2], [0, 2]]:
    x=13: {t0<b7,t5<b4,t11<b1} [irregular]
    x=17: {t4<b7,t11<b3,t13<b2} [irregular]
    x=21: {t8<b7,t13<b4,t19<b1} [irregular]
  step 4, delta [[8, -2], [0, 2], [-4, 4]]:
    x=13: {t0<b7,t5<b4,t11<b1} [irregular]
    x=17: {t5<b6,t7<b5,t8<b5} [irregular]
    x=21: {t4<b9,t7<b7,t13<b4} [irregular]
  step 4, delta [[8, -2], [0, 2], [0, 2]]:
    x=13: {t0<b7,t5<b4,t11<b1} [irregular]
    x=17: {t5<b6,t8<b5,t11<b3} [irregular]
    x=21: {t8<b7,t11<b5,t13<b4} [M mod 8 in [2], M >= 19 (0 sporadic below)]
  step 4, delta [[8, -2], [0, 2], [4, 0]]:
    x=13: {t0<b7,t5<b4,t11<b1} [irregular]
    x=17: {t5<b6,t8<b5,t15<b1} [irregular]
    x=21: {t8<b7,t13<b4,t19<b1} [irregular]
  step 4, delta [[12, -4], [0, 2], [4, 0]]:
    x=13: {t0<b7,t5<b4,t11<b1} [irregular]
    x=17: {t5<b6,t12<b3,t15<b1} [irregular]
    x=21: {t12<b5,t17<b2,t19<b1} [irregular]
  step 4, delta [[12, -4], [8, -2], [-4, 4]]:
    x=13: {t0<b7,t5<b4,t11<b1} [irregular]
    x=17: {t7<b5,t12<b3,t13<b2} [M mod 8 in [2], M >= 59 (2 sporadic below)]
    x=21: {t9<b6,t19<b1,t20<b1} [irregular]
  step 4, delta [[8, -2], [4, 0], [0, 2]]:
    x=13: {t0<b7,t5<b4,t11<b1} [irregular]
    x=17: {t8<b5,t9<b4,t11<b3} [irregular]
    x=21: {t11<b5,t13<b4,t16<b3} [irregular]
  step 4, delta [[8, -2], [8, -2], [0, 2]]:
    x=13: {t0<b7,t5<b4,t11<b1} [irregular]
    x=17: {t8<b5,t11<b3,t13<b2} [M mod 8 in [0], M >= 17 (0 sporadic below)]
    x=21: {t13<b4,t16<b3,t19<b1} [irregular]
  step 4, delta [[0, 2], [8, -2], [-8, 6]]:
    x=13: {t0<b7,t6<b4,t9<b2} [irregular]
    x=17: {t0<b9,t1<b8,t14<b2} [irregular]
    x=21: {t0<b11,t6<b8,t9<b6} [irregular]
  step 4, delta [[0, 2], [4, 0], [-4, 4]]:
    x=13: {t0<b7,t6<b4,t9<b2} [irregular]
    x=17: {t0<b9,t5<b6,t10<b4} [irregular]
    x=21: {t0<b11,t6<b8,t9<b6} [irregular]
  step 4, delta [[0, 2], [0, 2], [0, 2]]:
    x=13: {t0<b7,t6<b4,t9<b2} [irregular]
    x=17: {t0<b9,t6<b6,t9<b4} [irregular]
    x=21: {t0<b11,t6<b8,t9<b6} [irregular]
  step 4, delta [[0, 2], [0, 2], [4, 0]]:
    x=13: {t0<b7,t6<b4,t9<b2} [irregular]
    x=17: {t0<b9,t6<b6,t13<b2} [irregular]
    x=21: {t0<b11,t6<b8,t17<b2} [M mod 8 in [0], M >= 17 (0 sporadic below)]
  step 4, delta [[0, 2], [4, 0], [0, 2]]:
    x=13: {t0<b7,t6<b4,t9<b2} [irregular]
    x=17: {t0<b9,t9<b4,t10<b4} [irregular]
    x=21: {t0<b11,t10<b6,t13<b4} [irregular]
  step 4, delta [[0, 2], [8, -2], [0, 2]]:
    x=13: {t0<b7,t6<b4,t9<b2} [irregular]
    x=17: {t0<b9,t9<b4,t14<b2} [irregular]
    x=21: {t0<b11,t14<b4,t17<b2} [irregular]
  step 4, delta [[0, 2], [4, 0], [4, 0]]:
    x=13: {t0<b7,t6<b4,t9<b2} [irregular]
    x=17: {t0<b9,t10<b4,t13<b2} [irregular]
    x=21: {t0<b11,t14<b4,t17<b2} [irregular]
  step 4, delta [[8, -2], [0, 2], [-8, 6]]:
    x=13: {t0<b7,t6<b4,t9<b2} [irregular]
    x=17: {t1<b8,t6<b6,t8<b5} [irregular]
    x=21: {t0<b11,t6<b8,t9<b6} [irregular]
  step 4, delta [[12, -4], [0, 2], [-8, 6]]:
    x=13: {t0<b7,t6<b4,t9<b2} [irregular]
    x=17: {t1<b8,t6<b6,t12<b3} [irregular]
    x=21: {t4<b9,t6<b8,t13<b4} [irregular]
  step 4, delta [[8, -2], [8, -2], [-8, 6]]:
    x=13: {t0<b7,t6<b4,t9<b2} [irregular]
    x=17: {t1<b8,t8<b5,t14<b2} [irregular]
    x=21: {t6<b8,t9<b6,t16<b3} [irregular]
  step 4, delta [[12, -4], [4, 0], [-8, 6]]:
    x=13: {t0<b7,t6<b4,t9<b2} [irregular]
    x=17: {t1<b8,t10<b4,t12<b3} [irregular]
    x=21: {t4<b9,t13<b4,t14<b4} [irregular]
  step 4, delta [[4, 0], [-4, 4], [0, 2]]:
    x=13: {t0<b7,t6<b4,t9<b2} [irregular]
    x=17: {t2<b8,t4<b7,t9<b4} [irregular]
    x=21: {t0<b11,t6<b8,t9<b6} [irregular]
  step 4, delta [[4, 0], [-4, 4], [4, 0]]:
    x=13: {t0<b7,t6<b4,t9<b2} [irregular]
    x=17: {t2<b8,t4<b7,t13<b2} [M mod 8 in [4]]
    x=21: {t0<b11,t6<b8,t17<b2} [M mod 8 in [0], M >= 17 (0 sporadic below)]
  step 4, delta [[12, -4], [-4, 4], [-4, 4]]:
    x=13: {t0<b7,t6<b4,t9<b2} [irregular]
    x=17: {t2<b8,t5<b6,t12<b3} [irregular]
    x=21: {t1<b10,t8<b7,t14<b4} [irregular]
  step 4, delta [[8, -2], [-4, 4], [4, 0]]:
    x=13: {t0<b7,t6<b4,t9<b2} [irregular]
    x=17: {t2<b8,t8<b5,t13<b2} [irregular]
    x=21: {t4<b9,t10<b6,t17<b2} [irregular]
  step 4, delta [[12, -4], [-4, 4], [4, 0]]:
    x=13: {t0<b7,t6<b4,t9<b2} [irregular]
    x=17: {t2<b8,t12<b3,t13<b2} [M mod 8 in [4], M >= 61 (2 sporadic below)]
    x=21: {t8<b7,t14<b4,t17<b2} [irregular]
  step 4, delta [[4, 0], [4, 0], [-4, 4]]:
    x=13: {t0<b7,t6<b4,t9<b2} [irregular]
    x=17: {t4<b7,t5<b6,t10<b4} [irregular]
    x=21: {t6<b8,t8<b7,t9<b6} [irregular]
  step 4, delta [[4, 0], [0, 2], [0, 2]]:
    x=13: {t0<b7,t6<b4,t9<b2} [irregular]
    x=17: {t4<b7,t6<b6,t9<b4} [M mod 8 in [2]]
    x=21: {t6<b8,t8<b7,t9<b6} [irregular]
  step 4, delta [[4, 0], [0, 2], [4, 0]]:
    x=13: {t0<b7,t6<b4,t9<b2} [irregular]
    x=17: {t4<b7,t6<b6,t13<b2} [irregular]
    x=21: {t6<b8,t8<b7,t17<b2} [M mod 8 in [0], M >= 17 (0 sporadic below)]
  step 4, delta [[4, 0], [4, 0], [0, 2]]:
    x=13: {t0<b7,t6<b4,t9<b2} [irregular]
    x=17: {t4<b7,t9<b4,t10<b4} [irregular]
    x=21: {t8<b7,t10<b6,t13<b4} [irregular]
  step 4, delta [[4, 0], [8, -2], [0, 2]]:
    x=13: {t0<b7,t6<b4,t9<b2} [irregular]
    x=17: {t4<b7,t9<b4,t14<b2} [irregular]
    x=21: {t8<b7,t14<b4,t17<b2} [irregular]
  step 4, delta [[8, -2], [8, -2], [-4, 4]]:
    x=13: {t0<b7,t6<b4,t9<b2} [irregular]
    x=17: {t5<b6,t8<b5,t14<b2} [irregular]
    x=21: {t10<b6,t13<b4,t16<b3} [M mod 8 in [6], M >= 31 (0 sporadic below)]
  step 4, delta [[12, -4], [4, 0], [-4, 4]]:
    x=13: {t0<b7,t6<b4,t9<b2} [irregular]
    x=17: {t5<b6,t10<b4,t12<b3} [irregular]
    x=21: {t8<b7,t14<b4,t17<b2} [irregular]
  step 4, delta [[8, -2], [0, 2], [0, 2]]:
    x=13: {t0<b7,t6<b4,t9<b2} [irregular]
    x=17: {t6<b6,t8<b5,t9<b4} [irregular]
    x=21: {t8<b7,t9<b6,t14<b4} [irregular]
  step 4, delta [[8, -2], [0, 2], [4, 0]]:
    x=13: {t0<b7,t6<b4,t9<b2} [irregular]
    x=17: {t6<b6,t8<b5,t13<b2} [irregular]
    x=21: {t8<b7,t14<b4,t17<b2} [irregular]
  step 4, delta [[8, -2], [8, -2], [0, 2]]:
    x=13: {t0<b7,t6<b4,t9<b2} [irregular]
    x=17: {t8<b5,t9<b4,t14<b2} [irregular]
    x=21: {t14<b4,t16<b3,t17<b2} [irregular]
  step 4, delta [[8, -2], [4, 0], [4, 0]]:
    x=13: {t0<b7,t6<b4,t9<b2} [irregular]
    x=17: {t8<b5,t10<b4,t13<b2} [irregular]
    x=21: {t14<b4,t16<b3,t17<b2} [irregular]
  step 4, delta [[0, 2], [8, -2], [-8, 6]]:
    x=13: {t0<b7,t6<b4,t11<b1} [irregular]
    x=17: {t0<b9,t3<b7,t14<b2} [M mod 8 in [7], M >= 64 (3 sporadic below)]
    x=21: {t0<b11,t6<b8,t11<b5} [irregular]
  step 4, delta [[0, 2], [0, 2], [0, 2]]:
    x=13: {t0<b7,t6<b4,t11<b1} [irregular]
    x=17: {t0<b9,t6<b6,t11<b3} [irregular]
    x=21: {t0<b11,t6<b8,t11<b5} [irregular]
  step 4, delta [[0, 2], [0, 2], [4, 0]]:
    x=13: {t0<b7,t6<b4,t11<b1} [irregular]
    x=17: {t0<b9,t6<b6,t15<b1} [irregular]
    x=21: {t0<b11,t6<b8,t19<b1} [M mod 8 in [1], M >= 18 (0 sporadic below)]
  step 4, delta [[0, 2], [4, 0], [-4, 4]]:
    x=13: {t0<b7,t6<b4,t11<b1} [irregular]
    x=17: {t0<b9,t7<b5,t10<b4} [irregular]
    x=21: {t0<b11,t6<b8,t11<b5} [irregular]
  step 4, delta [[0, 2], [8, -2], [-4, 4]]:
    x=13: {t0<b7,t6<b4,t11<b1} [irregular]
    x=17: {t0<b9,t7<b5,t14<b2} [irregular]
    x=21: {t0<b11,t10<b6,t15<b3} [irregular]
  step 4, delta [[0, 2], [4, 0], [0, 2]]:
    x=13: {t0<b7,t6<b4,t11<b1} [irregular]
    x=17: {t0<b9,t10<b4,t11<b3} [M mod 8 in [3], M >= 60 (2 sporadic below)]
    x=21: {t0<b11,t11<b5,t14<b4} [irregular]
  step 4, delta [[0, 2], [8, -2], [0, 2]]:
    x=13: {t0<b7,t6<b4,t11<b1} [irregular]
    x=17: {t0<b9,t11<b3,t14<b2} [irregular]
    x=21: {t0<b11,t14<b4,t19<b1} [M mod 8 in [1], M >= 66 (2 sporadic below)]
  step 4, delta [[4, 0], [-4, 4], [-4, 4]]:
    x=13: {t0<b7,t6<b4,t11<b1} [irregular]
    x=17: {t2<b8,t4<b7,t7<b5} [M mod 8 in [1], M >= 18 (0 sporadic below)]
    x=21: {t0<b11,t3<b9,t6<b8} [irregular]
  step 4, delta [[4, 0], [-4, 4], [0, 2]]:
    x=13: {t0<b7,t6<b4,t11<b1} [irregular]
    x=17: {t2<b8,t4<b7,t11<b3} [irregular]
    x=21: {t0<b11,t6<b8,t11<b5} [irregular]
  step 4, delta [[4, 0], [-4, 4], [4, 0]]:
    x=13: {t0<b7,t6<b4,t11<b1} [irregular]
    x=17: {t2<b8,t4<b7,t15<b1} [irregular]
    x=21: {t0<b11,t6<b8,t19<b1} [M mod 8 in [1], M >= 18 (0 sporadic below)]
  step 4, delta [[8, -2], [-4, 4], [0, 2]]:
    x=13: {t0<b7,t6<b4,t11<b1} [irregular]
    x=17: {t2<b8,t8<b5,t11<b3} [irregular]
    x=21: {t4<b9,t10<b6,t11<b5} [irregular]
  step 4, delta [[8, -2], [-4, 4], [4, 0]]:
    x=13: {t0<b7,t6<b4,t11<b1} [irregular]
    x=17: {t2<b8,t8<b5,t15<b1} [irregular]
    x=21: {t4<b9,t10<b6,t19<b1} [irregular]
  step 4, delta [[12, -4], [-4, 4], [0, 2]]:
    x=13: {t0<b7,t6<b4,t11<b1} [irregular]
    x=17: {t2<b8,t11<b3,t12<b3} [irregular]
    x=21: {t7<b7,t12<b5,t14<b4} [irregular]
  step 4, delta [[12, -4], [-4, 4], [4, 0]]:
    x=13: {t0<b7,t6<b4,t11<b1} [irregular]
    x=17: {t2<b8,t12<b3,t15<b1} [irregular]
    x=21: {t8<b7,t14<b4,t19<b1} [irregular]
  step 4, delta [[8, -2], [0, 2], [-8, 6]]:
    x=13: {t0<b7,t6<b4,t11<b1} [irregular]
    x=17: {t3<b7,t6<b6,t8<b5} [irregular]
    x=21: {t0<b11,t6<b8,t11<b5} [irregular]
  step 4, delta [[8, -2], [8, -2], [-8, 6]]:
    x=13: {t0<b7,t6<b4,t11<b1} [irregular]
    x=17: {t3<b7,t8<b5,t14<b2} [irregular]
    x=21: {t6<b8,t11<b5,t16<b3} [irregular]
  step 4, delta [[12, -4], [4, 0], [-8, 6]]:
    x=13: {t0<b7,t6<b4,t11<b1} [irregular]
    x=17: {t3<b7,t10<b4,t12<b3} [irregular]
    x=21: {t4<b9,t14<b4,t15<b3} [M mod 8 in [7], M >= 64 (2 sporadic below)]
  step 4, delta [[12, -4], [8, -2], [-8, 6]]:
    x=13: {t0<b7,t6<b4,t11<b1} [irregular]
    x=17: {t3<b7,t12<b3,t14<b2} [irregular]
    x=21: {t6<b8,t15<b3,t20<b1} [irregular]
  step 4, delta [[4, 0], [0, 2], [0, 2]]:
    x=13: {t0<b7,t6<b4,t11<b1} [irregular]
    x=17: {t4<b7,t6<b6,t11<b3} [irregular]
    x=21: {t6<b8,t8<b7,t11<b5} [M mod 8 in [5], M >= 22 (0 sporadic below)]
  step 4, delta [[4, 0], [0, 2], [4, 0]]:
    x=13: {t0<b7,t6<b4,t11<b1} [irregular]
    x=17: {t4<b7,t6<b6,t15<b1} [M mod 8 in [5]]
    x=21: {t6<b8,t8<b7,t19<b1} [irregular]
  step 4, delta [[4, 0], [4, 0], [-4, 4]]:
    x=13: {t0<b7,t6<b4,t11<b1} [irregular]
    x=17: {t4<b7,t7<b5,t10<b4} [M mod 8 in [1], M >= 18 (0 sporadic below)]
    x=21: {t6<b8,t8<b7,t11<b5} [M mod 8 in [5], M >= 22 (0 sporadic below)]
  step 4, delta [[4, 0], [8, -2], [-4, 4]]:
    x=13: {t0<b7,t6<b4,t11<b1} [irregular]
    x=17: {t4<b7,t7<b5,t14<b2} [irregular]
    x=21: {t8<b7,t10<b6,t15<b3} [irregular]
  step 4, delta [[4, 0], [4, 0], [0, 2]]:
    x=13: {t0<b7,t6<b4,t11<b1} [irregular]
    x=17: {t4<b7,t10<b4,t11<b3} [irregular]
    x=21: {t8<b7,t11<b5,t14<b4} [M mod 8 in [5], M >= 22 (0 sporadic below)]
  step 4, delta [[4, 0], [4, 0], [4, 0]]:
    x=13: {t0<b7,t6<b4,t11<b1} [irregular]
    x=17: {t4<b7,t10<b4,t15<b1} [irregular]
    x=21: {t8<b7,t14<b4,t19<b1} [irregular]
  step 4, delta [[8, -2], [0, 2], [-4, 4]]:
    x=13: {t0<b7,t6<b4,t11<b1} [irregular]
    x=17: {t6<b6,t7<b5,t8<b5} [irregular]
    x=21: {t4<b9,t7<b7,t14<b4} [irregular]
  step 4, delta [[8, -2], [0, 2], [0, 2]]:
    x=13: {t0<b7,t6<b4,t11<b1} [irregular]
    x=17: {t6<b6,t8<b5,t11<b3} [M mod 8 in [3]]
    x=21: {t8<b7,t11<b5,t14<b4} [M mod 8 in [5], M >= 22 (0 sporadic below)]
  step 4, delta [[8, -2], [0, 2], [4, 0]]:
    x=13: {t0<b7,t6<b4,t11<b1} [irregular]
    x=17: {t6<b6,t8<b5,t15<b1} [irregular]
    x=21: {t8<b7,t14<b4,t19<b1} [irregular]
  step 4, delta [[12, -4], [0, 2], [4, 0]]:
    x=13: {t0<b7,t6<b4,t11<b1} [irregular]
    x=17: {t6<b6,t12<b3,t15<b1} [irregular]
    x=21: {t12<b5,t18<b2,t19<b1} [irregular]
  step 4, delta [[12, -4], [4, 0], [-4, 4]]:
    x=13: {t0<b7,t6<b4,t11<b1} [irregular]
    x=17: {t7<b5,t10<b4,t12<b3} [irregular]
    x=21: {t8<b7,t14<b4,t19<b1} [irregular]
  step 4, delta [[12, -4], [8, -2], [-4, 4]]:
    x=13: {t0<b7,t6<b4,t11<b1} [irregular]
    x=17: {t7<b5,t12<b3,t14<b2} [irregular]
    x=21: {t10<b6,t19<b1,t20<b1} [irregular]
  step 4, delta [[8, -2], [4, 0], [4, 0]]:
    x=13: {t0<b7,t6<b4,t11<b1} [irregular]
    x=17: {t8<b5,t10<b4,t15<b1} [irregular]
    x=21: {t14<b4,t16<b3,t19<b1} [M mod 8 in [1], M >= 26 (0 sporadic below)]
  step 4, delta [[8, -2], [8, -2], [0, 2]]:
    x=13: {t0<b7,t6<b4,t11<b1} [irregular]
    x=17: {t8<b5,t11<b3,t14<b2} [M mod 8 in [3], M >= 60 (3 sporadic below)]
    x=21: {t14<b4,t16<b3,t19<b1} [M mod 8 in [1], M >= 26 (0 sporadic below)]
  step 4, delta [[0, 2], [4, 0], [-8, 6]]:
    x=13: {t0<b7,t7<b3,t10<b2} [irregular]
    x=17: {t0<b9,t2<b8,t11<b3} [M mod 8 in [3]]
    x=21: {t0<b11,t3<b9,t6<b8} [irregular]
  step 4, delta [[0, 2], [8, -2], [-8, 6]]:
    x=13: {t0<b7,t7<b3,t10<b2} [irregular]
    x=17: {t0<b9,t2<b8,t15<b1} [irregular]
    x=21: {t0<b11,t7<b7,t10<b6} [irregular]
  step 4, delta [[0, 2], [4, 0], [-4, 4]]:
    x=13: {t0<b7,t7<b3,t10<b2} [irregular]
    x=17: {t0<b9,t6<b6,t11<b3} [irregular]
    x=21: {t0<b11,t7<b7,t10<b6} [irregular]
  step 4, delta [[0, 2], [8, -2], [-4, 4]]:
    x=13: {t0<b7,t7<b3,t10<b2} [irregular]
    x=17: {t0<b9,t6<b6,t15<b1} [irregular]
    x=21: {t0<b11,t11<b5,t14<b4} [irregular]
  step 4, delta [[0, 2], [0, 2], [0, 2]]:
    x=13: {t0<b7,t7<b3,t10<b2} [irregular]
    x=17: {t0<b9,t7<b5,t10<b4} [irregular]
    x=21: {t0<b11,t7<b7,t10<b6} [irregular]
  step 4, delta [[0, 2], [4, 0], [0, 2]]:
    x=13: {t0<b7,t7<b3,t10<b2} [irregular]
    x=17: {t0<b9,t10<b4,t11<b3} [M mod 8 in [3], M >= 60 (2 sporadic below)]
    x=21: {t0<b11,t11<b5,t14<b4} [irregular]
  step 4, delta [[0, 2], [4, 0], [4, 0]]:
    x=13: {t0<b7,t7<b3,t10<b2} [irregular]
    x=17: {t0<b9,t11<b3,t14<b2} [irregular]
    x=21: {t0<b11,t15<b3,t18<b2} [irregular]
  step 4, delta [[4, 0], [4, 0], [-8, 6]]:
    x=13: {t0<b7,t7<b3,t10<b2} [irregular]
    x=17: {t2<b8,t4<b7,t11<b3} [irregular]
    x=21: {t3<b9,t6<b8,t8<b7} [irregular]
  step 4, delta [[4, 0], [8, -2], [-8, 6]]:
    x=13: {t0<b7,t7<b3,t10<b2} [irregular]
    x=17: {t2<b8,t4<b7,t15<b1} [irregular]
    x=21: {t6<b8,t7<b7,t12<b5} [irregular]
  step 4, delta [[8, -2], [0, 2], [-8, 6]]:
    x=13: {t0<b7,t7<b3,t10<b2} [irregular]
    x=17: {t2<b8,t7<b5,t8<b5} [irregular]
    x=21: {t0<b11,t7<b7,t10<b6} [irregular]
  step 4, delta [[12, -4], [0, 2], [-8, 6]]:
    x=13: {t0<b7,t7<b3,t10<b2} [irregular]
    x=17: {t2<b8,t7<b5,t12<b3} [irregular]
    x=21: {t4<b9,t7<b7,t14<b4} [irregular]
  step 4, delta [[8, -2], [4, 0], [-8, 6]]:
    x=13: {t0<b7,t7<b3,t10<b2} [irregular]
    x=17: {t2<b8,t8<b5,t11<b3} [irregular]
    x=21: {t3<b9,t10<b6,t12<b5} [irregular]
  step 4, delta [[8, -2], [8, -2], [-8, 6]]:
    x=13: {t0<b7,t7<b3,t10<b2} [irregular]
    x=17: {t2<b8,t8<b5,t15<b1} [irregular]
    x=21: {t7<b7,t10<b6,t16<b3} [irregular]
  step 4, delta [[12, -4], [4, 0], [-8, 6]]:
    x=13: {t0<b7,t7<b3,t10<b2} [irregular]
    x=17: {t2<b8,t11<b3,t12<b3} [irregular]
    x=21: {t4<b9,t14<b4,t15<b3} [M mod 8 in [7], M >= 64 (2 sporadic below)]
  step 4, delta [[12, -4], [8, -2], [-8, 6]]:
    x=13: {t0<b7,t7<b3,t10<b2} [irregular]
    x=17: {t2<b8,t12<b3,t15<b1} [irregular]
    x=21: {t7<b7,t14<b4,t20<b1} [irregular]
  step 4, delta [[8, -2], [-4, 4], [-4, 4]]:
    x=13: {t0<b7,t7<b3,t10<b2} [irregular]
    x=17: {t3<b7,t6<b6,t8<b5} [irregular]
    x=21: {t2<b10,t4<b9,t11<b5} [irregular]
  step 4, delta [[8, -2], [-4, 4], [0, 2]]:
    x=13: {t0<b7,t7<b3,t10<b2} [irregular]
    x=17: {t3<b7,t8<b5,t10<b4} [irregular]
    x=21: {t4<b9,t10<b6,t11<b5} [irregular]
  step 4, delta [[12, -4], [-4, 4], [0, 2]]:
    x=13: {t0<b7,t7<b3,t10<b2} [irregular]
    x=17: {t3<b7,t10<b4,t12<b3} [irregular]
    x=21: {t6<b8,t12<b5,t15<b3} [irregular]
  step 4, delta [[4, 0], [8, -2], [-4, 4]]:
    x=13: {t0<b7,t7<b3,t10<b2} [irregular]
    x=17: {t4<b7,t6<b6,t15<b1} [M mod 8 in [5]]
    x=21: {t8<b7,t11<b5,t14<b4} [M mod 8 in [5], M >= 22 (0 sporadic below)]
  step 4, delta [[4, 0], [4, 0], [0, 2]]:
    x=13: {t0<b7,t7<b3,t10<b2} [irregular]
    x=17: {t4<b7,t10<b4,t11<b3} [irregular]
    x=21: {t8<b7,t11<b5,t14<b4} [M mod 8 in [5], M >= 22 (0 sporadic below)]
  step 4, delta [[8, -2], [0, 2], [-4, 4]]:
    x=13: {t0<b7,t7<b3,t10<b2} [irregular]
    x=17: {t6<b6,t7<b5,t8<b5} [irregular]
    x=21: {t4<b9,t7<b7,t14<b4} [irregular]
  step 4, delta [[8, -2], [4, 0], [-4, 4]]:
    x=13: {t0<b7,t7<b3,t10<b2} [irregular]
    x=17: {t6<b6,t8<b5,t11<b3} [M mod 8 in [3]]
    x=21: {t7<b7,t12<b5,t14<b4} [irregular]
  step 4, delta [[8, -2], [8, -2], [-4, 4]]:
    x=13: {t0<b7,t7<b3,t10<b2} [irregular]
    x=17: {t6<b6,t8<b5,t15<b1} [irregular]
    x=21: {t11<b5,t14<b4,t16<b3} [irregular]
  step 4, delta [[12, -4], [8, -2], [-4, 4]]:
    x=13: {t0<b7,t7<b3,t10<b2} [irregular]
    x=17: {t6<b6,t12<b3,t15<b1} [irregular]
    x=21: {t11<b5,t18<b2,t20<b1} [irregular]
  step 4, delta [[12, -4], [0, 2], [0, 2]]:
    x=13: {t0<b7,t7<b3,t10<b2} [irregular]
    x=17: {t7<b5,t10<b4,t12<b3} [irregular]
    x=21: {t10<b6,t12<b5,t19<b1} [irregular]
  step 4, delta [[12, -4], [0, 2], [4, 0]]:
    x=13: {t0<b7,t7<b3,t10<b2} [irregular]
    x=17: {t7<b5,t12<b3,t14<b2} [irregular]
    x=21: {t12<b5,t18<b2,t19<b1} [irregular]
  step 4, delta [[0, 2], [0, 2], [0, 2]]:
    x=13: {t0<b7,t8<b3,t9<b2} [irregular]
    x=17: {t0<b9,t8<b5,t9<b4} [irregular]
    x=21: {t0<b11,t8<b7,t9<b6} [irregular]
  step 4, delta [[0, 2], [4, 0], [4, 0]]:
    x=13: {t0<b7,t8<b3,t9<b2} [irregular]
    x=17: {t0<b9,t12<b3,t13<b2} [irregular]
    x=21: {t0<b11,t16<b3,t17<b2} [irregular]
  step 4, delta [[12, -4], [-8, 6], [4, 0]]:
    x=13: {t0<b7,t8<b3,t9<b2} [irregular]
    x=17: {t0<b9,t12<b3,t13<b2} [irregular]
    x=21: {t4<b9,t12<b5,t17<b2} [irregular]
  step 4, delta [[8, -2], [-4, 4], [4, 0]]:
    x=13: {t0<b7,t8<b3,t9<b2} [irregular]
    x=17: {t4<b7,t8<b5,t13<b2} [irregular]
    x=21: {t4<b9,t12<b5,t17<b2} [irregular]
  step 4, delta [[4, 0], [4, 0], [4, 0]]:
    x=13: {t0<b7,t8<b3,t9<b2} [irregular]
    x=17: {t4<b7,t12<b3,t13<b2} [irregular]
    x=21: {t8<b7,t16<b3,t17<b2} [irregular]
  step 4, delta [[0, 2], [4, 0], [-4, 4]]:
    x=13: {t0<b7,t9<b2,t10<b2} [irregular]
    x=17: {t0<b9,t6<b6,t13<b2} [irregular]
    x=21: {t0<b11,t9<b6,t10<b6} [irregular]
  step 4, delta [[0, 2], [0, 2], [0, 2]]:
    x=13: {t0<b7,t9<b2,t10<b2} [irregular]
    x=17: {t0<b9,t9<b4,t10<b4} [irregular]
    x=21: {t0<b11,t9<b6,t10<b6} [irregular]
  step 4, delta [[0, 2], [0, 2], [4, 0]]:
    x=13: {t0<b7,t9<b2,t10<b2} [irregular]
    x=17: {t0<b9,t9<b4,t14<b2} [irregular]
    x=21: {t0<b11,t9<b6,t18<b2} [irregular]
  step 4, delta [[0, 2], [4, 0], [0, 2]]:
    x=13: {t0<b7,t9<b2,t10<b2} [irregular]
    x=17: {t0<b9,t10<b4,t13<b2} [irregular]
    x=21: {t0<b11,t13<b4,t14<b4} [irregular]
  step 4, delta [[0, 2], [4, 0], [4, 0]]:
    x=13: {t0<b7,t9<b2,t10<b2} [irregular]
    x=17: {t0<b9,t13<b2,t14<b2} [irregular]
    x=21: {t0<b11,t17<b2,t18<b2} [irregular]
  step 4, delta [[8, -2], [-8, 6], [0, 2]]:
    x=13: {t0<b7,t9<b2,t10<b2} [irregular]
    x=17: {t1<b8,t8<b5,t10<b4} [irregular]
    x=21: {t0<b11,t9<b6,t10<b6} [irregular]
  step 4, delta [[8, -2], [-8, 6], [4, 0]]:
    x=13: {t0<b7,t9<b2,t10<b2} [irregular]
    x=17: {t1<b8,t8<b5,t14<b2} [irregular]
    x=21: {t0<b11,t9<b6,t18<b2} [irregular]
  step 4, delta [[12, -4], [-8, 6], [4, 0]]:
    x=13: {t0<b7,t9<b2,t10<b2} [irregular]
    x=17: {t1<b8,t12<b3,t14<b2} [irregular]
    x=21: {t4<b9,t13<b4,t18<b2} [irregular]
  step 4, delta [[12, -4], [-4, 4], [-8, 6]]:
    x=13: {t0<b7,t9<b2,t10<b2} [irregular]
    x=17: {t2<b8,t5<b6,t12<b3} [irregular]
    x=21: {t1<b10,t4<b9,t14<b4} [irregular]
  step 4, delta [[8, -2], [4, 0], [-8, 6]]:
    x=13: {t0<b7,t9<b2,t10<b2} [irregular]
    x=17: {t2<b8,t8<b5,t13<b2} [irregular]
    x=21: {t5<b8,t10<b6,t12<b5} [irregular]
  step 4, delta [[12, -4], [4, 0], [-8, 6]]:
    x=13: {t0<b7,t9<b2,t10<b2} [irregular]
    x=17: {t2<b8,t12<b3,t13<b2} [M mod 8 in [4], M >= 61 (2 sporadic below)]
    x=21: {t5<b8,t14<b4,t16<b3} [irregular]
  step 4, delta [[4, 0], [4, 0], [0, 2]]:
    x=13: {t0<b7,t9<b2,t10<b2} [irregular]
    x=17: {t4<b7,t10<b4,t13<b2} [irregular]
    x=21: {t8<b7,t13<b4,t14<b4} [irregular]
  step 4, delta [[4, 0], [4, 0], [4, 0]]:
    x=13: {t0<b7,t9<b2,t10<b2} [irregular]
    x=17: {t4<b7,t13<b2,t14<b2} [irregular]
    x=21: {t8<b7,t17<b2,t18<b2} [irregular]
  step 4, delta [[8, -2], [-4, 4], [0, 2]]:
    x=13: {t0<b7,t9<b2,t10<b2} [irregular]
    x=17: {t5<b6,t8<b5,t10<b4} [irregular]
    x=21: {t4<b9,t10<b6,t13<b4} [irregular]
  step 4, delta [[8, -2], [-4, 4], [4, 0]]:
    x=13: {t0<b7,t9<b2,t10<b2} [irregular]
    x=17: {t5<b6,t8<b5,t14<b2} [irregular]
    x=21: {t4<b9,t13<b4,t18<b2} [irregular]
  step 4, delta [[12, -4], [-4, 4], [0, 2]]:
    x=13: {t0<b7,t9<b2,t10<b2} [irregular]
    x=17: {t5<b6,t10<b4,t12<b3} [irregular]
    x=21: {t6<b8,t12<b5,t17<b2} [irregular]
  step 4, delta [[12, -4], [-4, 4], [4, 0]]:
    x=13: {t0<b7,t9<b2,t10<b2} [irregular]
    x=17: {t5<b6,t12<b3,t14<b2} [irregular]
    x=21: {t8<b7,t17<b2,t18<b2} [irregular]
  step 4, delta [[8, -2], [0, 2], [-4, 4]]:
    x=13: {t0<b7,t9<b2,t10<b2} [irregular]
    x=17: {t6<b6,t8<b5,t9<b4} [irregular]
    x=21: {t5<b8,t8<b7,t14<b4} [irregular]
  step 4, delta [[8, -2], [4, 0], [-4, 4]]:
    x=13: {t0<b7,t9<b2,t10<b2} [irregular]
    x=17: {t6<b6,t8<b5,t13<b2} [irregular]
    x=21: {t9<b6,t12<b5,t14<b4} [irregular]
  step 4, delta [[8, -2], [0, 2], [4, 0]]:
    x=13: {t0<b7,t9<b2,t10<b2} [irregular]
    x=17: {t8<b5,t9<b4,t14<b2} [irregular]
    x=21: {t9<b6,t16<b3,t18<b2} [irregular]
  step 4, delta [[0, 2], [-4, 4], [0, 2]]:
    x=13: {t0<b7,t9<b2,t11<b1} [irregular]
    x=17: {t0<b9,t5<b6,t11<b3} [irregular]
    x=21: {t0<b11,t1<b10,t11<b5} [irregular]
  step 4, delta [[0, 2], [0, 2], [0, 2]]:
    x=13: {t0<b7,t9<b2,t11<b1} [irregular]
    x=17: {t0<b9,t9<b4,t11<b3} [irregular]
    x=21: {t0<b11,t9<b6,t11<b5} [irregular]
  step 4, delta [[0, 2], [4, 0], [0, 2]]:
    x=13: {t0<b7,t9<b2,t11<b1} [irregular]
    x=17: {t0<b9,t11<b3,t13<b2} [irregular]
    x=21: {t0<b11,t13<b4,t15<b3} [irregular]
  step 4, delta [[0, 2], [4, 0], [4, 0]]:
    x=13: {t0<b7,t9<b2,t11<b1} [irregular]
    x=17: {t0<b9,t13<b2,t15<b1} [irregular]
    x=21: {t0<b11,t17<b2,t19<b1} [irregular]
  step 4, delta [[8, -2], [-8, 6], [0, 2]]:
    x=13: {t0<b7,t9<b2,t11<b1} [irregular]
    x=17: {t1<b8,t8<b5,t11<b3} [irregular]
    x=21: {t0<b11,t9<b6,t11<b5} [irregular]
  step 4, delta [[8, -2], [-8, 6], [4, 0]]:
    x=13: {t0<b7,t9<b2,t11<b1} [irregular]
    x=17: {t1<b8,t8<b5,t15<b1} [irregular]
    x=21: {t0<b11,t9<b6,t19<b1} [irregular]
  step 4, delta [[12, -4], [-8, 6], [4, 0]]:
    x=13: {t0<b7,t9<b2,t11<b1} [irregular]
    x=17: {t1<b8,t12<b3,t15<b1} [irregular]
    x=21: {t4<b9,t13<b4,t19<b1} [irregular]
  step 4, delta [[8, -2], [-4, 4], [-8, 6]]:
    x=13: {t0<b7,t9<b2,t11<b1} [irregular]
    x=17: {t3<b7,t5<b6,t8<b5} [irregular]
    x=21: {t0<b11,t1<b10,t11<b5} [irregular]
  step 4, delta [[12, -4], [-4, 4], [-8, 6]]:
    x=13: {t0<b7,t9<b2,t11<b1} [irregular]
    x=17: {t3<b7,t5<b6,t12<b3} [irregular]
    x=21: {t1<b10,t4<b9,t15<b3} [irregular]
  step 4, delta [[8, -2], [0, 2], [-8, 6]]:
    x=13: {t0<b7,t9<b2,t11<b1} [irregular]
    x=17: {t3<b7,t8<b5,t9<b4} [M mod 8 in [0], M >= 17 (0 sporadic below)]
    x=21: {t1<b10,t8<b7,t11<b5} [irregular]
  step 4, delta [[8, -2], [4, 0], [-8, 6]]:
    x=13: {t0<b7,t9<b2,t11<b1} [irregular]
    x=17: {t3<b7,t8<b5,t13<b2} [irregular]
    x=21: {t5<b8,t11<b5,t12<b5} [irregular]
  step 4, delta [[12, -4], [0, 2], [-8, 6]]:
    x=13: {t0<b7,t9<b2,t11<b1} [irregular]
    x=17: {t3<b7,t9<b4,t12<b3} [irregular]
    x=21: {t4<b9,t9<b6,t15<b3} [irregular]
  step 4, delta [[4, 0], [-4, 4], [-4, 4]]:
    x=13: {t0<b7,t9<b2,t11<b1} [irregular]
    x=17: {t4<b7,t5<b6,t7<b5} [irregular]
    x=21: {t1<b10,t3<b9,t8<b7} [M mod 8 in [2], M >= 19 (0 sporadic below)]
  step 4, delta [[4, 0], [-4, 4], [4, 0]]:
    x=13: {t0<b7,t9<b2,t11<b1} [irregular]
    x=17: {t4<b7,t5<b6,t15<b1} [irregular]
    x=21: {t1<b10,t8<b7,t19<b1} [irregular]
  step 4, delta [[4, 0], [4, 0], [-4, 4]]:
    x=13: {t0<b7,t9<b2,t11<b1} [irregular]
    x=17: {t4<b7,t7<b5,t13<b2} [irregular]
    x=21: {t8<b7,t9<b6,t11<b5} [irregular]
  step 4, delta [[4, 0], [0, 2], [0, 2]]:
    x=13: {t0<b7,t9<b2,t11<b1} [irregular]
    x=17: {t4<b7,t9<b4,t11<b3} [irregular]
    x=21: {t8<b7,t9<b6,t11<b5} [irregular]
  step 4, delta [[4, 0], [0, 2], [4, 0]]:
    x=13: {t0<b7,t9<b2,t11<b1} [irregular]
    x=17: {t4<b7,t9<b4,t15<b1} [irregular]
    x=21: {t8<b7,t9<b6,t19<b1} [irregular]
  step 4, delta [[12, -4], [-4, 4], [-4, 4]]:
    x=13: {t0<b7,t9<b2,t11<b1} [irregular]
    x=17: {t5<b6,t7<b5,t12<b3} [M mod 8 in [2]]
    x=21: {t3<b9,t8<b7,t17<b2} [M mod 8 in [2], M >= 19 (0 sporadic below)]
  step 4, delta [[8, -2], [-4, 4], [4, 0]]:
    x=13: {t0<b7,t9<b2,t11<b1} [irregular]
    x=17: {t5<b6,t8<b5,t15<b1} [irregular]
    x=21: {t4<b9,t13<b4,t19<b1} [irregular]
  step 4, delta [[12, -4], [-4, 4], [0, 2]]:
    x=13: {t0<b7,t9<b2,t11<b1} [irregular]
    x=17: {t5<b6,t11<b3,t12<b3} [irregular]
    x=21: {t7<b7,t12<b5,t17<b2} [irregular]
  step 4, delta [[12, -4], [-4, 4], [4, 0]]:
    x=13: {t0<b7,t9<b2,t11<b1} [irregular]
    x=17: {t5<b6,t12<b3,t15<b1} [irregular]
    x=21: {t8<b7,t17<b2,t19<b1} [irregular]
  step 4, delta [[12, -4], [4, 0], [-4, 4]]:
    x=13: {t0<b7,t9<b2,t11<b1} [irregular]
    x=17: {t7<b5,t12<b3,t13<b2} [M mod 8 in [2], M >= 59 (2 sporadic below)]
    x=21: {t9<b6,t16<b3,t19<b1} [irregular]
  step 4, delta [[8, -2], [0, 2], [0, 2]]:
    x=13: {t0<b7,t9<b2,t11<b1} [irregular]
    x=17: {t8<b5,t9<b4,t11<b3} [irregular]
    x=21: {t9<b6,t11<b5,t16<b3} [irregular]
  step 4, delta [[8, -2], [4, 0], [0, 2]]:
    x=13: {t0<b7,t9<b2,t11<b1} [irregular]
    x=17: {t8<b5,t11<b3,t13<b2} [M mod 8 in [0], M >= 17 (0 sporadic below)]
    x=21: {t13<b4,t15<b3,t16<b3} [irregular]
  step 4, delta [[0, 2], [0, 2], [-8, 6]]:
    x=13: {t0<b7,t10<b2,t11<b1} [M mod 8 in [1], M >= 66 (1 sporadic below)]
    x=17: {t0<b9,t3<b7,t10<b4} [irregular]
    x=21: {t0<b11,t2<b10,t3<b9} [irregular]
  step 4, delta [[0, 2], [-4, 4], [0, 2]]:
    x=13: {t0<b7,t10<b2,t11<b1} [M mod 8 in [1], M >= 66 (1 sporadic below)]
    x=17: {t0<b9,t6<b6,t11<b3} [irregular]
    x=21: {t0<b11,t2<b10,t11<b5} [M mod 8 in [5], M >= 22 (0 sporadic below)]
  step 4, delta [[0, 2], [-4, 4], [4, 0]]:
    x=13: {t0<b7,t10<b2,t11<b1} [M mod 8 in [1], M >= 66 (1 sporadic below)]
    x=17: {t0<b9,t6<b6,t15<b1} [irregular]
    x=21: {t0<b11,t2<b10,t19<b1} [irregular]
  step 4, delta [[0, 2], [4, 0], [-4, 4]]:
    x=13: {t0<b7,t10<b2,t11<b1} [M mod 8 in [1], M >= 66 (1 sporadic below)]
    x=17: {t0<b9,t7<b5,t14<b2} [irregular]
    x=21: {t0<b11,t10<b6,t11<b5} [M mod 8 in [5], M >= 22 (0 sporadic below)]
  step 4, delta [[0, 2], [0, 2], [0, 2]]:
    x=13: {t0<b7,t10<b2,t11<b1} [M mod 8 in [1], M >= 66 (1 sporadic below)]
    x=17: {t0<b9,t10<b4,t11<b3} [M mod 8 in [3], M >= 60 (2 sporadic below)]
    x=21: {t0<b11,t10<b6,t11<b5} [M mod 8 in [5], M >= 22 (0 sporadic below)]
  step 4, delta [[8, -2], [-8, 6], [0, 2]]:
    x=13: {t0<b7,t10<b2,t11<b1} [M mod 8 in [1], M >= 66 (1 sporadic below)]
    x=17: {t2<b8,t8<b5,t11<b3} [irregular]
    x=21: {t0<b11,t10<b6,t11<b5} [M mod 8 in [5], M >= 22 (0 sporadic below)]
  step 4, delta [[8, -2], [-8, 6], [4, 0]]:
    x=13: {t0<b7,t10<b2,t11<b1} [M mod 8 in [1], M >= 66 (1 sporadic below)]
    x=17: {t2<b8,t8<b5,t15<b1} [irregular]
    x=21: {t0<b11,t10<b6,t19<b1} [irregular]
  step 4, delta [[12, -4], [-8, 6], [4, 0]]:
    x=13: {t0<b7,t10<b2,t11<b1} [M mod 8 in [1], M >= 66 (1 sporadic below)]
    x=17: {t2<b8,t12<b3,t15<b1} [irregular]
    x=21: {t4<b9,t14<b4,t19<b1} [irregular]
  step 4, delta [[8, -2], [-4, 4], [-8, 6]]:
    x=13: {t0<b7,t10<b2,t11<b1} [M mod 8 in [1], M >= 66 (1 sporadic below)]
    x=17: {t3<b7,t6<b6,t8<b5} [irregular]
    x=21: {t0<b11,t2<b10,t11<b5} [M mod 8 in [5], M >= 22 (0 sporadic below)]
  step 4, delta [[8, -2], [0, 2], [-8, 6]]:
    x=13: {t0<b7,t10<b2,t11<b1} [M mod 8 in [1], M >= 66 (1 sporadic below)]
    x=17: {t3<b7,t8<b5,t10<b4} [irregular]
    x=21: {t2<b10,t8<b7,t11<b5} [irregular]
  step 4, delta [[8, -2], [4, 0], [-8, 6]]:
    x=13: {t0<b7,t10<b2,t11<b1} [M mod 8 in [1], M >= 66 (1 sporadic below)]
    x=17: {t3<b7,t8<b5,t14<b2} [irregular]
    x=21: {t6<b8,t11<b5,t12<b5} [irregular]
  step 4, delta [[12, -4], [0, 2], [-8, 6]]:
    x=13: {t0<b7,t10<b2,t11<b1} [M mod 8 in [1], M >= 66 (1 sporadic below)]
    x=17: {t3<b7,t10<b4,t12<b3} [irregular]
    x=21: {t4<b9,t10<b6,t15<b3} [irregular]
  step 4, delta [[12, -4], [4, 0], [-8, 6]]:
    x=13: {t0<b7,t10<b2,t11<b1} [M mod 8 in [1], M >= 66 (1 sporadic below)]
    x=17: {t3<b7,t12<b3,t14<b2} [irregular]
    x=21: {t6<b8,t15<b3,t16<b3} [irregular]
  step 4, delta [[4, 0], [-4, 4], [0, 2]]:
    x=13: {t0<b7,t10<b2,t11<b1} [M mod 8 in [1], M >= 66 (1 sporadic below)]
    x=17: {t4<b7,t6<b6,t11<b3} [irregular]
    x=21: {t2<b10,t8<b7,t11<b5} [irregular]
  step 4, delta [[4, 0], [-4, 4], [4, 0]]:
    x=13: {t0<b7,t10<b2,t11<b1} [M mod 8 in [1], M >= 66 (1 sporadic below)]
    x=17: {t4<b7,t6<b6,t15<b1} [M mod 8 in [5]]
    x=21: {t2<b10,t8<b7,t19<b1} [M mod 8 in [1], M >= 18 (0 sporadic below)]
  step 4, delta [[4, 0], [0, 2], [4, 0]]:
    x=13: {t0<b7,t10<b2,t11<b1} [M mod 8 in [1], M >= 66 (1 sporadic below)]
    x=17: {t4<b7,t10<b4,t15<b1} [irregular]
    x=21: {t8<b7,t10<b6,t19<b1} [M mod 8 in [1], M >= 26 (0 sporadic below)]
  step 4, delta [[12, -4], [-4, 4], [-4, 4]]:
    x=13: {t0<b7,t10<b2,t11<b1} [M mod 8 in [1], M >= 66 (1 sporadic below)]
    x=17: {t6<b6,t7<b5,t12<b3} [irregular]
    x=21: {t3<b9,t8<b7,t18<b2} [irregular]
  step 4, delta [[8, -2], [-4, 4], [4, 0]]:
    x=13: {t0<b7,t10<b2,t11<b1} [M mod 8 in [1], M >= 66 (1 sporadic below)]
    x=17: {t6<b6,t8<b5,t15<b1} [irregular]
    x=21: {t4<b9,t14<b4,t19<b1} [irregular]
  step 4, delta [[12, -4], [-4, 4], [0, 2]]:
    x=13: {t0<b7,t10<b2,t11<b1} [M mod 8 in [1], M >= 66 (1 sporadic below)]
    x=17: {t6<b6,t11<b3,t12<b3} [irregular]
    x=21: {t7<b7,t12<b5,t18<b2} [irregular]
  step 4, delta [[12, -4], [-4, 4], [4, 0]]:
    x=13: {t0<b7,t10<b2,t11<b1} [M mod 8 in [1], M >= 66 (1 sporadic below)]
    x=17: {t6<b6,t12<b3,t15<b1} [irregular]
    x=21: {t8<b7,t18<b2,t19<b1} [M mod 8 in [1], M >= 34 (0 sporadic below)]
  step 4, delta [[12, -4], [0, 2], [-4, 4]]:
    x=13: {t0<b7,t10<b2,t11<b1} [M mod 8 in [1], M >= 66 (1 sporadic below)]
    x=17: {t7<b5,t10<b4,t12<b3} [irregular]
    x=21: {t8<b7,t10<b6,t19<b1} [M mod 8 in [1], M >= 26 (0 sporadic below)]
  step 4, delta [[12, -4], [4, 0], [-4, 4]]:
    x=13: {t0<b7,t10<b2,t11<b1} [M mod 8 in [1], M >= 66 (1 sporadic below)]
    x=17: {t7<b5,t12<b3,t14<b2} [irregular]
    x=21: {t10<b6,t16<b3,t19<b1} [irregular]
  step 4, delta [[8, -2], [0, 2], [4, 0]]:
    x=13: {t0<b7,t10<b2,t11<b1} [M mod 8 in [1], M >= 66 (1 sporadic below)]
    x=17: {t8<b5,t10<b4,t15<b1} [irregular]
    x=21: {t10<b6,t16<b3,t19<b1} [irregular]
  step 4, delta [[8, -2], [4, 0], [0, 2]]:
    x=13: {t0<b7,t10<b2,t11<b1} [M mod 8 in [1], M >= 66 (1 sporadic below)]
    x=17: {t8<b5,t11<b3,t14<b2} [M mod 8 in [3], M >= 60 (3 sporadic below)]
    x=21: {t14<b4,t15<b3,t16<b3} [irregular]
  step 4, delta [[0, 2], [8, -2], [-8, 6]]:
    x=13: {t1<b6,t3<b5,t8<b3} [M mod 8 in [6]]
    x=17: {t0<b9,t1<b8,t11<b3} [irregular]
    x=21: {t0<b11,t3<b9,t9<b6} [irregular]
  step 4, delta [[8, -2], [0, 2], [-8, 6]]:
    x=13: {t1<b6,t3<b5,t8<b3} [M mod 8 in [6]]
    x=17: {t0<b9,t3<b7,t9<b4} [irregular]
    x=21: {t1<b10,t3<b9,t8<b7} [M mod 8 in [2], M >= 19 (0 sporadic below)]
  step 4, delta [[12, -4], [0, 2], [-8, 6]]:
    x=13: {t1<b6,t3<b5,t8<b3} [M mod 8 in [6]]
    x=17: {t0<b9,t3<b7,t13<b2} [M mod 8 in [4], M >= 61 (4 sporadic below)]
    x=21: {t3<b9,t5<b8,t12<b5} [irregular]
  step 4, delta [[8, -2], [8, -2], [-8, 6]]:
    x=13: {t1<b6,t3<b5,t8<b3} [M mod 8 in [6]]
    x=17: {t0<b9,t9<b4,t11<b3} [irregular]
    x=21: {t3<b9,t8<b7,t17<b2} [M mod 8 in [2], M >= 19 (0 sporadic below)]
  step 4, delta [[12, -4], [8, -2], [-8, 6]]:
    x=13: {t1<b6,t3<b5,t8<b3} [M mod 8 in [6]]
    x=17: {t0<b9,t11<b3,t13<b2} [irregular]
    x=21: {t5<b8,t12<b5,t19<b1} [irregular]
  step 4, delta [[0, 2], [0, 2], [0, 2]]:
    x=13: {t1<b6,t3<b5,t8<b3} [M mod 8 in [6]]
    x=17: {t1<b8,t3<b7,t8<b5} [M mod 8 in [0], M >= 17 (0 sporadic below)]
    x=21: {t1<b10,t3<b9,t8<b7} [M mod 8 in [2], M >= 19 (0 sporadic below)]
  step 4, delta [[0, 2], [0, 2], [4, 0]]:
    x=13: {t1<b6,t3<b5,t8<b3} [M mod 8 in [6]]
    x=17: {t1<b8,t3<b7,t12<b3} [irregular]
    x=21: {t1<b10,t3<b9,t16<b3} [irregular]
  step 4, delta [[0, 2], [4, 0], [-4, 4]]:
    x=13: {t1<b6,t3<b5,t8<b3} [M mod 8 in [6]]
    x=17: {t1<b8,t4<b7,t7<b5} [irregular]
    x=21: {t1<b10,t3<b9,t8<b7} [M mod 8 in [2], M >= 19 (0 sporadic below)]
  step 4, delta [[0, 2], [12, -4], [-4, 4]]:
    x=13: {t1<b6,t3<b5,t8<b3} [M mod 8 in [6]]
    x=17: {t1<b8,t4<b7,t15<b1} [irregular]
    x=21: {t1<b10,t11<b5,t16<b3} [irregular]
  step 4, delta [[0, 2], [4, 0], [0, 2]]:
    x=13: {t1<b6,t3<b5,t8<b3} [M mod 8 in [6]]
    x=17: {t1<b8,t7<b5,t8<b5} [irregular]
    x=21: {t1<b10,t8<b7,t11<b5} [irregular]
  step 4, delta [[0, 2], [4, 0], [4, 0]]:
    x=13: {t1<b6,t3<b5,t8<b3} [M mod 8 in [6]]
    x=17: {t1<b8,t7<b5,t12<b3} [irregular]
    x=21: {t1<b10,t11<b5,t16<b3} [irregular]
  step 4, delta [[0, 2], [8, -2], [0, 2]]:
    x=13: {t1<b6,t3<b5,t8<b3} [M mod 8 in [6]]
    x=17: {t1<b8,t8<b5,t11<b3} [irregular]
    x=21: {t1<b10,t11<b5,t16<b3} [irregular]
  step 4, delta [[0, 2], [12, -4], [0, 2]]:
    x=13: {t1<b6,t3<b5,t8<b3} [M mod 8 in [6]]
    x=17: {t1<b8,t8<b5,t15<b1} [irregular]
    x=21: {t1<b10,t15<b3,t20<b1} [irregular]
  step 4, delta [[0, 2], [8, -2], [4, 0]]:
    x=13: {t1<b6,t3<b5,t8<b3} [M mod 8 in [6]]
    x=17: {t1<b8,t11<b3,t12<b3} [irregular]
    x=21: {t1<b10,t16<b3,t19<b1} [irregular]
  step 4, delta [[4, 0], [0, 2], [4, 0]]:
    x=13: {t1<b6,t3<b5,t8<b3} [M mod 8 in [6]]
    x=17: {t3<b7,t5<b6,t12<b3} [irregular]
    x=21: {t5<b8,t7<b7,t16<b3} [irregular]
  step 4, delta [[8, -2], [0, 2], [0, 2]]:
    x=13: {t1<b6,t3<b5,t8<b3} [M mod 8 in [6]]
    x=17: {t3<b7,t8<b5,t9<b4} [M mod 8 in [0], M >= 17 (0 sporadic below)]
    x=21: {t8<b7,t9<b6,t11<b5} [irregular]
  step 4, delta [[8, -2], [0, 2], [4, 0]]:
    x=13: {t1<b6,t3<b5,t8<b3} [M mod 8 in [6]]
    x=17: {t3<b7,t9<b4,t12<b3} [irregular]
    x=21: {t9<b6,t11<b5,t16<b3} [irregular]
  step 4, delta [[4, 0], [4, 0], [-4, 4]]:
    x=13: {t1<b6,t3<b5,t8<b3} [M mod 8 in [6]]
    x=17: {t4<b7,t5<b6,t7<b5} [irregular]
    x=21: {t3<b9,t8<b7,t9<b6} [M mod 8 in [2], M >= 19 (0 sporadic below)]
  step 4, delta [[4, 0], [12, -4], [-4, 4]]:
    x=13: {t1<b6,t3<b5,t8<b3} [M mod 8 in [6]]
    x=17: {t4<b7,t5<b6,t15<b1} [irregular]
    x=21: {t8<b7,t11<b5,t17<b2} [irregular]
  step 4, delta [[8, -2], [4, 0], [-4, 4]]:
    x=13: {t1<b6,t3<b5,t8<b3} [M mod 8 in [6]]
    x=17: {t4<b7,t7<b5,t9<b4} [irregular]
    x=21: {t5<b8,t11<b5,t12<b5} [irregular]
  step 4, delta [[12, -4], [4, 0], [-4, 4]]:
    x=13: {t1<b6,t3<b5,t8<b3} [M mod 8 in [6]]
    x=17: {t4<b7,t7<b5,t13<b2} [irregular]
    x=21: {t9<b6,t11<b5,t16<b3} [irregular]
  step 4, delta [[8, -2], [8, -2], [-4, 4]]:
    x=13: {t1<b6,t3<b5,t8<b3} [M mod 8 in [6]]
    x=17: {t4<b7,t9<b4,t11<b3} [irregular]
    x=21: {t7<b7,t12<b5,t17<b2} [irregular]
  step 4, delta [[12, -4], [8, -2], [-4, 4]]:
    x=13: {t1<b6,t3<b5,t8<b3} [M mod 8 in [6]]
    x=17: {t4<b7,t11<b3,t13<b2} [irregular]
    x=21: {t9<b6,t16<b3,t19<b1} [irregular]
  step 4, delta [[4, 0], [4, 0], [0, 2]]:
    x=13: {t1<b6,t3<b5,t8<b3} [M mod 8 in [6]]
    x=17: {t5<b6,t7<b5,t8<b5} [irregular]
    x=21: {t8<b7,t9<b6,t11<b5} [irregular]
  step 4, delta [[4, 0], [4, 0], [4, 0]]:
    x=13: {t1<b6,t3<b5,t8<b3} [M mod 8 in [6]]
    x=17: {t5<b6,t7<b5,t12<b3} [M mod 8 in [2]]
    x=21: {t9<b6,t11<b5,t16<b3} [irregular]
  step 4, delta [[4, 0], [8, -2], [0, 2]]:
    x=13: {t1<b6,t3<b5,t8<b3} [M mod 8 in [6]]
    x=17: {t5<b6,t8<b5,t11<b3} [irregular]
    x=21: {t9<b6,t11<b5,t16<b3} [irregular]
  step 4, delta [[4, 0], [12, -4], [0, 2]]:
    x=13: {t1<b6,t3<b5,t8<b3} [M mod 8 in [6]]
    x=17: {t5<b6,t8<b5,t15<b1} [irregular]
    x=21: {t9<b6,t15<b3,t20<b1} [irregular]
  step 4, delta [[4, 0], [8, -2], [4, 0]]:
    x=13: {t1<b6,t3<b5,t8<b3} [M mod 8 in [6]]
    x=17: {t5<b6,t11<b3,t12<b3} [irregular]
    x=21: {t9<b6,t16<b3,t19<b1} [irregular]
  step 4, delta [[12, -4], [4, 0], [4, 0]]:
    x=13: {t1<b6,t3<b5,t8<b3} [M mod 8 in [6]]
    x=17: {t7<b5,t12<b3,t13<b2} [M mod 8 in [2], M >= 59 (2 sporadic below)]
    x=21: {t16<b3,t17<b2,t19<b1} [irregular]
  step 4, delta [[8, -2], [8, -2], [0, 2]]:
    x=13: {t1<b6,t3<b5,t8<b3} [M mod 8 in [6]]
    x=17: {t8<b5,t9<b4,t11<b3} [irregular]
    x=21: {t11<b5,t16<b3,t17<b2} [M mod 8 in [6], M >= 31 (0 sporadic below)]
  step 4, delta [[12, -4], [8, -2], [0, 2]]:
    x=13: {t1<b6,t3<b5,t8<b3} [M mod 8 in [6]]
    x=17: {t8<b5,t11<b3,t13<b2} [M mod 8 in [0], M >= 17 (0 sporadic below)]
    x=21: {t13<b4,t19<b1,t20<b1} [irregular]
  step 4, delta [[8, -2], [8, -2], [4, 0]]:
    x=13: {t1<b6,t3<b5,t8<b3} [M mod 8 in [6]]
    x=17: {t9<b4,t11<b3,t12<b3} [irregular]
    x=21: {t16<b3,t17<b2,t19<b1} [irregular]
  step 4, delta [[0, 2], [0, 2], [0, 2]]:
    x=13: {t1<b6,t3<b5,t10<b2} [irregular]
    x=17: {t1<b8,t3<b7,t10<b4} [irregular]
    x=21: {t1<b10,t3<b9,t10<b6} [irregular]
  step 4, delta [[0, 2], [4, 0], [-4, 4]]:
    x=13: {t1<b6,t3<b5,t10<b2} [irregular]
    x=17: {t1<b8,t6<b6,t7<b5} [M mod 8 in [7]]
    x=21: {t1<b10,t3<b9,t10<b6} [irregular]
  step 4, delta [[0, 2], [8, -2], [-4, 4]]:
    x=13: {t1<b6,t3<b5,t10<b2} [irregular]
    x=17: {t1<b8,t6<b6,t11<b3} [irregular]
    x=21: {t1<b10,t7<b7,t14<b4} [irregular]
  step 4, delta [[0, 2], [12, -4], [-4, 4]]:
    x=13: {t1<b6,t3<b5,t10<b2} [irregular]
    x=17: {t1<b8,t6<b6,t15<b1} [M mod 8 in [7], M >= 64 (4 sporadic below)]
    x=21: {t1<b10,t11<b5,t18<b2} [irregular]
  step 4, delta [[0, 2], [4, 0], [4, 0]]:
    x=13: {t1<b6,t3<b5,t10<b2} [irregular]
    x=17: {t1<b8,t7<b5,t14<b2} [irregular]
    x=21: {t1<b10,t11<b5,t18<b2} [irregular]
  step 4, delta [[12, -4], [0, 2], [-8, 6]]:
    x=13: {t1<b6,t3<b5,t10<b2} [irregular]
    x=17: {t2<b8,t3<b7,t13<b2} [irregular]
    x=21: {t3<b9,t5<b8,t14<b4} [irregular]
  step 4, delta [[4, 0], [12, -4], [-8, 6]]:
    x=13: {t1<b6,t3<b5,t10<b2} [irregular]
    x=17: {t2<b8,t5<b6,t15<b1} [M mod 8 in [5], M >= 62 (4 sporadic below)]
    x=21: {t6<b8,t7<b7,t17<b2} [irregular]
  step 4, delta [[4, 0], [0, 2], [-4, 4]]:
    x=13: {t1<b6,t3<b5,t10<b2} [irregular]
    x=17: {t3<b7,t5<b6,t6<b6} [irregular]
    x=21: {t2<b10,t5<b8,t7<b7} [M mod 8 in [7]]
  step 4, delta [[4, 0], [0, 2], [0, 2]]:
    x=13: {t1<b6,t3<b5,t10<b2} [irregular]
    x=17: {t3<b7,t5<b6,t10<b4} [M mod 8 in [1]]
    x=21: {t5<b8,t7<b7,t10<b6} [irregular]
  step 4, delta [[4, 0], [0, 2], [4, 0]]:
    x=13: {t1<b6,t3<b5,t10<b2} [irregular]
    x=17: {t3<b7,t5<b6,t14<b2} [irregular]
    x=21: {t5<b8,t7<b7,t18<b2} [M mod 8 in [7]]
  step 4, delta [[12, -4], [0, 2], [-4, 4]]:
    x=13: {t1<b6,t3<b5,t10<b2} [irregular]
    x=17: {t3<b7,t6<b6,t13<b2} [irregular]
    x=21: {t6<b8,t9<b6,t15<b3} [irregular]
  step 4, delta [[8, -2], [0, 2], [4, 0]]:
    x=13: {t1<b6,t3<b5,t10<b2} [irregular]
    x=17: {t3<b7,t9<b4,t14<b2} [irregular]
    x=21: {t9<b6,t11<b5,t18<b2} [irregular]
  step 4, delta [[12, -4], [0, 2], [0, 2]]:
    x=13: {t1<b6,t3<b5,t10<b2} [irregular]
    x=17: {t3<b7,t10<b4,t13<b2} [irregular]
    x=21: {t10<b6,t13<b4,t15<b3} [M mod 8 in [3], M >= 20 (0 sporadic below)]
  step 4, delta [[12, -4], [0, 2], [4, 0]]:
    x=13: {t1<b6,t3<b5,t10<b2} [irregular]
    x=17: {t3<b7,t13<b2,t14<b2} [irregular]
    x=21: {t13<b4,t15<b3,t18<b2} [irregular]
  step 4, delta [[4, 0], [4, 0], [4, 0]]:
    x=13: {t1<b6,t3<b5,t10<b2} [irregular]
    x=17: {t5<b6,t7<b5,t14<b2} [irregular]
    x=21: {t9<b6,t11<b5,t18<b2} [irregular]
  step 4, delta [[4, 0], [8, -2], [0, 2]]:
    x=13: {t1<b6,t3<b5,t10<b2} [irregular]
    x=17: {t5<b6,t10<b4,t11<b3} [M mod 8 in [1], M >= 58 (3 sporadic below)]
    x=21: {t9<b6,t11<b5,t18<b2} [irregular]
  step 4, delta [[12, -4], [4, 0], [-4, 4]]:
    x=13: {t1<b6,t3<b5,t10<b2} [irregular]
    x=17: {t6<b6,t7<b5,t13<b2} [irregular]
    x=21: {t9<b6,t11<b5,t18<b2} [irregular]
  step 4, delta [[8, -2], [4, 0], [4, 0]]:
    x=13: {t1<b6,t3<b5,t10<b2} [irregular]
    x=17: {t7<b5,t9<b4,t14<b2} [M mod 8 in [3], M >= 20 (0 sporadic below)]
    x=21: {t13<b4,t15<b3,t18<b2} [irregular]
  step 4, delta [[12, -4], [0, 2], [-12, 8]]:
    x=13: {t1<b6,t3<b5,t12<b1} [irregular]
    x=17: {t0<b9,t3<b7,t13<b2} [M mod 8 in [4], M >= 61 (4 sporadic below)]
    x=21: {t1<b10,t3<b9,t12<b5} [irregular]
  step 4, delta [[12, -4], [8, -2], [-12, 8]]:
    x=13: {t1<b6,t3<b5,t12<b1} [irregular]
    x=17: {t0<b9,t11<b3,t13<b2} [irregular]
    x=21: {t1<b10,t12<b5,t19<b1} [irregular]
  step 4, delta [[0, 2], [0, 2], [0, 2]]:
    x=13: {t1<b6,t3<b5,t12<b1} [irregular]
    x=17: {t1<b8,t3<b7,t12<b3} [irregular]
    x=21: {t1<b10,t3<b9,t12<b5} [irregular]
  step 4, delta [[0, 2], [12, -4], [-8, 6]]:
    x=13: {t1<b6,t3<b5,t12<b1} [irregular]
    x=17: {t1<b8,t4<b7,t15<b1} [irregular]
    x=21: {t1<b10,t7<b7,t16<b3} [irregular]
  step 4, delta [[0, 2], [4, 0], [0, 2]]:
    x=13: {t1<b6,t3<b5,t12<b1} [irregular]
    x=17: {t1<b8,t7<b5,t12<b3} [irregular]
    x=21: {t1<b10,t11<b5,t12<b5} [irregular]
  step 4, delta [[0, 2], [4, 0], [4, 0]]:
    x=13: {t1<b6,t3<b5,t12<b1} [irregular]
    x=17: {t1<b8,t7<b5,t16<b1} [irregular]
    x=21: {t1<b10,t11<b5,t20<b1} [irregular]
  step 4, delta [[0, 2], [8, -2], [-4, 4]]:
    x=13: {t1<b6,t3<b5,t12<b1} [irregular]
    x=17: {t1<b8,t8<b5,t11<b3} [irregular]
    x=21: {t1<b10,t7<b7,t16<b3} [irregular]
  step 4, delta [[0, 2], [12, -4], [-4, 4]]:
    x=13: {t1<b6,t3<b5,t12<b1} [irregular]
    x=17: {t1<b8,t8<b5,t15<b1} [irregular]
    x=21: {t1<b10,t11<b5,t20<b1} [irregular]
  step 4, delta [[0, 2], [8, -2], [0, 2]]:
    x=13: {t1<b6,t3<b5,t12<b1} [irregular]
    x=17: {t1<b8,t11<b3,t12<b3} [irregular]
    x=21: {t1<b10,t12<b5,t19<b1} [irregular]
  step 4, delta [[0, 2], [8, -2], [4, 0]]:
    x=13: {t1<b6,t3<b5,t12<b1} [irregular]
    x=17: {t1<b8,t11<b3,t16<b1} [irregular]
    x=21: {t1<b10,t19<b1,t20<b1} [irregular]
  step 4, delta [[4, 0], [0, 2], [0, 2]]:
    x=13: {t1<b6,t3<b5,t12<b1} [irregular]
    x=17: {t3<b7,t5<b6,t12<b3} [irregular]
    x=21: {t5<b8,t7<b7,t12<b5} [M mod 8 in [4], M >= 21 (0 sporadic below)]
  step 4, delta [[4, 0], [0, 2], [4, 0]]:
    x=13: {t1<b6,t3<b5,t12<b1} [irregular]
    x=17: {t3<b7,t5<b6,t16<b1} [M mod 8 in [4]]
    x=21: {t5<b8,t7<b7,t20<b1} [irregular]
  step 4, delta [[8, -2], [0, 2], [-4, 4]]:
    x=13: {t1<b6,t3<b5,t12<b1} [irregular]
    x=17: {t3<b7,t8<b5,t9<b4} [M mod 8 in [0], M >= 17 (0 sporadic below)]
    x=21: {t5<b8,t8<b7,t11<b5} [irregular]
  step 4, delta [[8, -2], [0, 2], [0, 2]]:
    x=13: {t1<b6,t3<b5,t12<b1} [irregular]
    x=17: {t3<b7,t9<b4,t12<b3} [irregular]
    x=21: {t9<b6,t11<b5,t12<b5} [irregular]
  step 4, delta [[8, -2], [0, 2], [4, 0]]:
    x=13: {t1<b6,t3<b5,t12<b1} [irregular]
    x=17: {t3<b7,t9<b4,t16<b1} [irregular]
    x=21: {t9<b6,t11<b5,t20<b1} [irregular]
  step 4, delta [[12, -4], [0, 2], [4, 0]]:
    x=13: {t1<b6,t3<b5,t12<b1} [irregular]
    x=17: {t3<b7,t13<b2,t16<b1} [M mod 8 in [4], M >= 61 (2 sporadic below)]
    x=21: {t13<b4,t15<b3,t20<b1} [M mod 8 in [0], M >= 25 (0 sporadic below)]
  step 4, delta [[8, -2], [4, 0], [-8, 6]]:
    x=13: {t1<b6,t3<b5,t12<b1} [irregular]
    x=17: {t4<b7,t7<b5,t9<b4} [irregular]
    x=21: {t1<b10,t11<b5,t12<b5} [irregular]
  step 4, delta [[12, -4], [4, 0], [-8, 6]]:
    x=13: {t1<b6,t3<b5,t12<b1} [irregular]
    x=17: {t4<b7,t7<b5,t13<b2} [irregular]
    x=21: {t5<b8,t11<b5,t16<b3} [irregular]
  step 4, delta [[12, -4], [8, -2], [-8, 6]]:
    x=13: {t1<b6,t3<b5,t12<b1} [irregular]
    x=17: {t4<b7,t11<b3,t13<b2} [irregular]
    x=21: {t5<b8,t16<b3,t19<b1} [irregular]
  step 4, delta [[4, 0], [4, 0], [0, 2]]:
    x=13: {t1<b6,t3<b5,t12<b1} [irregular]
    x=17: {t5<b6,t7<b5,t12<b3} [M mod 8 in [2]]
    x=21: {t9<b6,t11<b5,t12<b5} [irregular]
  step 4, delta [[4, 0], [4, 0], [4, 0]]:
    x=13: {t1<b6,t3<b5,t12<b1} [irregular]
    x=17: {t5<b6,t7<b5,t16<b1} [irregular]
    x=21: {t9<b6,t11<b5,t20<b1} [irregular]
  step 4, delta [[4, 0], [8, -2], [-4, 4]]:
    x=13: {t1<b6,t3<b5,t12<b1} [irregular]
    x=17: {t5<b6,t8<b5,t11<b3} [irregular]
    x=21: {t7<b7,t9<b6,t16<b3} [irregular]
  step 4, delta [[4, 0], [12, -4], [-4, 4]]:
    x=13: {t1<b6,t3<b5,t12<b1} [irregular]
    x=17: {t5<b6,t8<b5,t15<b1} [irregular]
    x=21: {t9<b6,t11<b5,t20<b1} [irregular]
  step 4, delta [[4, 0], [8, -2], [0, 2]]:
    x=13: {t1<b6,t3<b5,t12<b1} [irregular]
    x=17: {t5<b6,t11<b3,t12<b3} [irregular]
    x=21: {t9<b6,t12<b5,t19<b1} [irregular]
  step 4, delta [[4, 0], [8, -2], [4, 0]]:
    x=13: {t1<b6,t3<b5,t12<b1} [irregular]
    x=17: {t5<b6,t11<b3,t16<b1} [irregular]
    x=21: {t9<b6,t19<b1,t20<b1} [irregular]
  step 4, delta [[8, -2], [4, 0], [4, 0]]:
    x=13: {t1<b6,t3<b5,t12<b1} [irregular]
    x=17: {t7<b5,t9<b4,t16<b1} [irregular]
    x=21: {t13<b4,t15<b3,t20<b1} [M mod 8 in [0], M >= 25 (0 sporadic below)]
  step 4, delta [[12, -4], [4, 0], [0, 2]]:
    x=13: {t1<b6,t3<b5,t12<b1} [irregular]
    x=17: {t7<b5,t12<b3,t13<b2} [M mod 8 in [2], M >= 59 (2 sporadic below)]
    x=21: {t13<b4,t16<b3,t19<b1} [irregular]
  step 4, delta [[12, -4], [8, -2], [-4, 4]]:
    x=13: {t1<b6,t3<b5,t12<b1} [irregular]
    x=17: {t8<b5,t11<b3,t13<b2} [M mod 8 in [0], M >= 17 (0 sporadic below)]
    x=21: {t9<b6,t19<b1,t20<b1} [irregular]
  step 4, delta [[8, -2], [8, -2], [0, 2]]:
    x=13: {t1<b6,t3<b5,t12<b1} [irregular]
    x=17: {t9<b4,t11<b3,t12<b3} [irregular]
    x=21: {t12<b5,t17<b2,t19<b1} [irregular]
  step 4, delta [[8, -2], [8, -2], [4, 0]]:
    x=13: {t1<b6,t3<b5,t12<b1} [irregular]
    x=17: {t9<b4,t11<b3,t16<b1} [irregular]
    x=21: {t17<b2,t19<b1,t20<b1} [irregular]
  step 4, delta [[4, 0], [-4, 4], [4, 0]]:
    x=13: {t1<b6,t4<b5,t6<b4} [irregular]
    x=17: {t0<b9,t5<b6,t10<b4} [irregular]
    x=21: {t1<b10,t4<b9,t14<b4} [irregular]
  step 4, delta [[12, -4], [-4, 4], [0, 2]]:
    x=13: {t1<b6,t4<b5,t6<b4} [irregular]
    x=17: {t0<b9,t6<b6,t13<b2} [irregular]
    x=21: {t2<b10,t12<b5,t13<b4} [M mod 8 in [6], M >= 63 (2 sporadic below)]
  step 4, delta [[8, -2], [-4, 4], [4, 0]]:
    x=13: {t1<b6,t4<b5,t6<b4} [irregular]
    x=17: {t0<b9,t9<b4,t10<b4} [irregular]
    x=21: {t5<b8,t8<b7,t14<b4} [irregular]
  step 4, delta [[12, -4], [-4, 4], [4, 0]]:
    x=13: {t1<b6,t4<b5,t6<b4} [irregular]
    x=17: {t0<b9,t10<b4,t13<b2} [irregular]
    x=21: {t6<b8,t12<b5,t17<b2} [irregular]
  step 4, delta [[0, 2], [8, -2], [0, 2]]:
    x=13: {t1<b6,t4<b5,t6<b4} [irregular]
    x=17: {t1<b8,t6<b6,t12<b3} [irregular]
    x=21: {t1<b10,t12<b5,t14<b4} [irregular]
  step 4, delta [[0, 2], [12, -4], [0, 2]]:
    x=13: {t1<b6,t4<b5,t6<b4} [irregular]
    x=17: {t1<b8,t6<b6,t16<b1} [irregular]
    x=21: {t1<b10,t16<b3,t18<b2} [irregular]
  step 4, delta [[0, 2], [4, 0], [4, 0]]:
    x=13: {t1<b6,t4<b5,t6<b4} [irregular]
    x=17: {t1<b8,t8<b5,t10<b4} [irregular]
    x=21: {t1<b10,t12<b5,t14<b4} [irregular]
  step 4, delta [[0, 2], [8, -2], [4, 0]]:
    x=13: {t1<b6,t4<b5,t6<b4} [irregular]
    x=17: {t1<b8,t10<b4,t12<b3} [irregular]
    x=21: {t1<b10,t16<b3,t18<b2} [irregular]
  step 4, delta [[8, -2], [0, 2], [-4, 4]]:
    x=13: {t1<b6,t4<b5,t6<b4} [irregular]
    x=17: {t2<b8,t4<b7,t9<b4} [irregular]
    x=21: {t4<b9,t5<b8,t10<b6} [irregular]
  step 4, delta [[12, -4], [0, 2], [-4, 4]]:
    x=13: {t1<b6,t4<b5,t6<b4} [irregular]
    x=17: {t2<b8,t4<b7,t13<b2} [M mod 8 in [4]]
    x=21: {t4<b9,t9<b6,t14<b4} [irregular]
  step 4, delta [[4, 0], [8, -2], [-4, 4]]:
    x=13: {t1<b6,t4<b5,t6<b4} [irregular]
    x=17: {t2<b8,t5<b6,t12<b3} [irregular]
    x=21: {t6<b8,t8<b7,t13<b4} [irregular]
  step 4, delta [[4, 0], [12, -4], [-4, 4]]:
    x=13: {t1<b6,t4<b5,t6<b4} [irregular]
    x=17: {t2<b8,t5<b6,t16<b1} [M mod 8 in [0], M >= 17 (0 sporadic below)]
    x=21: {t6<b8,t12<b5,t17<b2} [irregular]
  step 4, delta [[12, -4], [4, 0], [-4, 4]]:
    x=13: {t1<b6,t4<b5,t6<b4} [irregular]
    x=17: {t2<b8,t8<b5,t13<b2} [irregular]
    x=21: {t9<b6,t12<b5,t14<b4} [irregular]
  step 4, delta [[12, -4], [8, -2], [-4, 4]]:
    x=13: {t1<b6,t4<b5,t6<b4} [irregular]
    x=17: {t2<b8,t12<b3,t13<b2} [M mod 8 in [4], M >= 61 (2 sporadic below)]
    x=21: {t9<b6,t14<b4,t20<b1} [irregular]
  step 4, delta [[4, 0], [0, 2], [4, 0]]:
    x=13: {t1<b6,t4<b5,t6<b4} [irregular]
    x=17: {t4<b7,t5<b6,t10<b4} [irregular]
    x=21: {t5<b8,t8<b7,t14<b4} [irregular]
  step 4, delta [[8, -2], [0, 2], [0, 2]]:
    x=13: {t1<b6,t4<b5,t6<b4} [irregular]
    x=17: {t4<b7,t6<b6,t9<b4} [M mod 8 in [2]]
    x=21: {t6<b8,t9<b6,t12<b5} [M mod 8 in [4], M >= 21 (0 sporadic below)]
  step 4, delta [[8, -2], [0, 2], [4, 0]]:
    x=13: {t1<b6,t4<b5,t6<b4} [irregular]
    x=17: {t4<b7,t9<b4,t10<b4} [irregular]
    x=21: {t9<b6,t12<b5,t14<b4} [irregular]
  step 4, delta [[4, 0], [4, 0], [4, 0]]:
    x=13: {t1<b6,t4<b5,t6<b4} [irregular]
    x=17: {t5<b6,t8<b5,t10<b4} [irregular]
    x=21: {t9<b6,t12<b5,t14<b4} [irregular]
  step 4, delta [[4, 0], [8, -2], [4, 0]]:
    x=13: {t1<b6,t4<b5,t6<b4} [irregular]
    x=17: {t5<b6,t10<b4,t12<b3} [irregular]
    x=21: {t9<b6,t16<b3,t18<b2} [irregular]
  step 4, delta [[8, -2], [4, 0], [0, 2]]:
    x=13: {t1<b6,t4<b5,t6<b4} [irregular]
    x=17: {t6<b6,t8<b5,t9<b4} [irregular]
    x=21: {t9<b6,t12<b5,t14<b4} [irregular]
  step 4, delta [[12, -4], [4, 0], [0, 2]]:
    x=13: {t1<b6,t4<b5,t6<b4} [irregular]
    x=17: {t6<b6,t8<b5,t13<b2} [irregular]
    x=21: {t12<b5,t13<b4,t18<b2} [irregular]
  step 4, delta [[8, -2], [8, -2], [0, 2]]:
    x=13: {t1<b6,t4<b5,t6<b4} [irregular]
    x=17: {t6<b6,t9<b4,t12<b3} [M mod 8 in [2], M >= 59 (3 sporadic below)]
    x=21: {t12<b5,t14<b4,t17<b2} [M mod 8 in [0], M >= 25 (0 sporadic below)]
  step 4, delta [[12, -4], [4, 0], [4, 0]]:
    x=13: {t1<b6,t4<b5,t6<b4} [irregular]
    x=17: {t8<b5,t10<b4,t13<b2} [irregular]
    x=21: {t14<b4,t17<b2,t20<b1} [M mod 8 in [0], M >= 33 (0 sporadic below)]
  step 4, delta [[4, 0], [-4, 4], [4, 0]]:
    x=13: {t1<b6,t4<b5,t7<b3} [irregular]
    x=17: {t0<b9,t5<b6,t11<b3} [irregular]
    x=21: {t1<b10,t4<b9,t15<b3} [irregular]
  step 4, delta [[12, -4], [-4, 4], [4, 0]]:
    x=13: {t1<b6,t4<b5,t7<b3} [irregular]
    x=17: {t0<b9,t11<b3,t13<b2} [irregular]
    x=21: {t7<b7,t12<b5,t17<b2} [irregular]
  step 4, delta [[0, 2], [4, 0], [-4, 4]]:
    x=13: {t1<b6,t4<b5,t7<b3} [irregular]
    x=17: {t1<b8,t3<b7,t8<b5} [M mod 8 in [0], M >= 17 (0 sporadic below)]
    x=21: {t1<b10,t4<b9,t7<b7} [M mod 8 in [0], M >= 17 (0 sporadic below)]
  step 4, delta [[0, 2], [8, -2], [-4, 4]]:
    x=13: {t1<b6,t4<b5,t7<b3} [irregular]
    x=17: {t1<b8,t3<b7,t12<b3} [irregular]
    x=21: {t1<b10,t8<b7,t11<b5} [irregular]
  step 4, delta [[0, 2], [12, -4], [-4, 4]]:
    x=13: {t1<b6,t4<b5,t7<b3} [irregular]
    x=17: {t1<b8,t3<b7,t16<b1} [irregular]
    x=21: {t1<b10,t12<b5,t15<b3} [irregular]
  step 4, delta [[0, 2], [0, 2], [0, 2]]:
    x=13: {t1<b6,t4<b5,t7<b3} [irregular]
    x=17: {t1<b8,t4<b7,t7<b5} [irregular]
    x=21: {t1<b10,t4<b9,t7<b7} [M mod 8 in [0], M >= 17 (0 sporadic below)]
  step 4, delta [[0, 2], [4, 0], [0, 2]]:
    x=13: {t1<b6,t4<b5,t7<b3} [irregular]
    x=17: {t1<b8,t7<b5,t8<b5} [irregular]
    x=21: {t1<b10,t8<b7,t11<b5} [irregular]
  step 4, delta [[0, 2], [8, -2], [0, 2]]:
    x=13: {t1<b6,t4<b5,t7<b3} [irregular]
    x=17: {t1<b8,t7<b5,t12<b3} [irregular]
    x=21: {t1<b10,t12<b5,t15<b3} [irregular]
  step 4, delta [[0, 2], [12, -4], [0, 2]]:
    x=13: {t1<b6,t4<b5,t7<b3} [irregular]
    x=17: {t1<b8,t7<b5,t16<b1} [irregular]
    x=21: {t1<b10,t16<b3,t19<b1} [irregular]
  step 4, delta [[0, 2], [4, 0], [4, 0]]:
    x=13: {t1<b6,t4<b5,t7<b3} [irregular]
    x=17: {t1<b8,t8<b5,t11<b3} [irregular]
    x=21: {t1<b10,t12<b5,t15<b3} [irregular]
  step 4, delta [[0, 2], [8, -2], [4, 0]]:
    x=13: {t1<b6,t4<b5,t7<b3} [irregular]
    x=17: {t1<b8,t11<b3,t12<b3} [irregular]
    x=21: {t1<b10,t16<b3,t19<b1} [irregular]
  step 4, delta [[4, 0], [4, 0], [-4, 4]]:
    x=13: {t1<b6,t4<b5,t7<b3} [irregular]
    x=17: {t3<b7,t5<b6,t8<b5} [irregular]
    x=21: {t4<b9,t7<b7,t9<b6} [M mod 8 in [0], M >= 17 (0 sporadic below)]
  step 4, delta [[4, 0], [12, -4], [-4, 4]]:
    x=13: {t1<b6,t4<b5,t7<b3} [irregular]
    x=17: {t3<b7,t5<b6,t16<b1} [M mod 8 in [4]]
    x=21: {t7<b7,t12<b5,t17<b2} [irregular]
  step 4, delta [[8, -2], [4, 0], [-4, 4]]:
    x=13: {t1<b6,t4<b5,t7<b3} [irregular]
    x=17: {t3<b7,t8<b5,t9<b4} [M mod 8 in [0], M >= 17 (0 sporadic below)]
    x=21: {t5<b8,t11<b5,t12<b5} [irregular]
  step 4, delta [[12, -4], [4, 0], [-4, 4]]:
    x=13: {t1<b6,t4<b5,t7<b3} [irregular]
    x=17: {t3<b7,t8<b5,t13<b2} [irregular]
    x=21: {t9<b6,t12<b5,t15<b3} [irregular]
  step 4, delta [[8, -2], [8, -2], [-4, 4]]:
    x=13: {t1<b6,t4<b5,t7<b3} [irregular]
    x=17: {t3<b7,t9<b4,t12<b3} [irregular]
    x=21: {t8<b7,t11<b5,t17<b2} [irregular]
  step 4, delta [[8, -2], [0, 2], [4, 0]]:
    x=13: {t1<b6,t4<b5,t7<b3} [irregular]
    x=17: {t4<b7,t9<b4,t11<b3} [irregular]
    x=21: {t9<b6,t12<b5,t15<b3} [irregular]
  step 4, delta [[12, -4], [0, 2], [4, 0]]:
    x=13: {t1<b6,t4<b5,t7<b3} [irregular]
    x=17: {t4<b7,t11<b3,t13<b2} [irregular]
    x=21: {t11<b5,t16<b3,t17<b2} [M mod 8 in [6], M >= 31 (0 sporadic below)]
  step 4, delta [[4, 0], [4, 0], [0, 2]]:
    x=13: {t1<b6,t4<b5,t7<b3} [irregular]
    x=17: {t5<b6,t7<b5,t8<b5} [irregular]
    x=21: {t8<b7,t9<b6,t11<b5} [irregular]
  step 4, delta [[4, 0], [8, -2], [0, 2]]:
    x=13: {t1<b6,t4<b5,t7<b3} [irregular]
    x=17: {t5<b6,t7<b5,t12<b3} [M mod 8 in [2]]
    x=21: {t9<b6,t12<b5,t15<b3} [irregular]
  step 4, delta [[4, 0], [12, -4], [0, 2]]:
    x=13: {t1<b6,t4<b5,t7<b3} [irregular]
    x=17: {t5<b6,t7<b5,t16<b1} [irregular]
    x=21: {t9<b6,t16<b3,t19<b1} [irregular]
  step 4, delta [[4, 0], [4, 0], [4, 0]]:
    x=13: {t1<b6,t4<b5,t7<b3} [irregular]
    x=17: {t5<b6,t8<b5,t11<b3} [irregular]
    x=21: {t9<b6,t12<b5,t15<b3} [irregular]
  step 4, delta [[4, 0], [8, -2], [4, 0]]:
    x=13: {t1<b6,t4<b5,t7<b3} [irregular]
    x=17: {t5<b6,t11<b3,t12<b3} [irregular]
    x=21: {t9<b6,t16<b3,t19<b1} [irregular]
  step 4, delta [[12, -4], [8, -2], [0, 2]]:
    x=13: {t1<b6,t4<b5,t7<b3} [irregular]
    x=17: {t7<b5,t12<b3,t13<b2} [M mod 8 in [2], M >= 59 (2 sporadic below)]
    x=21: {t13<b4,t19<b1,t20<b1} [irregular]
  step 4, delta [[8, -2], [4, 0], [4, 0]]:
    x=13: {t1<b6,t4<b5,t7<b3} [irregular]
    x=17: {t8<b5,t9<b4,t11<b3} [irregular]
    x=21: {t13<b4,t15<b3,t16<b3} [irregular]
  step 4, delta [[8, -2], [8, -2], [4, 0]]:
    x=13: {t1<b6,t4<b5,t7<b3} [irregular]
    x=17: {t9<b4,t11<b3,t12<b3} [irregular]
    x=21: {t16<b3,t17<b2,t19<b1} [irregular]
  step 4, delta [[0, 2], [0, 2], [0, 2]]:
    x=13: {t1<b6,t5<b4,t8<b3} [irregular]
    x=17: {t1<b8,t5<b6,t8<b5} [irregular]
    x=21: {t1<b10,t5<b8,t8<b7} [irregular]
  step 4, delta [[0, 2], [0, 2], [4, 0]]:
    x=13: {t1<b6,t5<b4,t8<b3} [irregular]
    x=17: {t1<b8,t5<b6,t12<b3} [irregular]
    x=21: {t1<b10,t5<b8,t16<b3} [irregular]
  step 4, delta [[0, 2], [4, 0], [4, 0]]:
    x=13: {t1<b6,t5<b4,t8<b3} [irregular]
    x=17: {t1<b8,t9<b4,t12<b3} [irregular]
    x=21: {t1<b10,t13<b4,t16<b3} [irregular]
  step 4, delta [[8, -2], [-4, 4], [4, 0]]:
    x=13: {t1<b6,t5<b4,t8<b3} [irregular]
    x=17: {t1<b8,t9<b4,t12<b3} [irregular]
    x=21: {t5<b8,t9<b6,t16<b3} [irregular]
  step 4, delta [[4, 0], [4, 0], [4, 0]]:
    x=13: {t1<b6,t5<b4,t8<b3} [irregular]
    x=17: {t5<b6,t9<b4,t12<b3} [irregular]
    x=21: {t9<b6,t13<b4,t16<b3} [irregular]
  step 4, delta [[0, 2], [0, 2], [0, 2]]:
    x=13: {t1<b6,t5<b4,t12<b1} [irregular]
    x=17: {t1<b8,t5<b6,t12<b3} [irregular]
    x=21: {t1<b10,t5<b8,t12<b5} [irregular]
  step 4, delta [[0, 2], [0, 2], [4, 0]]:
    x=13: {t1<b6,t5<b4,t12<b1} [irregular]
    x=17: {t1<b8,t5<b6,t16<b1} [irregular]
    x=21: {t1<b10,t5<b8,t20<b1} [irregular]
  step 4, delta [[8, -2], [-4, 4], [0, 2]]:
    x=13: {t1<b6,t5<b4,t12<b1} [irregular]
    x=17: {t1<b8,t9<b4,t12<b3} [irregular]
    x=21: {t5<b8,t9<b6,t12<b5} [irregular]
  step 4, delta [[0, 2], [4, 0], [4, 0]]:
    x=13: {t1<b6,t5<b4,t12<b1} [irregular]
    x=17: {t1<b8,t9<b4,t16<b1} [irregular]
    x=21: {t1<b10,t13<b4,t20<b1} [irregular]
  step 4, delta [[8, -2], [-4, 4], [4, 0]]:
    x=13: {t1<b6,t5<b4,t12<b1} [irregular]
    x=17: {t1<b8,t9<b4,t16<b1} [irregular]
    x=21: {t5<b8,t9<b6,t20<b1} [irregular]
  step 4, delta [[12, -4], [-4, 4], [4, 0]]:
    x=13: {t1<b6,t5<b4,t12<b1} [irregular]
    x=17: {t1<b8,t13<b2,t16<b1} [irregular]
    x=21: {t9<b6,t13<b4,t20<b1} [irregular]
  step 4, delta [[4, 0], [4, 0], [4, 0]]:
    x=13: {t1<b6,t5<b4,t12<b1} [irregular]
    x=17: {t5<b6,t9<b4,t16<b1} [irregular]
    x=21: {t9<b6,t13<b4,t20<b1} [irregular]
  step 4, delta [[12, -4], [0, 2], [4, 0]]:
    x=13: {t1<b6,t5<b4,t12<b1} [irregular]
    x=17: {t5<b6,t13<b2,t16<b1} [irregular]
    x=21: {t13<b4,t17<b2,t20<b1} [irregular]
  step 4, delta [[0, 2], [4, 0], [-4, 4]]:
    x=13: {t1<b6,t6<b4,t7<b3} [M mod 8 in [5], M >= 62 (1 sporadic below)]
    x=17: {t1<b8,t3<b7,t10<b4} [irregular]
    x=21: {t1<b10,t6<b8,t7<b7} [M mod 8 in [1], M >= 18 (0 sporadic below)]
  step 4, delta [[0, 2], [0, 2], [0, 2]]:
    x=13: {t1<b6,t6<b4,t7<b3} [M mod 8 in [5], M >= 62 (1 sporadic below)]
    x=17: {t1<b8,t6<b6,t7<b5} [M mod 8 in [7]]
    x=21: {t1<b10,t6<b8,t7<b7} [M mod 8 in [1], M >= 18 (0 sporadic below)]
  step 4, delta [[0, 2], [0, 2], [4, 0]]:
    x=13: {t1<b6,t6<b4,t7<b3} [M mod 8 in [5], M >= 62 (1 sporadic below)]
    x=17: {t1<b8,t6<b6,t11<b3} [irregular]
    x=21: {t1<b10,t6<b8,t15<b3} [M mod 8 in [1], M >= 66 (4 sporadic below)]
  step 4, delta [[4, 0], [-4, 4], [0, 2]]:
    x=13: {t1<b6,t6<b4,t7<b3} [M mod 8 in [5], M >= 62 (1 sporadic below)]
    x=17: {t2<b8,t5<b6,t7<b5} [M mod 8 in [5]]
    x=21: {t1<b10,t6<b8,t7<b7} [M mod 8 in [1], M >= 18 (0 sporadic below)]
  step 4, delta [[4, 0], [-4, 4], [4, 0]]:
    x=13: {t1<b6,t6<b4,t7<b3} [M mod 8 in [5], M >= 62 (1 sporadic below)]
    x=17: {t2<b8,t5<b6,t11<b3} [irregular]
    x=21: {t1<b10,t6<b8,t15<b3} [M mod 8 in [1], M >= 66 (4 sporadic below)]
  step 4, delta [[12, -4], [-4, 4], [0, 2]]:
    x=13: {t1<b6,t6<b4,t7<b3} [M mod 8 in [5], M >= 62 (1 sporadic below)]
    x=17: {t2<b8,t7<b5,t13<b2} [irregular]
    x=21: {t3<b9,t13<b4,t14<b4} [irregular]
  step 4, delta [[12, -4], [-4, 4], [4, 0]]:
    x=13: {t1<b6,t6<b4,t7<b3} [M mod 8 in [5], M >= 62 (1 sporadic below)]
    x=17: {t2<b8,t11<b3,t13<b2} [irregular]
    x=21: {t7<b7,t14<b4,t17<b2} [irregular]
  step 4, delta [[4, 0], [0, 2], [-4, 4]]:
    x=13: {t1<b6,t6<b4,t7<b3} [M mod 8 in [5], M >= 62 (1 sporadic below)]
    x=17: {t3<b7,t5<b6,t6<b6} [irregular]
    x=21: {t2<b10,t5<b8,t7<b7} [M mod 8 in [7]]
  step 4, delta [[4, 0], [8, -2], [-4, 4]]:
    x=13: {t1<b6,t6<b4,t7<b3} [M mod 8 in [5], M >= 62 (1 sporadic below)]
    x=17: {t3<b7,t5<b6,t14<b2} [irregular]
    x=21: {t7<b7,t10<b6,t13<b4} [irregular]
  step 4, delta [[12, -4], [0, 2], [-4, 4]]:
    x=13: {t1<b6,t6<b4,t7<b3} [M mod 8 in [5], M >= 62 (1 sporadic below)]
    x=17: {t3<b7,t6<b6,t13<b2} [irregular]
    x=21: {t6<b8,t9<b6,t15<b3} [irregular]
  step 4, delta [[12, -4], [4, 0], [-4, 4]]:
    x=13: {t1<b6,t6<b4,t7<b3} [M mod 8 in [5], M >= 62 (1 sporadic below)]
    x=17: {t3<b7,t10<b4,t13<b2} [irregular]
    x=21: {t9<b6,t14<b4,t15<b3} [M mod 8 in [5], M >= 62 (2 sporadic below)]
  step 4, delta [[4, 0], [8, -2], [0, 2]]:
    x=13: {t1<b6,t6<b4,t7<b3} [M mod 8 in [5], M >= 62 (1 sporadic below)]
    x=17: {t5<b6,t7<b5,t14<b2} [irregular]
    x=21: {t9<b6,t14<b4,t15<b3} [M mod 8 in [5], M >= 62 (2 sporadic below)]
  step 4, delta [[8, -2], [0, 2], [0, 2]]:
    x=13: {t1<b6,t6<b4,t7<b3} [M mod 8 in [5], M >= 62 (1 sporadic below)]
    x=17: {t6<b6,t7<b5,t9<b4} [irregular]
    x=21: {t7<b7,t9<b6,t14<b4} [M mod 8 in [5], M >= 22 (0 sporadic below)]
  step 4, delta [[12, -4], [0, 2], [0, 2]]:
    x=13: {t1<b6,t6<b4,t7<b3} [M mod 8 in [5], M >= 62 (1 sporadic below)]
    x=17: {t6<b6,t7<b5,t13<b2} [irregular]
    x=21: {t7<b7,t13<b4,t18<b2} [irregular]
  step 4, delta [[8, -2], [0, 2], [4, 0]]:
    x=13: {t1<b6,t6<b4,t7<b3} [M mod 8 in [5], M >= 62 (1 sporadic below)]
    x=17: {t6<b6,t9<b4,t11<b3} [irregular]
    x=21: {t9<b6,t14<b4,t15<b3} [M mod 8 in [5], M >= 62 (2 sporadic below)]
  step 4, delta [[12, -4], [0, 2], [4, 0]]:
    x=13: {t1<b6,t6<b4,t7<b3} [M mod 8 in [5], M >= 62 (1 sporadic below)]
    x=17: {t6<b6,t11<b3,t13<b2} [irregular]
    x=21: {t11<b5,t17<b2,t18<b2} [irregular]
  step 4, delta [[8, -2], [8, -2], [0, 2]]:
    x=13: {t1<b6,t6<b4,t7<b3} [M mod 8 in [5], M >= 62 (1 sporadic below)]
    x=17: {t7<b5,t9<b4,t14<b2} [M mod 8 in [3], M >= 20 (0 sporadic below)]
    x=21: {t14<b4,t15<b3,t17<b2} [irregular]
  step 4, delta [[0, 2], [8, -2], [-8, 6]]:
    x=13: {t1<b6,t6<b4,t8<b3} [irregular]
    x=17: {t0<b9,t1<b8,t14<b2} [irregular]
    x=21: {t0<b11,t6<b8,t9<b6} [irregular]
  step 4, delta [[4, 0], [4, 0], [-8, 6]]:
    x=13: {t1<b6,t6<b4,t8<b3} [irregular]
    x=17: {t0<b9,t5<b6,t10<b4} [irregular]
    x=21: {t2<b10,t4<b9,t9<b6} [irregular]
  step 4, delta [[8, -2], [0, 2], [-8, 6]]:
    x=13: {t1<b6,t6<b4,t8<b3} [irregular]
    x=17: {t0<b9,t6<b6,t9<b4} [irregular]
    x=21: {t1<b10,t6<b8,t8<b7} [M mod 8 in [0], M >= 17 (0 sporadic below)]
  step 4, delta [[8, -2], [4, 0], [-8, 6]]:
    x=13: {t1<b6,t6<b4,t8<b3} [irregular]
    x=17: {t0<b9,t9<b4,t10<b4} [irregular]
    x=21: {t2<b10,t8<b7,t13<b4} [irregular]
  step 4, delta [[8, -2], [8, -2], [-8, 6]]:
    x=13: {t1<b6,t6<b4,t8<b3} [irregular]
    x=17: {t0<b9,t9<b4,t14<b2} [irregular]
    x=21: {t6<b8,t8<b7,t17<b2} [M mod 8 in [0], M >= 17 (0 sporadic below)]
  step 4, delta [[12, -4], [4, 0], [-8, 6]]:
    x=13: {t1<b6,t6<b4,t8<b3} [irregular]
    x=17: {t0<b9,t10<b4,t13<b2} [irregular]
    x=21: {t5<b8,t12<b5,t14<b4} [irregular]
  step 4, delta [[0, 2], [0, 2], [0, 2]]:
    x=13: {t1<b6,t6<b4,t8<b3} [irregular]
    x=17: {t1<b8,t6<b6,t8<b5} [irregular]
    x=21: {t1<b10,t6<b8,t8<b7} [M mod 8 in [0], M >= 17 (0 sporadic below)]
  step 4, delta [[0, 2], [0, 2], [4, 0]]:
    x=13: {t1<b6,t6<b4,t8<b3} [irregular]
    x=17: {t1<b8,t6<b6,t12<b3} [irregular]
    x=21: {t1<b10,t6<b8,t16<b3} [M mod 8 in [0], M >= 17 (0 sporadic below)]
  step 4, delta [[0, 2], [8, -2], [0, 2]]:
    x=13: {t1<b6,t6<b4,t8<b3} [irregular]
    x=17: {t1<b8,t8<b5,t14<b2} [irregular]
    x=21: {t1<b10,t14<b4,t16<b3} [irregular]
  step 4, delta [[0, 2], [4, 0], [4, 0]]:
    x=13: {t1<b6,t6<b4,t8<b3} [irregular]
    x=17: {t1<b8,t10<b4,t12<b3} [irregular]
    x=21: {t1<b10,t14<b4,t16<b3} [irregular]
  step 4, delta [[0, 2], [8, -2], [4, 0]]:
    x=13: {t1<b6,t6<b4,t8<b3} [irregular]
    x=17: {t1<b8,t12<b3,t14<b2} [irregular]
    x=21: {t1<b10,t18<b2,t20<b1} [irregular]
  step 4, delta [[8, -2], [-4, 4], [-4, 4]]:
    x=13: {t1<b6,t6<b4,t8<b3} [irregular]
    x=17: {t2<b8,t4<b7,t9<b4} [irregular]
    x=21: {t0<b11,t5<b8,t10<b6} [irregular]
  step 4, delta [[12, -4], [-4, 4], [-4, 4]]:
    x=13: {t1<b6,t6<b4,t8<b3} [irregular]
    x=17: {t2<b8,t4<b7,t13<b2} [M mod 8 in [4]]
    x=21: {t0<b11,t9<b6,t14<b4} [irregular]
  step 4, delta [[4, 0], [-4, 4], [0, 2]]:
    x=13: {t1<b6,t6<b4,t8<b3} [irregular]
    x=17: {t2<b8,t5<b6,t8<b5} [M mod 8 in [0], M >= 17 (0 sporadic below)]
    x=21: {t1<b10,t6<b8,t8<b7} [M mod 8 in [0], M >= 17 (0 sporadic below)]
  step 4, delta [[4, 0], [-4, 4], [4, 0]]:
    x=13: {t1<b6,t6<b4,t8<b3} [irregular]
    x=17: {t2<b8,t5<b6,t12<b3} [irregular]
    x=21: {t1<b10,t6<b8,t16<b3} [M mod 8 in [0], M >= 17 (0 sporadic below)]
  step 4, delta [[12, -4], [-4, 4], [0, 2]]:
    x=13: {t1<b6,t6<b4,t8<b3} [irregular]
    x=17: {t2<b8,t8<b5,t13<b2} [irregular]
    x=21: {t4<b9,t13<b4,t14<b4} [irregular]
  step 4, delta [[12, -4], [-4, 4], [4, 0]]:
    x=13: {t1<b6,t6<b4,t8<b3} [irregular]
    x=17: {t2<b8,t12<b3,t13<b2} [M mod 8 in [4], M >= 61 (2 sporadic below)]
    x=21: {t8<b7,t14<b4,t17<b2} [irregular]
  step 4, delta [[4, 0], [4, 0], [-4, 4]]:
    x=13: {t1<b6,t6<b4,t8<b3} [irregular]
    x=17: {t4<b7,t5<b6,t10<b4} [irregular]
    x=21: {t6<b8,t8<b7,t9<b6} [irregular]
  step 4, delta [[12, -4], [0, 2], [-4, 4]]:
    x=13: {t1<b6,t6<b4,t8<b3} [irregular]
    x=17: {t4<b7,t6<b6,t13<b2} [irregular]
    x=21: {t6<b8,t9<b6,t16<b3} [irregular]
  step 4, delta [[8, -2], [8, -2], [-4, 4]]:
    x=13: {t1<b6,t6<b4,t8<b3} [irregular]
    x=17: {t4<b7,t9<b4,t14<b2} [irregular]
    x=21: {t10<b6,t12<b5,t17<b2} [irregular]
  step 4, delta [[12, -4], [4, 0], [-4, 4]]:
    x=13: {t1<b6,t6<b4,t8<b3} [irregular]
    x=17: {t4<b7,t10<b4,t13<b2} [irregular]
    x=21: {t9<b6,t14<b4,t16<b3} [irregular]
  step 4, delta [[4, 0], [8, -2], [0, 2]]:
    x=13: {t1<b6,t6<b4,t8<b3} [irregular]
    x=17: {t5<b6,t8<b5,t14<b2} [irregular]
    x=21: {t9<b6,t14<b4,t16<b3} [irregular]
  step 4, delta [[4, 0], [8, -2], [4, 0]]:
    x=13: {t1<b6,t6<b4,t8<b3} [irregular]
    x=17: {t5<b6,t12<b3,t14<b2} [irregular]
    x=21: {t9<b6,t18<b2,t20<b1} [irregular]
  step 4, delta [[8, -2], [0, 2], [0, 2]]:
    x=13: {t1<b6,t6<b4,t8<b3} [irregular]
    x=17: {t6<b6,t8<b5,t9<b4} [irregular]
    x=21: {t8<b7,t9<b6,t14<b4} [irregular]
  step 4, delta [[8, -2], [0, 2], [4, 0]]:
    x=13: {t1<b6,t6<b4,t8<b3} [irregular]
    x=17: {t6<b6,t9<b4,t12<b3} [M mod 8 in [2], M >= 59 (3 sporadic below)]
    x=21: {t9<b6,t14<b4,t16<b3} [irregular]
  step 4, delta [[8, -2], [8, -2], [0, 2]]:
    x=13: {t1<b6,t6<b4,t8<b3} [irregular]
    x=17: {t8<b5,t9<b4,t14<b2} [irregular]
    x=21: {t14<b4,t16<b3,t17<b2} [irregular]
  step 4, delta [[0, 2], [8, -2], [-8, 6]]:
    x=13: {t1<b6,t6<b4,t11<b1} [irregular]
    x=17: {t1<b8,t3<b7,t14<b2} [M mod 8 in [3]]
    x=21: {t1<b10,t6<b8,t11<b5} [irregular]
  step 4, delta [[0, 2], [0, 2], [-4, 4]]:
    x=13: {t1<b6,t6<b4,t11<b1} [irregular]
    x=17: {t1<b8,t6<b6,t7<b5} [M mod 8 in [7]]
    x=21: {t1<b10,t3<b9,t6<b8} [irregular]
  step 4, delta [[0, 2], [0, 2], [0, 2]]:
    x=13: {t1<b6,t6<b4,t11<b1} [irregular]
    x=17: {t1<b8,t6<b6,t11<b3} [irregular]
    x=21: {t1<b10,t6<b8,t11<b5} [irregular]
  step 4, delta [[0, 2], [0, 2], [4, 0]]:
    x=13: {t1<b6,t6<b4,t11<b1} [irregular]
    x=17: {t1<b8,t6<b6,t15<b1} [M mod 8 in [7], M >= 64 (4 sporadic below)]
    x=21: {t1<b10,t6<b8,t19<b1} [irregular]
  step 4, delta [[0, 2], [4, 0], [-4, 4]]:
    x=13: {t1<b6,t6<b4,t11<b1} [irregular]
    x=17: {t1<b8,t7<b5,t10<b4} [irregular]
    x=21: {t1<b10,t6<b8,t11<b5} [irregular]
  step 4, delta [[0, 2], [8, -2], [0, 2]]:
    x=13: {t1<b6,t6<b4,t11<b1} [irregular]
    x=17: {t1<b8,t11<b3,t14<b2} [M mod 8 in [3], M >= 68 (1 sporadic below)]
    x=21: {t1<b10,t14<b4,t19<b1} [M mod 8 in [5], M >= 30 (0 sporadic below)]
  step 4, delta [[4, 0], [-4, 4], [-4, 4]]:
    x=13: {t1<b6,t6<b4,t11<b1} [irregular]
    x=17: {t2<b8,t5<b6,t7<b5} [M mod 8 in [5]]
    x=21: {t1<b10,t3<b9,t6<b8} [irregular]
  step 4, delta [[4, 0], [-4, 4], [0, 2]]:
    x=13: {t1<b6,t6<b4,t11<b1} [irregular]
    x=17: {t2<b8,t5<b6,t11<b3} [irregular]
    x=21: {t1<b10,t6<b8,t11<b5} [irregular]
  step 4, delta [[4, 0], [-4, 4], [4, 0]]:
    x=13: {t1<b6,t6<b4,t11<b1} [irregular]
    x=17: {t2<b8,t5<b6,t15<b1} [M mod 8 in [5], M >= 62 (4 sporadic below)]
    x=21: {t1<b10,t6<b8,t19<b1} [irregular]
  step 4, delta [[12, -4], [-4, 4], [-4, 4]]:
    x=13: {t1<b6,t6<b4,t11<b1} [irregular]
    x=17: {t2<b8,t7<b5,t13<b2} [irregular]
    x=21: {t3<b9,t9<b6,t14<b4} [irregular]
  step 4, delta [[12, -4], [-4, 4], [0, 2]]:
    x=13: {t1<b6,t6<b4,t11<b1} [irregular]
    x=17: {t2<b8,t11<b3,t13<b2} [irregular]
    x=21: {t7<b7,t13<b4,t14<b4} [irregular]
  step 4, delta [[12, -4], [-4, 4], [4, 0]]:
    x=13: {t1<b6,t6<b4,t11<b1} [irregular]
    x=17: {t2<b8,t13<b2,t15<b1} [irregular]
    x=21: {t9<b6,t14<b4,t19<b1} [irregular]
  step 4, delta [[8, -2], [0, 2], [-8, 6]]:
    x=13: {t1<b6,t6<b4,t11<b1} [irregular]
    x=17: {t3<b7,t6<b6,t9<b4} [irregular]
    x=21: {t1<b10,t6<b8,t11<b5} [irregular]
  step 4, delta [[8, -2], [4, 0], [-8, 6]]:
    x=13: {t1<b6,t6<b4,t11<b1} [irregular]
    x=17: {t3<b7,t9<b4,t10<b4} [irregular]
    x=21: {t2<b10,t11<b5,t13<b4} [irregular]
  step 4, delta [[8, -2], [8, -2], [-8, 6]]:
    x=13: {t1<b6,t6<b4,t11<b1} [irregular]
    x=17: {t3<b7,t9<b4,t14<b2} [irregular]
    x=21: {t6<b8,t11<b5,t17<b2} [irregular]
  step 4, delta [[4, 0], [4, 0], [-4, 4]]:
    x=13: {t1<b6,t6<b4,t11<b1} [irregular]
    x=17: {t5<b6,t7<b5,t10<b4} [irregular]
    x=21: {t6<b8,t9<b6,t11<b5} [M mod 8 in [1], M >= 18 (0 sporadic below)]
  step 4, delta [[8, -2], [0, 2], [-4, 4]]:
    x=13: {t1<b6,t6<b4,t11<b1} [irregular]
    x=17: {t6<b6,t7<b5,t9<b4} [irregular]
    x=21: {t5<b8,t7<b7,t14<b4} [irregular]
  step 4, delta [[12, -4], [0, 2], [-4, 4]]:
    x=13: {t1<b6,t6<b4,t11<b1} [irregular]
    x=17: {t6<b6,t7<b5,t13<b2} [irregular]
    x=21: {t7<b7,t9<b6,t18<b2} [irregular]
  step 4, delta [[8, -2], [0, 2], [4, 0]]:
    x=13: {t1<b6,t6<b4,t11<b1} [irregular]
    x=17: {t6<b6,t9<b4,t15<b1} [irregular]
    x=21: {t9<b6,t14<b4,t19<b1} [irregular]
  step 4, delta [[12, -4], [0, 2], [0, 2]]:
    x=13: {t1<b6,t6<b4,t11<b1} [irregular]
    x=17: {t6<b6,t11<b3,t13<b2} [irregular]
    x=21: {t11<b5,t13<b4,t18<b2} [M mod 8 in [7], M >= 24 (0 sporadic below)]
  step 4, delta [[12, -4], [0, 2], [4, 0]]:
    x=13: {t1<b6,t6<b4,t11<b1} [irregular]
    x=17: {t6<b6,t13<b2,t15<b1} [irregular]
    x=21: {t13<b4,t18<b2,t19<b1} [M mod 8 in [7], M >= 32 (0 sporadic below)]
  step 4, delta [[12, -4], [4, 0], [-4, 4]]:
    x=13: {t1<b6,t6<b4,t11<b1} [irregular]
    x=17: {t7<b5,t10<b4,t13<b2} [irregular]
    x=21: {t9<b6,t14<b4,t19<b1} [irregular]
  step 4, delta [[12, -4], [0, 2], [-12, 8]]:
    x=13: {t1<b6,t6<b4,t12<b1} [irregular]
    x=17: {t0<b9,t6<b6,t13<b2} [irregular]
    x=21: {t1<b10,t6<b8,t12<b5} [irregular]
  step 4, delta [[8, -2], [8, -2], [-12, 8]]:
    x=13: {t1<b6,t6<b4,t12<b1} [irregular]
    x=17: {t0<b9,t9<b4,t14<b2} [irregular]
    x=21: {t2<b10,t8<b7,t17<b2} [irregular]
  step 4, delta [[12, -4], [4, 0], [-12, 8]]:
    x=13: {t1<b6,t6<b4,t12<b1} [irregular]
    x=17: {t0<b9,t10<b4,t13<b2} [irregular]
    x=21: {t1<b10,t12<b5,t14<b4} [irregular]
  step 4, delta [[0, 2], [8, -2], [-8, 6]]:
    x=13: {t1<b6,t6<b4,t12<b1} [irregular]
    x=17: {t1<b8,t4<b7,t14<b2} [irregular]
    x=21: {t1<b10,t6<b8,t12<b5} [irregular]
  step 4, delta [[0, 2], [0, 2], [0, 2]]:
    x=13: {t1<b6,t6<b4,t12<b1} [irregular]
    x=17: {t1<b8,t6<b6,t12<b3} [irregular]
    x=21: {t1<b10,t6<b8,t12<b5} [irregular]
  step 4, delta [[0, 2], [4, 0], [-4, 4]]:
    x=13: {t1<b6,t6<b4,t12<b1} [irregular]
    x=17: {t1<b8,t8<b5,t10<b4} [irregular]
    x=21: {t1<b10,t6<b8,t12<b5} [irregular]
  step 4, delta [[0, 2], [4, 0], [0, 2]]:
    x=13: {t1<b6,t6<b4,t12<b1} [irregular]
    x=17: {t1<b8,t10<b4,t12<b3} [irregular]
    x=21: {t1<b10,t12<b5,t14<b4} [irregular]
  step 4, delta [[0, 2], [4, 0], [4, 0]]:
    x=13: {t1<b6,t6<b4,t12<b1} [irregular]
    x=17: {t1<b8,t10<b4,t16<b1} [irregular]
    x=21: {t1<b10,t14<b4,t20<b1} [irregular]
  step 4, delta [[0, 2], [8, -2], [0, 2]]:
    x=13: {t1<b6,t6<b4,t12<b1} [irregular]
    x=17: {t1<b8,t12<b3,t14<b2} [irregular]
    x=21: {t1<b10,t14<b4,t20<b1} [irregular]
  step 4, delta [[4, 0], [-4, 4], [0, 2]]:
    x=13: {t1<b6,t6<b4,t12<b1} [irregular]
    x=17: {t2<b8,t5<b6,t12<b3} [irregular]
    x=21: {t1<b10,t6<b8,t12<b5} [irregular]
  step 4, delta [[4, 0], [-4, 4], [4, 0]]:
    x=13: {t1<b6,t6<b4,t12<b1} [irregular]
    x=17: {t2<b8,t5<b6,t16<b1} [M mod 8 in [0], M >= 17 (0 sporadic below)]
    x=21: {t1<b10,t6<b8,t20<b1} [irregular]
  step 4, delta [[12, -4], [-4, 4], [-4, 4]]:
    x=13: {t1<b6,t6<b4,t12<b1} [irregular]
    x=17: {t2<b8,t8<b5,t13<b2} [irregular]
    x=21: {t4<b9,t9<b6,t14<b4} [irregular]
  step 4, delta [[12, -4], [-4, 4], [0, 2]]:
    x=13: {t1<b6,t6<b4,t12<b1} [irregular]
    x=17: {t2<b8,t12<b3,t13<b2} [M mod 8 in [4], M >= 61 (2 sporadic below)]
    x=21: {t8<b7,t13<b4,t14<b4} [irregular]
  step 4, delta [[8, -2], [0, 2], [-8, 6]]:
    x=13: {t1<b6,t6<b4,t12<b1} [irregular]
    x=17: {t4<b7,t6<b6,t9<b4} [M mod 8 in [2]]
    x=21: {t1<b10,t6<b8,t12<b5} [irregular]
  step 4, delta [[8, -2], [8, -2], [-8, 6]]:
    x=13: {t1<b6,t6<b4,t12<b1} [irregular]
    x=17: {t4<b7,t9<b4,t14<b2} [irregular]
    x=21: {t6<b8,t12<b5,t17<b2} [irregular]
  step 4, delta [[12, -4], [4, 0], [-8, 6]]:
    x=13: {t1<b6,t6<b4,t12<b1} [irregular]
    x=17: {t4<b7,t10<b4,t13<b2} [irregular]
    x=21: {t5<b8,t14<b4,t16<b3} [irregular]
  step 4, delta [[4, 0], [4, 0], [-4, 4]]:
    x=13: {t1<b6,t6<b4,t12<b1} [irregular]
    x=17: {t5<b6,t8<b5,t10<b4} [irregular]
    x=21: {t6<b8,t9<b6,t12<b5} [M mod 8 in [4], M >= 21 (0 sporadic below)]
  step 4, delta [[4, 0], [4, 0], [0, 2]]:
    x=13: {t1<b6,t6<b4,t12<b1} [irregular]
    x=17: {t5<b6,t10<b4,t12<b3} [irregular]
    x=21: {t9<b6,t12<b5,t14<b4} [irregular]
  step 4, delta [[4, 0], [8, -2], [0, 2]]:
    x=13: {t1<b6,t6<b4,t12<b1} [irregular]
    x=17: {t5<b6,t12<b3,t14<b2} [irregular]
    x=21: {t9<b6,t14<b4,t20<b1} [irregular]
  step 4, delta [[8, -2], [0, 2], [-4, 4]]:
    x=13: {t1<b6,t6<b4,t12<b1} [irregular]
    x=17: {t6<b6,t8<b5,t9<b4} [irregular]
    x=21: {t5<b8,t8<b7,t14<b4} [irregular]
  step 4, delta [[8, -2], [0, 2], [0, 2]]:
    x=13: {t1<b6,t6<b4,t12<b1} [irregular]
    x=17: {t6<b6,t9<b4,t12<b3} [M mod 8 in [2], M >= 59 (3 sporadic below)]
    x=21: {t9<b6,t12<b5,t14<b4} [irregular]
  step 4, delta [[8, -2], [0, 2], [4, 0]]:
    x=13: {t1<b6,t6<b4,t12<b1} [irregular]
    x=17: {t6<b6,t9<b4,t16<b1} [irregular]
    x=21: {t9<b6,t14<b4,t20<b1} [irregular]
  step 4, delta [[12, -4], [4, 0], [-4, 4]]:
    x=13: {t1<b6,t6<b4,t12<b1} [irregular]
    x=17: {t8<b5,t10<b4,t13<b2} [irregular]
    x=21: {t9<b6,t14<b4,t20<b1} [irregular]
  step 4, delta [[8, -2], [8, -2], [0, 2]]:
    x=13: {t1<b6,t6<b4,t12<b1} [irregular]
    x=17: {t9<b4,t12<b3,t14<b2} [irregular]
    x=21: {t14<b4,t17<b2,t20<b1} [M mod 8 in [0], M >= 33 (0 sporadic below)]
  step 4, delta [[0, 2], [4, 0], [-8, 6]]:
    x=13: {t1<b6,t7<b3,t8<b3} [irregular]
    x=17: {t0<b9,t1<b8,t11<b3} [irregular]
    x=21: {t0<b11,t3<b9,t5<b8} [M mod 8 in [6]]
  step 4, delta [[8, -2], [4, 0], [-8, 6]]:
    x=13: {t1<b6,t7<b3,t8<b3} [irregular]
    x=17: {t0<b9,t9<b4,t11<b3} [irregular]
    x=21: {t3<b9,t8<b7,t13<b4} [irregular]
  step 4, delta [[12, -4], [4, 0], [-8, 6]]:
    x=13: {t1<b6,t7<b3,t8<b3} [irregular]
    x=17: {t0<b9,t11<b3,t13<b2} [irregular]
    x=21: {t5<b8,t12<b5,t15<b3} [irregular]
  step 4, delta [[0, 2], [8, -2], [-4, 4]]:
    x=13: {t1<b6,t7<b3,t8<b3} [irregular]
    x=17: {t1<b8,t4<b7,t15<b1} [irregular]
    x=21: {t1<b10,t11<b5,t12<b5} [irregular]
  step 4, delta [[0, 2], [0, 2], [4, 0]]:
    x=13: {t1<b6,t7<b3,t8<b3} [irregular]
    x=17: {t1<b8,t7<b5,t12<b3} [irregular]
    x=21: {t1<b10,t7<b7,t16<b3} [irregular]
  step 4, delta [[0, 2], [4, 0], [0, 2]]:
    x=13: {t1<b6,t7<b3,t8<b3} [irregular]
    x=17: {t1<b8,t8<b5,t11<b3} [irregular]
    x=21: {t1<b10,t11<b5,t12<b5} [irregular]
  step 4, delta [[0, 2], [8, -2], [0, 2]]:
    x=13: {t1<b6,t7<b3,t8<b3} [irregular]
    x=17: {t1<b8,t8<b5,t15<b1} [irregular]
    x=21: {t1<b10,t15<b3,t16<b3} [irregular]
  step 4, delta [[0, 2], [4, 0], [4, 0]]:
    x=13: {t1<b6,t7<b3,t8<b3} [irregular]
    x=17: {t1<b8,t11<b3,t12<b3} [irregular]
    x=21: {t1<b10,t15<b3,t16<b3} [irregular]
  step 4, delta [[0, 2], [8, -2], [4, 0]]:
    x=13: {t1<b6,t7<b3,t8<b3} [irregular]
    x=17: {t1<b8,t12<b3,t15<b1} [irregular]
    x=21: {t1<b10,t19<b1,t20<b1} [irregular]
  step 4, delta [[4, 0], [-4, 4], [4, 0]]:
    x=13: {t1<b6,t7<b3,t8<b3} [irregular]
    x=17: {t3<b7,t5<b6,t12<b3} [irregular]
    x=21: {t1<b10,t7<b7,t16<b3} [irregular]
  step 4, delta [[12, -4], [-4, 4], [0, 2]]:
    x=13: {t1<b6,t7<b3,t8<b3} [irregular]
    x=17: {t3<b7,t8<b5,t13<b2} [irregular]
    x=21: {t4<b9,t13<b4,t15<b3} [irregular]
  step 4, delta [[8, -2], [-4, 4], [4, 0]]:
    x=13: {t1<b6,t7<b3,t8<b3} [irregular]
    x=17: {t3<b7,t9<b4,t12<b3} [irregular]
    x=21: {t5<b8,t11<b5,t16<b3} [irregular]
  step 4, delta [[4, 0], [0, 2], [-4, 4]]:
    x=13: {t1<b6,t7<b3,t8<b3} [irregular]
    x=17: {t4<b7,t5<b6,t7<b5} [irregular]
    x=21: {t3<b9,t5<b8,t8<b7} [irregular]
  step 4, delta [[4, 0], [8, -2], [-4, 4]]:
    x=13: {t1<b6,t7<b3,t8<b3} [irregular]
    x=17: {t4<b7,t5<b6,t15<b1} [irregular]
    x=21: {t8<b7,t11<b5,t13<b4} [M mod 8 in [2], M >= 19 (0 sporadic below)]
  step 4, delta [[8, -2], [0, 2], [-4, 4]]:
    x=13: {t1<b6,t7<b3,t8<b3} [irregular]
    x=17: {t4<b7,t7<b5,t9<b4} [irregular]
    x=21: {t5<b8,t7<b7,t12<b5} [M mod 8 in [4], M >= 21 (0 sporadic below)]
  step 4, delta [[12, -4], [0, 2], [-4, 4]]:
    x=13: {t1<b6,t7<b3,t8<b3} [irregular]
    x=17: {t4<b7,t7<b5,t13<b2} [irregular]
    x=21: {t7<b7,t9<b6,t16<b3} [irregular]
  step 4, delta [[8, -2], [4, 0], [-4, 4]]:
    x=13: {t1<b6,t7<b3,t8<b3} [irregular]
    x=17: {t4<b7,t9<b4,t11<b3} [irregular]
    x=21: {t7<b7,t12<b5,t13<b4} [M mod 8 in [4], M >= 29 (0 sporadic below)]
  step 4, delta [[12, -4], [4, 0], [-4, 4]]:
    x=13: {t1<b6,t7<b3,t8<b3} [irregular]
    x=17: {t4<b7,t11<b3,t13<b2} [irregular]
    x=21: {t9<b6,t15<b3,t16<b3} [irregular]
  step 4, delta [[4, 0], [0, 2], [4, 0]]:
    x=13: {t1<b6,t7<b3,t8<b3} [irregular]
    x=17: {t5<b6,t7<b5,t12<b3} [M mod 8 in [2]]
    x=21: {t7<b7,t9<b6,t16<b3} [irregular]
  step 4, delta [[4, 0], [4, 0], [0, 2]]:
    x=13: {t1<b6,t7<b3,t8<b3} [irregular]
    x=17: {t5<b6,t8<b5,t11<b3} [irregular]
    x=21: {t9<b6,t11<b5,t12<b5} [irregular]
  step 4, delta [[4, 0], [8, -2], [0, 2]]:
    x=13: {t1<b6,t7<b3,t8<b3} [irregular]
    x=17: {t5<b6,t8<b5,t15<b1} [irregular]
    x=21: {t9<b6,t15<b3,t16<b3} [irregular]
  step 4, delta [[4, 0], [4, 0], [4, 0]]:
    x=13: {t1<b6,t7<b3,t8<b3} [irregular]
    x=17: {t5<b6,t11<b3,t12<b3} [irregular]
    x=21: {t9<b6,t15<b3,t16<b3} [irregular]
  step 4, delta [[4, 0], [8, -2], [4, 0]]:
    x=13: {t1<b6,t7<b3,t8<b3} [irregular]
    x=17: {t5<b6,t12<b3,t15<b1} [irregular]
    x=21: {t9<b6,t19<b1,t20<b1} [irregular]
  step 4, delta [[12, -4], [0, 2], [4, 0]]:
    x=13: {t1<b6,t7<b3,t8<b3} [irregular]
    x=17: {t7<b5,t12<b3,t13<b2} [M mod 8 in [2], M >= 59 (2 sporadic below)]
    x=21: {t12<b5,t17<b2,t19<b1} [irregular]
  step 4, delta [[8, -2], [4, 0], [0, 2]]:
    x=13: {t1<b6,t7<b3,t8<b3} [irregular]
    x=17: {t8<b5,t9<b4,t11<b3} [irregular]
    x=21: {t11<b5,t13<b4,t16<b3} [irregular]
  step 4, delta [[12, -4], [4, 0], [0, 2]]:
    x=13: {t1<b6,t7<b3,t8<b3} [irregular]
    x=17: {t8<b5,t11<b3,t13<b2} [M mod 8 in [0], M >= 17 (0 sporadic below)]
    x=21: {t13<b4,t15<b3,t20<b1} [M mod 8 in [0], M >= 25 (0 sporadic below)]
  step 4, delta [[8, -2], [8, -2], [4, 0]]:
    x=13: {t1<b6,t7<b3,t8<b3} [irregular]
    x=17: {t9<b4,t12<b3,t15<b1} [irregular]
    x=21: {t17<b2,t19<b1,t20<b1} [irregular]
  step 4, delta [[12, -4], [4, 0], [-12, 8]]:
    x=13: {t1<b6,t7<b3,t12<b1} [irregular]
    x=17: {t0<b9,t11<b3,t13<b2} [irregular]
    x=21: {t1<b10,t12<b5,t15<b3} [irregular]
  step 4, delta [[0, 2], [8, -2], [-8, 6]]:
    x=13: {t1<b6,t7<b3,t12<b1} [irregular]
    x=17: {t1<b8,t4<b7,t15<b1} [irregular]
    x=21: {t1<b10,t7<b7,t12<b5} [irregular]
  step 4, delta [[0, 2], [0, 2], [-4, 4]]:
    x=13: {t1<b6,t7<b3,t12<b1} [irregular]
    x=17: {t1<b8,t7<b5,t8<b5} [irregular]
    x=21: {t1<b10,t4<b9,t7<b7} [M mod 8 in [0], M >= 17 (0 sporadic below)]
  step 4, delta [[0, 2], [0, 2], [0, 2]]:
    x=13: {t1<b6,t7<b3,t12<b1} [irregular]
    x=17: {t1<b8,t7<b5,t12<b3} [irregular]
    x=21: {t1<b10,t7<b7,t12<b5} [irregular]
  step 4, delta [[0, 2], [0, 2], [4, 0]]:
    x=13: {t1<b6,t7<b3,t12<b1} [irregular]
    x=17: {t1<b8,t7<b5,t16<b1} [irregular]
    x=21: {t1<b10,t7<b7,t20<b1} [M mod 8 in [0], M >= 17 (0 sporadic below)]
  step 4, delta [[0, 2], [4, 0], [-4, 4]]:
    x=13: {t1<b6,t7<b3,t12<b1} [irregular]
    x=17: {t1<b8,t8<b5,t11<b3} [irregular]
    x=21: {t1<b10,t7<b7,t12<b5} [irregular]
  step 4, delta [[0, 2], [8, -2], [-4, 4]]:
    x=13: {t1<b6,t7<b3,t12<b1} [irregular]
    x=17: {t1<b8,t8<b5,t15<b1} [irregular]
    x=21: {t1<b10,t11<b5,t16<b3} [irregular]
  step 4, delta [[0, 2], [4, 0], [0, 2]]:
    x=13: {t1<b6,t7<b3,t12<b1} [irregular]
    x=17: {t1<b8,t11<b3,t12<b3} [irregular]
    x=21: {t1<b10,t12<b5,t15<b3} [irregular]
  step 4, delta [[0, 2], [4, 0], [4, 0]]:
    x=13: {t1<b6,t7<b3,t12<b1} [irregular]
    x=17: {t1<b8,t11<b3,t16<b1} [irregular]
    x=21: {t1<b10,t15<b3,t20<b1} [irregular]
  step 4, delta [[0, 2], [8, -2], [0, 2]]:
    x=13: {t1<b6,t7<b3,t12<b1} [irregular]
    x=17: {t1<b8,t12<b3,t15<b1} [irregular]
    x=21: {t1<b10,t15<b3,t20<b1} [irregular]
  step 4, delta [[4, 0], [-4, 4], [-4, 4]]:
    x=13: {t1<b6,t7<b3,t12<b1} [irregular]
    x=17: {t3<b7,t5<b6,t8<b5} [irregular]
    x=21: {t1<b10,t4<b9,t7<b7} [M mod 8 in [0], M >= 17 (0 sporadic below)]
  step 4, delta [[4, 0], [-4, 4], [0, 2]]:
    x=13: {t1<b6,t7<b3,t12<b1} [irregular]
    x=17: {t3<b7,t5<b6,t12<b3} [irregular]
    x=21: {t1<b10,t7<b7,t12<b5} [irregular]
  step 4, delta [[4, 0], [-4, 4], [4, 0]]:
    x=13: {t1<b6,t7<b3,t12<b1} [irregular]
    x=17: {t3<b7,t5<b6,t16<b1} [M mod 8 in [4]]
    x=21: {t1<b10,t7<b7,t20<b1} [M mod 8 in [0], M >= 17 (0 sporadic below)]
  step 4, delta [[12, -4], [-4, 4], [-4, 4]]:
    x=13: {t1<b6,t7<b3,t12<b1} [irregular]
    x=17: {t3<b7,t8<b5,t13<b2} [irregular]
    x=21: {t4<b9,t9<b6,t15<b3} [irregular]
  step 4, delta [[8, -2], [-4, 4], [0, 2]]:
    x=13: {t1<b6,t7<b3,t12<b1} [irregular]
    x=17: {t3<b7,t9<b4,t12<b3} [irregular]
    x=21: {t5<b8,t11<b5,t12<b5} [irregular]
  step 4, delta [[8, -2], [-4, 4], [4, 0]]:
    x=13: {t1<b6,t7<b3,t12<b1} [irregular]
    x=17: {t3<b7,t9<b4,t16<b1} [irregular]
    x=21: {t5<b8,t11<b5,t20<b1} [irregular]
  step 4, delta [[12, -4], [-4, 4], [4, 0]]:
    x=13: {t1<b6,t7<b3,t12<b1} [irregular]
    x=17: {t3<b7,t13<b2,t16<b1} [M mod 8 in [4], M >= 61 (2 sporadic below)]
    x=21: {t9<b6,t15<b3,t20<b1} [irregular]
  step 4, delta [[8, -2], [0, 2], [-8, 6]]:
    x=13: {t1<b6,t7<b3,t12<b1} [irregular]
    x=17: {t4<b7,t7<b5,t9<b4} [irregular]
    x=21: {t1<b10,t7<b7,t12<b5} [irregular]
  step 4, delta [[12, -4], [0, 2], [-8, 6]]:
    x=13: {t1<b6,t7<b3,t12<b1} [irregular]
    x=17: {t4<b7,t7<b5,t13<b2} [irregular]
    x=21: {t5<b8,t7<b7,t16<b3} [irregular]
  step 4, delta [[8, -2], [8, -2], [-8, 6]]:
    x=13: {t1<b6,t7<b3,t12<b1} [irregular]
    x=17: {t4<b7,t9<b4,t15<b1} [irregular]
    x=21: {t7<b7,t12<b5,t17<b2} [irregular]
  step 4, delta [[12, -4], [4, 0], [-8, 6]]:
    x=13: {t1<b6,t7<b3,t12<b1} [irregular]
    x=17: {t4<b7,t11<b3,t13<b2} [irregular]
    x=21: {t5<b8,t15<b3,t16<b3} [irregular]
  step 4, delta [[4, 0], [0, 2], [-4, 4]]:
    x=13: {t1<b6,t7<b3,t12<b1} [irregular]
    x=17: {t5<b6,t7<b5,t8<b5} [irregular]
    x=21: {t4<b9,t7<b7,t9<b6} [M mod 8 in [0], M >= 17 (0 sporadic below)]
  step 4, delta [[4, 0], [0, 2], [4, 0]]:
    x=13: {t1<b6,t7<b3,t12<b1} [irregular]
    x=17: {t5<b6,t7<b5,t16<b1} [irregular]
    x=21: {t7<b7,t9<b6,t20<b1} [M mod 8 in [0], M >= 25 (0 sporadic below)]
  step 4, delta [[4, 0], [8, -2], [-4, 4]]:
    x=13: {t1<b6,t7<b3,t12<b1} [irregular]
    x=17: {t5<b6,t8<b5,t15<b1} [irregular]
    x=21: {t9<b6,t11<b5,t16<b3} [irregular]
  step 4, delta [[4, 0], [4, 0], [0, 2]]:
    x=13: {t1<b6,t7<b3,t12<b1} [irregular]
    x=17: {t5<b6,t11<b3,t12<b3} [irregular]
    x=21: {t9<b6,t12<b5,t15<b3} [irregular]
  step 4, delta [[4, 0], [8, -2], [0, 2]]:
    x=13: {t1<b6,t7<b3,t12<b1} [irregular]
    x=17: {t5<b6,t12<b3,t15<b1} [irregular]
    x=21: {t9<b6,t15<b3,t20<b1} [irregular]
  step 4, delta [[8, -2], [0, 2], [4, 0]]:
    x=13: {t1<b6,t7<b3,t12<b1} [irregular]
    x=17: {t7<b5,t9<b4,t16<b1} [irregular]
    x=21: {t9<b6,t15<b3,t20<b1} [irregular]
  step 4, delta [[12, -4], [4, 0], [-4, 4]]:
    x=13: {t1<b6,t7<b3,t12<b1} [irregular]
    x=17: {t8<b5,t11<b3,t13<b2} [M mod 8 in [0], M >= 17 (0 sporadic below)]
    x=21: {t9<b6,t15<b3,t20<b1} [irregular]
  step 4, delta [[8, -2], [4, 0], [0, 2]]:
    x=13: {t1<b6,t7<b3,t12<b1} [irregular]
    x=17: {t9<b4,t11<b3,t12<b3} [irregular]
    x=21: {t12<b5,t15<b3,t17<b2} [irregular]
  step 4, delta [[12, -4], [-8, 6], [0, 2]]:
    x=13: {t1<b6,t8<b3,t10<b2} [irregular]
    x=17: {t0<b9,t10<b4,t13<b2} [irregular]
    x=21: {t2<b10,t12<b5,t13<b4} [M mod 8 in [6], M >= 63 (2 sporadic below)]
  step 4, delta [[12, -4], [-8, 6], [4, 0]]:
    x=13: {t1<b6,t8<b3,t10<b2} [irregular]
    x=17: {t0<b9,t13<b2,t14<b2} [irregular]
    x=21: {t5<b8,t12<b5,t18<b2} [irregular]
  step 4, delta [[0, 2], [8, -2], [-4, 4]]:
    x=13: {t1<b6,t8<b3,t10<b2} [irregular]
    x=17: {t1<b8,t6<b6,t16<b1} [irregular]
    x=21: {t1<b10,t12<b5,t14<b4} [irregular]
  step 4, delta [[0, 2], [4, 0], [0, 2]]:
    x=13: {t1<b6,t8<b3,t10<b2} [irregular]
    x=17: {t1<b8,t10<b4,t12<b3} [irregular]
    x=21: {t1<b10,t12<b5,t14<b4} [irregular]
  step 4, delta [[0, 2], [8, -2], [0, 2]]:
    x=13: {t1<b6,t8<b3,t10<b2} [irregular]
    x=17: {t1<b8,t10<b4,t16<b1} [irregular]
    x=21: {t1<b10,t16<b3,t18<b2} [irregular]
  step 4, delta [[0, 2], [4, 0], [4, 0]]:
    x=13: {t1<b6,t8<b3,t10<b2} [irregular]
    x=17: {t1<b8,t12<b3,t14<b2} [irregular]
    x=21: {t1<b10,t16<b3,t18<b2} [irregular]
  step 4, delta [[4, 0], [4, 0], [-8, 6]]:
    x=13: {t1<b6,t8<b3,t10<b2} [irregular]
    x=17: {t2<b8,t5<b6,t12<b3} [irregular]
    x=21: {t4<b9,t6<b8,t9<b6} [M mod 8 in [4], M >= 21 (0 sporadic below)]
  step 4, delta [[4, 0], [8, -2], [-8, 6]]:
    x=13: {t1<b6,t8<b3,t10<b2} [irregular]
    x=17: {t2<b8,t5<b6,t16<b1} [M mod 8 in [0], M >= 17 (0 sporadic below)]
    x=21: {t6<b8,t8<b7,t13<b4} [irregular]
  step 4, delta [[12, -4], [0, 2], [-8, 6]]:
    x=13: {t1<b6,t8<b3,t10<b2} [irregular]
    x=17: {t2<b8,t8<b5,t13<b2} [irregular]
    x=21: {t5<b8,t8<b7,t14<b4} [irregular]
  step 4, delta [[12, -4], [4, 0], [-8, 6]]:
    x=13: {t1<b6,t8<b3,t10<b2} [irregular]
    x=17: {t2<b8,t12<b3,t13<b2} [M mod 8 in [4], M >= 61 (2 sporadic below)]
    x=21: {t5<b8,t14<b4,t16<b3} [irregular]
  step 4, delta [[8, -2], [-4, 4], [-4, 4]]:
    x=13: {t1<b6,t8<b3,t10<b2} [irregular]
    x=17: {t4<b7,t6<b6,t9<b4} [M mod 8 in [2]]
    x=21: {t2<b10,t5<b8,t12<b5} [irregular]
  step 4, delta [[8, -2], [-4, 4], [0, 2]]:
    x=13: {t1<b6,t8<b3,t10<b2} [irregular]
    x=17: {t4<b7,t9<b4,t10<b4} [irregular]
    x=21: {t5<b8,t10<b6,t12<b5} [irregular]
  step 4, delta [[8, -2], [-4, 4], [4, 0]]:
    x=13: {t1<b6,t8<b3,t10<b2} [irregular]
    x=17: {t4<b7,t9<b4,t14<b2} [irregular]
    x=21: {t5<b8,t12<b5,t18<b2} [irregular]
  step 4, delta [[12, -4], [-4, 4], [4, 0]]:
    x=13: {t1<b6,t8<b3,t10<b2} [irregular]
    x=17: {t4<b7,t13<b2,t14<b2} [irregular]
    x=21: {t9<b6,t16<b3,t18<b2} [irregular]
  step 4, delta [[4, 0], [4, 0], [0, 2]]:
    x=13: {t1<b6,t8<b3,t10<b2} [irregular]
    x=17: {t5<b6,t10<b4,t12<b3} [irregular]
    x=21: {t9<b6,t12<b5,t14<b4} [irregular]
  step 4, delta [[4, 0], [8, -2], [0, 2]]:
    x=13: {t1<b6,t8<b3,t10<b2} [irregular]
    x=17: {t5<b6,t10<b4,t16<b1} [irregular]
    x=21: {t9<b6,t16<b3,t18<b2} [irregular]
  step 4, delta [[8, -2], [0, 2], [-4, 4]]:
    x=13: {t1<b6,t8<b3,t10<b2} [irregular]
    x=17: {t6<b6,t8<b5,t9<b4} [irregular]
    x=21: {t5<b8,t8<b7,t14<b4} [irregular]
  step 4, delta [[8, -2], [4, 0], [-4, 4]]:
    x=13: {t1<b6,t8<b3,t10<b2} [irregular]
    x=17: {t6<b6,t9<b4,t12<b3} [M mod 8 in [2], M >= 59 (3 sporadic below)]
    x=21: {t8<b7,t13<b4,t14<b4} [irregular]
  step 4, delta [[8, -2], [0, 2], [4, 0]]:
    x=13: {t1<b6,t8<b3,t10<b2} [irregular]
    x=17: {t8<b5,t9<b4,t14<b2} [irregular]
    x=21: {t9<b6,t16<b3,t18<b2} [irregular]
  step 4, delta [[12, -4], [0, 2], [4, 0]]:
    x=13: {t1<b6,t8<b3,t10<b2} [irregular]
    x=17: {t8<b5,t13<b2,t14<b2} [irregular]
    x=21: {t13<b4,t18<b2,t20<b1} [irregular]
  step 4, delta [[8, -2], [-8, 6], [0, 2]]:
    x=13: {t1<b6,t8<b3,t11<b1} [irregular]
    x=17: {t0<b9,t9<b4,t11<b3} [irregular]
    x=21: {t1<b10,t8<b7,t11<b5} [irregular]
  step 4, delta [[12, -4], [-8, 6], [4, 0]]:
    x=13: {t1<b6,t8<b3,t11<b1} [irregular]
    x=17: {t0<b9,t13<b2,t15<b1} [irregular]
    x=21: {t5<b8,t12<b5,t19<b1} [irregular]
  step 4, delta [[0, 2], [4, 0], [-8, 6]]:
    x=13: {t1<b6,t8<b3,t11<b1} [irregular]
    x=17: {t1<b8,t3<b7,t12<b3} [irregular]
    x=21: {t1<b10,t4<b9,t7<b7} [M mod 8 in [0], M >= 17 (0 sporadic below)]
  step 4, delta [[0, 2], [8, -2], [-8, 6]]:
    x=13: {t1<b6,t8<b3,t11<b1} [irregular]
    x=17: {t1<b8,t3<b7,t16<b1} [irregular]
    x=21: {t1<b10,t8<b7,t11<b5} [irregular]
  step 4, delta [[0, 2], [-4, 4], [4, 0]]:
    x=13: {t1<b6,t8<b3,t11<b1} [irregular]
    x=17: {t1<b8,t4<b7,t15<b1} [irregular]
    x=21: {t0<b11,t1<b10,t19<b1} [irregular]
  step 4, delta [[0, 2], [0, 2], [-4, 4]]:
    x=13: {t1<b6,t8<b3,t11<b1} [irregular]
    x=17: {t1<b8,t7<b5,t8<b5} [irregular]
    x=21: {t1<b10,t4<b9,t7<b7} [M mod 8 in [0], M >= 17 (0 sporadic below)]
  step 4, delta [[0, 2], [4, 0], [-4, 4]]:
    x=13: {t1<b6,t8<b3,t11<b1} [irregular]
    x=17: {t1<b8,t7<b5,t12<b3} [irregular]
    x=21: {t1<b10,t8<b7,t11<b5} [irregular]
  step 4, delta [[0, 2], [8, -2], [-4, 4]]:
    x=13: {t1<b6,t8<b3,t11<b1} [irregular]
    x=17: {t1<b8,t7<b5,t16<b1} [irregular]
    x=21: {t1<b10,t12<b5,t15<b3} [irregular]
  step 4, delta [[0, 2], [0, 2], [0, 2]]:
    x=13: {t1<b6,t8<b3,t11<b1} [irregular]
    x=17: {t1<b8,t8<b5,t11<b3} [irregular]
    x=21: {t1<b10,t8<b7,t11<b5} [irregular]
  step 4, delta [[0, 2], [0, 2], [4, 0]]:
    x=13: {t1<b6,t8<b3,t11<b1} [irregular]
    x=17: {t1<b8,t8<b5,t15<b1} [irregular]
    x=21: {t1<b10,t8<b7,t19<b1} [irregular]
  step 4, delta [[0, 2], [4, 0], [0, 2]]:
    x=13: {t1<b6,t8<b3,t11<b1} [irregular]
    x=17: {t1<b8,t11<b3,t12<b3} [irregular]
    x=21: {t1<b10,t12<b5,t15<b3} [irregular]
  step 4, delta [[0, 2], [8, -2], [0, 2]]:
    x=13: {t1<b6,t8<b3,t11<b1} [irregular]
    x=17: {t1<b8,t11<b3,t16<b1} [irregular]
    x=21: {t1<b10,t16<b3,t19<b1} [irregular]
  step 4, delta [[0, 2], [4, 0], [4, 0]]:
    x=13: {t1<b6,t8<b3,t11<b1} [irregular]
    x=17: {t1<b8,t12<b3,t15<b1} [irregular]
    x=21: {t1<b10,t16<b3,t19<b1} [irregular]
  step 4, delta [[4, 0], [4, 0], [-8, 6]]:
    x=13: {t1<b6,t8<b3,t11<b1} [irregular]
    x=17: {t3<b7,t5<b6,t12<b3} [irregular]
    x=21: {t4<b9,t7<b7,t9<b6} [M mod 8 in [0], M >= 17 (0 sporadic below)]
  step 4, delta [[8, -2], [0, 2], [-8, 6]]:
    x=13: {t1<b6,t8<b3,t11<b1} [irregular]
    x=17: {t3<b7,t8<b5,t9<b4} [M mod 8 in [0], M >= 17 (0 sporadic below)]
    x=21: {t1<b10,t8<b7,t11<b5} [irregular]
  step 4, delta [[8, -2], [8, -2], [-8, 6]]:
    x=13: {t1<b6,t8<b3,t11<b1} [irregular]
    x=17: {t3<b7,t9<b4,t16<b1} [irregular]
    x=21: {t8<b7,t11<b5,t17<b2} [irregular]
  step 4, delta [[4, 0], [-4, 4], [-4, 4]]:
    x=13: {t1<b6,t8<b3,t11<b1} [irregular]
    x=17: {t4<b7,t5<b6,t7<b5} [irregular]
    x=21: {t1<b10,t3<b9,t8<b7} [M mod 8 in [2], M >= 19 (0 sporadic below)]
  step 4, delta [[4, 0], [-4, 4], [4, 0]]:
    x=13: {t1<b6,t8<b3,t11<b1} [irregular]
    x=17: {t4<b7,t5<b6,t15<b1} [irregular]
    x=21: {t1<b10,t8<b7,t19<b1} [irregular]
  step 4, delta [[8, -2], [-4, 4], [-4, 4]]:
    x=13: {t1<b6,t8<b3,t11<b1} [irregular]
    x=17: {t4<b7,t7<b5,t9<b4} [irregular]
    x=21: {t3<b9,t5<b8,t12<b5} [irregular]
  step 4, delta [[12, -4], [-4, 4], [-4, 4]]:
    x=13: {t1<b6,t8<b3,t11<b1} [irregular]
    x=17: {t4<b7,t7<b5,t13<b2} [irregular]
    x=21: {t3<b9,t9<b6,t16<b3} [irregular]
  step 4, delta [[8, -2], [-4, 4], [0, 2]]:
    x=13: {t1<b6,t8<b3,t11<b1} [irregular]
    x=17: {t4<b7,t9<b4,t11<b3} [irregular]
    x=21: {t5<b8,t11<b5,t12<b5} [irregular]
  step 4, delta [[8, -2], [-4, 4], [4, 0]]:
    x=13: {t1<b6,t8<b3,t11<b1} [irregular]
    x=17: {t4<b7,t9<b4,t15<b1} [irregular]
    x=21: {t5<b8,t12<b5,t19<b1} [irregular]
  step 4, delta [[12, -4], [-4, 4], [4, 0]]:
    x=13: {t1<b6,t8<b3,t11<b1} [irregular]
    x=17: {t4<b7,t13<b2,t15<b1} [irregular]
    x=21: {t9<b6,t16<b3,t19<b1} [irregular]
  step 4, delta [[4, 0], [0, 2], [-4, 4]]:
    x=13: {t1<b6,t8<b3,t11<b1} [irregular]
    x=17: {t5<b6,t7<b5,t8<b5} [irregular]
    x=21: {t4<b9,t7<b7,t9<b6} [M mod 8 in [0], M >= 17 (0 sporadic below)]
  step 4, delta [[4, 0], [4, 0], [-4, 4]]:
    x=13: {t1<b6,t8<b3,t11<b1} [irregular]
    x=17: {t5<b6,t7<b5,t12<b3} [M mod 8 in [2]]
    x=21: {t8<b7,t9<b6,t11<b5} [irregular]
  step 4, delta [[4, 0], [8, -2], [-4, 4]]:
    x=13: {t1<b6,t8<b3,t11<b1} [irregular]
    x=17: {t5<b6,t7<b5,t16<b1} [irregular]
    x=21: {t9<b6,t12<b5,t15<b3} [irregular]
  step 4, delta [[4, 0], [0, 2], [0, 2]]:
    x=13: {t1<b6,t8<b3,t11<b1} [irregular]
    x=17: {t5<b6,t8<b5,t11<b3} [irregular]
    x=21: {t8<b7,t9<b6,t11<b5} [irregular]
  step 4, delta [[4, 0], [0, 2], [4, 0]]:
    x=13: {t1<b6,t8<b3,t11<b1} [irregular]
    x=17: {t5<b6,t8<b5,t15<b1} [irregular]
    x=21: {t8<b7,t9<b6,t19<b1} [irregular]
  step 4, delta [[4, 0], [4, 0], [0, 2]]:
    x=13: {t1<b6,t8<b3,t11<b1} [irregular]
    x=17: {t5<b6,t11<b3,t12<b3} [irregular]
    x=21: {t9<b6,t12<b5,t15<b3} [irregular]
  step 4, delta [[4, 0], [8, -2], [0, 2]]:
    x=13: {t1<b6,t8<b3,t11<b1} [irregular]
    x=17: {t5<b6,t11<b3,t16<b1} [irregular]
    x=21: {t9<b6,t16<b3,t19<b1} [irregular]
  step 4, delta [[12, -4], [4, 0], [-4, 4]]:
    x=13: {t1<b6,t8<b3,t11<b1} [irregular]
    x=17: {t7<b5,t12<b3,t13<b2} [M mod 8 in [2], M >= 59 (2 sporadic below)]
    x=21: {t9<b6,t16<b3,t19<b1} [irregular]
  step 4, delta [[8, -2], [0, 2], [0, 2]]:
    x=13: {t1<b6,t8<b3,t11<b1} [irregular]
    x=17: {t8<b5,t9<b4,t11<b3} [irregular]
    x=21: {t9<b6,t11<b5,t16<b3} [irregular]
  step 4, delta [[8, -2], [4, 0], [0, 2]]:
    x=13: {t1<b6,t8<b3,t11<b1} [irregular]
    x=17: {t9<b4,t11<b3,t12<b3} [irregular]
    x=21: {t12<b5,t15<b3,t17<b2} [irregular]
  step 4, delta [[8, -2], [8, -2], [0, 2]]:
    x=13: {t1<b6,t8<b3,t11<b1} [irregular]
    x=17: {t9<b4,t11<b3,t16<b1} [irregular]
    x=21: {t16<b3,t17<b2,t19<b1} [irregular]
  step 4, delta [[8, -2], [4, 0], [4, 0]]:
    x=13: {t1<b6,t8<b3,t11<b1} [irregular]
    x=17: {t9<b4,t12<b3,t15<b1} [irregular]
    x=21: {t16<b3,t17<b2,t19<b1} [irregular]
  step 4, delta [[0, 2], [0, 2], [0, 2]]:
    x=13: {t1<b6,t9<b2,t12<b1} [irregular]
    x=17: {t1<b8,t9<b4,t12<b3} [irregular]
    x=21: {t1<b10,t9<b6,t12<b5} [irregular]
  step 4, delta [[0, 2], [4, 0], [4, 0]]:
    x=13: {t1<b6,t9<b2,t12<b1} [irregular]
    x=17: {t1<b8,t13<b2,t16<b1} [irregular]
    x=21: {t1<b10,t17<b2,t20<b1} [irregular]
  step 4, delta [[12, -4], [-8, 6], [4, 0]]:
    x=13: {t1<b6,t9<b2,t12<b1} [irregular]
    x=17: {t1<b8,t13<b2,t16<b1} [irregular]
    x=21: {t5<b8,t13<b4,t20<b1} [irregular]
  step 4, delta [[8, -2], [-4, 4], [4, 0]]:
    x=13: {t1<b6,t9<b2,t12<b1} [irregular]
    x=17: {t5<b6,t9<b4,t16<b1} [irregular]
    x=21: {t5<b8,t13<b4,t20<b1} [irregular]
  step 4, delta [[4, 0], [4, 0], [4, 0]]:
    x=13: {t1<b6,t9<b2,t12<b1} [irregular]
    x=17: {t5<b6,t13<b2,t16<b1} [irregular]
    x=21: {t9<b6,t17<b2,t20<b1} [irregular]
  step 4, delta [[0, 2], [4, 0], [-12, 8]]:
    x=13: {t1<b6,t10<b2,t12<b1} [irregular]
    x=17: {t0<b9,t1<b8,t14<b2} [irregular]
    x=21: {t0<b11,t2<b10,t5<b8} [M mod 8 in [2], M >= 19 (0 sporadic below)]
  step 4, delta [[8, -2], [4, 0], [-12, 8]]:
    x=13: {t1<b6,t10<b2,t12<b1} [irregular]
    x=17: {t0<b9,t9<b4,t14<b2} [irregular]
    x=21: {t2<b10,t8<b7,t13<b4} [irregular]
  step 4, delta [[0, 2], [4, 0], [-8, 6]]:
    x=13: {t1<b6,t10<b2,t12<b1} [irregular]
    x=17: {t1<b8,t4<b7,t14<b2} [irregular]
    x=21: {t1<b10,t6<b8,t8<b7} [M mod 8 in [0], M >= 17 (0 sporadic below)]
  step 4, delta [[0, 2], [0, 2], [-4, 4]]:
    x=13: {t1<b6,t10<b2,t12<b1} [irregular]
    x=17: {t1<b8,t8<b5,t10<b4} [irregular]
    x=21: {t1<b10,t6<b8,t8<b7} [M mod 8 in [0], M >= 17 (0 sporadic below)]
  step 4, delta [[0, 2], [4, 0], [0, 2]]:
    x=13: {t1<b6,t10<b2,t12<b1} [irregular]
    x=17: {t1<b8,t12<b3,t14<b2} [irregular]
    x=21: {t1<b10,t14<b4,t16<b3} [irregular]
  step 4, delta [[0, 2], [4, 0], [4, 0]]:
    x=13: {t1<b6,t10<b2,t12<b1} [irregular]
    x=17: {t1<b8,t14<b2,t16<b1} [irregular]
    x=21: {t1<b10,t18<b2,t20<b1} [irregular]
  step 4, delta [[12, -4], [-8, 6], [-4, 4]]:
    x=13: {t1<b6,t10<b2,t12<b1} [irregular]
    x=17: {t2<b8,t8<b5,t13<b2} [irregular]
    x=21: {t0<b11,t9<b6,t14<b4} [irregular]
  step 4, delta [[12, -4], [-8, 6], [0, 2]]:
    x=13: {t1<b6,t10<b2,t12<b1} [irregular]
    x=17: {t2<b8,t12<b3,t13<b2} [M mod 8 in [4], M >= 61 (2 sporadic below)]
    x=21: {t4<b9,t13<b4,t14<b4} [irregular]
  step 4, delta [[4, 0], [0, 2], [-8, 6]]:
    x=13: {t1<b6,t10<b2,t12<b1} [irregular]
    x=17: {t4<b7,t5<b6,t10<b4} [irregular]
    x=21: {t2<b10,t5<b8,t8<b7} [M mod 8 in [2], M >= 19 (0 sporadic below)]
  step 4, delta [[12, -4], [-4, 4], [-8, 6]]:
    x=13: {t1<b6,t10<b2,t12<b1} [irregular]
    x=17: {t4<b7,t6<b6,t13<b2} [irregular]
    x=21: {t2<b10,t5<b8,t16<b3} [M mod 8 in [2], M >= 19 (0 sporadic below)]
  step 4, delta [[12, -4], [0, 2], [-8, 6]]:
    x=13: {t1<b6,t10<b2,t12<b1} [irregular]
    x=17: {t4<b7,t10<b4,t13<b2} [irregular]
    x=21: {t5<b8,t10<b6,t16<b3} [irregular]
  step 4, delta [[12, -4], [4, 0], [-8, 6]]:
    x=13: {t1<b6,t10<b2,t12<b1} [irregular]
    x=17: {t4<b7,t13<b2,t14<b2} [irregular]
    x=21: {t6<b8,t16<b3,t17<b2} [M mod 8 in [0], M >= 33 (0 sporadic below)]
  step 4, delta [[4, 0], [0, 2], [-4, 4]]:
    x=13: {t1<b6,t10<b2,t12<b1} [irregular]
    x=17: {t5<b6,t8<b5,t10<b4} [irregular]
    x=21: {t6<b8,t8<b7,t9<b6} [irregular]
  step 4, delta [[4, 0], [4, 0], [0, 2]]:
    x=13: {t1<b6,t10<b2,t12<b1} [irregular]
    x=17: {t5<b6,t12<b3,t14<b2} [irregular]
    x=21: {t9<b6,t14<b4,t16<b3} [irregular]
  step 4, delta [[4, 0], [4, 0], [4, 0]]:
    x=13: {t1<b6,t10<b2,t12<b1} [irregular]
    x=17: {t5<b6,t14<b2,t16<b1} [irregular]
    x=21: {t9<b6,t18<b2,t20<b1} [irregular]
  step 4, delta [[12, -4], [-4, 4], [-4, 4]]:
    x=13: {t1<b6,t10<b2,t12<b1} [irregular]
    x=17: {t6<b6,t8<b5,t13<b2} [irregular]
    x=21: {t4<b9,t9<b6,t18<b2} [irregular]
  step 4, delta [[8, -2], [-4, 4], [0, 2]]:
    x=13: {t1<b6,t10<b2,t12<b1} [irregular]
    x=17: {t6<b6,t9<b4,t12<b3} [M mod 8 in [2], M >= 59 (3 sporadic below)]
    x=21: {t5<b8,t12<b5,t14<b4} [irregular]
  step 4, delta [[8, -2], [-4, 4], [4, 0]]:
    x=13: {t1<b6,t10<b2,t12<b1} [irregular]
    x=17: {t6<b6,t9<b4,t16<b1} [irregular]
    x=21: {t5<b8,t14<b4,t20<b1} [irregular]
  step 4, delta [[8, -2], [4, 0], [-4, 4]]:
    x=13: {t1<b6,t10<b2,t12<b1} [irregular]
    x=17: {t8<b5,t9<b4,t14<b2} [irregular]
    x=21: {t10<b6,t13<b4,t16<b3} [M mod 8 in [6], M >= 31 (0 sporadic below)]
  step 4, delta [[8, -2], [4, 0], [0, 2]]:
    x=13: {t1<b6,t10<b2,t12<b1} [irregular]
    x=17: {t9<b4,t12<b3,t14<b2} [irregular]
    x=21: {t14<b4,t16<b3,t17<b2} [irregular]
  step 4, delta [[12, -4], [0, 2], [-12, 8]]:
    x=13: {t1<b6,t11<b1,t12<b1} [irregular]
    x=17: {t0<b9,t11<b3,t13<b2} [irregular]
    x=21: {t1<b10,t11<b5,t12<b5} [irregular]
  step 4, delta [[0, 2], [-4, 4], [0, 2]]:
    x=13: {t1<b6,t11<b1,t12<b1} [irregular]
    x=17: {t1<b8,t7<b5,t12<b3} [irregular]
    x=21: {t1<b10,t3<b9,t12<b5} [irregular]
  step 4, delta [[0, 2], [-4, 4], [4, 0]]:
    x=13: {t1<b6,t11<b1,t12<b1} [irregular]
    x=17: {t1<b8,t7<b5,t16<b1} [irregular]
    x=21: {t1<b10,t3<b9,t20<b1} [irregular]
  step 4, delta [[0, 2], [4, 0], [-4, 4]]:
    x=13: {t1<b6,t11<b1,t12<b1} [irregular]
    x=17: {t1<b8,t8<b5,t15<b1} [irregular]
    x=21: {t1<b10,t11<b5,t12<b5} [irregular]
  step 4, delta [[0, 2], [0, 2], [0, 2]]:
    x=13: {t1<b6,t11<b1,t12<b1} [irregular]
    x=17: {t1<b8,t11<b3,t12<b3} [irregular]
    x=21: {t1<b10,t11<b5,t12<b5} [irregular]
  step 4, delta [[0, 2], [4, 0], [0, 2]]:
    x=13: {t1<b6,t11<b1,t12<b1} [irregular]
    x=17: {t1<b8,t12<b3,t15<b1} [irregular]
    x=21: {t1<b10,t15<b3,t16<b3} [irregular]
  step 4, delta [[0, 2], [4, 0], [4, 0]]:
    x=13: {t1<b6,t11<b1,t12<b1} [irregular]
    x=17: {t1<b8,t15<b1,t16<b1} [irregular]
    x=21: {t1<b10,t19<b1,t20<b1} [irregular]
  step 4, delta [[8, -2], [-8, 6], [-4, 4]]:
    x=13: {t1<b6,t11<b1,t12<b1} [irregular]
    x=17: {t3<b7,t8<b5,t9<b4} [M mod 8 in [0], M >= 17 (0 sporadic below)]
    x=21: {t0<b11,t5<b8,t11<b5} [irregular]
  step 4, delta [[8, -2], [-8, 6], [0, 2]]:
    x=13: {t1<b6,t11<b1,t12<b1} [irregular]
    x=17: {t3<b7,t9<b4,t12<b3} [irregular]
    x=21: {t1<b10,t11<b5,t12<b5} [irregular]
  step 4, delta [[8, -2], [-8, 6], [4, 0]]:
    x=13: {t1<b6,t11<b1,t12<b1} [irregular]
    x=17: {t3<b7,t9<b4,t16<b1} [irregular]
    x=21: {t1<b10,t11<b5,t20<b1} [irregular]
  step 4, delta [[12, -4], [-8, 6], [4, 0]]:
    x=13: {t1<b6,t11<b1,t12<b1} [irregular]
    x=17: {t3<b7,t13<b2,t16<b1} [M mod 8 in [4], M >= 61 (2 sporadic below)]
    x=21: {t5<b8,t15<b3,t20<b1} [irregular]
  step 4, delta [[8, -2], [-4, 4], [-8, 6]]:
    x=13: {t1<b6,t11<b1,t12<b1} [irregular]
    x=17: {t4<b7,t7<b5,t9<b4} [irregular]
    x=21: {t1<b10,t3<b9,t12<b5} [irregular]
  step 4, delta [[12, -4], [-4, 4], [-8, 6]]:
    x=13: {t1<b6,t11<b1,t12<b1} [irregular]
    x=17: {t4<b7,t7<b5,t13<b2} [irregular]
    x=21: {t3<b9,t5<b8,t16<b3} [M mod 8 in [6]]
  step 4, delta [[8, -2], [0, 2], [-8, 6]]:
    x=13: {t1<b6,t11<b1,t12<b1} [irregular]
    x=17: {t4<b7,t9<b4,t11<b3} [irregular]
    x=21: {t3<b9,t9<b6,t12<b5} [irregular]
  step 4, delta [[8, -2], [4, 0], [-8, 6]]:
    x=13: {t1<b6,t11<b1,t12<b1} [irregular]
    x=17: {t4<b7,t9<b4,t15<b1} [irregular]
    x=21: {t7<b7,t12<b5,t13<b4} [M mod 8 in [4], M >= 29 (0 sporadic below)]
  step 4, delta [[12, -4], [0, 2], [-8, 6]]:
    x=13: {t1<b6,t11<b1,t12<b1} [irregular]
    x=17: {t4<b7,t11<b3,t13<b2} [irregular]
    x=21: {t5<b8,t11<b5,t16<b3} [irregular]
  step 4, delta [[4, 0], [-4, 4], [0, 2]]:
    x=13: {t1<b6,t11<b1,t12<b1} [irregular]
    x=17: {t5<b6,t7<b5,t12<b3} [M mod 8 in [2]]
    x=21: {t3<b9,t9<b6,t12<b5} [irregular]
  step 4, delta [[4, 0], [-4, 4], [4, 0]]:
    x=13: {t1<b6,t11<b1,t12<b1} [irregular]
    x=17: {t5<b6,t7<b5,t16<b1} [irregular]
    x=21: {t3<b9,t9<b6,t20<b1} [irregular]
  step 4, delta [[4, 0], [4, 0], [-4, 4]]:
    x=13: {t1<b6,t11<b1,t12<b1} [irregular]
    x=17: {t5<b6,t8<b5,t15<b1} [irregular]
    x=21: {t9<b6,t11<b5,t12<b5} [irregular]
  step 4, delta [[4, 0], [0, 2], [0, 2]]:
    x=13: {t1<b6,t11<b1,t12<b1} [irregular]
    x=17: {t5<b6,t11<b3,t12<b3} [irregular]
    x=21: {t9<b6,t11<b5,t12<b5} [irregular]
  step 4, delta [[4, 0], [0, 2], [4, 0]]:
    x=13: {t1<b6,t11<b1,t12<b1} [irregular]
    x=17: {t5<b6,t11<b3,t16<b1} [irregular]
    x=21: {t9<b6,t11<b5,t20<b1} [irregular]
  step 4, delta [[4, 0], [4, 0], [0, 2]]:
    x=13: {t1<b6,t11<b1,t12<b1} [irregular]
    x=17: {t5<b6,t12<b3,t15<b1} [irregular]
    x=21: {t9<b6,t15<b3,t16<b3} [irregular]
  step 4, delta [[4, 0], [4, 0], [4, 0]]:
    x=13: {t1<b6,t11<b1,t12<b1} [irregular]
    x=17: {t5<b6,t15<b1,t16<b1} [irregular]
    x=21: {t9<b6,t19<b1,t20<b1} [irregular]
  step 4, delta [[8, -2], [-4, 4], [4, 0]]:
    x=13: {t1<b6,t11<b1,t12<b1} [irregular]
    x=17: {t7<b5,t9<b4,t16<b1} [irregular]
    x=21: {t5<b8,t15<b3,t20<b1} [irregular]
  step 4, delta [[12, -4], [-4, 4], [0, 2]]:
    x=13: {t1<b6,t11<b1,t12<b1} [irregular]
    x=17: {t7<b5,t12<b3,t13<b2} [M mod 8 in [2], M >= 59 (2 sporadic below)]
    x=21: {t8<b7,t13<b4,t19<b1} [irregular]
  step 4, delta [[8, -2], [0, 2], [-4, 4]]:
    x=13: {t1<b6,t11<b1,t12<b1} [irregular]
    x=17: {t8<b5,t9<b4,t11<b3} [irregular]
    x=21: {t7<b7,t9<b6,t16<b3} [irregular]
  step 4, delta [[12, -4], [0, 2], [-4, 4]]:
    x=13: {t1<b6,t11<b1,t12<b1} [irregular]
    x=17: {t8<b5,t11<b3,t13<b2} [M mod 8 in [0], M >= 17 (0 sporadic below)]
    x=21: {t9<b6,t11<b5,t20<b1} [irregular]
  step 4, delta [[8, -2], [0, 2], [4, 0]]:
    x=13: {t1<b6,t11<b1,t12<b1} [irregular]
    x=17: {t9<b4,t11<b3,t16<b1} [irregular]
    x=21: {t11<b5,t17<b2,t20<b1} [irregular]
  step 4, delta [[8, -2], [4, 0], [4, 0]]:
    x=13: {t1<b6,t11<b1,t12<b1} [irregular]
    x=17: {t9<b4,t15<b1,t16<b1} [irregular]
    x=21: {t17<b2,t19<b1,t20<b1} [irregular]
  step 4, delta [[0, 2], [8, -2], [-8, 6]]:
    x=13: {t2<b6,t3<b5,t8<b3} [irregular]
    x=17: {t0<b9,t2<b8,t11<b3} [M mod 8 in [3]]
    x=21: {t0<b11,t3<b9,t10<b6} [irregular]
  step 4, delta [[0, 2], [12, -4], [-8, 6]]:
    x=13: {t2<b6,t3<b5,t8<b3} [irregular]
    x=17: {t0<b9,t2<b8,t15<b1} [irregular]
    x=21: {t0<b11,t7<b7,t14<b4} [irregular]
  step 4, delta [[8, -2], [0, 2], [-8, 6]]:
    x=13: {t2<b6,t3<b5,t8<b3} [irregular]
    x=17: {t0<b9,t3<b7,t10<b4} [irregular]
    x=21: {t2<b10,t3<b9,t8<b7} [irregular]
  step 4, delta [[12, -4], [0, 2], [-8, 6]]:
    x=13: {t2<b6,t3<b5,t8<b3} [irregular]
    x=17: {t0<b9,t3<b7,t14<b2} [M mod 8 in [7], M >= 64 (3 sporadic below)]
    x=21: {t3<b9,t6<b8,t12<b5} [irregular]
  step 4, delta [[4, 0], [12, -4], [-8, 6]]:
    x=13: {t2<b6,t3<b5,t8<b3} [irregular]
    x=17: {t0<b9,t6<b6,t15<b1} [irregular]
    x=21: {t4<b9,t7<b7,t18<b2} [M mod 8 in [3], M >= 20 (0 sporadic below)]
  step 4, delta [[8, -2], [4, 0], [-8, 6]]:
    x=13: {t2<b6,t3<b5,t8<b3} [irregular]
    x=17: {t0<b9,t7<b5,t10<b4} [irregular]
    x=21: {t2<b10,t8<b7,t11<b5} [irregular]
  step 4, delta [[12, -4], [4, 0], [-8, 6]]:
    x=13: {t2<b6,t3<b5,t8<b3} [irregular]
    x=17: {t0<b9,t7<b5,t14<b2} [irregular]
    x=21: {t6<b8,t11<b5,t12<b5} [irregular]
  step 4, delta [[8, -2], [8, -2], [-8, 6]]:
    x=13: {t2<b6,t3<b5,t8<b3} [irregular]
    x=17: {t0<b9,t10<b4,t11<b3} [M mod 8 in [3], M >= 60 (2 sporadic below)]
    x=21: {t3<b9,t8<b7,t18<b2} [irregular]
  step 4, delta [[12, -4], [8, -2], [-8, 6]]:
    x=13: {t2<b6,t3<b5,t8<b3} [irregular]
    x=17: {t0<b9,t11<b3,t14<b2} [irregular]
    x=21: {t6<b8,t12<b5,t19<b1} [irregular]
  step 4, delta [[0, 2], [0, 2], [0, 2]]:
    x=13: {t2<b6,t3<b5,t8<b3} [irregular]
    x=17: {t2<b8,t3<b7,t8<b5} [irregular]
    x=21: {t2<b10,t3<b9,t8<b7} [irregular]
  step 4, delta [[0, 2], [4, 0], [-4, 4]]:
    x=13: {t2<b6,t3<b5,t8<b3} [irregular]
    x=17: {t2<b8,t4<b7,t7<b5} [M mod 8 in [1], M >= 18 (0 sporadic below)]
    x=21: {t2<b10,t3<b9,t8<b7} [irregular]
  step 4, delta [[0, 2], [8, -2], [-4, 4]]:
    x=13: {t2<b6,t3<b5,t8<b3} [irregular]
    x=17: {t2<b8,t4<b7,t11<b3} [irregular]
    x=21: {t2<b10,t7<b7,t12<b5} [irregular]
  step 4, delta [[0, 2], [12, -4], [-4, 4]]:
    x=13: {t2<b6,t3<b5,t8<b3} [irregular]
    x=17: {t2<b8,t4<b7,t15<b1} [irregular]
    x=21: {t2<b10,t11<b5,t16<b3} [irregular]
  step 4, delta [[0, 2], [4, 0], [0, 2]]:
    x=13: {t2<b6,t3<b5,t8<b3} [irregular]
    x=17: {t2<b8,t7<b5,t8<b5} [irregular]
    x=21: {t2<b10,t8<b7,t11<b5} [irregular]
  step 4, delta [[0, 2], [4, 0], [4, 0]]:
    x=13: {t2<b6,t3<b5,t8<b3} [irregular]
    x=17: {t2<b8,t7<b5,t12<b3} [irregular]
    x=21: {t2<b10,t11<b5,t16<b3} [irregular]
  step 4, delta [[0, 2], [8, -2], [0, 2]]:
    x=13: {t2<b6,t3<b5,t8<b3} [irregular]
    x=17: {t2<b8,t8<b5,t11<b3} [irregular]
    x=21: {t2<b10,t11<b5,t16<b3} [irregular]
  step 4, delta [[0, 2], [12, -4], [0, 2]]:
    x=13: {t2<b6,t3<b5,t8<b3} [irregular]
    x=17: {t2<b8,t8<b5,t15<b1} [irregular]
    x=21: {t2<b10,t15<b3,t20<b1} [irregular]
  step 4, delta [[0, 2], [8, -2], [4, 0]]:
    x=13: {t2<b6,t3<b5,t8<b3} [irregular]
    x=17: {t2<b8,t11<b3,t12<b3} [irregular]
    x=21: {t2<b10,t16<b3,t19<b1} [irregular]
  step 4, delta [[8, -2], [0, 2], [4, 0]]:
    x=13: {t2<b6,t3<b5,t8<b3} [irregular]
    x=17: {t3<b7,t10<b4,t12<b3} [irregular]
    x=21: {t10<b6,t11<b5,t16<b3} [irregular]
  step 4, delta [[12, -4], [0, 2], [4, 0]]:
    x=13: {t2<b6,t3<b5,t8<b3} [irregular]
    x=17: {t3<b7,t12<b3,t14<b2} [irregular]
    x=21: {t12<b5,t15<b3,t18<b2} [M mod 8 in [7], M >= 32 (0 sporadic below)]
  step 4, delta [[4, 0], [12, -4], [-4, 4]]:
    x=13: {t2<b6,t3<b5,t8<b3} [irregular]
    x=17: {t4<b7,t6<b6,t15<b1} [M mod 8 in [5]]
    x=21: {t8<b7,t11<b5,t18<b2} [irregular]
  step 4, delta [[8, -2], [4, 0], [-4, 4]]:
    x=13: {t2<b6,t3<b5,t8<b3} [irregular]
    x=17: {t4<b7,t7<b5,t10<b4} [M mod 8 in [1], M >= 18 (0 sporadic below)]
    x=21: {t6<b8,t11<b5,t12<b5} [irregular]
  step 4, delta [[12, -4], [4, 0], [-4, 4]]:
    x=13: {t2<b6,t3<b5,t8<b3} [irregular]
    x=17: {t4<b7,t7<b5,t14<b2} [irregular]
    x=21: {t10<b6,t11<b5,t16<b3} [irregular]
  step 4, delta [[8, -2], [8, -2], [-4, 4]]:
    x=13: {t2<b6,t3<b5,t8<b3} [irregular]
    x=17: {t4<b7,t10<b4,t11<b3} [irregular]
    x=21: {t7<b7,t12<b5,t18<b2} [irregular]
  step 4, delta [[4, 0], [8, -2], [0, 2]]:
    x=13: {t2<b6,t3<b5,t8<b3} [irregular]
    x=17: {t6<b6,t8<b5,t11<b3} [M mod 8 in [3]]
    x=21: {t10<b6,t11<b5,t16<b3} [irregular]
  step 4, delta [[4, 0], [12, -4], [0, 2]]:
    x=13: {t2<b6,t3<b5,t8<b3} [irregular]
    x=17: {t6<b6,t8<b5,t15<b1} [irregular]
    x=21: {t10<b6,t15<b3,t20<b1} [irregular]
  step 4, delta [[4, 0], [8, -2], [4, 0]]:
    x=13: {t2<b6,t3<b5,t8<b3} [irregular]
    x=17: {t6<b6,t11<b3,t12<b3} [irregular]
    x=21: {t10<b6,t16<b3,t19<b1} [irregular]
  step 4, delta [[8, -2], [4, 0], [4, 0]]:
    x=13: {t2<b6,t3<b5,t8<b3} [irregular]
    x=17: {t7<b5,t10<b4,t12<b3} [irregular]
    x=21: {t14<b4,t15<b3,t16<b3} [irregular]
  step 4, delta [[12, -4], [8, -2], [0, 2]]:
    x=13: {t2<b6,t3<b5,t8<b3} [irregular]
    x=17: {t8<b5,t11<b3,t14<b2} [M mod 8 in [3], M >= 60 (3 sporadic below)]
    x=21: {t14<b4,t19<b1,t20<b1} [irregular]
  step 4, delta [[4, 0], [-4, 4], [4, 0]]:
    x=13: {t2<b6,t4<b5,t7<b3} [M mod 8 in [7]]
    x=17: {t0<b9,t6<b6,t11<b3} [irregular]
    x=21: {t2<b10,t4<b9,t15<b3} [irregular]
  step 4, delta [[8, -2], [-4, 4], [0, 2]]:
    x=13: {t2<b6,t4<b5,t7<b3} [M mod 8 in [7]]
    x=17: {t0<b9,t7<b5,t10<b4} [irregular]
    x=21: {t3<b9,t8<b7,t10<b6} [irregular]
  step 4, delta [[12, -4], [-4, 4], [0, 2]]:
    x=13: {t2<b6,t4<b5,t7<b3} [M mod 8 in [7]]
    x=17: {t0<b9,t7<b5,t14<b2} [irregular]
    x=21: {t3<b9,t12<b5,t14<b4} [irregular]
  step 4, delta [[8, -2], [-4, 4], [4, 0]]:
    x=13: {t2<b6,t4<b5,t7<b3} [M mod 8 in [7]]
    x=17: {t0<b9,t10<b4,t11<b3} [M mod 8 in [3], M >= 60 (2 sporadic below)]
    x=21: {t6<b8,t8<b7,t15<b3} [irregular]
  step 4, delta [[12, -4], [-4, 4], [4, 0]]:
    x=13: {t2<b6,t4<b5,t7<b3} [M mod 8 in [7]]
    x=17: {t0<b9,t11<b3,t14<b2} [irregular]
    x=21: {t7<b7,t12<b5,t18<b2} [irregular]
  step 4, delta [[0, 2], [4, 0], [-4, 4]]:
    x=13: {t2<b6,t4<b5,t7<b3} [M mod 8 in [7]]
    x=17: {t2<b8,t3<b7,t8<b5} [irregular]
    x=21: {t2<b10,t4<b9,t7<b7} [M mod 8 in [3], M >= 20 (0 sporadic below)]
  step 4, delta [[0, 2], [12, -4], [-4, 4]]:
    x=13: {t2<b6,t4<b5,t7<b3} [M mod 8 in [7]]
    x=17: {t2<b8,t3<b7,t16<b1} [irregular]
    x=21: {t2<b10,t12<b5,t15<b3} [irregular]
  step 4, delta [[0, 2], [0, 2], [0, 2]]:
    x=13: {t2<b6,t4<b5,t7<b3} [M mod 8 in [7]]
    x=17: {t2<b8,t4<b7,t7<b5} [M mod 8 in [1], M >= 18 (0 sporadic below)]
    x=21: {t2<b10,t4<b9,t7<b7} [M mod 8 in [3], M >= 20 (0 sporadic below)]
  step 4, delta [[0, 2], [0, 2], [4, 0]]:
    x=13: {t2<b6,t4<b5,t7<b3} [M mod 8 in [7]]
    x=17: {t2<b8,t4<b7,t11<b3} [irregular]
    x=21: {t2<b10,t4<b9,t15<b3} [irregular]
  step 4, delta [[0, 2], [4, 0], [0, 2]]:
    x=13: {t2<b6,t4<b5,t7<b3} [M mod 8 in [7]]
    x=17: {t2<b8,t7<b5,t8<b5} [irregular]
    x=21: {t2<b10,t8<b7,t11<b5} [irregular]
  step 4, delta [[0, 2], [8, -2], [0, 2]]:
    x=13: {t2<b6,t4<b5,t7<b3} [M mod 8 in [7]]
    x=17: {t2<b8,t7<b5,t12<b3} [irregular]
    x=21: {t2<b10,t12<b5,t15<b3} [irregular]
  step 4, delta [[0, 2], [12, -4], [0, 2]]:
    x=13: {t2<b6,t4<b5,t7<b3} [M mod 8 in [7]]
    x=17: {t2<b8,t7<b5,t16<b1} [irregular]
    x=21: {t2<b10,t16<b3,t19<b1} [irregular]
  step 4, delta [[0, 2], [4, 0], [4, 0]]:
    x=13: {t2<b6,t4<b5,t7<b3} [M mod 8 in [7]]
    x=17: {t2<b8,t8<b5,t11<b3} [irregular]
    x=21: {t2<b10,t12<b5,t15<b3} [irregular]
  step 4, delta [[0, 2], [8, -2], [4, 0]]:
    x=13: {t2<b6,t4<b5,t7<b3} [M mod 8 in [7]]
    x=17: {t2<b8,t11<b3,t12<b3} [irregular]
    x=21: {t2<b10,t16<b3,t19<b1} [irregular]
  step 4, delta [[4, 0], [4, 0], [-4, 4]]:
    x=13: {t2<b6,t4<b5,t7<b3} [M mod 8 in [7]]
    x=17: {t3<b7,t6<b6,t8<b5} [irregular]
    x=21: {t4<b9,t7<b7,t10<b6} [M mod 8 in [3], M >= 20 (0 sporadic below)]
  step 4, delta [[4, 0], [12, -4], [-4, 4]]:
    x=13: {t2<b6,t4<b5,t7<b3} [M mod 8 in [7]]
    x=17: {t3<b7,t6<b6,t16<b1} [irregular]
    x=21: {t7<b7,t12<b5,t18<b2} [irregular]
  step 4, delta [[8, -2], [4, 0], [-4, 4]]:
    x=13: {t2<b6,t4<b5,t7<b3} [M mod 8 in [7]]
    x=17: {t3<b7,t8<b5,t10<b4} [irregular]
    x=21: {t6<b8,t11<b5,t12<b5} [irregular]
  step 4, delta [[12, -4], [4, 0], [-4, 4]]:
    x=13: {t2<b6,t4<b5,t7<b3} [M mod 8 in [7]]
    x=17: {t3<b7,t8<b5,t14<b2} [irregular]
    x=21: {t10<b6,t12<b5,t15<b3} [irregular]
  step 4, delta [[8, -2], [8, -2], [-4, 4]]:
    x=13: {t2<b6,t4<b5,t7<b3} [M mod 8 in [7]]
    x=17: {t3<b7,t10<b4,t12<b3} [irregular]
    x=21: {t8<b7,t11<b5,t18<b2} [irregular]
  step 4, delta [[12, -4], [8, -2], [-4, 4]]:
    x=13: {t2<b6,t4<b5,t7<b3} [M mod 8 in [7]]
    x=17: {t3<b7,t12<b3,t14<b2} [irregular]
    x=21: {t10<b6,t15<b3,t20<b1} [irregular]
  step 4, delta [[4, 0], [0, 2], [4, 0]]:
    x=13: {t2<b6,t4<b5,t7<b3} [M mod 8 in [7]]
    x=17: {t4<b7,t6<b6,t11<b3} [irregular]
    x=21: {t6<b8,t8<b7,t15<b3} [irregular]
  step 4, delta [[8, -2], [0, 2], [0, 2]]:
    x=13: {t2<b6,t4<b5,t7<b3} [M mod 8 in [7]]
    x=17: {t4<b7,t7<b5,t10<b4} [M mod 8 in [1], M >= 18 (0 sporadic below)]
    x=21: {t7<b7,t10<b6,t12<b5} [irregular]
  step 4, delta [[12, -4], [0, 2], [0, 2]]:
    x=13: {t2<b6,t4<b5,t7<b3} [M mod 8 in [7]]
    x=17: {t4<b7,t7<b5,t14<b2} [irregular]
    x=21: {t7<b7,t14<b4,t16<b3} [irregular]
  step 4, delta [[8, -2], [0, 2], [4, 0]]:
    x=13: {t2<b6,t4<b5,t7<b3} [M mod 8 in [7]]
    x=17: {t4<b7,t10<b4,t11<b3} [irregular]
    x=21: {t10<b6,t12<b5,t15<b3} [irregular]
  step 4, delta [[4, 0], [8, -2], [0, 2]]:
    x=13: {t2<b6,t4<b5,t7<b3} [M mod 8 in [7]]
    x=17: {t6<b6,t7<b5,t12<b3} [irregular]
    x=21: {t10<b6,t12<b5,t15<b3} [irregular]
  step 4, delta [[4, 0], [12, -4], [0, 2]]:
    x=13: {t2<b6,t4<b5,t7<b3} [M mod 8 in [7]]
    x=17: {t6<b6,t7<b5,t16<b1} [irregular]
    x=21: {t10<b6,t16<b3,t19<b1} [irregular]
  step 4, delta [[4, 0], [8, -2], [4, 0]]:
    x=13: {t2<b6,t4<b5,t7<b3} [M mod 8 in [7]]
    x=17: {t6<b6,t11<b3,t12<b3} [irregular]
    x=21: {t10<b6,t16<b3,t19<b1} [irregular]
  step 4, delta [[8, -2], [8, -2], [0, 2]]:
    x=13: {t2<b6,t4<b5,t7<b3} [M mod 8 in [7]]
    x=17: {t7<b5,t10<b4,t12<b3} [irregular]
    x=21: {t12<b5,t15<b3,t18<b2} [M mod 8 in [7], M >= 32 (0 sporadic below)]
  step 4, delta [[12, -4], [8, -2], [0, 2]]:
    x=13: {t2<b6,t4<b5,t7<b3} [M mod 8 in [7]]
    x=17: {t7<b5,t12<b3,t14<b2} [irregular]
    x=21: {t14<b4,t19<b1,t20<b1} [irregular]
  step 4, delta [[12, -4], [4, 0], [4, 0]]:
    x=13: {t2<b6,t4<b5,t7<b3} [M mod 8 in [7]]
    x=17: {t8<b5,t11<b3,t14<b2} [M mod 8 in [3], M >= 60 (3 sporadic below)]
    x=21: {t15<b3,t18<b2,t20<b1} [irregular]
  step 4, delta [[8, -2], [-4, 4], [-4, 4]]:
    x=13: {t2<b6,t4<b5,t9<b2} [irregular]
    x=17: {t0<b9,t5<b6,t10<b4} [irregular]
    x=21: {t1<b10,t6<b8,t8<b7} [M mod 8 in [0], M >= 17 (0 sporadic below)]
  step 4, delta [[4, 0], [-4, 4], [0, 2]]:
    x=13: {t2<b6,t4<b5,t9<b2} [irregular]
    x=17: {t0<b9,t6<b6,t9<b4} [irregular]
    x=21: {t2<b10,t4<b9,t9<b6} [irregular]
  step 4, delta [[4, 0], [-4, 4], [4, 0]]:
    x=13: {t2<b6,t4<b5,t9<b2} [irregular]
    x=17: {t0<b9,t6<b6,t13<b2} [irregular]
    x=21: {t2<b10,t4<b9,t17<b2} [irregular]
  step 4, delta [[8, -2], [-4, 4], [0, 2]]:
    x=13: {t2<b6,t4<b5,t9<b2} [irregular]
    x=17: {t0<b9,t9<b4,t10<b4} [irregular]
    x=21: {t5<b8,t8<b7,t10<b6} [irregular]
  step 4, delta [[12, -4], [-4, 4], [0, 2]]:
    x=13: {t2<b6,t4<b5,t9<b2} [irregular]
    x=17: {t0<b9,t9<b4,t14<b2} [irregular]
    x=21: {t5<b8,t12<b5,t14<b4} [irregular]
  step 4, delta [[8, -2], [-4, 4], [4, 0]]:
    x=13: {t2<b6,t4<b5,t9<b2} [irregular]
    x=17: {t0<b9,t10<b4,t13<b2} [irregular]
    x=21: {t6<b8,t8<b7,t17<b2} [M mod 8 in [0], M >= 17 (0 sporadic below)]
  step 4, delta [[12, -4], [0, 2], [-8, 6]]:
    x=13: {t2<b6,t4<b5,t9<b2} [irregular]
    x=17: {t1<b8,t4<b7,t14<b2} [irregular]
    x=21: {t4<b9,t6<b8,t13<b4} [irregular]
  step 4, delta [[4, 0], [4, 0], [-8, 6]]:
    x=13: {t2<b6,t4<b5,t9<b2} [irregular]
    x=17: {t1<b8,t6<b6,t8<b5} [irregular]
    x=21: {t0<b11,t5<b8,t10<b6} [irregular]
  step 4, delta [[4, 0], [12, -4], [-8, 6]]:
    x=13: {t2<b6,t4<b5,t9<b2} [irregular]
    x=17: {t1<b8,t6<b6,t16<b1} [irregular]
    x=21: {t5<b8,t8<b7,t18<b2} [irregular]
  step 4, delta [[8, -2], [8, -2], [-8, 6]]:
    x=13: {t2<b6,t4<b5,t9<b2} [irregular]
    x=17: {t1<b8,t10<b4,t12<b3} [irregular]
    x=21: {t4<b9,t9<b6,t18<b2} [irregular]
  step 4, delta [[0, 2], [0, 2], [0, 2]]:
    x=13: {t2<b6,t4<b5,t9<b2} [irregular]
    x=17: {t2<b8,t4<b7,t9<b4} [irregular]
    x=21: {t2<b10,t4<b9,t9<b6} [irregular]
  step 4, delta [[0, 2], [4, 0], [-4, 4]]:
    x=13: {t2<b6,t4<b5,t9<b2} [irregular]
    x=17: {t2<b8,t5<b6,t8<b5} [M mod 8 in [0], M >= 17 (0 sporadic below)]
    x=21: {t2<b10,t4<b9,t9<b6} [irregular]
  step 4, delta [[0, 2], [8, -2], [-4, 4]]:
    x=13: {t2<b6,t4<b5,t9<b2} [irregular]
    x=17: {t2<b8,t5<b6,t12<b3} [irregular]
    x=21: {t2<b10,t8<b7,t13<b4} [irregular]
  step 4, delta [[4, 0], [0, 2], [0, 2]]:
    x=13: {t2<b6,t4<b5,t9<b2} [irregular]
    x=17: {t4<b7,t6<b6,t9<b4} [M mod 8 in [2]]
    x=21: {t6<b8,t8<b7,t9<b6} [irregular]
  step 4, delta [[4, 0], [0, 2], [4, 0]]:
    x=13: {t2<b6,t4<b5,t9<b2} [irregular]
    x=17: {t4<b7,t6<b6,t13<b2} [irregular]
    x=21: {t6<b8,t8<b7,t17<b2} [M mod 8 in [0], M >= 17 (0 sporadic below)]
  step 4, delta [[12, -4], [0, 2], [0, 2]]:
    x=13: {t2<b6,t4<b5,t9<b2} [irregular]
    x=17: {t4<b7,t9<b4,t14<b2} [irregular]
    x=21: {t9<b6,t14<b4,t16<b3} [irregular]
  step 4, delta [[8, -2], [0, 2], [4, 0]]:
    x=13: {t2<b6,t4<b5,t9<b2} [irregular]
    x=17: {t4<b7,t10<b4,t13<b2} [irregular]
    x=21: {t10<b6,t12<b5,t17<b2} [irregular]
  step 4, delta [[12, -4], [0, 2], [4, 0]]:
    x=13: {t2<b6,t4<b5,t9<b2} [irregular]
    x=17: {t4<b7,t13<b2,t14<b2} [irregular]
    x=21: {t13<b4,t16<b3,t18<b2} [irregular]
  step 4, delta [[12, -4], [4, 0], [-4, 4]]:
    x=13: {t2<b6,t4<b5,t9<b2} [irregular]
    x=17: {t5<b6,t8<b5,t14<b2} [irregular]
    x=21: {t10<b6,t12<b5,t17<b2} [irregular]
  step 4, delta [[8, -2], [8, -2], [-4, 4]]:
    x=13: {t2<b6,t4<b5,t9<b2} [irregular]
    x=17: {t5<b6,t10<b4,t12<b3} [irregular]
    x=21: {t8<b7,t13<b4,t18<b2} [irregular]
  step 4, delta [[4, 0], [8, -2], [0, 2]]:
    x=13: {t2<b6,t4<b5,t9<b2} [irregular]
    x=17: {t6<b6,t9<b4,t12<b3} [M mod 8 in [2], M >= 59 (3 sporadic below)]
    x=21: {t10<b6,t12<b5,t17<b2} [irregular]
  step 4, delta [[8, -2], [4, 0], [4, 0]]:
    x=13: {t2<b6,t4<b5,t9<b2} [irregular]
    x=17: {t8<b5,t10<b4,t13<b2} [irregular]
    x=21: {t14<b4,t16<b3,t17<b2} [irregular]
  step 4, delta [[4, 0], [-4, 4], [0, 2]]:
    x=13: {t2<b6,t4<b5,t11<b1} [irregular]
    x=17: {t0<b9,t6<b6,t11<b3} [irregular]
    x=21: {t2<b10,t4<b9,t11<b5} [irregular]
  step 4, delta [[4, 0], [-4, 4], [4, 0]]:
    x=13: {t2<b6,t4<b5,t11<b1} [irregular]
    x=17: {t0<b9,t6<b6,t15<b1} [irregular]
    x=21: {t2<b10,t4<b9,t19<b1} [irregular]
  step 4, delta [[8, -2], [-4, 4], [-4, 4]]:
    x=13: {t2<b6,t4<b5,t11<b1} [irregular]
    x=17: {t0<b9,t7<b5,t10<b4} [irregular]
    x=21: {t3<b9,t6<b8,t8<b7} [irregular]
  step 4, delta [[12, -4], [-4, 4], [-4, 4]]:
    x=13: {t2<b6,t4<b5,t11<b1} [irregular]
    x=17: {t0<b9,t7<b5,t14<b2} [irregular]
    x=21: {t3<b9,t10<b6,t12<b5} [irregular]
  step 4, delta [[8, -2], [-4, 4], [0, 2]]:
    x=13: {t2<b6,t4<b5,t11<b1} [irregular]
    x=17: {t0<b9,t10<b4,t11<b3} [M mod 8 in [3], M >= 60 (2 sporadic below)]
    x=21: {t6<b8,t8<b7,t11<b5} [M mod 8 in [5], M >= 22 (0 sporadic below)]
  step 4, delta [[12, -4], [-4, 4], [0, 2]]:
    x=13: {t2<b6,t4<b5,t11<b1} [irregular]
    x=17: {t0<b9,t11<b3,t14<b2} [irregular]
    x=21: {t7<b7,t12<b5,t14<b4} [irregular]
  step 4, delta [[0, 2], [12, -4], [-8, 6]]:
    x=13: {t2<b6,t4<b5,t11<b1} [irregular]
    x=17: {t2<b8,t3<b7,t16<b1} [irregular]
    x=21: {t2<b10,t8<b7,t15<b3} [irregular]
  step 4, delta [[0, 2], [0, 2], [0, 2]]:
    x=13: {t2<b6,t4<b5,t11<b1} [irregular]
    x=17: {t2<b8,t4<b7,t11<b3} [irregular]
    x=21: {t2<b10,t4<b9,t11<b5} [irregular]
  step 4, delta [[0, 2], [4, 0], [-4, 4]]:
    x=13: {t2<b6,t4<b5,t11<b1} [irregular]
    x=17: {t2<b8,t7<b5,t8<b5} [irregular]
    x=21: {t2<b10,t4<b9,t11<b5} [irregular]
  step 4, delta [[0, 2], [8, -2], [-4, 4]]:
    x=13: {t2<b6,t4<b5,t11<b1} [irregular]
    x=17: {t2<b8,t7<b5,t12<b3} [irregular]
    x=21: {t2<b10,t8<b7,t15<b3} [irregular]
  step 4, delta [[0, 2], [12, -4], [-4, 4]]:
    x=13: {t2<b6,t4<b5,t11<b1} [irregular]
    x=17: {t2<b8,t7<b5,t16<b1} [irregular]
    x=21: {t2<b10,t12<b5,t19<b1} [irregular]
  step 4, delta [[0, 2], [4, 0], [0, 2]]:
    x=13: {t2<b6,t4<b5,t11<b1} [irregular]
    x=17: {t2<b8,t8<b5,t11<b3} [irregular]
    x=21: {t2<b10,t11<b5,t12<b5} [irregular]
  step 4, delta [[0, 2], [4, 0], [4, 0]]:
    x=13: {t2<b6,t4<b5,t11<b1} [irregular]
    x=17: {t2<b8,t8<b5,t15<b1} [irregular]
    x=21: {t2<b10,t12<b5,t19<b1} [irregular]
  step 4, delta [[0, 2], [8, -2], [0, 2]]:
    x=13: {t2<b6,t4<b5,t11<b1} [irregular]
    x=17: {t2<b8,t11<b3,t12<b3} [irregular]
    x=21: {t2<b10,t12<b5,t19<b1} [irregular]
  step 4, delta [[0, 2], [8, -2], [4, 0]]:
    x=13: {t2<b6,t4<b5,t11<b1} [irregular]
    x=17: {t2<b8,t12<b3,t15<b1} [irregular]
    x=21: {t2<b10,t19<b1,t20<b1} [irregular]
  step 4, delta [[4, 0], [4, 0], [-8, 6]]:
    x=13: {t2<b6,t4<b5,t11<b1} [irregular]
    x=17: {t3<b7,t6<b6,t8<b5} [irregular]
    x=21: {t0<b11,t7<b7,t10<b6} [irregular]
  step 4, delta [[8, -2], [4, 0], [-8, 6]]:
    x=13: {t2<b6,t4<b5,t11<b1} [irregular]
    x=17: {t3<b7,t8<b5,t10<b4} [irregular]
    x=21: {t2<b10,t11<b5,t12<b5} [irregular]
  step 4, delta [[12, -4], [4, 0], [-8, 6]]:
    x=13: {t2<b6,t4<b5,t11<b1} [irregular]
    x=17: {t3<b7,t8<b5,t14<b2} [irregular]
    x=21: {t6<b8,t12<b5,t15<b3} [irregular]
  step 4, delta [[12, -4], [8, -2], [-8, 6]]:
    x=13: {t2<b6,t4<b5,t11<b1} [irregular]
    x=17: {t3<b7,t12<b3,t14<b2} [irregular]
    x=21: {t6<b8,t15<b3,t20<b1} [irregular]
  step 4, delta [[4, 0], [0, 2], [0, 2]]:
    x=13: {t2<b6,t4<b5,t11<b1} [irregular]
    x=17: {t4<b7,t6<b6,t11<b3} [irregular]
    x=21: {t6<b8,t8<b7,t11<b5} [M mod 8 in [5], M >= 22 (0 sporadic below)]
  step 4, delta [[4, 0], [0, 2], [4, 0]]:
    x=13: {t2<b6,t4<b5,t11<b1} [irregular]
    x=17: {t4<b7,t6<b6,t15<b1} [M mod 8 in [5]]
    x=21: {t6<b8,t8<b7,t19<b1} [irregular]
  step 4, delta [[8, -2], [0, 2], [-4, 4]]:
    x=13: {t2<b6,t4<b5,t11<b1} [irregular]
    x=17: {t4<b7,t7<b5,t10<b4} [M mod 8 in [1], M >= 18 (0 sporadic below)]
    x=21: {t6<b8,t7<b7,t12<b5} [irregular]
  step 4, delta [[12, -4], [0, 2], [-4, 4]]:
    x=13: {t2<b6,t4<b5,t11<b1} [irregular]
    x=17: {t4<b7,t7<b5,t14<b2} [irregular]
    x=21: {t7<b7,t10<b6,t16<b3} [irregular]
  step 4, delta [[8, -2], [0, 2], [0, 2]]:
    x=13: {t2<b6,t4<b5,t11<b1} [irregular]
    x=17: {t4<b7,t10<b4,t11<b3} [irregular]
    x=21: {t10<b6,t11<b5,t12<b5} [irregular]
  step 4, delta [[8, -2], [0, 2], [4, 0]]:
    x=13: {t2<b6,t4<b5,t11<b1} [irregular]
    x=17: {t4<b7,t10<b4,t15<b1} [irregular]
    x=21: {t10<b6,t12<b5,t19<b1} [irregular]
  step 4, delta [[12, -4], [0, 2], [4, 0]]:
    x=13: {t2<b6,t4<b5,t11<b1} [irregular]
    x=17: {t4<b7,t14<b2,t15<b1} [M mod 8 in [5], M >= 62 (2 sporadic below)]
    x=21: {t14<b4,t16<b3,t19<b1} [M mod 8 in [1], M >= 26 (0 sporadic below)]
  step 4, delta [[4, 0], [4, 0], [-4, 4]]:
    x=13: {t2<b6,t4<b5,t11<b1} [irregular]
    x=17: {t6<b6,t7<b5,t8<b5} [irregular]
    x=21: {t4<b9,t10<b6,t11<b5} [irregular]
  step 4, delta [[4, 0], [8, -2], [-4, 4]]:
    x=13: {t2<b6,t4<b5,t11<b1} [irregular]
    x=17: {t6<b6,t7<b5,t12<b3} [irregular]
    x=21: {t8<b7,t10<b6,t15<b3} [irregular]
  step 4, delta [[4, 0], [12, -4], [-4, 4]]:
    x=13: {t2<b6,t4<b5,t11<b1} [irregular]
    x=17: {t6<b6,t7<b5,t16<b1} [irregular]
    x=21: {t10<b6,t12<b5,t19<b1} [irregular]
  step 4, delta [[4, 0], [4, 0], [0, 2]]:
    x=13: {t2<b6,t4<b5,t11<b1} [irregular]
    x=17: {t6<b6,t8<b5,t11<b3} [M mod 8 in [3]]
    x=21: {t10<b6,t11<b5,t12<b5} [irregular]
  step 4, delta [[4, 0], [4, 0], [4, 0]]:
    x=13: {t2<b6,t4<b5,t11<b1} [irregular]
    x=17: {t6<b6,t8<b5,t15<b1} [irregular]
    x=21: {t10<b6,t12<b5,t19<b1} [irregular]
  step 4, delta [[4, 0], [8, -2], [0, 2]]:
    x=13: {t2<b6,t4<b5,t11<b1} [irregular]
    x=17: {t6<b6,t11<b3,t12<b3} [irregular]
    x=21: {t10<b6,t12<b5,t19<b1} [irregular]
  step 4, delta [[4, 0], [8, -2], [4, 0]]:
    x=13: {t2<b6,t4<b5,t11<b1} [irregular]
    x=17: {t6<b6,t12<b3,t15<b1} [irregular]
    x=21: {t10<b6,t19<b1,t20<b1} [irregular]
  step 4, delta [[12, -4], [8, -2], [-4, 4]]:
    x=13: {t2<b6,t4<b5,t11<b1} [irregular]
    x=17: {t7<b5,t12<b3,t14<b2} [irregular]
    x=21: {t10<b6,t19<b1,t20<b1} [irregular]
  step 4, delta [[8, -2], [4, 0], [4, 0]]:
    x=13: {t2<b6,t4<b5,t11<b1} [irregular]
    x=17: {t8<b5,t10<b4,t15<b1} [irregular]
    x=21: {t14<b4,t16<b3,t19<b1} [M mod 8 in [1], M >= 26 (0 sporadic below)]
  step 4, delta [[12, -4], [4, 0], [0, 2]]:
    x=13: {t2<b6,t4<b5,t11<b1} [irregular]
    x=17: {t8<b5,t11<b3,t14<b2} [M mod 8 in [3], M >= 60 (3 sporadic below)]
    x=21: {t14<b4,t15<b3,t20<b1} [irregular]
  step 4, delta [[8, -2], [8, -2], [0, 2]]:
    x=13: {t2<b6,t4<b5,t11<b1} [irregular]
    x=17: {t10<b4,t11<b3,t12<b3} [irregular]
    x=21: {t12<b5,t18<b2,t19<b1} [irregular]
  step 4, delta [[8, -2], [8, -2], [4, 0]]:
    x=13: {t2<b6,t4<b5,t11<b1} [irregular]
    x=17: {t10<b4,t12<b3,t15<b1} [irregular]
    x=21: {t18<b2,t19<b1,t20<b1} [irregular]
  step 4, delta [[4, 0], [-4, 4], [0, 2]]:
    x=13: {t2<b6,t5<b4,t7<b3} [M mod 8 in [3]]
    x=17: {t1<b8,t6<b6,t7<b5} [M mod 8 in [7]]
    x=21: {t2<b10,t5<b8,t7<b7} [M mod 8 in [7]]
  step 4, delta [[4, 0], [-4, 4], [4, 0]]:
    x=13: {t2<b6,t5<b4,t7<b3} [M mod 8 in [3]]
    x=17: {t1<b8,t6<b6,t11<b3} [irregular]
    x=21: {t2<b10,t5<b8,t15<b3} [M mod 8 in [7], M >= 64 (4 sporadic below)]
  step 4, delta [[8, -2], [-4, 4], [0, 2]]:
    x=13: {t2<b6,t5<b4,t7<b3} [M mod 8 in [3]]
    x=17: {t1<b8,t7<b5,t10<b4} [irregular]
    x=21: {t3<b9,t9<b6,t10<b6} [irregular]
  step 4, delta [[12, -4], [-4, 4], [0, 2]]:
    x=13: {t2<b6,t5<b4,t7<b3} [M mod 8 in [3]]
    x=17: {t1<b8,t7<b5,t14<b2} [irregular]
    x=21: {t3<b9,t13<b4,t14<b4} [irregular]
  step 4, delta [[12, -4], [-4, 4], [4, 0]]:
    x=13: {t2<b6,t5<b4,t7<b3} [M mod 8 in [3]]
    x=17: {t1<b8,t11<b3,t14<b2} [M mod 8 in [3], M >= 68 (1 sporadic below)]
    x=21: {t7<b7,t13<b4,t18<b2} [irregular]
  step 4, delta [[0, 2], [0, 2], [-4, 4]]:
    x=13: {t2<b6,t5<b4,t7<b3} [M mod 8 in [3]]
    x=17: {t2<b8,t3<b7,t5<b6} [irregular]
    x=21: {t1<b10,t2<b10,t3<b9} [irregular]
  step 4, delta [[0, 2], [0, 2], [0, 2]]:
    x=13: {t2<b6,t5<b4,t7<b3} [M mod 8 in [3]]
    x=17: {t2<b8,t5<b6,t7<b5} [M mod 8 in [5]]
    x=21: {t2<b10,t5<b8,t7<b7} [M mod 8 in [7]]
  step 4, delta [[0, 2], [0, 2], [4, 0]]:
    x=13: {t2<b6,t5<b4,t7<b3} [M mod 8 in [3]]
    x=17: {t2<b8,t5<b6,t11<b3} [irregular]
    x=21: {t2<b10,t5<b8,t15<b3} [M mod 8 in [7], M >= 64 (4 sporadic below)]
  step 4, delta [[0, 2], [8, -2], [0, 2]]:
    x=13: {t2<b6,t5<b4,t7<b3} [M mod 8 in [3]]
    x=17: {t2<b8,t7<b5,t13<b2} [irregular]
    x=21: {t2<b10,t13<b4,t15<b3} [irregular]
  step 4, delta [[0, 2], [8, -2], [4, 0]]:
    x=13: {t2<b6,t5<b4,t7<b3} [M mod 8 in [3]]
    x=17: {t2<b8,t11<b3,t13<b2} [irregular]
    x=21: {t2<b10,t17<b2,t19<b1} [irregular]
  step 4, delta [[4, 0], [0, 2], [-4, 4]]:
    x=13: {t2<b6,t5<b4,t7<b3} [M mod 8 in [3]]
    x=17: {t3<b7,t5<b6,t6<b6} [irregular]
    x=21: {t2<b10,t5<b8,t7<b7} [M mod 8 in [7]]
  step 4, delta [[12, -4], [0, 2], [-4, 4]]:
    x=13: {t2<b6,t5<b4,t7<b3} [M mod 8 in [3]]
    x=17: {t3<b7,t5<b6,t14<b2} [irregular]
    x=21: {t5<b8,t10<b6,t15<b3} [irregular]
  step 4, delta [[4, 0], [8, -2], [-4, 4]]:
    x=13: {t2<b6,t5<b4,t7<b3} [M mod 8 in [3]]
    x=17: {t3<b7,t6<b6,t13<b2} [irregular]
    x=21: {t7<b7,t9<b6,t14<b4} [M mod 8 in [5], M >= 22 (0 sporadic below)]
  step 4, delta [[12, -4], [4, 0], [-4, 4]]:
    x=13: {t2<b6,t5<b4,t7<b3} [M mod 8 in [3]]
    x=17: {t3<b7,t9<b4,t14<b2} [irregular]
    x=21: {t10<b6,t13<b4,t15<b3} [M mod 8 in [3], M >= 20 (0 sporadic below)]
  step 4, delta [[8, -2], [8, -2], [-4, 4]]:
    x=13: {t2<b6,t5<b4,t7<b3} [M mod 8 in [3]]
    x=17: {t3<b7,t10<b4,t13<b2} [irregular]
    x=21: {t9<b6,t11<b5,t18<b2} [irregular]
  step 4, delta [[8, -2], [0, 2], [0, 2]]:
    x=13: {t2<b6,t5<b4,t7<b3} [M mod 8 in [3]]
    x=17: {t5<b6,t7<b5,t10<b4} [irregular]
    x=21: {t7<b7,t10<b6,t13<b4} [irregular]
  step 4, delta [[12, -4], [0, 2], [0, 2]]:
    x=13: {t2<b6,t5<b4,t7<b3} [M mod 8 in [3]]
    x=17: {t5<b6,t7<b5,t14<b2} [irregular]
    x=21: {t7<b7,t14<b4,t17<b2} [irregular]
  step 4, delta [[8, -2], [0, 2], [4, 0]]:
    x=13: {t2<b6,t5<b4,t7<b3} [M mod 8 in [3]]
    x=17: {t5<b6,t10<b4,t11<b3} [M mod 8 in [1], M >= 58 (3 sporadic below)]
    x=21: {t10<b6,t13<b4,t15<b3} [M mod 8 in [3], M >= 20 (0 sporadic below)]
  step 4, delta [[4, 0], [8, -2], [0, 2]]:
    x=13: {t2<b6,t5<b4,t7<b3} [M mod 8 in [3]]
    x=17: {t6<b6,t7<b5,t13<b2} [irregular]
    x=21: {t10<b6,t13<b4,t15<b3} [M mod 8 in [3], M >= 20 (0 sporadic below)]
  step 4, delta [[4, 0], [8, -2], [4, 0]]:
    x=13: {t2<b6,t5<b4,t7<b3} [M mod 8 in [3]]
    x=17: {t6<b6,t11<b3,t13<b2} [irregular]
    x=21: {t10<b6,t17<b2,t19<b1} [irregular]
  step 4, delta [[8, -2], [8, -2], [0, 2]]:
    x=13: {t2<b6,t5<b4,t7<b3} [M mod 8 in [3]]
    x=17: {t7<b5,t10<b4,t13<b2} [irregular]
    x=21: {t13<b4,t15<b3,t18<b2} [irregular]
  step 4, delta [[0, 2], [8, -2], [-8, 6]]:
    x=13: {t2<b6,t5<b4,t8<b3} [M mod 8 in [6], M >= 63 (1 sporadic below)]
    x=17: {t0<b9,t2<b8,t13<b2} [irregular]
    x=21: {t0<b11,t5<b8,t10<b6} [irregular]
  step 4, delta [[8, -2], [0, 2], [-8, 6]]:
    x=13: {t2<b6,t5<b4,t8<b3} [M mod 8 in [6], M >= 63 (1 sporadic below)]
    x=17: {t0<b9,t5<b6,t10<b4} [irregular]
    x=21: {t2<b10,t5<b8,t8<b7} [M mod 8 in [2], M >= 19 (0 sporadic below)]
  step 4, delta [[8, -2], [4, 0], [-8, 6]]:
    x=13: {t2<b6,t5<b4,t8<b3} [M mod 8 in [6], M >= 63 (1 sporadic below)]
    x=17: {t0<b9,t9<b4,t10<b4} [irregular]
    x=21: {t2<b10,t8<b7,t13<b4} [irregular]
  step 4, delta [[8, -2], [8, -2], [-8, 6]]:
    x=13: {t2<b6,t5<b4,t8<b3} [M mod 8 in [6], M >= 63 (1 sporadic below)]
    x=17: {t0<b9,t10<b4,t13<b2} [irregular]
    x=21: {t5<b8,t8<b7,t18<b2} [irregular]
  step 4, delta [[12, -4], [-4, 4], [-4, 4]]:
    x=13: {t2<b6,t5<b4,t8<b3} [M mod 8 in [6], M >= 63 (1 sporadic below)]
    x=17: {t1<b8,t4<b7,t14<b2} [irregular]
    x=21: {t0<b11,t10<b6,t13<b4} [irregular]
  step 4, delta [[4, 0], [-4, 4], [0, 2]]:
    x=13: {t2<b6,t5<b4,t8<b3} [M mod 8 in [6], M >= 63 (1 sporadic below)]
    x=17: {t1<b8,t6<b6,t8<b5} [irregular]
    x=21: {t2<b10,t5<b8,t8<b7} [M mod 8 in [2], M >= 19 (0 sporadic below)]
  step 4, delta [[4, 0], [-4, 4], [4, 0]]:
    x=13: {t2<b6,t5<b4,t8<b3} [M mod 8 in [6], M >= 63 (1 sporadic below)]
    x=17: {t1<b8,t6<b6,t12<b3} [irregular]
    x=21: {t2<b10,t5<b8,t16<b3} [M mod 8 in [2], M >= 19 (0 sporadic below)]
  step 4, delta [[8, -2], [-4, 4], [0, 2]]:
    x=13: {t2<b6,t5<b4,t8<b3} [M mod 8 in [6], M >= 63 (1 sporadic below)]
    x=17: {t1<b8,t8<b5,t10<b4} [irregular]
    x=21: {t4<b9,t9<b6,t10<b6} [irregular]
  step 4, delta [[12, -4], [-4, 4], [0, 2]]:
    x=13: {t2<b6,t5<b4,t8<b3} [M mod 8 in [6], M >= 63 (1 sporadic below)]
    x=17: {t1<b8,t8<b5,t14<b2} [irregular]
    x=21: {t4<b9,t13<b4,t14<b4} [irregular]
  step 4, delta [[8, -2], [-4, 4], [4, 0]]:
    x=13: {t2<b6,t5<b4,t8<b3} [M mod 8 in [6], M >= 63 (1 sporadic below)]
    x=17: {t1<b8,t10<b4,t12<b3} [irregular]
    x=21: {t6<b8,t9<b6,t16<b3} [irregular]
  step 4, delta [[12, -4], [-4, 4], [4, 0]]:
    x=13: {t2<b6,t5<b4,t8<b3} [M mod 8 in [6], M >= 63 (1 sporadic below)]
    x=17: {t1<b8,t12<b3,t14<b2} [irregular]
    x=21: {t8<b7,t13<b4,t18<b2} [irregular]
  step 4, delta [[0, 2], [4, 0], [-4, 4]]:
    x=13: {t2<b6,t5<b4,t8<b3} [M mod 8 in [6], M >= 63 (1 sporadic below)]
    x=17: {t2<b8,t4<b7,t9<b4} [irregular]
    x=21: {t2<b10,t5<b8,t8<b7} [M mod 8 in [2], M >= 19 (0 sporadic below)]
  step 4, delta [[0, 2], [0, 2], [0, 2]]:
    x=13: {t2<b6,t5<b4,t8<b3} [M mod 8 in [6], M >= 63 (1 sporadic below)]
    x=17: {t2<b8,t5<b6,t8<b5} [M mod 8 in [0], M >= 17 (0 sporadic below)]
    x=21: {t2<b10,t5<b8,t8<b7} [M mod 8 in [2], M >= 19 (0 sporadic below)]
  step 4, delta [[0, 2], [0, 2], [4, 0]]:
    x=13: {t2<b6,t5<b4,t8<b3} [M mod 8 in [6], M >= 63 (1 sporadic below)]
    x=17: {t2<b8,t5<b6,t12<b3} [irregular]
    x=21: {t2<b10,t5<b8,t16<b3} [M mod 8 in [2], M >= 19 (0 sporadic below)]
  step 4, delta [[4, 0], [8, -2], [-4, 4]]:
    x=13: {t2<b6,t5<b4,t8<b3} [M mod 8 in [6], M >= 63 (1 sporadic below)]
    x=17: {t4<b7,t6<b6,t13<b2} [irregular]
    x=21: {t8<b7,t9<b6,t14<b4} [irregular]
  step 4, delta [[12, -4], [4, 0], [-4, 4]]:
    x=13: {t2<b6,t5<b4,t8<b3} [M mod 8 in [6], M >= 63 (1 sporadic below)]
    x=17: {t4<b7,t9<b4,t14<b2} [irregular]
    x=21: {t10<b6,t13<b4,t16<b3} [M mod 8 in [6], M >= 31 (0 sporadic below)]
  step 4, delta [[8, -2], [0, 2], [0, 2]]:
    x=13: {t2<b6,t5<b4,t8<b3} [M mod 8 in [6], M >= 63 (1 sporadic below)]
    x=17: {t5<b6,t8<b5,t10<b4} [irregular]
    x=21: {t8<b7,t10<b6,t13<b4} [irregular]
  step 4, delta [[12, -4], [0, 2], [0, 2]]:
    x=13: {t2<b6,t5<b4,t8<b3} [M mod 8 in [6], M >= 63 (1 sporadic below)]
    x=17: {t5<b6,t8<b5,t14<b2} [irregular]
    x=21: {t8<b7,t14<b4,t17<b2} [irregular]
  step 4, delta [[8, -2], [0, 2], [4, 0]]:
    x=13: {t2<b6,t5<b4,t8<b3} [M mod 8 in [6], M >= 63 (1 sporadic below)]
    x=17: {t5<b6,t10<b4,t12<b3} [irregular]
    x=21: {t10<b6,t13<b4,t16<b3} [M mod 8 in [6], M >= 31 (0 sporadic below)]
  step 4, delta [[12, -4], [0, 2], [4, 0]]:
    x=13: {t2<b6,t5<b4,t8<b3} [M mod 8 in [6], M >= 63 (1 sporadic below)]
    x=17: {t5<b6,t12<b3,t14<b2} [irregular]
    x=21: {t12<b5,t17<b2,t18<b2} [irregular]
  step 4, delta [[4, 0], [8, -2], [0, 2]]:
    x=13: {t2<b6,t5<b4,t8<b3} [M mod 8 in [6], M >= 63 (1 sporadic below)]
    x=17: {t6<b6,t8<b5,t13<b2} [irregular]
    x=21: {t10<b6,t13<b4,t16<b3} [M mod 8 in [6], M >= 31 (0 sporadic below)]
  step 4, delta [[8, -2], [8, -2], [0, 2]]:
    x=13: {t2<b6,t5<b4,t8<b3} [M mod 8 in [6], M >= 63 (1 sporadic below)]
    x=17: {t8<b5,t10<b4,t13<b2} [irregular]
    x=21: {t13<b4,t16<b3,t18<b2} [irregular]
  step 4, delta [[4, 0], [-4, 4], [0, 2]]:
    x=13: {t2<b6,t5<b4,t11<b1} [irregular]
    x=17: {t1<b8,t6<b6,t11<b3} [irregular]
    x=21: {t2<b10,t5<b8,t11<b5} [irregular]
  step 4, delta [[4, 0], [-4, 4], [4, 0]]:
    x=13: {t2<b6,t5<b4,t11<b1} [irregular]
    x=17: {t1<b8,t6<b6,t15<b1} [M mod 8 in [7], M >= 64 (4 sporadic below)]
    x=21: {t2<b10,t5<b8,t19<b1} [irregular]
  step 4, delta [[8, -2], [-4, 4], [-4, 4]]:
    x=13: {t2<b6,t5<b4,t11<b1} [irregular]
    x=17: {t1<b8,t7<b5,t10<b4} [irregular]
    x=21: {t3<b9,t6<b8,t9<b6} [irregular]
  step 4, delta [[12, -4], [-4, 4], [-4, 4]]:
    x=13: {t2<b6,t5<b4,t11<b1} [irregular]
    x=17: {t1<b8,t7<b5,t14<b2} [irregular]
    x=21: {t3<b9,t10<b6,t13<b4} [irregular]
  step 4, delta [[12, -4], [-4, 4], [0, 2]]:
    x=13: {t2<b6,t5<b4,t11<b1} [irregular]
    x=17: {t1<b8,t11<b3,t14<b2} [M mod 8 in [3], M >= 68 (1 sporadic below)]
    x=21: {t7<b7,t13<b4,t14<b4} [irregular]
  step 4, delta [[0, 2], [8, -2], [-8, 6]]:
    x=13: {t2<b6,t5<b4,t11<b1} [irregular]
    x=17: {t2<b8,t3<b7,t13<b2} [irregular]
    x=21: {t2<b10,t5<b8,t11<b5} [irregular]
  step 4, delta [[0, 2], [0, 2], [0, 2]]:
    x=13: {t2<b6,t5<b4,t11<b1} [irregular]
    x=17: {t2<b8,t5<b6,t11<b3} [irregular]
    x=21: {t2<b10,t5<b8,t11<b5} [irregular]
  step 4, delta [[0, 2], [0, 2], [4, 0]]:
    x=13: {t2<b6,t5<b4,t11<b1} [irregular]
    x=17: {t2<b8,t5<b6,t15<b1} [M mod 8 in [5], M >= 62 (4 sporadic below)]
    x=21: {t2<b10,t5<b8,t19<b1} [irregular]
  step 4, delta [[0, 2], [8, -2], [0, 2]]:
    x=13: {t2<b6,t5<b4,t11<b1} [irregular]
    x=17: {t2<b8,t11<b3,t13<b2} [irregular]
    x=21: {t2<b10,t13<b4,t19<b1} [irregular]
  step 4, delta [[8, -2], [0, 2], [-8, 6]]:
    x=13: {t2<b6,t5<b4,t11<b1} [irregular]
    x=17: {t3<b7,t5<b6,t10<b4} [M mod 8 in [1]]
    x=21: {t2<b10,t5<b8,t11<b5} [irregular]
  step 4, delta [[4, 0], [4, 0], [-8, 6]]:
    x=13: {t2<b6,t5<b4,t11<b1} [irregular]
    x=17: {t3<b7,t6<b6,t9<b4} [irregular]
    x=21: {t1<b10,t7<b7,t10<b6} [irregular]
  step 4, delta [[4, 0], [8, -2], [-8, 6]]:
    x=13: {t2<b6,t5<b4,t11<b1} [irregular]
    x=17: {t3<b7,t6<b6,t13<b2} [irregular]
    x=21: {t5<b8,t7<b7,t14<b4} [irregular]
  step 4, delta [[8, -2], [4, 0], [-8, 6]]:
    x=13: {t2<b6,t5<b4,t11<b1} [irregular]
    x=17: {t3<b7,t9<b4,t10<b4} [irregular]
    x=21: {t2<b10,t11<b5,t13<b4} [irregular]
  step 4, delta [[12, -4], [4, 0], [-8, 6]]:
    x=13: {t2<b6,t5<b4,t11<b1} [irregular]
    x=17: {t3<b7,t9<b4,t14<b2} [irregular]
    x=21: {t6<b8,t13<b4,t15<b3} [irregular]
  step 4, delta [[8, -2], [8, -2], [-8, 6]]:
    x=13: {t2<b6,t5<b4,t11<b1} [irregular]
    x=17: {t3<b7,t10<b4,t13<b2} [irregular]
    x=21: {t5<b8,t11<b5,t18<b2} [irregular]
  step 4, delta [[12, -4], [0, 2], [-4, 4]]:
    x=13: {t2<b6,t5<b4,t11<b1} [irregular]
    x=17: {t5<b6,t7<b5,t14<b2} [irregular]
    x=21: {t7<b7,t10<b6,t17<b2} [irregular]
  step 4, delta [[8, -2], [0, 2], [0, 2]]:
    x=13: {t2<b6,t5<b4,t11<b1} [irregular]
    x=17: {t5<b6,t10<b4,t11<b3} [M mod 8 in [1], M >= 58 (3 sporadic below)]
    x=21: {t10<b6,t11<b5,t13<b4} [irregular]
  step 4, delta [[8, -2], [0, 2], [4, 0]]:
    x=13: {t2<b6,t5<b4,t11<b1} [irregular]
    x=17: {t5<b6,t10<b4,t15<b1} [irregular]
    x=21: {t10<b6,t13<b4,t19<b1} [irregular]
  step 4, delta [[4, 0], [4, 0], [-4, 4]]:
    x=13: {t2<b6,t5<b4,t11<b1} [irregular]
    x=17: {t6<b6,t7<b5,t9<b4} [irregular]
    x=21: {t5<b8,t10<b6,t11<b5} [M mod 8 in [3], M >= 20 (0 sporadic below)]
  step 4, delta [[4, 0], [4, 0], [0, 2]]:
    x=13: {t2<b6,t5<b4,t11<b1} [irregular]
    x=17: {t6<b6,t9<b4,t11<b3} [irregular]
    x=21: {t10<b6,t11<b5,t13<b4} [irregular]
  step 4, delta [[4, 0], [8, -2], [0, 2]]:
    x=13: {t2<b6,t5<b4,t11<b1} [irregular]
    x=17: {t6<b6,t11<b3,t13<b2} [irregular]
    x=21: {t10<b6,t13<b4,t19<b1} [irregular]
  step 4, delta [[12, -4], [4, 0], [-4, 4]]:
    x=13: {t2<b6,t5<b4,t11<b1} [irregular]
    x=17: {t7<b5,t9<b4,t14<b2} [M mod 8 in [3], M >= 20 (0 sporadic below)]
    x=21: {t10<b6,t13<b4,t19<b1} [irregular]
  step 4, delta [[8, -2], [8, -2], [-4, 4]]:
    x=13: {t2<b6,t5<b4,t11<b1} [irregular]
    x=17: {t7<b5,t10<b4,t13<b2} [irregular]
    x=21: {t9<b6,t15<b3,t18<b2} [irregular]
  step 4, delta [[8, -2], [8, -2], [0, 2]]:
    x=13: {t2<b6,t5<b4,t11<b1} [irregular]
    x=17: {t10<b4,t11<b3,t13<b2} [irregular]
    x=21: {t13<b4,t18<b2,t19<b1} [M mod 8 in [7], M >= 32 (0 sporadic below)]
  step 4, delta [[4, 0], [8, -2], [-12, 8]]:
    x=13: {t2<b6,t5<b4,t12<b1} [irregular]
    x=17: {t0<b9,t6<b6,t13<b2} [irregular]
    x=21: {t1<b10,t4<b9,t14<b4} [irregular]
  step 4, delta [[12, -4], [4, 0], [-12, 8]]:
    x=13: {t2<b6,t5<b4,t12<b1} [irregular]
    x=17: {t0<b9,t9<b4,t14<b2} [irregular]
    x=21: {t2<b10,t12<b5,t13<b4} [M mod 8 in [6], M >= 63 (2 sporadic below)]
  step 4, delta [[12, -4], [-4, 4], [-8, 6]]:
    x=13: {t2<b6,t5<b4,t12<b1} [irregular]
    x=17: {t1<b8,t4<b7,t14<b2} [irregular]
    x=21: {t0<b11,t6<b8,t13<b4} [irregular]
  step 4, delta [[4, 0], [-4, 4], [0, 2]]:
    x=13: {t2<b6,t5<b4,t12<b1} [irregular]
    x=17: {t1<b8,t6<b6,t12<b3} [irregular]
    x=21: {t2<b10,t5<b8,t12<b5} [irregular]
  step 4, delta [[4, 0], [-4, 4], [4, 0]]:
    x=13: {t2<b6,t5<b4,t12<b1} [irregular]
    x=17: {t1<b8,t6<b6,t16<b1} [irregular]
    x=21: {t2<b10,t5<b8,t20<b1} [irregular]
  step 4, delta [[8, -2], [-4, 4], [-4, 4]]:
    x=13: {t2<b6,t5<b4,t12<b1} [irregular]
    x=17: {t1<b8,t8<b5,t10<b4} [irregular]
    x=21: {t4<b9,t6<b8,t9<b6} [M mod 8 in [4], M >= 21 (0 sporadic below)]
  step 4, delta [[12, -4], [-4, 4], [-4, 4]]:
    x=13: {t2<b6,t5<b4,t12<b1} [irregular]
    x=17: {t1<b8,t8<b5,t14<b2} [irregular]
    x=21: {t4<b9,t10<b6,t13<b4} [irregular]
  step 4, delta [[8, -2], [-4, 4], [0, 2]]:
    x=13: {t2<b6,t5<b4,t12<b1} [irregular]
    x=17: {t1<b8,t10<b4,t12<b3} [irregular]
    x=21: {t6<b8,t9<b6,t12<b5} [M mod 8 in [4], M >= 21 (0 sporadic below)]
  step 4, delta [[8, -2], [-4, 4], [4, 0]]:
    x=13: {t2<b6,t5<b4,t12<b1} [irregular]
    x=17: {t1<b8,t10<b4,t16<b1} [irregular]
    x=21: {t6<b8,t9<b6,t20<b1} [M mod 8 in [4], M >= 21 (0 sporadic below)]
  step 4, delta [[12, -4], [-4, 4], [0, 2]]:
    x=13: {t2<b6,t5<b4,t12<b1} [irregular]
    x=17: {t1<b8,t12<b3,t14<b2} [irregular]
    x=21: {t8<b7,t13<b4,t14<b4} [irregular]
  step 4, delta [[12, -4], [-4, 4], [4, 0]]:
    x=13: {t2<b6,t5<b4,t12<b1} [irregular]
    x=17: {t1<b8,t14<b2,t16<b1} [irregular]
    x=21: {t10<b6,t13<b4,t20<b1} [irregular]
  step 4, delta [[0, 2], [8, -2], [-8, 6]]:
    x=13: {t2<b6,t5<b4,t12<b1} [irregular]
    x=17: {t2<b8,t4<b7,t13<b2} [M mod 8 in [4]]
    x=21: {t2<b10,t5<b8,t12<b5} [irregular]
  step 4, delta [[0, 2], [0, 2], [0, 2]]:
    x=13: {t2<b6,t5<b4,t12<b1} [irregular]
    x=17: {t2<b8,t5<b6,t12<b3} [irregular]
    x=21: {t2<b10,t5<b8,t12<b5} [irregular]
  step 4, delta [[0, 2], [0, 2], [4, 0]]:
    x=13: {t2<b6,t5<b4,t12<b1} [irregular]
    x=17: {t2<b8,t5<b6,t16<b1} [M mod 8 in [0], M >= 17 (0 sporadic below)]
    x=21: {t2<b10,t5<b8,t20<b1} [irregular]
  step 4, delta [[0, 2], [8, -2], [0, 2]]:
    x=13: {t2<b6,t5<b4,t12<b1} [irregular]
    x=17: {t2<b8,t12<b3,t13<b2} [M mod 8 in [4], M >= 61 (2 sporadic below)]
    x=21: {t2<b10,t13<b4,t20<b1} [M mod 8 in [6], M >= 31 (0 sporadic below)]
  step 4, delta [[8, -2], [0, 2], [-8, 6]]:
    x=13: {t2<b6,t5<b4,t12<b1} [irregular]
    x=17: {t4<b7,t5<b6,t10<b4} [irregular]
    x=21: {t2<b10,t5<b8,t12<b5} [irregular]
  step 4, delta [[4, 0], [8, -2], [-8, 6]]:
    x=13: {t2<b6,t5<b4,t12<b1} [irregular]
    x=17: {t4<b7,t6<b6,t13<b2} [irregular]
    x=21: {t5<b8,t8<b7,t14<b4} [irregular]
  step 4, delta [[8, -2], [4, 0], [-8, 6]]:
    x=13: {t2<b6,t5<b4,t12<b1} [irregular]
    x=17: {t4<b7,t9<b4,t10<b4} [irregular]
    x=21: {t2<b10,t12<b5,t13<b4} [M mod 8 in [6], M >= 63 (2 sporadic below)]
  step 4, delta [[8, -2], [8, -2], [-8, 6]]:
    x=13: {t2<b6,t5<b4,t12<b1} [irregular]
    x=17: {t4<b7,t10<b4,t13<b2} [irregular]
    x=21: {t5<b8,t12<b5,t18<b2} [irregular]
  step 4, delta [[8, -2], [0, 2], [-4, 4]]:
    x=13: {t2<b6,t5<b4,t12<b1} [irregular]
    x=17: {t5<b6,t8<b5,t10<b4} [irregular]
    x=21: {t6<b8,t8<b7,t13<b4} [irregular]
  step 4, delta [[12, -4], [0, 2], [-4, 4]]:
    x=13: {t2<b6,t5<b4,t12<b1} [irregular]
    x=17: {t5<b6,t8<b5,t14<b2} [irregular]
    x=21: {t8<b7,t10<b6,t17<b2} [irregular]
  step 4, delta [[8, -2], [0, 2], [4, 0]]:
    x=13: {t2<b6,t5<b4,t12<b1} [irregular]
    x=17: {t5<b6,t10<b4,t16<b1} [irregular]
    x=21: {t10<b6,t13<b4,t20<b1} [irregular]
  step 4, delta [[12, -4], [0, 2], [0, 2]]:
    x=13: {t2<b6,t5<b4,t12<b1} [irregular]
    x=17: {t5<b6,t12<b3,t14<b2} [irregular]
    x=21: {t12<b5,t14<b4,t17<b2} [M mod 8 in [0], M >= 25 (0 sporadic below)]
  step 4, delta [[12, -4], [0, 2], [4, 0]]:
    x=13: {t2<b6,t5<b4,t12<b1} [irregular]
    x=17: {t5<b6,t14<b2,t16<b1} [irregular]
    x=21: {t14<b4,t17<b2,t20<b1} [M mod 8 in [0], M >= 33 (0 sporadic below)]
  step 4, delta [[4, 0], [4, 0], [-4, 4]]:
    x=13: {t2<b6,t5<b4,t12<b1} [irregular]
    x=17: {t6<b6,t8<b5,t9<b4} [irregular]
    x=21: {t5<b8,t10<b6,t12<b5} [irregular]
  step 4, delta [[12, -4], [4, 0], [-4, 4]]:
    x=13: {t2<b6,t5<b4,t12<b1} [irregular]
    x=17: {t8<b5,t9<b4,t14<b2} [irregular]
    x=21: {t10<b6,t13<b4,t20<b1} [irregular]
  step 4, delta [[0, 2], [0, 2], [4, 0]]:
    x=13: {t2<b6,t6<b4,t7<b3} [irregular]
    x=17: {t2<b8,t6<b6,t11<b3} [irregular]
    x=21: {t2<b10,t6<b8,t15<b3} [irregular]
  step 4, delta [[0, 2], [4, 0], [4, 0]]:
    x=13: {t2<b6,t6<b4,t7<b3} [irregular]
    x=17: {t2<b8,t10<b4,t11<b3} [irregular]
    x=21: {t2<b10,t14<b4,t15<b3} [irregular]
  step 4, delta [[8, -2], [-4, 4], [4, 0]]:
    x=13: {t2<b6,t6<b4,t7<b3} [irregular]
    x=17: {t2<b8,t10<b4,t11<b3} [irregular]
    x=21: {t6<b8,t10<b6,t15<b3} [irregular]
  step 4, delta [[4, 0], [4, 0], [4, 0]]:
    x=13: {t2<b6,t6<b4,t7<b3} [irregular]
    x=17: {t6<b6,t10<b4,t11<b3} [irregular]
    x=21: {t10<b6,t14<b4,t15<b3} [irregular]
  step 4, delta [[0, 2], [0, 2], [0, 2]]:
    x=13: {t2<b6,t6<b4,t11<b1} [irregular]
    x=17: {t2<b8,t6<b6,t11<b3} [irregular]
    x=21: {t2<b10,t6<b8,t11<b5} [irregular]
  step 4, delta [[8, -2], [-4, 4], [0, 2]]:
    x=13: {t2<b6,t6<b4,t11<b1} [irregular]
    x=17: {t2<b8,t10<b4,t11<b3} [irregular]
    x=21: {t6<b8,t10<b6,t11<b5} [irregular]
  step 4, delta [[0, 2], [4, 0], [4, 0]]:
    x=13: {t2<b6,t6<b4,t11<b1} [irregular]
    x=17: {t2<b8,t10<b4,t15<b1} [irregular]
    x=21: {t2<b10,t14<b4,t19<b1} [irregular]
  step 4, delta [[8, -2], [-4, 4], [4, 0]]:
    x=13: {t2<b6,t6<b4,t11<b1} [irregular]
    x=17: {t2<b8,t10<b4,t15<b1} [irregular]
    x=21: {t6<b8,t10<b6,t19<b1} [irregular]
  step 4, delta [[12, -4], [-4, 4], [4, 0]]:
    x=13: {t2<b6,t6<b4,t11<b1} [irregular]
    x=17: {t2<b8,t14<b2,t15<b1} [irregular]
    x=21: {t10<b6,t14<b4,t19<b1} [irregular]
  step 4, delta [[12, -4], [0, 2], [4, 0]]:
    x=13: {t2<b6,t6<b4,t11<b1} [irregular]
    x=17: {t6<b6,t14<b2,t15<b1} [irregular]
    x=21: {t14<b4,t18<b2,t19<b1} [irregular]
  step 4, delta [[0, 2], [4, 0], [-8, 6]]:
    x=13: {t2<b6,t7<b3,t8<b3} [irregular]
    x=17: {t0<b9,t2<b8,t11<b3} [M mod 8 in [3]]
    x=21: {t0<b11,t3<b9,t6<b8} [irregular]
  step 4, delta [[0, 2], [8, -2], [-8, 6]]:
    x=13: {t2<b6,t7<b3,t8<b3} [irregular]
    x=17: {t0<b9,t2<b8,t15<b1} [irregular]
    x=21: {t0<b11,t7<b7,t10<b6} [irregular]
  step 4, delta [[4, 0], [8, -2], [-8, 6]]:
    x=13: {t2<b6,t7<b3,t8<b3} [irregular]
    x=17: {t0<b9,t6<b6,t15<b1} [irregular]
    x=21: {t4<b9,t7<b7,t14<b4} [irregular]
  step 4, delta [[12, -4], [0, 2], [-8, 6]]:
    x=13: {t2<b6,t7<b3,t8<b3} [irregular]
    x=17: {t0<b9,t7<b5,t14<b2} [irregular]
    x=21: {t6<b8,t7<b7,t12<b5} [irregular]
  step 4, delta [[8, -2], [4, 0], [-8, 6]]:
    x=13: {t2<b6,t7<b3,t8<b3} [irregular]
    x=17: {t0<b9,t10<b4,t11<b3} [M mod 8 in [3], M >= 60 (2 sporadic below)]
    x=21: {t3<b9,t8<b7,t14<b4} [irregular]
  step 4, delta [[12, -4], [4, 0], [-8, 6]]:
    x=13: {t2<b6,t7<b3,t8<b3} [irregular]
    x=17: {t0<b9,t11<b3,t14<b2} [irregular]
    x=21: {t6<b8,t12<b5,t15<b3} [irregular]
  step 4, delta [[0, 2], [8, -2], [-4, 4]]:
    x=13: {t2<b6,t7<b3,t8<b3} [irregular]
    x=17: {t2<b8,t4<b7,t15<b1} [irregular]
    x=21: {t2<b10,t11<b5,t12<b5} [irregular]
  step 4, delta [[0, 2], [4, 0], [0, 2]]:
    x=13: {t2<b6,t7<b3,t8<b3} [irregular]
    x=17: {t2<b8,t8<b5,t11<b3} [irregular]
    x=21: {t2<b10,t11<b5,t12<b5} [irregular]
  step 4, delta [[0, 2], [8, -2], [0, 2]]:
    x=13: {t2<b6,t7<b3,t8<b3} [irregular]
    x=17: {t2<b8,t8<b5,t15<b1} [irregular]
    x=21: {t2<b10,t15<b3,t16<b3} [irregular]
  step 4, delta [[0, 2], [4, 0], [4, 0]]:
    x=13: {t2<b6,t7<b3,t8<b3} [irregular]
    x=17: {t2<b8,t11<b3,t12<b3} [irregular]
    x=21: {t2<b10,t15<b3,t16<b3} [irregular]
  step 4, delta [[0, 2], [8, -2], [4, 0]]:
    x=13: {t2<b6,t7<b3,t8<b3} [irregular]
    x=17: {t2<b8,t12<b3,t15<b1} [irregular]
    x=21: {t2<b10,t19<b1,t20<b1} [irregular]
  step 4, delta [[8, -2], [-4, 4], [0, 2]]:
    x=13: {t2<b6,t7<b3,t8<b3} [irregular]
    x=17: {t3<b7,t8<b5,t10<b4} [irregular]
    x=21: {t4<b9,t10<b6,t11<b5} [irregular]
  step 4, delta [[12, -4], [-4, 4], [0, 2]]:
    x=13: {t2<b6,t7<b3,t8<b3} [irregular]
    x=17: {t3<b7,t8<b5,t14<b2} [irregular]
    x=21: {t4<b9,t14<b4,t15<b3} [M mod 8 in [7], M >= 64 (2 sporadic below)]
  step 4, delta [[8, -2], [-4, 4], [4, 0]]:
    x=13: {t2<b6,t7<b3,t8<b3} [irregular]
    x=17: {t3<b7,t10<b4,t12<b3} [irregular]
    x=21: {t6<b8,t11<b5,t16<b3} [irregular]
  step 4, delta [[4, 0], [8, -2], [-4, 4]]:
    x=13: {t2<b6,t7<b3,t8<b3} [irregular]
    x=17: {t4<b7,t6<b6,t15<b1} [M mod 8 in [5]]
    x=21: {t8<b7,t11<b5,t14<b4} [M mod 8 in [5], M >= 22 (0 sporadic below)]
  step 4, delta [[8, -2], [0, 2], [-4, 4]]:
    x=13: {t2<b6,t7<b3,t8<b3} [irregular]
    x=17: {t4<b7,t7<b5,t10<b4} [M mod 8 in [1], M >= 18 (0 sporadic below)]
    x=21: {t6<b8,t7<b7,t12<b5} [irregular]
  step 4, delta [[12, -4], [0, 2], [-4, 4]]:
    x=13: {t2<b6,t7<b3,t8<b3} [irregular]
    x=17: {t4<b7,t7<b5,t14<b2} [irregular]
    x=21: {t7<b7,t10<b6,t16<b3} [irregular]
  step 4, delta [[8, -2], [4, 0], [-4, 4]]:
    x=13: {t2<b6,t7<b3,t8<b3} [irregular]
    x=17: {t4<b7,t10<b4,t11<b3} [irregular]
    x=21: {t7<b7,t12<b5,t14<b4} [irregular]
  step 4, delta [[4, 0], [0, 2], [4, 0]]:
    x=13: {t2<b6,t7<b3,t8<b3} [irregular]
    x=17: {t6<b6,t7<b5,t12<b3} [irregular]
    x=21: {t7<b7,t10<b6,t16<b3} [irregular]
  step 4, delta [[4, 0], [4, 0], [0, 2]]:
    x=13: {t2<b6,t7<b3,t8<b3} [irregular]
    x=17: {t6<b6,t8<b5,t11<b3} [M mod 8 in [3]]
    x=21: {t10<b6,t11<b5,t12<b5} [irregular]
  step 4, delta [[4, 0], [8, -2], [0, 2]]:
    x=13: {t2<b6,t7<b3,t8<b3} [irregular]
    x=17: {t6<b6,t8<b5,t15<b1} [irregular]
    x=21: {t10<b6,t15<b3,t16<b3} [irregular]
  step 4, delta [[4, 0], [4, 0], [4, 0]]:
    x=13: {t2<b6,t7<b3,t8<b3} [irregular]
    x=17: {t6<b6,t11<b3,t12<b3} [irregular]
    x=21: {t10<b6,t15<b3,t16<b3} [irregular]
  step 4, delta [[4, 0], [8, -2], [4, 0]]:
    x=13: {t2<b6,t7<b3,t8<b3} [irregular]
    x=17: {t6<b6,t12<b3,t15<b1} [irregular]
    x=21: {t10<b6,t19<b1,t20<b1} [irregular]
  step 4, delta [[8, -2], [0, 2], [4, 0]]:
    x=13: {t2<b6,t7<b3,t8<b3} [irregular]
    x=17: {t7<b5,t10<b4,t12<b3} [irregular]
    x=21: {t10<b6,t15<b3,t16<b3} [irregular]
  step 4, delta [[12, -4], [0, 2], [4, 0]]:
    x=13: {t2<b6,t7<b3,t8<b3} [irregular]
    x=17: {t7<b5,t12<b3,t14<b2} [irregular]
    x=21: {t12<b5,t18<b2,t19<b1} [irregular]
  step 4, delta [[12, -4], [4, 0], [0, 2]]:
    x=13: {t2<b6,t7<b3,t8<b3} [irregular]
    x=17: {t8<b5,t11<b3,t14<b2} [M mod 8 in [3], M >= 60 (3 sporadic below)]
    x=21: {t14<b4,t15<b3,t20<b1} [irregular]
  step 4, delta [[8, -2], [8, -2], [4, 0]]:
    x=13: {t2<b6,t7<b3,t8<b3} [irregular]
    x=17: {t10<b4,t12<b3,t15<b1} [irregular]
    x=21: {t18<b2,t19<b1,t20<b1} [irregular]
  step 4, delta [[0, 2], [8, -2], [-12, 8]]:
    x=13: {t2<b6,t7<b3,t12<b1} [irregular]
    x=17: {t0<b9,t2<b8,t15<b1} [irregular]
    x=21: {t0<b11,t3<b9,t10<b6} [irregular]
  step 4, delta [[12, -4], [0, 2], [-12, 8]]:
    x=13: {t2<b6,t7<b3,t12<b1} [irregular]
    x=17: {t0<b9,t7<b5,t14<b2} [irregular]
    x=21: {t2<b10,t7<b7,t12<b5} [irregular]
  step 4, delta [[12, -4], [4, 0], [-12, 8]]:
    x=13: {t2<b6,t7<b3,t12<b1} [irregular]
    x=17: {t0<b9,t11<b3,t14<b2} [irregular]
    x=21: {t2<b10,t12<b5,t15<b3} [irregular]
  step 4, delta [[0, 2], [4, 0], [-8, 6]]:
    x=13: {t2<b6,t7<b3,t12<b1} [irregular]
    x=17: {t2<b8,t4<b7,t11<b3} [irregular]
    x=21: {t2<b10,t3<b9,t8<b7} [irregular]
  step 4, delta [[0, 2], [8, -2], [-8, 6]]:
    x=13: {t2<b6,t7<b3,t12<b1} [irregular]
    x=17: {t2<b8,t4<b7,t15<b1} [irregular]
    x=21: {t2<b10,t7<b7,t12<b5} [irregular]
  step 4, delta [[0, 2], [0, 2], [-4, 4]]:
    x=13: {t2<b6,t7<b3,t12<b1} [irregular]
    x=17: {t2<b8,t7<b5,t8<b5} [irregular]
    x=21: {t2<b10,t4<b9,t7<b7} [M mod 8 in [3], M >= 20 (0 sporadic below)]
  step 4, delta [[0, 2], [0, 2], [0, 2]]:
    x=13: {t2<b6,t7<b3,t12<b1} [irregular]
    x=17: {t2<b8,t7<b5,t12<b3} [irregular]
    x=21: {t2<b10,t7<b7,t12<b5} [irregular]
  step 4, delta [[0, 2], [0, 2], [4, 0]]:
    x=13: {t2<b6,t7<b3,t12<b1} [irregular]
    x=17: {t2<b8,t7<b5,t16<b1} [irregular]
    x=21: {t2<b10,t7<b7,t20<b1} [irregular]
  step 4, delta [[0, 2], [4, 0], [-4, 4]]:
    x=13: {t2<b6,t7<b3,t12<b1} [irregular]
    x=17: {t2<b8,t8<b5,t11<b3} [irregular]
    x=21: {t2<b10,t7<b7,t12<b5} [irregular]
  step 4, delta [[0, 2], [8, -2], [-4, 4]]:
    x=13: {t2<b6,t7<b3,t12<b1} [irregular]
    x=17: {t2<b8,t8<b5,t15<b1} [irregular]
    x=21: {t2<b10,t11<b5,t16<b3} [irregular]
  step 4, delta [[0, 2], [4, 0], [0, 2]]:
    x=13: {t2<b6,t7<b3,t12<b1} [irregular]
    x=17: {t2<b8,t11<b3,t12<b3} [irregular]
    x=21: {t2<b10,t12<b5,t15<b3} [irregular]
  step 4, delta [[0, 2], [4, 0], [4, 0]]:
    x=13: {t2<b6,t7<b3,t12<b1} [irregular]
    x=17: {t2<b8,t11<b3,t16<b1} [irregular]
    x=21: {t2<b10,t15<b3,t20<b1} [irregular]
  step 4, delta [[0, 2], [8, -2], [0, 2]]:
    x=13: {t2<b6,t7<b3,t12<b1} [irregular]
    x=17: {t2<b8,t12<b3,t15<b1} [irregular]
    x=21: {t2<b10,t15<b3,t20<b1} [irregular]
  step 4, delta [[4, 0], [-4, 4], [-4, 4]]:
    x=13: {t2<b6,t7<b3,t12<b1} [irregular]
    x=17: {t3<b7,t6<b6,t8<b5} [irregular]
    x=21: {t2<b10,t4<b9,t7<b7} [M mod 8 in [3], M >= 20 (0 sporadic below)]
  step 4, delta [[4, 0], [-4, 4], [4, 0]]:
    x=13: {t2<b6,t7<b3,t12<b1} [irregular]
    x=17: {t3<b7,t6<b6,t16<b1} [irregular]
    x=21: {t2<b10,t7<b7,t20<b1} [irregular]
  step 4, delta [[8, -2], [-4, 4], [-4, 4]]:
    x=13: {t2<b6,t7<b3,t12<b1} [irregular]
    x=17: {t3<b7,t8<b5,t10<b4} [irregular]
    x=21: {t4<b9,t6<b8,t11<b5} [irregular]
  step 4, delta [[12, -4], [-4, 4], [-4, 4]]:
    x=13: {t2<b6,t7<b3,t12<b1} [irregular]
    x=17: {t3<b7,t8<b5,t14<b2} [irregular]
    x=21: {t4<b9,t10<b6,t15<b3} [irregular]
  step 4, delta [[8, -2], [-4, 4], [0, 2]]:
    x=13: {t2<b6,t7<b3,t12<b1} [irregular]
    x=17: {t3<b7,t10<b4,t12<b3} [irregular]
    x=21: {t6<b8,t11<b5,t12<b5} [irregular]
  step 4, delta [[8, -2], [-4, 4], [4, 0]]:
    x=13: {t2<b6,t7<b3,t12<b1} [irregular]
    x=17: {t3<b7,t10<b4,t16<b1} [irregular]
    x=21: {t6<b8,t11<b5,t20<b1} [irregular]
  step 4, delta [[12, -4], [-4, 4], [4, 0]]:
    x=13: {t2<b6,t7<b3,t12<b1} [irregular]
    x=17: {t3<b7,t14<b2,t16<b1} [irregular]
    x=21: {t10<b6,t15<b3,t20<b1} [irregular]
  step 4, delta [[4, 0], [4, 0], [-8, 6]]:
    x=13: {t2<b6,t7<b3,t12<b1} [irregular]
    x=17: {t4<b7,t6<b6,t11<b3} [irregular]
    x=21: {t3<b9,t8<b7,t10<b6} [irregular]
  step 4, delta [[8, -2], [0, 2], [-8, 6]]:
    x=13: {t2<b6,t7<b3,t12<b1} [irregular]
    x=17: {t4<b7,t7<b5,t10<b4} [M mod 8 in [1], M >= 18 (0 sporadic below)]
    x=21: {t2<b10,t7<b7,t12<b5} [irregular]
  step 4, delta [[8, -2], [4, 0], [-8, 6]]:
    x=13: {t2<b6,t7<b3,t12<b1} [irregular]
    x=17: {t4<b7,t10<b4,t11<b3} [irregular]
    x=21: {t3<b9,t12<b5,t14<b4} [irregular]
  step 4, delta [[8, -2], [8, -2], [-8, 6]]:
    x=13: {t2<b6,t7<b3,t12<b1} [irregular]
    x=17: {t4<b7,t10<b4,t15<b1} [irregular]
    x=21: {t7<b7,t12<b5,t18<b2} [irregular]
  step 4, delta [[4, 0], [0, 2], [-4, 4]]:
    x=13: {t2<b6,t7<b3,t12<b1} [irregular]
    x=17: {t6<b6,t7<b5,t8<b5} [irregular]
    x=21: {t4<b9,t7<b7,t10<b6} [M mod 8 in [3], M >= 20 (0 sporadic below)]
  step 4, delta [[4, 0], [0, 2], [0, 2]]:
    x=13: {t2<b6,t7<b3,t12<b1} [irregular]
    x=17: {t6<b6,t7<b5,t12<b3} [irregular]
    x=21: {t7<b7,t10<b6,t12<b5} [irregular]
  step 4, delta [[4, 0], [0, 2], [4, 0]]:
    x=13: {t2<b6,t7<b3,t12<b1} [irregular]
    x=17: {t6<b6,t7<b5,t16<b1} [irregular]
    x=21: {t7<b7,t10<b6,t20<b1} [irregular]
  step 4, delta [[4, 0], [4, 0], [-4, 4]]:
    x=13: {t2<b6,t7<b3,t12<b1} [irregular]
    x=17: {t6<b6,t8<b5,t11<b3} [M mod 8 in [3]]
    x=21: {t7<b7,t10<b6,t12<b5} [irregular]
  step 4, delta [[4, 0], [8, -2], [-4, 4]]:
    x=13: {t2<b6,t7<b3,t12<b1} [irregular]
    x=17: {t6<b6,t8<b5,t15<b1} [irregular]
    x=21: {t10<b6,t11<b5,t16<b3} [irregular]
  step 4, delta [[4, 0], [4, 0], [0, 2]]:
    x=13: {t2<b6,t7<b3,t12<b1} [irregular]
    x=17: {t6<b6,t11<b3,t12<b3} [irregular]
    x=21: {t10<b6,t12<b5,t15<b3} [irregular]
  step 4, delta [[4, 0], [8, -2], [0, 2]]:
    x=13: {t2<b6,t7<b3,t12<b1} [irregular]
    x=17: {t6<b6,t12<b3,t15<b1} [irregular]
    x=21: {t10<b6,t15<b3,t20<b1} [irregular]
  step 4, delta [[8, -2], [0, 2], [0, 2]]:
    x=13: {t2<b6,t7<b3,t12<b1} [irregular]
    x=17: {t7<b5,t10<b4,t12<b3} [irregular]
    x=21: {t10<b6,t12<b5,t15<b3} [irregular]
  step 4, delta [[8, -2], [0, 2], [4, 0]]:
    x=13: {t2<b6,t7<b3,t12<b1} [irregular]
    x=17: {t7<b5,t10<b4,t16<b1} [irregular]
    x=21: {t10<b6,t15<b3,t20<b1} [irregular]
  step 4, delta [[12, -4], [0, 2], [4, 0]]:
    x=13: {t2<b6,t7<b3,t12<b1} [irregular]
    x=17: {t7<b5,t14<b2,t16<b1} [irregular]
    x=21: {t14<b4,t19<b1,t20<b1} [irregular]
  step 4, delta [[12, -4], [4, 0], [-4, 4]]:
    x=13: {t2<b6,t7<b3,t12<b1} [irregular]
    x=17: {t8<b5,t11<b3,t14<b2} [M mod 8 in [3], M >= 60 (3 sporadic below)]
    x=21: {t10<b6,t15<b3,t20<b1} [irregular]
  step 4, delta [[8, -2], [4, 0], [0, 2]]:
    x=13: {t2<b6,t7<b3,t12<b1} [irregular]
    x=17: {t10<b4,t11<b3,t12<b3} [irregular]
    x=21: {t12<b5,t15<b3,t18<b2} [M mod 8 in [7], M >= 32 (0 sporadic below)]
  step 4, delta [[8, -2], [4, 0], [4, 0]]:
    x=13: {t2<b6,t7<b3,t12<b1} [irregular]
    x=17: {t10<b4,t11<b3,t16<b1} [irregular]
    x=21: {t15<b3,t18<b2,t20<b1} [irregular]
  step 4, delta [[8, -2], [8, -2], [0, 2]]:
    x=13: {t2<b6,t7<b3,t12<b1} [irregular]
    x=17: {t10<b4,t12<b3,t15<b1} [irregular]
    x=21: {t15<b3,t18<b2,t20<b1} [irregular]
  step 4, delta [[8, -2], [-8, 6], [0, 2]]:
    x=13: {t2<b6,t8<b3,t11<b1} [irregular]
    x=17: {t0<b9,t10<b4,t11<b3} [M mod 8 in [3], M >= 60 (2 sporadic below)]
    x=21: {t2<b10,t8<b7,t11<b5} [irregular]
  step 4, delta [[12, -4], [-8, 6], [0, 2]]:
    x=13: {t2<b6,t8<b3,t11<b1} [irregular]
    x=17: {t0<b9,t11<b3,t14<b2} [irregular]
    x=21: {t3<b9,t12<b5,t14<b4} [irregular]
  step 4, delta [[0, 2], [0, 2], [-8, 6]]:
    x=13: {t2<b6,t8<b3,t11<b1} [irregular]
    x=17: {t2<b8,t3<b7,t8<b5} [irregular]
    x=21: {t0<b11,t2<b10,t3<b9} [irregular]
  step 4, delta [[0, 2], [8, -2], [-8, 6]]:
    x=13: {t2<b6,t8<b3,t11<b1} [irregular]
    x=17: {t2<b8,t3<b7,t16<b1} [irregular]
    x=21: {t2<b10,t8<b7,t11<b5} [irregular]
  step 4, delta [[0, 2], [-4, 4], [-4, 4]]:
    x=13: {t2<b6,t8<b3,t11<b1} [irregular]
    x=17: {t2<b8,t4<b7,t7<b5} [M mod 8 in [1], M >= 18 (0 sporadic below)]
    x=21: {t0<b11,t2<b10,t3<b9} [irregular]
  step 4, delta [[0, 2], [-4, 4], [0, 2]]:
    x=13: {t2<b6,t8<b3,t11<b1} [irregular]
    x=17: {t2<b8,t4<b7,t11<b3} [irregular]
    x=21: {t0<b11,t2<b10,t11<b5} [M mod 8 in [5], M >= 22 (0 sporadic below)]
  step 4, delta [[0, 2], [-4, 4], [4, 0]]:
    x=13: {t2<b6,t8<b3,t11<b1} [irregular]
    x=17: {t2<b8,t4<b7,t15<b1} [irregular]
    x=21: {t0<b11,t2<b10,t19<b1} [irregular]
  step 4, delta [[0, 2], [0, 2], [-4, 4]]:
    x=13: {t2<b6,t8<b3,t11<b1} [irregular]
    x=17: {t2<b8,t7<b5,t8<b5} [irregular]
    x=21: {t2<b10,t4<b9,t7<b7} [M mod 8 in [3], M >= 20 (0 sporadic below)]
  step 4, delta [[0, 2], [4, 0], [-4, 4]]:
    x=13: {t2<b6,t8<b3,t11<b1} [irregular]
    x=17: {t2<b8,t7<b5,t12<b3} [irregular]
    x=21: {t2<b10,t8<b7,t11<b5} [irregular]
  step 4, delta [[0, 2], [8, -2], [-4, 4]]:
    x=13: {t2<b6,t8<b3,t11<b1} [irregular]
    x=17: {t2<b8,t7<b5,t16<b1} [irregular]
    x=21: {t2<b10,t12<b5,t15<b3} [irregular]
  step 4, delta [[0, 2], [0, 2], [0, 2]]:
    x=13: {t2<b6,t8<b3,t11<b1} [irregular]
    x=17: {t2<b8,t8<b5,t11<b3} [irregular]
    x=21: {t2<b10,t8<b7,t11<b5} [irregular]
  step 4, delta [[0, 2], [0, 2], [4, 0]]:
    x=13: {t2<b6,t8<b3,t11<b1} [irregular]
    x=17: {t2<b8,t8<b5,t15<b1} [irregular]
    x=21: {t2<b10,t8<b7,t19<b1} [M mod 8 in [1], M >= 18 (0 sporadic below)]
  step 4, delta [[0, 2], [4, 0], [0, 2]]:
    x=13: {t2<b6,t8<b3,t11<b1} [irregular]
    x=17: {t2<b8,t11<b3,t12<b3} [irregular]
    x=21: {t2<b10,t12<b5,t15<b3} [irregular]
  step 4, delta [[0, 2], [8, -2], [0, 2]]:
    x=13: {t2<b6,t8<b3,t11<b1} [irregular]
    x=17: {t2<b8,t11<b3,t16<b1} [irregular]
    x=21: {t2<b10,t16<b3,t19<b1} [irregular]
  step 4, delta [[0, 2], [4, 0], [4, 0]]:
    x=13: {t2<b6,t8<b3,t11<b1} [irregular]
    x=17: {t2<b8,t12<b3,t15<b1} [irregular]
    x=21: {t2<b10,t16<b3,t19<b1} [irregular]
  step 4, delta [[8, -2], [0, 2], [-8, 6]]:
    x=13: {t2<b6,t8<b3,t11<b1} [irregular]
    x=17: {t3<b7,t8<b5,t10<b4} [irregular]
    x=21: {t2<b10,t8<b7,t11<b5} [irregular]
  step 4, delta [[12, -4], [0, 2], [-8, 6]]:
    x=13: {t2<b6,t8<b3,t11<b1} [irregular]
    x=17: {t3<b7,t8<b5,t14<b2} [irregular]
    x=21: {t6<b8,t8<b7,t15<b3} [irregular]
  step 4, delta [[8, -2], [8, -2], [-8, 6]]:
    x=13: {t2<b6,t8<b3,t11<b1} [irregular]
    x=17: {t3<b7,t10<b4,t16<b1} [irregular]
    x=21: {t8<b7,t11<b5,t18<b2} [irregular]
  step 4, delta [[12, -4], [4, 0], [-8, 6]]:
    x=13: {t2<b6,t8<b3,t11<b1} [irregular]
    x=17: {t3<b7,t12<b3,t14<b2} [irregular]
    x=21: {t6<b8,t15<b3,t16<b3} [irregular]
  step 4, delta [[4, 0], [-4, 4], [0, 2]]:
    x=13: {t2<b6,t8<b3,t11<b1} [irregular]
    x=17: {t4<b7,t6<b6,t11<b3} [irregular]
    x=21: {t2<b10,t8<b7,t11<b5} [irregular]
  step 4, delta [[4, 0], [-4, 4], [4, 0]]:
    x=13: {t2<b6,t8<b3,t11<b1} [irregular]
    x=17: {t4<b7,t6<b6,t15<b1} [M mod 8 in [5]]
    x=21: {t2<b10,t8<b7,t19<b1} [M mod 8 in [1], M >= 18 (0 sporadic below)]
  step 4, delta [[8, -2], [-4, 4], [-4, 4]]:
    x=13: {t2<b6,t8<b3,t11<b1} [irregular]
    x=17: {t4<b7,t7<b5,t10<b4} [M mod 8 in [1], M >= 18 (0 sporadic below)]
    x=21: {t3<b9,t6<b8,t12<b5} [irregular]
  step 4, delta [[12, -4], [-4, 4], [-4, 4]]:
    x=13: {t2<b6,t8<b3,t11<b1} [irregular]
    x=17: {t4<b7,t7<b5,t14<b2} [irregular]
    x=21: {t3<b9,t10<b6,t16<b3} [irregular]
  step 4, delta [[8, -2], [-4, 4], [0, 2]]:
    x=13: {t2<b6,t8<b3,t11<b1} [irregular]
    x=17: {t4<b7,t10<b4,t11<b3} [irregular]
    x=21: {t6<b8,t11<b5,t12<b5} [irregular]
  step 4, delta [[8, -2], [-4, 4], [4, 0]]:
    x=13: {t2<b6,t8<b3,t11<b1} [irregular]
    x=17: {t4<b7,t10<b4,t15<b1} [irregular]
    x=21: {t6<b8,t12<b5,t19<b1} [irregular]
  step 4, delta [[12, -4], [-4, 4], [4, 0]]:
    x=13: {t2<b6,t8<b3,t11<b1} [irregular]
    x=17: {t4<b7,t14<b2,t15<b1} [M mod 8 in [5], M >= 62 (2 sporadic below)]
    x=21: {t10<b6,t16<b3,t19<b1} [irregular]
  step 4, delta [[4, 0], [0, 2], [-4, 4]]:
    x=13: {t2<b6,t8<b3,t11<b1} [irregular]
    x=17: {t6<b6,t7<b5,t8<b5} [irregular]
    x=21: {t4<b9,t7<b7,t10<b6} [M mod 8 in [3], M >= 20 (0 sporadic below)]
  step 4, delta [[4, 0], [8, -2], [-4, 4]]:
    x=13: {t2<b6,t8<b3,t11<b1} [irregular]
    x=17: {t6<b6,t7<b5,t16<b1} [irregular]
    x=21: {t10<b6,t12<b5,t15<b3} [irregular]
  step 4, delta [[4, 0], [0, 2], [4, 0]]:
    x=13: {t2<b6,t8<b3,t11<b1} [irregular]
    x=17: {t6<b6,t8<b5,t15<b1} [irregular]
    x=21: {t8<b7,t10<b6,t19<b1} [M mod 8 in [1], M >= 26 (0 sporadic below)]
  step 4, delta [[4, 0], [4, 0], [0, 2]]:
    x=13: {t2<b6,t8<b3,t11<b1} [irregular]
    x=17: {t6<b6,t11<b3,t12<b3} [irregular]
    x=21: {t10<b6,t12<b5,t15<b3} [irregular]
  step 4, delta [[4, 0], [8, -2], [0, 2]]:
    x=13: {t2<b6,t8<b3,t11<b1} [irregular]
    x=17: {t6<b6,t11<b3,t16<b1} [irregular]
    x=21: {t10<b6,t16<b3,t19<b1} [irregular]
  step 4, delta [[8, -2], [8, -2], [-4, 4]]:
    x=13: {t2<b6,t8<b3,t11<b1} [irregular]
    x=17: {t7<b5,t10<b4,t16<b1} [irregular]
    x=21: {t12<b5,t15<b3,t18<b2} [M mod 8 in [7], M >= 32 (0 sporadic below)]
  step 4, delta [[12, -4], [4, 0], [-4, 4]]:
    x=13: {t2<b6,t8<b3,t11<b1} [irregular]
    x=17: {t7<b5,t12<b3,t14<b2} [irregular]
    x=21: {t10<b6,t16<b3,t19<b1} [irregular]
  step 4, delta [[8, -2], [0, 2], [4, 0]]:
    x=13: {t2<b6,t8<b3,t11<b1} [irregular]
    x=17: {t8<b5,t10<b4,t15<b1} [irregular]
    x=21: {t10<b6,t16<b3,t19<b1} [irregular]
  step 4, delta [[8, -2], [4, 0], [0, 2]]:
    x=13: {t2<b6,t8<b3,t11<b1} [irregular]
    x=17: {t10<b4,t11<b3,t12<b3} [irregular]
    x=21: {t12<b5,t15<b3,t18<b2} [M mod 8 in [7], M >= 32 (0 sporadic below)]
  step 4, delta [[0, 2], [0, 2], [0, 2]]:
    x=13: {t2<b6,t10<b2,t11<b1} [irregular]
    x=17: {t2<b8,t10<b4,t11<b3} [irregular]
    x=21: {t2<b10,t10<b6,t11<b5} [irregular]
  step 4, delta [[0, 2], [4, 0], [4, 0]]:
    x=13: {t2<b6,t10<b2,t11<b1} [irregular]
    x=17: {t2<b8,t14<b2,t15<b1} [irregular]
    x=21: {t2<b10,t18<b2,t19<b1} [irregular]
  step 4, delta [[12, -4], [-8, 6], [4, 0]]:
    x=13: {t2<b6,t10<b2,t11<b1} [irregular]
    x=17: {t2<b8,t14<b2,t15<b1} [irregular]
    x=21: {t6<b8,t14<b4,t19<b1} [irregular]
  step 4, delta [[8, -2], [-4, 4], [4, 0]]:
    x=13: {t2<b6,t10<b2,t11<b1} [irregular]
    x=17: {t6<b6,t10<b4,t15<b1} [irregular]
    x=21: {t6<b8,t14<b4,t19<b1} [irregular]
  step 4, delta [[0, 2], [4, 0], [-12, 8]]:
    x=13: {t2<b6,t11<b1,t12<b1} [irregular]
    x=17: {t0<b9,t2<b8,t15<b1} [irregular]
    x=21: {t0<b11,t3<b9,t6<b8} [irregular]
  step 4, delta [[12, -4], [-4, 4], [-12, 8]]:
    x=13: {t2<b6,t11<b1,t12<b1} [irregular]
    x=17: {t0<b9,t7<b5,t14<b2} [irregular]
    x=21: {t2<b10,t3<b9,t12<b5} [irregular]
  step 4, delta [[12, -4], [0, 2], [-12, 8]]:
    x=13: {t2<b6,t11<b1,t12<b1} [irregular]
    x=17: {t0<b9,t11<b3,t14<b2} [irregular]
    x=21: {t2<b10,t11<b5,t12<b5} [irregular]
  step 4, delta [[0, 2], [-4, 4], [0, 2]]:
    x=13: {t2<b6,t11<b1,t12<b1} [irregular]
    x=17: {t2<b8,t7<b5,t12<b3} [irregular]
    x=21: {t2<b10,t3<b9,t12<b5} [irregular]
  step 4, delta [[0, 2], [4, 0], [-4, 4]]:
    x=13: {t2<b6,t11<b1,t12<b1} [irregular]
    x=17: {t2<b8,t8<b5,t15<b1} [irregular]
    x=21: {t2<b10,t11<b5,t12<b5} [irregular]
  step 4, delta [[0, 2], [0, 2], [0, 2]]:
    x=13: {t2<b6,t11<b1,t12<b1} [irregular]
    x=17: {t2<b8,t11<b3,t12<b3} [irregular]
    x=21: {t2<b10,t11<b5,t12<b5} [irregular]
  step 4, delta [[0, 2], [4, 0], [0, 2]]:
    x=13: {t2<b6,t11<b1,t12<b1} [irregular]
    x=17: {t2<b8,t12<b3,t15<b1} [irregular]
    x=21: {t2<b10,t15<b3,t16<b3} [irregular]
  step 4, delta [[0, 2], [4, 0], [4, 0]]:
    x=13: {t2<b6,t11<b1,t12<b1} [irregular]
    x=17: {t2<b8,t15<b1,t16<b1} [irregular]
    x=21: {t2<b10,t19<b1,t20<b1} [irregular]
  step 4, delta [[8, -2], [-8, 6], [-4, 4]]:
    x=13: {t2<b6,t11<b1,t12<b1} [irregular]
    x=17: {t3<b7,t8<b5,t10<b4} [irregular]
    x=21: {t0<b11,t6<b8,t11<b5} [irregular]
  step 4, delta [[12, -4], [-8, 6], [-4, 4]]:
    x=13: {t2<b6,t11<b1,t12<b1} [irregular]
    x=17: {t3<b7,t8<b5,t14<b2} [irregular]
    x=21: {t0<b11,t10<b6,t15<b3} [irregular]
  step 4, delta [[8, -2], [-8, 6], [0, 2]]:
    x=13: {t2<b6,t11<b1,t12<b1} [irregular]
    x=17: {t3<b7,t10<b4,t12<b3} [irregular]
    x=21: {t2<b10,t11<b5,t12<b5} [irregular]
  step 4, delta [[8, -2], [-8, 6], [4, 0]]:
    x=13: {t2<b6,t11<b1,t12<b1} [irregular]
    x=17: {t3<b7,t10<b4,t16<b1} [irregular]
    x=21: {t2<b10,t11<b5,t20<b1} [irregular]
  step 4, delta [[12, -4], [-8, 6], [0, 2]]:
    x=13: {t2<b6,t11<b1,t12<b1} [irregular]
    x=17: {t3<b7,t12<b3,t14<b2} [irregular]
    x=21: {t4<b9,t14<b4,t15<b3} [M mod 8 in [7], M >= 64 (2 sporadic below)]
  step 4, delta [[12, -4], [-8, 6], [4, 0]]:
    x=13: {t2<b6,t11<b1,t12<b1} [irregular]
    x=17: {t3<b7,t14<b2,t16<b1} [irregular]
    x=21: {t6<b8,t15<b3,t20<b1} [irregular]
  step 4, delta [[4, 0], [0, 2], [-8, 6]]:
    x=13: {t2<b6,t11<b1,t12<b1} [irregular]
    x=17: {t4<b7,t6<b6,t11<b3} [irregular]
    x=21: {t3<b9,t6<b8,t8<b7} [irregular]
  step 4, delta [[8, -2], [-4, 4], [-8, 6]]:
    x=13: {t2<b6,t11<b1,t12<b1} [irregular]
    x=17: {t4<b7,t7<b5,t10<b4} [M mod 8 in [1], M >= 18 (0 sporadic below)]
    x=21: {t2<b10,t3<b9,t12<b5} [irregular]
  step 4, delta [[12, -4], [-4, 4], [-8, 6]]:
    x=13: {t2<b6,t11<b1,t12<b1} [irregular]
    x=17: {t4<b7,t7<b5,t14<b2} [irregular]
    x=21: {t3<b9,t6<b8,t16<b3} [irregular]
  step 4, delta [[8, -2], [0, 2], [-8, 6]]:
    x=13: {t2<b6,t11<b1,t12<b1} [irregular]
    x=17: {t4<b7,t10<b4,t11<b3} [irregular]
    x=21: {t3<b9,t10<b6,t12<b5} [irregular]
  step 4, delta [[8, -2], [4, 0], [-8, 6]]:
    x=13: {t2<b6,t11<b1,t12<b1} [irregular]
    x=17: {t4<b7,t10<b4,t15<b1} [irregular]
    x=21: {t7<b7,t12<b5,t14<b4} [irregular]
  step 4, delta [[12, -4], [4, 0], [-8, 6]]:
    x=13: {t2<b6,t11<b1,t12<b1} [irregular]
    x=17: {t4<b7,t14<b2,t15<b1} [M mod 8 in [5], M >= 62 (2 sporadic below)]
    x=21: {t7<b7,t16<b3,t18<b2} [irregular]
  step 4, delta [[4, 0], [-4, 4], [0, 2]]:
    x=13: {t2<b6,t11<b1,t12<b1} [irregular]
    x=17: {t6<b6,t7<b5,t12<b3} [irregular]
    x=21: {t3<b9,t10<b6,t12<b5} [irregular]
  step 4, delta [[4, 0], [4, 0], [-4, 4]]:
    x=13: {t2<b6,t11<b1,t12<b1} [irregular]
    x=17: {t6<b6,t8<b5,t15<b1} [irregular]
    x=21: {t10<b6,t11<b5,t12<b5} [irregular]
  step 4, delta [[4, 0], [0, 2], [0, 2]]:
    x=13: {t2<b6,t11<b1,t12<b1} [irregular]
    x=17: {t6<b6,t11<b3,t12<b3} [irregular]
    x=21: {t10<b6,t11<b5,t12<b5} [irregular]
  step 4, delta [[4, 0], [0, 2], [4, 0]]:
    x=13: {t2<b6,t11<b1,t12<b1} [irregular]
    x=17: {t6<b6,t11<b3,t16<b1} [irregular]
    x=21: {t10<b6,t11<b5,t20<b1} [irregular]
  step 4, delta [[4, 0], [4, 0], [0, 2]]:
    x=13: {t2<b6,t11<b1,t12<b1} [irregular]
    x=17: {t6<b6,t12<b3,t15<b1} [irregular]
    x=21: {t10<b6,t15<b3,t16<b3} [irregular]
  step 4, delta [[8, -2], [-4, 4], [0, 2]]:
    x=13: {t2<b6,t11<b1,t12<b1} [irregular]
    x=17: {t7<b5,t10<b4,t12<b3} [irregular]
    x=21: {t6<b8,t12<b5,t15<b3} [irregular]
  step 4, delta [[8, -2], [-4, 4], [4, 0]]:
    x=13: {t2<b6,t11<b1,t12<b1} [irregular]
    x=17: {t7<b5,t10<b4,t16<b1} [irregular]
    x=21: {t6<b8,t15<b3,t20<b1} [irregular]
  step 4, delta [[12, -4], [-4, 4], [0, 2]]:
    x=13: {t2<b6,t11<b1,t12<b1} [irregular]
    x=17: {t7<b5,t12<b3,t14<b2} [irregular]
    x=21: {t8<b7,t14<b4,t19<b1} [irregular]
  step 4, delta [[12, -4], [-4, 4], [4, 0]]:
    x=13: {t2<b6,t11<b1,t12<b1} [irregular]
    x=17: {t7<b5,t14<b2,t16<b1} [irregular]
    x=21: {t10<b6,t19<b1,t20<b1} [irregular]
  step 4, delta [[8, -2], [4, 0], [-4, 4]]:
    x=13: {t2<b6,t11<b1,t12<b1} [irregular]
    x=17: {t8<b5,t10<b4,t15<b1} [irregular]
    x=21: {t11<b5,t14<b4,t16<b3} [irregular]
  step 4, delta [[12, -4], [0, 2], [-4, 4]]:
    x=13: {t2<b6,t11<b1,t12<b1} [irregular]
    x=17: {t8<b5,t11<b3,t14<b2} [M mod 8 in [3], M >= 60 (3 sporadic below)]
    x=21: {t10<b6,t11<b5,t20<b1} [irregular]
  step 4, delta [[8, -2], [0, 2], [4, 0]]:
    x=13: {t2<b6,t11<b1,t12<b1} [irregular]
    x=17: {t10<b4,t11<b3,t16<b1} [irregular]
    x=21: {t11<b5,t18<b2,t20<b1} [irregular]
  step 4, delta [[8, -2], [4, 0], [4, 0]]:
    x=13: {t2<b6,t11<b1,t12<b1} [irregular]
    x=17: {t10<b4,t15<b1,t16<b1} [irregular]
    x=21: {t18<b2,t19<b1,t20<b1} [irregular]
  step 4, delta [[0, 2], [8, -2], [-8, 6]]:
    x=13: {t3<b5,t5<b4,t8<b3} [irregular]
    x=17: {t0<b9,t3<b7,t13<b2} [M mod 8 in [4], M >= 61 (4 sporadic below)]
    x=21: {t0<b11,t5<b8,t11<b5} [irregular]
  step 4, delta [[8, -2], [0, 2], [-8, 6]]:
    x=13: {t3<b5,t5<b4,t8<b3} [irregular]
    x=17: {t0<b9,t5<b6,t11<b3} [irregular]
    x=21: {t3<b9,t5<b8,t8<b7} [irregular]
  step 4, delta [[8, -2], [4, 0], [-8, 6]]:
    x=13: {t3<b5,t5<b4,t8<b3} [irregular]
    x=17: {t0<b9,t9<b4,t11<b3} [irregular]
    x=21: {t3<b9,t8<b7,t13<b4} [irregular]
  step 4, delta [[8, -2], [8, -2], [-8, 6]]:
    x=13: {t3<b5,t5<b4,t8<b3} [irregular]
    x=17: {t0<b9,t11<b3,t13<b2} [irregular]
    x=21: {t5<b8,t8<b7,t19<b1} [irregular]
  step 4, delta [[4, 0], [-4, 4], [-4, 4]]:
    x=13: {t3<b5,t5<b4,t8<b3} [irregular]
    x=17: {t1<b8,t4<b7,t7<b5} [irregular]
    x=21: {t0<b11,t3<b9,t5<b8} [M mod 8 in [6]]
  step 4, delta [[12, -4], [-4, 4], [-4, 4]]:
    x=13: {t3<b5,t5<b4,t8<b3} [irregular]
    x=17: {t1<b8,t4<b7,t15<b1} [irregular]
    x=21: {t0<b11,t11<b5,t13<b4} [irregular]
  step 4, delta [[4, 0], [-4, 4], [0, 2]]:
    x=13: {t3<b5,t5<b4,t8<b3} [irregular]
    x=17: {t1<b8,t7<b5,t8<b5} [irregular]
    x=21: {t3<b9,t5<b8,t8<b7} [irregular]
  step 4, delta [[4, 0], [-4, 4], [4, 0]]:
    x=13: {t3<b5,t5<b4,t8<b3} [irregular]
    x=17: {t1<b8,t7<b5,t12<b3} [irregular]
    x=21: {t3<b9,t5<b8,t16<b3} [M mod 8 in [6]]
  step 4, delta [[12, -4], [-4, 4], [0, 2]]:
    x=13: {t3<b5,t5<b4,t8<b3} [irregular]
    x=17: {t1<b8,t8<b5,t15<b1} [irregular]
    x=21: {t4<b9,t13<b4,t15<b3} [irregular]
  step 4, delta [[8, -2], [-4, 4], [4, 0]]:
    x=13: {t3<b5,t5<b4,t8<b3} [irregular]
    x=17: {t1<b8,t11<b3,t12<b3} [irregular]
    x=21: {t7<b7,t9<b6,t16<b3} [irregular]
  step 4, delta [[12, -4], [-4, 4], [4, 0]]:
    x=13: {t3<b5,t5<b4,t8<b3} [irregular]
    x=17: {t1<b8,t12<b3,t15<b1} [irregular]
    x=21: {t8<b7,t13<b4,t19<b1} [irregular]
  step 4, delta [[0, 2], [0, 2], [0, 2]]:
    x=13: {t3<b5,t5<b4,t8<b3} [irregular]
    x=17: {t3<b7,t5<b6,t8<b5} [irregular]
    x=21: {t3<b9,t5<b8,t8<b7} [irregular]
  step 4, delta [[0, 2], [0, 2], [4, 0]]:
    x=13: {t3<b5,t5<b4,t8<b3} [irregular]
    x=17: {t3<b7,t5<b6,t12<b3} [irregular]
    x=21: {t3<b9,t5<b8,t16<b3} [M mod 8 in [6]]
  step 4, delta [[0, 2], [4, 0], [0, 2]]:
    x=13: {t3<b5,t5<b4,t8<b3} [irregular]
    x=17: {t3<b7,t8<b5,t9<b4} [M mod 8 in [0], M >= 17 (0 sporadic below)]
    x=21: {t3<b9,t9<b6,t12<b5} [irregular]
  step 4, delta [[0, 2], [8, -2], [0, 2]]:
    x=13: {t3<b5,t5<b4,t8<b3} [irregular]
    x=17: {t3<b7,t8<b5,t13<b2} [irregular]
    x=21: {t3<b9,t13<b4,t16<b3} [M mod 8 in [6], M >= 63 (2 sporadic below)]
  step 4, delta [[0, 2], [4, 0], [4, 0]]:
    x=13: {t3<b5,t5<b4,t8<b3} [irregular]
    x=17: {t3<b7,t9<b4,t12<b3} [irregular]
    x=21: {t3<b9,t13<b4,t16<b3} [M mod 8 in [6], M >= 63 (2 sporadic below)]
  step 4, delta [[4, 0], [0, 2], [-4, 4]]:
    x=13: {t3<b5,t5<b4,t8<b3} [irregular]
    x=17: {t4<b7,t5<b6,t7<b5} [irregular]
    x=21: {t3<b9,t5<b8,t8<b7} [irregular]
  step 4, delta [[12, -4], [0, 2], [-4, 4]]:
    x=13: {t3<b5,t5<b4,t8<b3} [irregular]
    x=17: {t4<b7,t5<b6,t15<b1} [irregular]
    x=21: {t5<b8,t11<b5,t16<b3} [irregular]
  step 4, delta [[8, -2], [4, 0], [-4, 4]]:
    x=13: {t3<b5,t5<b4,t8<b3} [irregular]
    x=17: {t4<b7,t9<b4,t11<b3} [irregular]
    x=21: {t7<b7,t12<b5,t13<b4} [M mod 8 in [4], M >= 29 (0 sporadic below)]
  step 4, delta [[12, -4], [4, 0], [-4, 4]]:
    x=13: {t3<b5,t5<b4,t8<b3} [irregular]
    x=17: {t4<b7,t9<b4,t15<b1} [irregular]
    x=21: {t11<b5,t13<b4,t16<b3} [irregular]
  step 4, delta [[8, -2], [8, -2], [-4, 4]]:
    x=13: {t3<b5,t5<b4,t8<b3} [irregular]
    x=17: {t4<b7,t11<b3,t13<b2} [irregular]
    x=21: {t9<b6,t12<b5,t19<b1} [irregular]
  step 4, delta [[4, 0], [0, 2], [4, 0]]:
    x=13: {t3<b5,t5<b4,t8<b3} [irregular]
    x=17: {t5<b6,t7<b5,t12<b3} [M mod 8 in [2]]
    x=21: {t7<b7,t9<b6,t16<b3} [irregular]
  step 4, delta [[8, -2], [0, 2], [0, 2]]:
    x=13: {t3<b5,t5<b4,t8<b3} [irregular]
    x=17: {t5<b6,t8<b5,t11<b3} [irregular]
    x=21: {t8<b7,t11<b5,t13<b4} [M mod 8 in [2], M >= 19 (0 sporadic below)]
  step 4, delta [[8, -2], [0, 2], [4, 0]]:
    x=13: {t3<b5,t5<b4,t8<b3} [irregular]
    x=17: {t5<b6,t11<b3,t12<b3} [irregular]
    x=21: {t11<b5,t13<b4,t16<b3} [irregular]
  step 4, delta [[12, -4], [0, 2], [4, 0]]:
    x=13: {t3<b5,t5<b4,t8<b3} [irregular]
    x=17: {t5<b6,t12<b3,t15<b1} [irregular]
    x=21: {t12<b5,t17<b2,t19<b1} [irregular]
  step 4, delta [[4, 0], [8, -2], [4, 0]]:
    x=13: {t3<b5,t5<b4,t8<b3} [irregular]
    x=17: {t7<b5,t12<b3,t13<b2} [M mod 8 in [2], M >= 59 (2 sporadic below)]
    x=21: {t11<b5,t17<b2,t20<b1} [irregular]
  step 4, delta [[8, -2], [4, 0], [0, 2]]:
    x=13: {t3<b5,t5<b4,t8<b3} [irregular]
    x=17: {t8<b5,t9<b4,t11<b3} [irregular]
    x=21: {t11<b5,t13<b4,t16<b3} [irregular]
  step 4, delta [[8, -2], [8, -2], [0, 2]]:
    x=13: {t3<b5,t5<b4,t8<b3} [irregular]
    x=17: {t8<b5,t11<b3,t13<b2} [M mod 8 in [0], M >= 17 (0 sporadic below)]
    x=21: {t13<b4,t16<b3,t19<b1} [irregular]
  step 4, delta [[12, -4], [-4, 4], [-4, 4]]:
    x=13: {t3<b5,t5<b4,t10<b2} [M mod 8 in [7]]
    x=17: {t1<b8,t6<b6,t15<b1} [M mod 8 in [7], M >= 64 (4 sporadic below)]
    x=21: {t2<b10,t11<b5,t13<b4} [irregular]
  step 4, delta [[4, 0], [-4, 4], [0, 2]]:
    x=13: {t3<b5,t5<b4,t10<b2} [M mod 8 in [7]]
    x=17: {t1<b8,t7<b5,t10<b4} [irregular]
    x=21: {t3<b9,t5<b8,t10<b6} [M mod 8 in [3], M >= 20 (0 sporadic below)]
  step 4, delta [[4, 0], [-4, 4], [4, 0]]:
    x=13: {t3<b5,t5<b4,t10<b2} [M mod 8 in [7]]
    x=17: {t1<b8,t7<b5,t14<b2} [irregular]
    x=21: {t3<b9,t5<b8,t18<b2} [irregular]
  step 4, delta [[8, -2], [-4, 4], [4, 0]]:
    x=13: {t3<b5,t5<b4,t10<b2} [M mod 8 in [7]]
    x=17: {t1<b8,t11<b3,t14<b2} [M mod 8 in [3], M >= 68 (1 sporadic below)]
    x=21: {t7<b7,t9<b6,t18<b2} [irregular]
  step 4, delta [[0, 2], [8, -2], [-8, 6]]:
    x=13: {t3<b5,t5<b4,t10<b2} [M mod 8 in [7]]
    x=17: {t2<b8,t3<b7,t13<b2} [irregular]
    x=21: {t2<b10,t5<b8,t11<b5} [irregular]
  step 4, delta [[8, -2], [0, 2], [-8, 6]]:
    x=13: {t3<b5,t5<b4,t10<b2} [M mod 8 in [7]]
    x=17: {t2<b8,t5<b6,t11<b3} [irregular]
    x=21: {t3<b9,t5<b8,t10<b6} [M mod 8 in [3], M >= 20 (0 sporadic below)]
  step 4, delta [[12, -4], [0, 2], [-8, 6]]:
    x=13: {t3<b5,t5<b4,t10<b2} [M mod 8 in [7]]
    x=17: {t2<b8,t5<b6,t15<b1} [M mod 8 in [5], M >= 62 (4 sporadic below)]
    x=21: {t5<b8,t7<b7,t14<b4} [irregular]
  step 4, delta [[8, -2], [8, -2], [-8, 6]]:
    x=13: {t3<b5,t5<b4,t10<b2} [M mod 8 in [7]]
    x=17: {t2<b8,t11<b3,t13<b2} [irregular]
    x=21: {t5<b8,t10<b6,t19<b1} [M mod 8 in [3], M >= 20 (0 sporadic below)]
  step 4, delta [[0, 2], [0, 2], [0, 2]]:
    x=13: {t3<b5,t5<b4,t10<b2} [M mod 8 in [7]]
    x=17: {t3<b7,t5<b6,t10<b4} [M mod 8 in [1]]
    x=21: {t3<b9,t5<b8,t10<b6} [M mod 8 in [3], M >= 20 (0 sporadic below)]
  step 4, delta [[0, 2], [4, 0], [-4, 4]]:
    x=13: {t3<b5,t5<b4,t10<b2} [M mod 8 in [7]]
    x=17: {t3<b7,t6<b6,t9<b4} [irregular]
    x=21: {t3<b9,t5<b8,t10<b6} [M mod 8 in [3], M >= 20 (0 sporadic below)]
  step 4, delta [[0, 2], [8, -2], [-4, 4]]:
    x=13: {t3<b5,t5<b4,t10<b2} [M mod 8 in [7]]
    x=17: {t3<b7,t6<b6,t13<b2} [irregular]
    x=21: {t3<b9,t9<b6,t14<b4} [irregular]
  step 4, delta [[0, 2], [4, 0], [0, 2]]:
    x=13: {t3<b5,t5<b4,t10<b2} [M mod 8 in [7]]
    x=17: {t3<b7,t9<b4,t10<b4} [irregular]
    x=21: {t3<b9,t10<b6,t13<b4} [irregular]
  step 4, delta [[0, 2], [4, 0], [4, 0]]:
    x=13: {t3<b5,t5<b4,t10<b2} [M mod 8 in [7]]
    x=17: {t3<b7,t9<b4,t14<b2} [irregular]
    x=21: {t3<b9,t13<b4,t18<b2} [irregular]
  step 4, delta [[0, 2], [8, -2], [0, 2]]:
    x=13: {t3<b5,t5<b4,t10<b2} [M mod 8 in [7]]
    x=17: {t3<b7,t10<b4,t13<b2} [irregular]
    x=21: {t3<b9,t13<b4,t18<b2} [irregular]
  step 4, delta [[4, 0], [0, 2], [4, 0]]:
    x=13: {t3<b5,t5<b4,t10<b2} [M mod 8 in [7]]
    x=17: {t5<b6,t7<b5,t14<b2} [irregular]
    x=21: {t7<b7,t9<b6,t18<b2} [irregular]
  step 4, delta [[8, -2], [0, 2], [0, 2]]:
    x=13: {t3<b5,t5<b4,t10<b2} [M mod 8 in [7]]
    x=17: {t5<b6,t10<b4,t11<b3} [M mod 8 in [1], M >= 58 (3 sporadic below)]
    x=21: {t10<b6,t11<b5,t13<b4} [irregular]
  step 4, delta [[12, -4], [0, 2], [0, 2]]:
    x=13: {t3<b5,t5<b4,t10<b2} [M mod 8 in [7]]
    x=17: {t5<b6,t10<b4,t15<b1} [irregular]
    x=21: {t10<b6,t15<b3,t17<b2} [irregular]
  step 4, delta [[4, 0], [4, 0], [-4, 4]]:
    x=13: {t3<b5,t5<b4,t10<b2} [M mod 8 in [7]]
    x=17: {t6<b6,t7<b5,t9<b4} [irregular]
    x=21: {t5<b8,t10<b6,t11<b5} [M mod 8 in [3], M >= 20 (0 sporadic below)]
  step 4, delta [[8, -2], [4, 0], [-4, 4]]:
    x=13: {t3<b5,t5<b4,t10<b2} [M mod 8 in [7]]
    x=17: {t6<b6,t9<b4,t11<b3} [irregular]
    x=21: {t7<b7,t13<b4,t14<b4} [irregular]
  step 4, delta [[12, -4], [4, 0], [-4, 4]]:
    x=13: {t3<b5,t5<b4,t10<b2} [M mod 8 in [7]]
    x=17: {t6<b6,t9<b4,t15<b1} [irregular]
    x=21: {t11<b5,t13<b4,t18<b2} [M mod 8 in [7], M >= 24 (0 sporadic below)]
  step 4, delta [[8, -2], [8, -2], [-4, 4]]:
    x=13: {t3<b5,t5<b4,t10<b2} [M mod 8 in [7]]
    x=17: {t6<b6,t11<b3,t13<b2} [irregular]
    x=21: {t9<b6,t14<b4,t19<b1} [irregular]
  step 4, delta [[4, 0], [8, -2], [0, 2]]:
    x=13: {t3<b5,t5<b4,t10<b2} [M mod 8 in [7]]
    x=17: {t7<b5,t10<b4,t13<b2} [irregular]
    x=21: {t11<b5,t13<b4,t18<b2} [M mod 8 in [7], M >= 24 (0 sporadic below)]
  step 4, delta [[8, -2], [8, -2], [0, 2]]:
    x=13: {t3<b5,t5<b4,t10<b2} [M mod 8 in [7]]
    x=17: {t10<b4,t11<b3,t13<b2} [irregular]
    x=21: {t13<b4,t18<b2,t19<b1} [M mod 8 in [7], M >= 32 (0 sporadic below)]
  step 4, delta [[0, 2], [8, -2], [-12, 8]]:
    x=13: {t3<b5,t5<b4,t12<b1} [irregular]
    x=17: {t0<b9,t3<b7,t13<b2} [M mod 8 in [4], M >= 61 (4 sporadic below)]
    x=21: {t0<b11,t1<b10,t11<b5} [irregular]
  step 4, delta [[8, -2], [8, -2], [-12, 8]]:
    x=13: {t3<b5,t5<b4,t12<b1} [irregular]
    x=17: {t0<b9,t11<b3,t13<b2} [irregular]
    x=21: {t1<b10,t8<b7,t19<b1} [irregular]
  step 4, delta [[4, 0], [-4, 4], [0, 2]]:
    x=13: {t3<b5,t5<b4,t12<b1} [irregular]
    x=17: {t1<b8,t7<b5,t12<b3} [irregular]
    x=21: {t3<b9,t5<b8,t12<b5} [irregular]
  step 4, delta [[4, 0], [-4, 4], [4, 0]]:
    x=13: {t3<b5,t5<b4,t12<b1} [irregular]
    x=17: {t1<b8,t7<b5,t16<b1} [irregular]
    x=21: {t3<b9,t5<b8,t20<b1} [irregular]
  step 4, delta [[8, -2], [-4, 4], [-4, 4]]:
    x=13: {t3<b5,t5<b4,t12<b1} [irregular]
    x=17: {t1<b8,t8<b5,t11<b3} [irregular]
    x=21: {t4<b9,t7<b7,t9<b6} [M mod 8 in [0], M >= 17 (0 sporadic below)]
  step 4, delta [[8, -2], [-4, 4], [4, 0]]:
    x=13: {t3<b5,t5<b4,t12<b1} [irregular]
    x=17: {t1<b8,t11<b3,t16<b1} [irregular]
    x=21: {t7<b7,t9<b6,t20<b1} [M mod 8 in [0], M >= 25 (0 sporadic below)]
  step 4, delta [[12, -4], [-4, 4], [4, 0]]:
    x=13: {t3<b5,t5<b4,t12<b1} [irregular]
    x=17: {t1<b8,t15<b1,t16<b1} [irregular]
    x=21: {t11<b5,t13<b4,t20<b1} [irregular]
  step 4, delta [[0, 2], [0, 2], [0, 2]]:
    x=13: {t3<b5,t5<b4,t12<b1} [irregular]
    x=17: {t3<b7,t5<b6,t12<b3} [irregular]
    x=21: {t3<b9,t5<b8,t12<b5} [irregular]
  step 4, delta [[0, 2], [4, 0], [-4, 4]]:
    x=13: {t3<b5,t5<b4,t12<b1} [irregular]
    x=17: {t3<b7,t8<b5,t9<b4} [M mod 8 in [0], M >= 17 (0 sporadic below)]
    x=21: {t3<b9,t5<b8,t12<b5} [irregular]
  step 4, delta [[0, 2], [8, -2], [-4, 4]]:
    x=13: {t3<b5,t5<b4,t12<b1} [irregular]
    x=17: {t3<b7,t8<b5,t13<b2} [irregular]
    x=21: {t3<b9,t9<b6,t16<b3} [irregular]
  step 4, delta [[0, 2], [4, 0], [4, 0]]:
    x=13: {t3<b5,t5<b4,t12<b1} [irregular]
    x=17: {t3<b7,t9<b4,t16<b1} [irregular]
    x=21: {t3<b9,t13<b4,t20<b1} [irregular]
  step 4, delta [[12, -4], [0, 2], [-8, 6]]:
    x=13: {t3<b5,t5<b4,t12<b1} [irregular]
    x=17: {t4<b7,t5<b6,t15<b1} [irregular]
    x=21: {t5<b8,t7<b7,t16<b3} [irregular]
  step 4, delta [[4, 0], [4, 0], [-8, 6]]:
    x=13: {t3<b5,t5<b4,t12<b1} [irregular]
    x=17: {t4<b7,t7<b5,t9<b4} [irregular]
    x=21: {t1<b10,t8<b7,t11<b5} [irregular]
  step 4, delta [[8, -2], [8, -2], [-8, 6]]:
    x=13: {t3<b5,t5<b4,t12<b1} [irregular]
    x=17: {t4<b7,t11<b3,t13<b2} [irregular]
    x=21: {t5<b8,t12<b5,t19<b1} [irregular]
  step 4, delta [[4, 0], [0, 2], [-4, 4]]:
    x=13: {t3<b5,t5<b4,t12<b1} [irregular]
    x=17: {t5<b6,t7<b5,t8<b5} [irregular]
    x=21: {t4<b9,t7<b7,t9<b6} [M mod 8 in [0], M >= 17 (0 sporadic below)]
  step 4, delta [[4, 0], [0, 2], [4, 0]]:
    x=13: {t3<b5,t5<b4,t12<b1} [irregular]
    x=17: {t5<b6,t7<b5,t16<b1} [irregular]
    x=21: {t7<b7,t9<b6,t20<b1} [M mod 8 in [0], M >= 25 (0 sporadic below)]
  step 4, delta [[12, -4], [0, 2], [-4, 4]]:
    x=13: {t3<b5,t5<b4,t12<b1} [irregular]
    x=17: {t5<b6,t8<b5,t15<b1} [irregular]
    x=21: {t8<b7,t11<b5,t17<b2} [irregular]
  step 4, delta [[8, -2], [0, 2], [4, 0]]:
    x=13: {t3<b5,t5<b4,t12<b1} [irregular]
    x=17: {t5<b6,t11<b3,t16<b1} [irregular]
    x=21: {t11<b5,t13<b4,t20<b1} [irregular]
  step 4, delta [[12, -4], [0, 2], [0, 2]]:
    x=13: {t3<b5,t5<b4,t12<b1} [irregular]
    x=17: {t5<b6,t12<b3,t15<b1} [irregular]
    x=21: {t12<b5,t15<b3,t17<b2} [irregular]
  step 4, delta [[4, 0], [8, -2], [0, 2]]:
    x=13: {t3<b5,t5<b4,t12<b1} [irregular]
    x=17: {t7<b5,t12<b3,t13<b2} [M mod 8 in [2], M >= 59 (2 sporadic below)]
    x=21: {t11<b5,t13<b4,t20<b1} [irregular]
  step 4, delta [[8, -2], [4, 0], [0, 2]]:
    x=13: {t3<b5,t5<b4,t12<b1} [irregular]
    x=17: {t9<b4,t11<b3,t12<b3} [irregular]
    x=21: {t12<b5,t15<b3,t17<b2} [irregular]
  step 4, delta [[0, 2], [8, -2], [-8, 6]]:
    x=13: {t3<b5,t6<b4,t8<b3} [irregular]
    x=17: {t0<b9,t3<b7,t14<b2} [M mod 8 in [7], M >= 64 (3 sporadic below)]
    x=21: {t0<b11,t6<b8,t11<b5} [irregular]
  step 4, delta [[8, -2], [0, 2], [-8, 6]]:
    x=13: {t3<b5,t6<b4,t8<b3} [irregular]
    x=17: {t0<b9,t6<b6,t11<b3} [irregular]
    x=21: {t3<b9,t6<b8,t8<b7} [irregular]
  step 4, delta [[12, -4], [0, 2], [-8, 6]]:
    x=13: {t3<b5,t6<b4,t8<b3} [irregular]
    x=17: {t0<b9,t6<b6,t15<b1} [irregular]
    x=21: {t6<b8,t7<b7,t12<b5} [irregular]
  step 4, delta [[4, 0], [4, 0], [-8, 6]]:
    x=13: {t3<b5,t6<b4,t8<b3} [irregular]
    x=17: {t0<b9,t7<b5,t10<b4} [irregular]
    x=21: {t2<b10,t4<b9,t11<b5} [irregular]
  step 4, delta [[4, 0], [8, -2], [-8, 6]]:
    x=13: {t3<b5,t6<b4,t8<b3} [irregular]
    x=17: {t0<b9,t7<b5,t14<b2} [irregular]
    x=21: {t4<b9,t6<b8,t15<b3} [M mod 8 in [7]]
  step 4, delta [[8, -2], [4, 0], [-8, 6]]:
    x=13: {t3<b5,t6<b4,t8<b3} [irregular]
    x=17: {t0<b9,t10<b4,t11<b3} [M mod 8 in [3], M >= 60 (2 sporadic below)]
    x=21: {t3<b9,t8<b7,t14<b4} [irregular]
  step 4, delta [[8, -2], [8, -2], [-8, 6]]:
    x=13: {t3<b5,t6<b4,t8<b3} [irregular]
    x=17: {t0<b9,t11<b3,t14<b2} [irregular]
    x=21: {t6<b8,t8<b7,t19<b1} [irregular]
  step 4, delta [[8, -2], [-4, 4], [-4, 4]]:
    x=13: {t3<b5,t6<b4,t8<b3} [irregular]
    x=17: {t2<b8,t4<b7,t11<b3} [irregular]
    x=21: {t0<b11,t7<b7,t10<b6} [irregular]
  step 4, delta [[12, -4], [-4, 4], [-4, 4]]:
    x=13: {t3<b5,t6<b4,t8<b3} [irregular]
    x=17: {t2<b8,t4<b7,t15<b1} [irregular]
    x=21: {t0<b11,t11<b5,t14<b4} [irregular]
  step 4, delta [[4, 0], [-4, 4], [0, 2]]:
    x=13: {t3<b5,t6<b4,t8<b3} [irregular]
    x=17: {t2<b8,t7<b5,t8<b5} [irregular]
    x=21: {t3<b9,t6<b8,t8<b7} [irregular]
  step 4, delta [[4, 0], [-4, 4], [4, 0]]:
    x=13: {t3<b5,t6<b4,t8<b3} [irregular]
    x=17: {t2<b8,t7<b5,t12<b3} [irregular]
    x=21: {t3<b9,t6<b8,t16<b3} [irregular]
  step 4, delta [[8, -2], [-4, 4], [0, 2]]:
    x=13: {t3<b5,t6<b4,t8<b3} [irregular]
    x=17: {t2<b8,t8<b5,t11<b3} [irregular]
    x=21: {t4<b9,t10<b6,t11<b5} [irregular]
  step 4, delta [[12, -4], [-4, 4], [0, 2]]:
    x=13: {t3<b5,t6<b4,t8<b3} [irregular]
    x=17: {t2<b8,t8<b5,t15<b1} [irregular]
    x=21: {t4<b9,t14<b4,t15<b3} [M mod 8 in [7], M >= 64 (2 sporadic below)]
  step 4, delta [[8, -2], [-4, 4], [4, 0]]:
    x=13: {t3<b5,t6<b4,t8<b3} [irregular]
    x=17: {t2<b8,t11<b3,t12<b3} [irregular]
    x=21: {t7<b7,t10<b6,t16<b3} [irregular]
  step 4, delta [[12, -4], [-4, 4], [4, 0]]:
    x=13: {t3<b5,t6<b4,t8<b3} [irregular]
    x=17: {t2<b8,t12<b3,t15<b1} [irregular]
    x=21: {t8<b7,t14<b4,t19<b1} [irregular]
  step 4, delta [[0, 2], [0, 2], [0, 2]]:
    x=13: {t3<b5,t6<b4,t8<b3} [irregular]
    x=17: {t3<b7,t6<b6,t8<b5} [irregular]
    x=21: {t3<b9,t6<b8,t8<b7} [irregular]
  step 4, delta [[0, 2], [4, 0], [0, 2]]:
    x=13: {t3<b5,t6<b4,t8<b3} [irregular]
    x=17: {t3<b7,t8<b5,t10<b4} [irregular]
    x=21: {t3<b9,t10<b6,t12<b5} [irregular]
  step 4, delta [[0, 2], [8, -2], [0, 2]]:
    x=13: {t3<b5,t6<b4,t8<b3} [irregular]
    x=17: {t3<b7,t8<b5,t14<b2} [irregular]
    x=21: {t3<b9,t14<b4,t16<b3} [irregular]
  step 4, delta [[0, 2], [4, 0], [4, 0]]:
    x=13: {t3<b5,t6<b4,t8<b3} [irregular]
    x=17: {t3<b7,t10<b4,t12<b3} [irregular]
    x=21: {t3<b9,t14<b4,t16<b3} [irregular]
  step 4, delta [[0, 2], [8, -2], [4, 0]]:
    x=13: {t3<b5,t6<b4,t8<b3} [irregular]
    x=17: {t3<b7,t12<b3,t14<b2} [irregular]
    x=21: {t3<b9,t18<b2,t20<b1} [irregular]
  step 4, delta [[8, -2], [0, 2], [-4, 4]]:
    x=13: {t3<b5,t6<b4,t8<b3} [irregular]
    x=17: {t4<b7,t6<b6,t11<b3} [irregular]
    x=21: {t6<b8,t7<b7,t12<b5} [irregular]
  step 4, delta [[12, -4], [0, 2], [-4, 4]]:
    x=13: {t3<b5,t6<b4,t8<b3} [irregular]
    x=17: {t4<b7,t6<b6,t15<b1} [M mod 8 in [5]]
    x=21: {t6<b8,t11<b5,t16<b3} [irregular]
  step 4, delta [[4, 0], [8, -2], [-4, 4]]:
    x=13: {t3<b5,t6<b4,t8<b3} [irregular]
    x=17: {t4<b7,t7<b5,t14<b2} [irregular]
    x=21: {t8<b7,t10<b6,t15<b3} [irregular]
  step 4, delta [[8, -2], [4, 0], [-4, 4]]:
    x=13: {t3<b5,t6<b4,t8<b3} [irregular]
    x=17: {t4<b7,t10<b4,t11<b3} [irregular]
    x=21: {t7<b7,t12<b5,t14<b4} [irregular]
  step 4, delta [[12, -4], [4, 0], [-4, 4]]:
    x=13: {t3<b5,t6<b4,t8<b3} [irregular]
    x=17: {t4<b7,t10<b4,t15<b1} [irregular]
    x=21: {t11<b5,t14<b4,t16<b3} [irregular]
  step 4, delta [[4, 0], [0, 2], [4, 0]]:
    x=13: {t3<b5,t6<b4,t8<b3} [irregular]
    x=17: {t6<b6,t7<b5,t12<b3} [irregular]
    x=21: {t7<b7,t10<b6,t16<b3} [irregular]
  step 4, delta [[8, -2], [0, 2], [0, 2]]:
    x=13: {t3<b5,t6<b4,t8<b3} [irregular]
    x=17: {t6<b6,t8<b5,t11<b3} [M mod 8 in [3]]
    x=21: {t8<b7,t11<b5,t14<b4} [M mod 8 in [5], M >= 22 (0 sporadic below)]
  step 4, delta [[8, -2], [0, 2], [4, 0]]:
    x=13: {t3<b5,t6<b4,t8<b3} [irregular]
    x=17: {t6<b6,t11<b3,t12<b3} [irregular]
    x=21: {t11<b5,t14<b4,t16<b3} [irregular]
  step 4, delta [[12, -4], [0, 2], [4, 0]]:
    x=13: {t3<b5,t6<b4,t8<b3} [irregular]
    x=17: {t6<b6,t12<b3,t15<b1} [irregular]
    x=21: {t12<b5,t18<b2,t19<b1} [irregular]
  step 4, delta [[4, 0], [4, 0], [4, 0]]:
    x=13: {t3<b5,t6<b4,t8<b3} [irregular]
    x=17: {t7<b5,t10<b4,t12<b3} [irregular]
    x=21: {t11<b5,t14<b4,t16<b3} [irregular]
  step 4, delta [[4, 0], [8, -2], [4, 0]]:
    x=13: {t3<b5,t6<b4,t8<b3} [irregular]
    x=17: {t7<b5,t12<b3,t14<b2} [irregular]
    x=21: {t11<b5,t18<b2,t20<b1} [irregular]
  step 4, delta [[12, -4], [4, 0], [0, 2]]:
    x=13: {t3<b5,t6<b4,t8<b3} [irregular]
    x=17: {t8<b5,t10<b4,t15<b1} [irregular]
    x=21: {t14<b4,t15<b3,t20<b1} [irregular]
  step 4, delta [[8, -2], [8, -2], [0, 2]]:
    x=13: {t3<b5,t6<b4,t8<b3} [irregular]
    x=17: {t8<b5,t11<b3,t14<b2} [M mod 8 in [3], M >= 60 (3 sporadic below)]
    x=21: {t14<b4,t16<b3,t19<b1} [M mod 8 in [1], M >= 26 (0 sporadic below)]
  step 4, delta [[0, 2], [8, -2], [-8, 6]]:
    x=13: {t3<b5,t6<b4,t9<b2} [irregular]
    x=17: {t1<b8,t3<b7,t14<b2} [M mod 8 in [3]]
    x=21: {t1<b10,t6<b8,t11<b5} [irregular]
  step 4, delta [[8, -2], [0, 2], [-8, 6]]:
    x=13: {t3<b5,t6<b4,t9<b2} [irregular]
    x=17: {t1<b8,t6<b6,t11<b3} [irregular]
    x=21: {t3<b9,t6<b8,t9<b6} [irregular]
  step 4, delta [[4, 0], [4, 0], [-8, 6]]:
    x=13: {t3<b5,t6<b4,t9<b2} [irregular]
    x=17: {t1<b8,t7<b5,t10<b4} [irregular]
    x=21: {t2<b10,t5<b8,t11<b5} [irregular]
  step 4, delta [[8, -2], [8, -2], [-8, 6]]:
    x=13: {t3<b5,t6<b4,t9<b2} [irregular]
    x=17: {t1<b8,t11<b3,t14<b2} [M mod 8 in [3], M >= 68 (1 sporadic below)]
    x=21: {t6<b8,t9<b6,t19<b1} [M mod 8 in [1], M >= 18 (0 sporadic below)]
  step 4, delta [[8, -2], [-4, 4], [-4, 4]]:
    x=13: {t3<b5,t6<b4,t9<b2} [irregular]
    x=17: {t2<b8,t5<b6,t11<b3} [irregular]
    x=21: {t1<b10,t7<b7,t10<b6} [irregular]
  step 4, delta [[12, -4], [-4, 4], [-4, 4]]:
    x=13: {t3<b5,t6<b4,t9<b2} [irregular]
    x=17: {t2<b8,t5<b6,t15<b1} [M mod 8 in [5], M >= 62 (4 sporadic below)]
    x=21: {t1<b10,t11<b5,t14<b4} [M mod 8 in [5], M >= 62 (2 sporadic below)]
  step 4, delta [[4, 0], [-4, 4], [4, 0]]:
    x=13: {t3<b5,t6<b4,t9<b2} [irregular]
    x=17: {t2<b8,t7<b5,t13<b2} [irregular]
    x=21: {t3<b9,t6<b8,t17<b2} [irregular]
  step 4, delta [[8, -2], [-4, 4], [4, 0]]:
    x=13: {t3<b5,t6<b4,t9<b2} [irregular]
    x=17: {t2<b8,t11<b3,t13<b2} [irregular]
    x=21: {t7<b7,t10<b6,t17<b2} [irregular]
  step 4, delta [[12, -4], [-4, 4], [4, 0]]:
    x=13: {t3<b5,t6<b4,t9<b2} [irregular]
    x=17: {t2<b8,t13<b2,t15<b1} [irregular]
    x=21: {t9<b6,t14<b4,t19<b1} [irregular]
  step 4, delta [[0, 2], [4, 0], [-4, 4]]:
    x=13: {t3<b5,t6<b4,t9<b2} [irregular]
    x=17: {t3<b7,t5<b6,t10<b4} [M mod 8 in [1]]
    x=21: {t3<b9,t6<b8,t9<b6} [irregular]
  step 4, delta [[0, 2], [8, -2], [-4, 4]]:
    x=13: {t3<b5,t6<b4,t9<b2} [irregular]
    x=17: {t3<b7,t5<b6,t14<b2} [irregular]
    x=21: {t3<b9,t10<b6,t13<b4} [irregular]
  step 4, delta [[0, 2], [0, 2], [0, 2]]:
    x=13: {t3<b5,t6<b4,t9<b2} [irregular]
    x=17: {t3<b7,t6<b6,t9<b4} [irregular]
    x=21: {t3<b9,t6<b8,t9<b6} [irregular]
  step 4, delta [[0, 2], [0, 2], [4, 0]]:
    x=13: {t3<b5,t6<b4,t9<b2} [irregular]
    x=17: {t3<b7,t6<b6,t13<b2} [irregular]
    x=21: {t3<b9,t6<b8,t17<b2} [irregular]
  step 4, delta [[0, 2], [4, 0], [0, 2]]:
    x=13: {t3<b5,t6<b4,t9<b2} [irregular]
    x=17: {t3<b7,t9<b4,t10<b4} [irregular]
    x=21: {t3<b9,t10<b6,t13<b4} [irregular]
  step 4, delta [[0, 2], [8, -2], [0, 2]]:
    x=13: {t3<b5,t6<b4,t9<b2} [irregular]
    x=17: {t3<b7,t9<b4,t14<b2} [irregular]
    x=21: {t3<b9,t14<b4,t17<b2} [irregular]
  step 4, delta [[0, 2], [4, 0], [4, 0]]:
    x=13: {t3<b5,t6<b4,t9<b2} [irregular]
    x=17: {t3<b7,t10<b4,t13<b2} [irregular]
    x=21: {t3<b9,t14<b4,t17<b2} [irregular]
  step 4, delta [[8, -2], [4, 0], [-4, 4]]:
    x=13: {t3<b5,t6<b4,t9<b2} [irregular]
    x=17: {t5<b6,t10<b4,t11<b3} [M mod 8 in [1], M >= 58 (3 sporadic below)]
    x=21: {t7<b7,t13<b4,t14<b4} [irregular]
  step 4, delta [[12, -4], [4, 0], [-4, 4]]:
    x=13: {t3<b5,t6<b4,t9<b2} [irregular]
    x=17: {t5<b6,t10<b4,t15<b1} [irregular]
    x=21: {t11<b5,t14<b4,t17<b2} [irregular]
  step 4, delta [[4, 0], [0, 2], [4, 0]]:
    x=13: {t3<b5,t6<b4,t9<b2} [irregular]
    x=17: {t6<b6,t7<b5,t13<b2} [irregular]
    x=21: {t7<b7,t10<b6,t17<b2} [irregular]
  step 4, delta [[12, -4], [0, 2], [0, 2]]:
    x=13: {t3<b5,t6<b4,t9<b2} [irregular]
    x=17: {t6<b6,t9<b4,t15<b1} [irregular]
    x=21: {t9<b6,t15<b3,t18<b2} [irregular]
  step 4, delta [[8, -2], [0, 2], [4, 0]]:
    x=13: {t3<b5,t6<b4,t9<b2} [irregular]
    x=17: {t6<b6,t11<b3,t13<b2} [irregular]
    x=21: {t11<b5,t14<b4,t17<b2} [irregular]
  step 4, delta [[12, -4], [0, 2], [4, 0]]:
    x=13: {t3<b5,t6<b4,t9<b2} [irregular]
    x=17: {t6<b6,t13<b2,t15<b1} [irregular]
    x=21: {t13<b4,t18<b2,t19<b1} [M mod 8 in [7], M >= 32 (0 sporadic below)]
  step 4, delta [[4, 0], [8, -2], [0, 2]]:
    x=13: {t3<b5,t6<b4,t9<b2} [irregular]
    x=17: {t7<b5,t9<b4,t14<b2} [M mod 8 in [3], M >= 20 (0 sporadic below)]
    x=21: {t11<b5,t14<b4,t17<b2} [irregular]
  step 4, delta [[0, 2], [0, 2], [0, 2]]:
    x=13: {t3<b5,t7<b3,t10<b2} [irregular]
    x=17: {t3<b7,t7<b5,t10<b4} [irregular]
    x=21: {t3<b9,t7<b7,t10<b6} [irregular]
  step 4, delta [[0, 2], [0, 2], [4, 0]]:
    x=13: {t3<b5,t7<b3,t10<b2} [irregular]
    x=17: {t3<b7,t7<b5,t14<b2} [irregular]
    x=21: {t3<b9,t7<b7,t18<b2} [irregular]
  step 4, delta [[0, 2], [4, 0], [4, 0]]:
    x=13: {t3<b5,t7<b3,t10<b2} [irregular]
    x=17: {t3<b7,t11<b3,t14<b2} [irregular]
    x=21: {t3<b9,t15<b3,t18<b2} [irregular]
  step 4, delta [[8, -2], [-4, 4], [4, 0]]:
    x=13: {t3<b5,t7<b3,t10<b2} [irregular]
    x=17: {t3<b7,t11<b3,t14<b2} [irregular]
    x=21: {t7<b7,t11<b5,t18<b2} [irregular]
  step 4, delta [[8, -2], [-8, 6], [0, 2]]:
    x=13: {t3<b5,t8<b3,t9<b2} [M mod 8 in [6], M >= 63 (1 sporadic below)]
    x=17: {t0<b9,t9<b4,t11<b3} [irregular]
    x=21: {t1<b10,t8<b7,t11<b5} [irregular]
  step 4, delta [[8, -2], [-8, 6], [4, 0]]:
    x=13: {t3<b5,t8<b3,t9<b2} [M mod 8 in [6], M >= 63 (1 sporadic below)]
    x=17: {t0<b9,t11<b3,t13<b2} [irregular]
    x=21: {t3<b9,t8<b7,t17<b2} [M mod 8 in [2], M >= 19 (0 sporadic below)]
  step 4, delta [[12, -4], [-8, 6], [4, 0]]:
    x=13: {t3<b5,t8<b3,t9<b2} [M mod 8 in [6], M >= 63 (1 sporadic below)]
    x=17: {t0<b9,t13<b2,t15<b1} [irregular]
    x=21: {t5<b8,t12<b5,t19<b1} [irregular]
  step 4, delta [[0, 2], [4, 0], [-8, 6]]:
    x=13: {t3<b5,t8<b3,t9<b2} [M mod 8 in [6], M >= 63 (1 sporadic below)]
    x=17: {t1<b8,t3<b7,t12<b3} [irregular]
    x=21: {t1<b10,t4<b9,t7<b7} [M mod 8 in [0], M >= 17 (0 sporadic below)]
  step 4, delta [[0, 2], [8, -2], [-8, 6]]:
    x=13: {t3<b5,t8<b3,t9<b2} [M mod 8 in [6], M >= 63 (1 sporadic below)]
    x=17: {t1<b8,t3<b7,t16<b1} [irregular]
    x=21: {t1<b10,t8<b7,t11<b5} [irregular]
  step 4, delta [[8, -2], [0, 2], [-8, 6]]:
    x=13: {t3<b5,t8<b3,t9<b2} [M mod 8 in [6], M >= 63 (1 sporadic below)]
    x=17: {t1<b8,t8<b5,t11<b3} [irregular]
    x=21: {t3<b9,t8<b7,t9<b6} [M mod 8 in [2], M >= 19 (0 sporadic below)]
  step 4, delta [[8, -2], [4, 0], [-8, 6]]:
    x=13: {t3<b5,t8<b3,t9<b2} [M mod 8 in [6], M >= 63 (1 sporadic below)]
    x=17: {t1<b8,t11<b3,t12<b3} [irregular]
    x=21: {t4<b9,t9<b6,t15<b3} [irregular]
  step 4, delta [[8, -2], [8, -2], [-8, 6]]:
    x=13: {t3<b5,t8<b3,t9<b2} [M mod 8 in [6], M >= 63 (1 sporadic below)]
    x=17: {t1<b8,t11<b3,t16<b1} [irregular]
    x=21: {t8<b7,t9<b6,t19<b1} [irregular]
  step 4, delta [[0, 2], [4, 0], [-4, 4]]:
    x=13: {t3<b5,t8<b3,t9<b2} [M mod 8 in [6], M >= 63 (1 sporadic below)]
    x=17: {t3<b7,t5<b6,t12<b3} [irregular]
    x=21: {t3<b9,t8<b7,t9<b6} [M mod 8 in [2], M >= 19 (0 sporadic below)]
  step 4, delta [[0, 2], [0, 2], [0, 2]]:
    x=13: {t3<b5,t8<b3,t9<b2} [M mod 8 in [6], M >= 63 (1 sporadic below)]
    x=17: {t3<b7,t8<b5,t9<b4} [M mod 8 in [0], M >= 17 (0 sporadic below)]
    x=21: {t3<b9,t8<b7,t9<b6} [M mod 8 in [2], M >= 19 (0 sporadic below)]
  step 4, delta [[0, 2], [0, 2], [4, 0]]:
    x=13: {t3<b5,t8<b3,t9<b2} [M mod 8 in [6], M >= 63 (1 sporadic below)]
    x=17: {t3<b7,t8<b5,t13<b2} [irregular]
    x=21: {t3<b9,t8<b7,t17<b2} [M mod 8 in [2], M >= 19 (0 sporadic below)]
  step 4, delta [[12, -4], [-4, 4], [-4, 4]]:
    x=13: {t3<b5,t8<b3,t9<b2} [M mod 8 in [6], M >= 63 (1 sporadic below)]
    x=17: {t4<b7,t5<b6,t15<b1} [irregular]
    x=21: {t1<b10,t11<b5,t16<b3} [irregular]
  step 4, delta [[4, 0], [-4, 4], [0, 2]]:
    x=13: {t3<b5,t8<b3,t9<b2} [M mod 8 in [6], M >= 63 (1 sporadic below)]
    x=17: {t4<b7,t7<b5,t9<b4} [irregular]
    x=21: {t3<b9,t8<b7,t9<b6} [M mod 8 in [2], M >= 19 (0 sporadic below)]
  step 4, delta [[4, 0], [-4, 4], [4, 0]]:
    x=13: {t3<b5,t8<b3,t9<b2} [M mod 8 in [6], M >= 63 (1 sporadic below)]
    x=17: {t4<b7,t7<b5,t13<b2} [irregular]
    x=21: {t3<b9,t8<b7,t17<b2} [M mod 8 in [2], M >= 19 (0 sporadic below)]
  step 4, delta [[12, -4], [-4, 4], [0, 2]]:
    x=13: {t3<b5,t8<b3,t9<b2} [M mod 8 in [6], M >= 63 (1 sporadic below)]
    x=17: {t4<b7,t9<b4,t15<b1} [irregular]
    x=21: {t5<b8,t15<b3,t16<b3} [irregular]
  step 4, delta [[8, -2], [-4, 4], [4, 0]]:
    x=13: {t3<b5,t8<b3,t9<b2} [M mod 8 in [6], M >= 63 (1 sporadic below)]
    x=17: {t4<b7,t11<b3,t13<b2} [irregular]
    x=21: {t7<b7,t12<b5,t17<b2} [irregular]
  step 4, delta [[12, -4], [-4, 4], [4, 0]]:
    x=13: {t3<b5,t8<b3,t9<b2} [M mod 8 in [6], M >= 63 (1 sporadic below)]
    x=17: {t4<b7,t13<b2,t15<b1} [irregular]
    x=21: {t9<b6,t16<b3,t19<b1} [irregular]
  step 4, delta [[4, 0], [0, 2], [-4, 4]]:
    x=13: {t3<b5,t8<b3,t9<b2} [M mod 8 in [6], M >= 63 (1 sporadic below)]
    x=17: {t5<b6,t7<b5,t8<b5} [irregular]
    x=21: {t4<b9,t7<b7,t9<b6} [M mod 8 in [0], M >= 17 (0 sporadic below)]
  step 4, delta [[4, 0], [8, -2], [-4, 4]]:
    x=13: {t3<b5,t8<b3,t9<b2} [M mod 8 in [6], M >= 63 (1 sporadic below)]
    x=17: {t5<b6,t7<b5,t16<b1} [irregular]
    x=21: {t9<b6,t12<b5,t15<b3} [irregular]
  step 4, delta [[12, -4], [0, 2], [-4, 4]]:
    x=13: {t3<b5,t8<b3,t9<b2} [M mod 8 in [6], M >= 63 (1 sporadic below)]
    x=17: {t5<b6,t8<b5,t15<b1} [irregular]
    x=21: {t8<b7,t11<b5,t17<b2} [irregular]
  step 4, delta [[12, -4], [4, 0], [-4, 4]]:
    x=13: {t3<b5,t8<b3,t9<b2} [M mod 8 in [6], M >= 63 (1 sporadic below)]
    x=17: {t5<b6,t12<b3,t15<b1} [irregular]
    x=21: {t11<b5,t16<b3,t17<b2} [M mod 8 in [6], M >= 31 (0 sporadic below)]
  step 4, delta [[4, 0], [8, -2], [0, 2]]:
    x=13: {t3<b5,t8<b3,t9<b2} [M mod 8 in [6], M >= 63 (1 sporadic below)]
    x=17: {t7<b5,t9<b4,t16<b1} [irregular]
    x=21: {t11<b5,t16<b3,t17<b2} [M mod 8 in [6], M >= 31 (0 sporadic below)]
  step 4, delta [[8, -2], [0, 2], [0, 2]]:
    x=13: {t3<b5,t8<b3,t9<b2} [M mod 8 in [6], M >= 63 (1 sporadic below)]
    x=17: {t8<b5,t9<b4,t11<b3} [irregular]
    x=21: {t9<b6,t11<b5,t16<b3} [irregular]
  step 4, delta [[8, -2], [0, 2], [4, 0]]:
    x=13: {t3<b5,t8<b3,t9<b2} [M mod 8 in [6], M >= 63 (1 sporadic below)]
    x=17: {t8<b5,t11<b3,t13<b2} [M mod 8 in [0], M >= 17 (0 sporadic below)]
    x=21: {t11<b5,t16<b3,t17<b2} [M mod 8 in [6], M >= 31 (0 sporadic below)]
  step 4, delta [[8, -2], [4, 0], [0, 2]]:
    x=13: {t3<b5,t8<b3,t9<b2} [M mod 8 in [6], M >= 63 (1 sporadic below)]
    x=17: {t9<b4,t11<b3,t12<b3} [irregular]
    x=21: {t12<b5,t15<b3,t17<b2} [irregular]
  step 4, delta [[8, -2], [8, -2], [0, 2]]:
    x=13: {t3<b5,t8<b3,t9<b2} [M mod 8 in [6], M >= 63 (1 sporadic below)]
    x=17: {t9<b4,t11<b3,t16<b1} [irregular]
    x=21: {t16<b3,t17<b2,t19<b1} [irregular]
  step 4, delta [[8, -2], [-8, 6], [0, 2]]:
    x=13: {t3<b5,t8<b3,t10<b2} [irregular]
    x=17: {t0<b9,t10<b4,t11<b3} [M mod 8 in [3], M >= 60 (2 sporadic below)]
    x=21: {t2<b10,t8<b7,t11<b5} [irregular]
  step 4, delta [[8, -2], [-8, 6], [4, 0]]:
    x=13: {t3<b5,t8<b3,t10<b2} [irregular]
    x=17: {t0<b9,t11<b3,t14<b2} [irregular]
    x=21: {t3<b9,t8<b7,t18<b2} [irregular]
  step 4, delta [[0, 2], [0, 2], [-8, 6]]:
    x=13: {t3<b5,t8<b3,t10<b2} [irregular]
    x=17: {t2<b8,t3<b7,t8<b5} [irregular]
    x=21: {t0<b11,t2<b10,t3<b9} [irregular]
  step 4, delta [[0, 2], [8, -2], [-8, 6]]:
    x=13: {t3<b5,t8<b3,t10<b2} [irregular]
    x=17: {t2<b8,t3<b7,t16<b1} [irregular]
    x=21: {t2<b10,t8<b7,t11<b5} [irregular]
  step 4, delta [[8, -2], [-4, 4], [-8, 6]]:
    x=13: {t3<b5,t8<b3,t10<b2} [irregular]
    x=17: {t2<b8,t4<b7,t11<b3} [irregular]
    x=21: {t0<b11,t3<b9,t10<b6} [irregular]
  step 4, delta [[12, -4], [-4, 4], [-8, 6]]:
    x=13: {t3<b5,t8<b3,t10<b2} [irregular]
    x=17: {t2<b8,t4<b7,t15<b1} [irregular]
    x=21: {t0<b11,t7<b7,t14<b4} [irregular]
  step 4, delta [[4, 0], [4, 0], [-8, 6]]:
    x=13: {t3<b5,t8<b3,t10<b2} [irregular]
    x=17: {t2<b8,t7<b5,t12<b3} [irregular]
    x=21: {t4<b9,t6<b8,t11<b5} [irregular]
  step 4, delta [[4, 0], [8, -2], [-8, 6]]:
    x=13: {t3<b5,t8<b3,t10<b2} [irregular]
    x=17: {t2<b8,t7<b5,t16<b1} [irregular]
    x=21: {t6<b8,t8<b7,t15<b3} [irregular]
  step 4, delta [[8, -2], [0, 2], [-8, 6]]:
    x=13: {t3<b5,t8<b3,t10<b2} [irregular]
    x=17: {t2<b8,t8<b5,t11<b3} [irregular]
    x=21: {t3<b9,t8<b7,t10<b6} [irregular]
  step 4, delta [[8, -2], [8, -2], [-8, 6]]:
    x=13: {t3<b5,t8<b3,t10<b2} [irregular]
    x=17: {t2<b8,t11<b3,t16<b1} [irregular]
    x=21: {t8<b7,t10<b6,t19<b1} [M mod 8 in [1], M >= 26 (0 sporadic below)]
  step 4, delta [[12, -4], [4, 0], [-8, 6]]:
    x=13: {t3<b5,t8<b3,t10<b2} [irregular]
    x=17: {t2<b8,t12<b3,t15<b1} [irregular]
    x=21: {t7<b7,t14<b4,t16<b3} [irregular]
  step 4, delta [[0, 2], [8, -2], [-4, 4]]:
    x=13: {t3<b5,t8<b3,t10<b2} [irregular]
    x=17: {t3<b7,t6<b6,t16<b1} [irregular]
    x=21: {t3<b9,t12<b5,t14<b4} [irregular]
  step 4, delta [[0, 2], [0, 2], [0, 2]]:
    x=13: {t3<b5,t8<b3,t10<b2} [irregular]
    x=17: {t3<b7,t8<b5,t10<b4} [irregular]
    x=21: {t3<b9,t8<b7,t10<b6} [irregular]
  step 4, delta [[0, 2], [0, 2], [4, 0]]:
    x=13: {t3<b5,t8<b3,t10<b2} [irregular]
    x=17: {t3<b7,t8<b5,t14<b2} [irregular]
    x=21: {t3<b9,t8<b7,t18<b2} [irregular]
  step 4, delta [[0, 2], [4, 0], [0, 2]]:
    x=13: {t3<b5,t8<b3,t10<b2} [irregular]
    x=17: {t3<b7,t10<b4,t12<b3} [irregular]
    x=21: {t3<b9,t12<b5,t14<b4} [irregular]
  step 4, delta [[0, 2], [8, -2], [0, 2]]:
    x=13: {t3<b5,t8<b3,t10<b2} [irregular]
    x=17: {t3<b7,t10<b4,t16<b1} [irregular]
    x=21: {t3<b9,t16<b3,t18<b2} [irregular]
  step 4, delta [[0, 2], [4, 0], [4, 0]]:
    x=13: {t3<b5,t8<b3,t10<b2} [irregular]
    x=17: {t3<b7,t12<b3,t14<b2} [irregular]
    x=21: {t3<b9,t16<b3,t18<b2} [irregular]
  step 4, delta [[8, -2], [-4, 4], [-4, 4]]:
    x=13: {t3<b5,t8<b3,t10<b2} [irregular]
    x=17: {t4<b7,t6<b6,t11<b3} [irregular]
    x=21: {t2<b10,t7<b7,t12<b5} [irregular]
  step 4, delta [[12, -4], [-4, 4], [-4, 4]]:
    x=13: {t3<b5,t8<b3,t10<b2} [irregular]
    x=17: {t4<b7,t6<b6,t15<b1} [M mod 8 in [5]]
    x=21: {t2<b10,t11<b5,t16<b3} [irregular]
  step 4, delta [[4, 0], [-4, 4], [0, 2]]:
    x=13: {t3<b5,t8<b3,t10<b2} [irregular]
    x=17: {t4<b7,t7<b5,t10<b4} [M mod 8 in [1], M >= 18 (0 sporadic below)]
    x=21: {t3<b9,t8<b7,t10<b6} [irregular]
  step 4, delta [[4, 0], [-4, 4], [4, 0]]:
    x=13: {t3<b5,t8<b3,t10<b2} [irregular]
    x=17: {t4<b7,t7<b5,t14<b2} [irregular]
    x=21: {t3<b9,t8<b7,t18<b2} [irregular]
  step 4, delta [[12, -4], [-4, 4], [0, 2]]:
    x=13: {t3<b5,t8<b3,t10<b2} [irregular]
    x=17: {t4<b7,t10<b4,t15<b1} [irregular]
    x=21: {t6<b8,t15<b3,t16<b3} [irregular]
  step 4, delta [[12, -4], [-4, 4], [4, 0]]:
    x=13: {t3<b5,t8<b3,t10<b2} [irregular]
    x=17: {t4<b7,t14<b2,t15<b1} [M mod 8 in [5], M >= 62 (2 sporadic below)]
    x=21: {t10<b6,t16<b3,t19<b1} [irregular]
  step 4, delta [[4, 0], [0, 2], [-4, 4]]:
    x=13: {t3<b5,t8<b3,t10<b2} [irregular]
    x=17: {t6<b6,t7<b5,t8<b5} [irregular]
    x=21: {t4<b9,t7<b7,t10<b6} [M mod 8 in [3], M >= 20 (0 sporadic below)]
  step 4, delta [[4, 0], [8, -2], [-4, 4]]:
    x=13: {t3<b5,t8<b3,t10<b2} [irregular]
    x=17: {t6<b6,t7<b5,t16<b1} [irregular]
    x=21: {t10<b6,t12<b5,t15<b3} [irregular]
  step 4, delta [[12, -4], [0, 2], [-4, 4]]:
    x=13: {t3<b5,t8<b3,t10<b2} [irregular]
    x=17: {t6<b6,t8<b5,t15<b1} [irregular]
    x=21: {t8<b7,t11<b5,t18<b2} [irregular]
  step 4, delta [[12, -4], [4, 0], [-4, 4]]:
    x=13: {t3<b5,t8<b3,t10<b2} [irregular]
    x=17: {t6<b6,t12<b3,t15<b1} [irregular]
    x=21: {t11<b5,t16<b3,t18<b2} [irregular]
  step 4, delta [[4, 0], [8, -2], [0, 2]]:
    x=13: {t3<b5,t8<b3,t10<b2} [irregular]
    x=17: {t7<b5,t10<b4,t16<b1} [irregular]
    x=21: {t11<b5,t16<b3,t18<b2} [irregular]
  step 4, delta [[8, -2], [0, 2], [4, 0]]:
    x=13: {t3<b5,t8<b3,t10<b2} [irregular]
    x=17: {t8<b5,t11<b3,t14<b2} [M mod 8 in [3], M >= 60 (3 sporadic below)]
    x=21: {t11<b5,t16<b3,t18<b2} [irregular]
  step 4, delta [[8, -2], [4, 0], [0, 2]]:
    x=13: {t3<b5,t8<b3,t10<b2} [irregular]
    x=17: {t10<b4,t11<b3,t12<b3} [irregular]
    x=21: {t12<b5,t15<b3,t18<b2} [M mod 8 in [7], M >= 32 (0 sporadic below)]
  step 4, delta [[8, -2], [-8, 6], [4, 0]]:
    x=13: {t3<b5,t9<b2,t10<b2} [irregular]
    x=17: {t1<b8,t11<b3,t14<b2} [M mod 8 in [3], M >= 68 (1 sporadic below)]
    x=21: {t3<b9,t9<b6,t18<b2} [irregular]
  step 4, delta [[0, 2], [4, 0], [-8, 6]]:
    x=13: {t3<b5,t9<b2,t10<b2} [irregular]
    x=17: {t2<b8,t3<b7,t13<b2} [irregular]
    x=21: {t2<b10,t5<b8,t7<b7} [M mod 8 in [7]]
  step 4, delta [[8, -2], [-4, 4], [-8, 6]]:
    x=13: {t3<b5,t9<b2,t10<b2} [irregular]
    x=17: {t2<b8,t5<b6,t11<b3} [irregular]
    x=21: {t1<b10,t3<b9,t10<b6} [irregular]
  step 4, delta [[12, -4], [-4, 4], [-8, 6]]:
    x=13: {t3<b5,t9<b2,t10<b2} [irregular]
    x=17: {t2<b8,t5<b6,t15<b1} [M mod 8 in [5], M >= 62 (4 sporadic below)]
    x=21: {t1<b10,t7<b7,t14<b4} [irregular]
  step 4, delta [[8, -2], [4, 0], [-8, 6]]:
    x=13: {t3<b5,t9<b2,t10<b2} [irregular]
    x=17: {t2<b8,t11<b3,t13<b2} [irregular]
    x=21: {t5<b8,t10<b6,t15<b3} [irregular]
  step 4, delta [[12, -4], [4, 0], [-8, 6]]:
    x=13: {t3<b5,t9<b2,t10<b2} [irregular]
    x=17: {t2<b8,t13<b2,t15<b1} [irregular]
    x=21: {t7<b7,t14<b4,t17<b2} [irregular]
  step 4, delta [[0, 2], [-4, 4], [-4, 4]]:
    x=13: {t3<b5,t9<b2,t10<b2} [irregular]
    x=17: {t3<b7,t5<b6,t6<b6} [irregular]
    x=21: {t1<b10,t2<b10,t3<b9} [irregular]
  step 4, delta [[0, 2], [-4, 4], [0, 2]]:
    x=13: {t3<b5,t9<b2,t10<b2} [irregular]
    x=17: {t3<b7,t5<b6,t10<b4} [M mod 8 in [1]]
    x=21: {t1<b10,t3<b9,t10<b6} [irregular]
  step 4, delta [[0, 2], [-4, 4], [4, 0]]:
    x=13: {t3<b5,t9<b2,t10<b2} [irregular]
    x=17: {t3<b7,t5<b6,t14<b2} [irregular]
    x=21: {t1<b10,t3<b9,t18<b2} [irregular]
  step 4, delta [[0, 2], [4, 0], [-4, 4]]:
    x=13: {t3<b5,t9<b2,t10<b2} [irregular]
    x=17: {t3<b7,t6<b6,t13<b2} [irregular]
    x=21: {t3<b9,t9<b6,t10<b6} [irregular]
  step 4, delta [[0, 2], [0, 2], [0, 2]]:
    x=13: {t3<b5,t9<b2,t10<b2} [irregular]
    x=17: {t3<b7,t9<b4,t10<b4} [irregular]
    x=21: {t3<b9,t9<b6,t10<b6} [irregular]
  step 4, delta [[0, 2], [0, 2], [4, 0]]:
    x=13: {t3<b5,t9<b2,t10<b2} [irregular]
    x=17: {t3<b7,t9<b4,t14<b2} [irregular]
    x=21: {t3<b9,t9<b6,t18<b2} [irregular]
  step 4, delta [[0, 2], [4, 0], [0, 2]]:
    x=13: {t3<b5,t9<b2,t10<b2} [irregular]
    x=17: {t3<b7,t10<b4,t13<b2} [irregular]
    x=21: {t3<b9,t13<b4,t14<b4} [irregular]
  step 4, delta [[0, 2], [4, 0], [4, 0]]:
    x=13: {t3<b5,t9<b2,t10<b2} [irregular]
    x=17: {t3<b7,t13<b2,t14<b2} [irregular]
    x=21: {t3<b9,t17<b2,t18<b2} [irregular]
  step 4, delta [[4, 0], [-4, 4], [0, 2]]:
    x=13: {t3<b5,t9<b2,t10<b2} [irregular]
    x=17: {t5<b6,t7<b5,t10<b4} [irregular]
    x=21: {t3<b9,t9<b6,t10<b6} [irregular]
  step 4, delta [[4, 0], [-4, 4], [4, 0]]:
    x=13: {t3<b5,t9<b2,t10<b2} [irregular]
    x=17: {t5<b6,t7<b5,t14<b2} [irregular]
    x=21: {t3<b9,t9<b6,t18<b2} [irregular]
  step 4, delta [[12, -4], [-4, 4], [0, 2]]:
    x=13: {t3<b5,t9<b2,t10<b2} [irregular]
    x=17: {t5<b6,t10<b4,t15<b1} [irregular]
    x=21: {t6<b8,t15<b3,t17<b2} [irregular]
  step 4, delta [[4, 0], [0, 2], [-4, 4]]:
    x=13: {t3<b5,t9<b2,t10<b2} [irregular]
    x=17: {t6<b6,t7<b5,t9<b4} [irregular]
    x=21: {t5<b8,t7<b7,t10<b6} [irregular]
  step 4, delta [[8, -2], [0, 2], [-4, 4]]:
    x=13: {t3<b5,t9<b2,t10<b2} [irregular]
    x=17: {t6<b6,t9<b4,t11<b3} [irregular]
    x=21: {t7<b7,t9<b6,t14<b4} [M mod 8 in [5], M >= 22 (0 sporadic below)]
  step 4, delta [[12, -4], [0, 2], [-4, 4]]:
    x=13: {t3<b5,t9<b2,t10<b2} [irregular]
    x=17: {t6<b6,t9<b4,t15<b1} [irregular]
    x=21: {t9<b6,t11<b5,t18<b2} [irregular]
  step 4, delta [[8, -2], [4, 0], [-4, 4]]:
    x=13: {t3<b5,t9<b2,t10<b2} [irregular]
    x=17: {t6<b6,t11<b3,t13<b2} [irregular]
    x=21: {t9<b6,t14<b4,t15<b3} [M mod 8 in [5], M >= 62 (2 sporadic below)]
  step 4, delta [[12, -4], [4, 0], [-4, 4]]:
    x=13: {t3<b5,t9<b2,t10<b2} [irregular]
    x=17: {t6<b6,t13<b2,t15<b1} [irregular]
    x=21: {t11<b5,t17<b2,t18<b2} [irregular]
  step 4, delta [[4, 0], [0, 2], [4, 0]]:
    x=13: {t3<b5,t9<b2,t10<b2} [irregular]
    x=17: {t7<b5,t9<b4,t14<b2} [M mod 8 in [3], M >= 20 (0 sporadic below)]
    x=21: {t9<b6,t11<b5,t18<b2} [irregular]
  step 4, delta [[4, 0], [4, 0], [0, 2]]:
    x=13: {t3<b5,t9<b2,t10<b2} [irregular]
    x=17: {t7<b5,t10<b4,t13<b2} [irregular]
    x=21: {t11<b5,t13<b4,t14<b4} [irregular]
  step 4, delta [[4, 0], [4, 0], [4, 0]]:
    x=13: {t3<b5,t9<b2,t10<b2} [irregular]
    x=17: {t7<b5,t13<b2,t14<b2} [irregular]
    x=21: {t11<b5,t17<b2,t18<b2} [irregular]
  step 4, delta [[8, -2], [4, 0], [0, 2]]:
    x=13: {t3<b5,t9<b2,t10<b2} [irregular]
    x=17: {t10<b4,t11<b3,t13<b2} [irregular]
    x=21: {t13<b4,t15<b3,t18<b2} [irregular]
  step 4, delta [[12, -4], [-4, 4], [-12, 8]]:
    x=13: {t3<b5,t10<b2,t12<b1} [irregular]
    x=17: {t0<b9,t6<b6,t15<b1} [irregular]
    x=21: {t2<b10,t3<b9,t12<b5} [irregular]
  step 4, delta [[4, 0], [4, 0], [-12, 8]]:
    x=13: {t3<b5,t10<b2,t12<b1} [irregular]
    x=17: {t0<b9,t7<b5,t14<b2} [irregular]
    x=21: {t2<b10,t4<b9,t11<b5} [irregular]
  step 4, delta [[8, -2], [4, 0], [-12, 8]]:
    x=13: {t3<b5,t10<b2,t12<b1} [irregular]
    x=17: {t0<b9,t11<b3,t14<b2} [irregular]
    x=21: {t2<b10,t8<b7,t15<b3} [irregular]
  step 4, delta [[8, -2], [-8, 6], [-4, 4]]:
    x=13: {t3<b5,t10<b2,t12<b1} [irregular]
    x=17: {t2<b8,t8<b5,t11<b3} [irregular]
    x=21: {t0<b11,t7<b7,t10<b6} [irregular]
  step 4, delta [[12, -4], [-8, 6], [-4, 4]]:
    x=13: {t3<b5,t10<b2,t12<b1} [irregular]
    x=17: {t2<b8,t8<b5,t15<b1} [irregular]
    x=21: {t0<b11,t11<b5,t14<b4} [irregular]
  step 4, delta [[8, -2], [-8, 6], [0, 2]]:
    x=13: {t3<b5,t10<b2,t12<b1} [irregular]
    x=17: {t2<b8,t11<b3,t12<b3} [irregular]
    x=21: {t3<b9,t10<b6,t12<b5} [irregular]
  step 4, delta [[12, -4], [-8, 6], [0, 2]]:
    x=13: {t3<b5,t10<b2,t12<b1} [irregular]
    x=17: {t2<b8,t12<b3,t15<b1} [irregular]
    x=21: {t4<b9,t14<b4,t15<b3} [M mod 8 in [7], M >= 64 (2 sporadic below)]
  step 4, delta [[12, -4], [-8, 6], [4, 0]]:
    x=13: {t3<b5,t10<b2,t12<b1} [irregular]
    x=17: {t2<b8,t15<b1,t16<b1} [irregular]
    x=21: {t7<b7,t14<b4,t20<b1} [irregular]
  step 4, delta [[0, 2], [0, 2], [-4, 4]]:
    x=13: {t3<b5,t10<b2,t12<b1} [irregular]
    x=17: {t3<b7,t8<b5,t10<b4} [irregular]
    x=21: {t3<b9,t6<b8,t8<b7} [irregular]
  step 4, delta [[0, 2], [4, 0], [-4, 4]]:
    x=13: {t3<b5,t10<b2,t12<b1} [irregular]
    x=17: {t3<b7,t8<b5,t14<b2} [irregular]
    x=21: {t3<b9,t10<b6,t12<b5} [irregular]
  step 4, delta [[0, 2], [0, 2], [0, 2]]:
    x=13: {t3<b5,t10<b2,t12<b1} [irregular]
    x=17: {t3<b7,t10<b4,t12<b3} [irregular]
    x=21: {t3<b9,t10<b6,t12<b5} [irregular]
  step 4, delta [[0, 2], [4, 0], [0, 2]]:
    x=13: {t3<b5,t10<b2,t12<b1} [irregular]
    x=17: {t3<b7,t12<b3,t14<b2} [irregular]
    x=21: {t3<b9,t14<b4,t16<b3} [irregular]
  step 4, delta [[0, 2], [4, 0], [4, 0]]:
    x=13: {t3<b5,t10<b2,t12<b1} [irregular]
    x=17: {t3<b7,t14<b2,t16<b1} [irregular]
    x=21: {t3<b9,t18<b2,t20<b1} [irregular]
  step 4, delta [[8, -2], [-4, 4], [-8, 6]]:
    x=13: {t3<b5,t10<b2,t12<b1} [irregular]
    x=17: {t4<b7,t6<b6,t11<b3} [irregular]
    x=21: {t2<b10,t3<b9,t12<b5} [irregular]
  step 4, delta [[4, 0], [4, 0], [-8, 6]]:
    x=13: {t3<b5,t10<b2,t12<b1} [irregular]
    x=17: {t4<b7,t7<b5,t14<b2} [irregular]
    x=21: {t6<b8,t8<b7,t11<b5} [M mod 8 in [5], M >= 22 (0 sporadic below)]
  step 4, delta [[8, -2], [0, 2], [-8, 6]]:
    x=13: {t3<b5,t10<b2,t12<b1} [irregular]
    x=17: {t4<b7,t10<b4,t11<b3} [irregular]
    x=21: {t3<b9,t10<b6,t12<b5} [irregular]
  step 4, delta [[12, -4], [0, 2], [-8, 6]]:
    x=13: {t3<b5,t10<b2,t12<b1} [irregular]
    x=17: {t4<b7,t10<b4,t15<b1} [irregular]
    x=21: {t7<b7,t10<b6,t16<b3} [irregular]
  step 4, delta [[12, -4], [4, 0], [-8, 6]]:
    x=13: {t3<b5,t10<b2,t12<b1} [irregular]
    x=17: {t4<b7,t14<b2,t15<b1} [M mod 8 in [5], M >= 62 (2 sporadic below)]
    x=21: {t7<b7,t16<b3,t18<b2} [irregular]
  step 4, delta [[4, 0], [-4, 4], [0, 2]]:
    x=13: {t3<b5,t10<b2,t12<b1} [irregular]
    x=17: {t6<b6,t7<b5,t12<b3} [irregular]
    x=21: {t3<b9,t10<b6,t12<b5} [irregular]
  step 4, delta [[8, -2], [-4, 4], [-4, 4]]:
    x=13: {t3<b5,t10<b2,t12<b1} [irregular]
    x=17: {t6<b6,t8<b5,t11<b3} [M mod 8 in [3]]
    x=21: {t4<b9,t7<b7,t14<b4} [irregular]
  step 4, delta [[8, -2], [-4, 4], [0, 2]]:
    x=13: {t3<b5,t10<b2,t12<b1} [irregular]
    x=17: {t6<b6,t11<b3,t12<b3} [irregular]
    x=21: {t7<b7,t12<b5,t14<b4} [irregular]
  step 4, delta [[8, -2], [-4, 4], [4, 0]]:
    x=13: {t3<b5,t10<b2,t12<b1} [irregular]
    x=17: {t6<b6,t11<b3,t16<b1} [irregular]
    x=21: {t7<b7,t14<b4,t20<b1} [irregular]
  step 4, delta [[12, -4], [-4, 4], [4, 0]]:
    x=13: {t3<b5,t10<b2,t12<b1} [irregular]
    x=17: {t6<b6,t15<b1,t16<b1} [irregular]
    x=21: {t11<b5,t18<b2,t20<b1} [irregular]
  step 4, delta [[4, 0], [0, 2], [0, 2]]:
    x=13: {t3<b5,t10<b2,t12<b1} [irregular]
    x=17: {t7<b5,t10<b4,t12<b3} [irregular]
    x=21: {t10<b6,t11<b5,t12<b5} [irregular]
  step 4, delta [[4, 0], [0, 2], [4, 0]]:
    x=13: {t3<b5,t10<b2,t12<b1} [irregular]
    x=17: {t7<b5,t10<b4,t16<b1} [irregular]
    x=21: {t10<b6,t11<b5,t20<b1} [irregular]
  step 4, delta [[4, 0], [4, 0], [0, 2]]:
    x=13: {t3<b5,t10<b2,t12<b1} [irregular]
    x=17: {t7<b5,t12<b3,t14<b2} [irregular]
    x=21: {t11<b5,t14<b4,t16<b3} [irregular]
  step 4, delta [[12, -4], [0, 2], [-4, 4]]:
    x=13: {t3<b5,t10<b2,t12<b1} [irregular]
    x=17: {t8<b5,t10<b4,t15<b1} [irregular]
    x=21: {t10<b6,t11<b5,t20<b1} [irregular]
  step 4, delta [[8, -2], [4, 0], [-4, 4]]:
    x=13: {t3<b5,t10<b2,t12<b1} [irregular]
    x=17: {t8<b5,t11<b3,t14<b2} [M mod 8 in [3], M >= 60 (3 sporadic below)]
    x=21: {t10<b6,t15<b3,t16<b3} [irregular]
  step 4, delta [[8, -2], [0, 2], [4, 0]]:
    x=13: {t3<b5,t10<b2,t12<b1} [irregular]
    x=17: {t10<b4,t11<b3,t16<b1} [irregular]
    x=21: {t11<b5,t18<b2,t20<b1} [irregular]
  step 4, delta [[8, -2], [4, 0], [4, 0]]:
    x=13: {t3<b5,t10<b2,t12<b1} [irregular]
    x=17: {t11<b3,t14<b2,t16<b1} [irregular]
    x=21: {t18<b2,t19<b1,t20<b1} [irregular]
  step 4, delta [[4, 0], [-4, 4], [0, 2]]:
    x=13: {t4<b5,t5<b4,t7<b3} [irregular]
    x=17: {t1<b8,t7<b5,t8<b5} [irregular]
    x=21: {t3<b9,t5<b8,t8<b7} [irregular]
  step 4, delta [[8, -2], [-4, 4], [0, 2]]:
    x=13: {t4<b5,t5<b4,t7<b3} [irregular]
    x=17: {t1<b8,t7<b5,t12<b3} [irregular]
    x=21: {t3<b9,t9<b6,t12<b5} [irregular]
  step 4, delta [[12, -4], [-4, 4], [0, 2]]:
    x=13: {t4<b5,t5<b4,t7<b3} [irregular]
    x=17: {t1<b8,t7<b5,t16<b1} [irregular]
    x=21: {t3<b9,t13<b4,t16<b3} [M mod 8 in [6], M >= 63 (2 sporadic below)]
  step 4, delta [[4, 0], [-4, 4], [4, 0]]:
    x=13: {t4<b5,t5<b4,t7<b3} [irregular]
    x=17: {t1<b8,t8<b5,t11<b3} [irregular]
    x=21: {t4<b9,t5<b8,t15<b3} [irregular]
  step 4, delta [[8, -2], [-4, 4], [4, 0]]:
    x=13: {t4<b5,t5<b4,t7<b3} [irregular]
    x=17: {t1<b8,t11<b3,t12<b3} [irregular]
    x=21: {t7<b7,t9<b6,t16<b3} [irregular]
  step 4, delta [[12, -4], [-4, 4], [4, 0]]:
    x=13: {t4<b5,t5<b4,t7<b3} [irregular]
    x=17: {t1<b8,t11<b3,t16<b1} [irregular]
    x=21: {t7<b7,t13<b4,t20<b1} [irregular]
  step 4, delta [[8, -2], [0, 2], [-4, 4]]:
    x=13: {t4<b5,t5<b4,t7<b3} [irregular]
    x=17: {t3<b7,t5<b6,t12<b3} [irregular]
    x=21: {t5<b8,t8<b7,t11<b5} [irregular]
  step 4, delta [[12, -4], [0, 2], [-4, 4]]:
    x=13: {t4<b5,t5<b4,t7<b3} [irregular]
    x=17: {t3<b7,t5<b6,t16<b1} [M mod 8 in [4]]
    x=21: {t5<b8,t12<b5,t15<b3} [irregular]
  step 4, delta [[4, 0], [8, -2], [-4, 4]]:
    x=13: {t4<b5,t5<b4,t7<b3} [irregular]
    x=17: {t3<b7,t8<b5,t13<b2} [irregular]
    x=21: {t7<b7,t9<b6,t16<b3} [irregular]
  step 4, delta [[8, -2], [4, 0], [-4, 4]]:
    x=13: {t4<b5,t5<b4,t7<b3} [irregular]
    x=17: {t3<b7,t9<b4,t12<b3} [irregular]
    x=21: {t8<b7,t11<b5,t13<b4} [M mod 8 in [2], M >= 19 (0 sporadic below)]
  step 4, delta [[12, -4], [4, 0], [-4, 4]]:
    x=13: {t4<b5,t5<b4,t7<b3} [irregular]
    x=17: {t3<b7,t9<b4,t16<b1} [irregular]
    x=21: {t12<b5,t13<b4,t15<b3} [irregular]
  step 4, delta [[0, 2], [8, -2], [0, 2]]:
    x=13: {t4<b5,t5<b4,t7<b3} [irregular]
    x=17: {t4<b7,t7<b5,t13<b2} [irregular]
    x=21: {t4<b9,t13<b4,t15<b3} [irregular]
  step 4, delta [[0, 2], [4, 0], [4, 0]]:
    x=13: {t4<b5,t5<b4,t7<b3} [irregular]
    x=17: {t4<b7,t9<b4,t11<b3} [irregular]
    x=21: {t4<b9,t13<b4,t15<b3} [irregular]
  step 4, delta [[0, 2], [8, -2], [4, 0]]:
    x=13: {t4<b5,t5<b4,t7<b3} [irregular]
    x=17: {t4<b7,t11<b3,t13<b2} [irregular]
    x=21: {t4<b9,t17<b2,t19<b1} [irregular]
  step 4, delta [[8, -2], [0, 2], [0, 2]]:
    x=13: {t4<b5,t5<b4,t7<b3} [irregular]
    x=17: {t5<b6,t7<b5,t12<b3} [M mod 8 in [2]]
    x=21: {t7<b7,t12<b5,t13<b4} [M mod 8 in [4], M >= 29 (0 sporadic below)]
  step 4, delta [[8, -2], [0, 2], [4, 0]]:
    x=13: {t4<b5,t5<b4,t7<b3} [irregular]
    x=17: {t5<b6,t11<b3,t12<b3} [irregular]
    x=21: {t11<b5,t13<b4,t16<b3} [irregular]
  step 4, delta [[12, -4], [0, 2], [4, 0]]:
    x=13: {t4<b5,t5<b4,t7<b3} [irregular]
    x=17: {t5<b6,t11<b3,t16<b1} [irregular]
    x=21: {t11<b5,t17<b2,t20<b1} [irregular]
  step 4, delta [[12, -4], [4, 0], [0, 2]]:
    x=13: {t4<b5,t5<b4,t7<b3} [irregular]
    x=17: {t7<b5,t9<b4,t16<b1} [irregular]
    x=21: {t13<b4,t16<b3,t19<b1} [irregular]
  step 4, delta [[8, -2], [8, -2], [0, 2]]:
    x=13: {t4<b5,t5<b4,t7<b3} [irregular]
    x=17: {t7<b5,t12<b3,t13<b2} [M mod 8 in [2], M >= 59 (2 sporadic below)]
    x=21: {t13<b4,t15<b3,t20<b1} [M mod 8 in [0], M >= 25 (0 sporadic below)]
  step 4, delta [[4, 0], [4, 0], [4, 0]]:
    x=13: {t4<b5,t5<b4,t7<b3} [irregular]
    x=17: {t8<b5,t9<b4,t11<b3} [irregular]
    x=21: {t12<b5,t13<b4,t15<b3} [irregular]
  step 4, delta [[4, 0], [8, -2], [4, 0]]:
    x=13: {t4<b5,t5<b4,t7<b3} [irregular]
    x=17: {t8<b5,t11<b3,t13<b2} [M mod 8 in [0], M >= 17 (0 sporadic below)]
    x=21: {t12<b5,t17<b2,t19<b1} [irregular]
  step 4, delta [[12, -4], [-4, 4], [-4, 4]]:
    x=13: {t4<b5,t5<b4,t10<b2} [irregular]
    x=17: {t1<b8,t6<b6,t16<b1} [irregular]
    x=21: {t2<b10,t12<b5,t13<b4} [M mod 8 in [6], M >= 63 (2 sporadic below)]
  step 4, delta [[4, 0], [-4, 4], [0, 2]]:
    x=13: {t4<b5,t5<b4,t10<b2} [irregular]
    x=17: {t1<b8,t8<b5,t10<b4} [irregular]
    x=21: {t4<b9,t5<b8,t10<b6} [irregular]
  step 4, delta [[4, 0], [-4, 4], [4, 0]]:
    x=13: {t4<b5,t5<b4,t10<b2} [irregular]
    x=17: {t1<b8,t8<b5,t14<b2} [irregular]
    x=21: {t4<b9,t5<b8,t18<b2} [irregular]
  step 4, delta [[8, -2], [-4, 4], [0, 2]]:
    x=13: {t4<b5,t5<b4,t10<b2} [irregular]
    x=17: {t1<b8,t10<b4,t12<b3} [irregular]
    x=21: {t6<b8,t9<b6,t12<b5} [M mod 8 in [4], M >= 21 (0 sporadic below)]
  step 4, delta [[12, -4], [-4, 4], [4, 0]]:
    x=13: {t4<b5,t5<b4,t10<b2} [irregular]
    x=17: {t1<b8,t14<b2,t16<b1} [irregular]
    x=21: {t10<b6,t13<b4,t20<b1} [irregular]
  step 4, delta [[0, 2], [8, -2], [-8, 6]]:
    x=13: {t4<b5,t5<b4,t10<b2} [irregular]
    x=17: {t2<b8,t4<b7,t13<b2} [M mod 8 in [4]]
    x=21: {t2<b10,t5<b8,t12<b5} [irregular]
  step 4, delta [[8, -2], [0, 2], [-8, 6]]:
    x=13: {t4<b5,t5<b4,t10<b2} [irregular]
    x=17: {t2<b8,t5<b6,t12<b3} [irregular]
    x=21: {t4<b9,t5<b8,t10<b6} [irregular]
  step 4, delta [[12, -4], [0, 2], [-8, 6]]:
    x=13: {t4<b5,t5<b4,t10<b2} [irregular]
    x=17: {t2<b8,t5<b6,t16<b1} [M mod 8 in [0], M >= 17 (0 sporadic below)]
    x=21: {t5<b8,t8<b7,t14<b4} [irregular]
  step 4, delta [[8, -2], [8, -2], [-8, 6]]:
    x=13: {t4<b5,t5<b4,t10<b2} [irregular]
    x=17: {t2<b8,t12<b3,t13<b2} [M mod 8 in [4], M >= 61 (2 sporadic below)]
    x=21: {t5<b8,t10<b6,t20<b1} [irregular]
  step 4, delta [[0, 2], [0, 2], [0, 2]]:
    x=13: {t4<b5,t5<b4,t10<b2} [irregular]
    x=17: {t4<b7,t5<b6,t10<b4} [irregular]
    x=21: {t4<b9,t5<b8,t10<b6} [irregular]
  step 4, delta [[0, 2], [4, 0], [-4, 4]]:
    x=13: {t4<b5,t5<b4,t10<b2} [irregular]
    x=17: {t4<b7,t6<b6,t9<b4} [M mod 8 in [2]]
    x=21: {t4<b9,t5<b8,t10<b6} [irregular]
  step 4, delta [[0, 2], [8, -2], [-4, 4]]:
    x=13: {t4<b5,t5<b4,t10<b2} [irregular]
    x=17: {t4<b7,t6<b6,t13<b2} [irregular]
    x=21: {t4<b9,t9<b6,t14<b4} [irregular]
  step 4, delta [[0, 2], [4, 0], [0, 2]]:
    x=13: {t4<b5,t5<b4,t10<b2} [irregular]
    x=17: {t4<b7,t9<b4,t10<b4} [irregular]
    x=21: {t4<b9,t10<b6,t13<b4} [irregular]
  step 4, delta [[0, 2], [4, 0], [4, 0]]:
    x=13: {t4<b5,t5<b4,t10<b2} [irregular]
    x=17: {t4<b7,t9<b4,t14<b2} [irregular]
    x=21: {t4<b9,t13<b4,t18<b2} [irregular]
  step 4, delta [[0, 2], [8, -2], [0, 2]]:
    x=13: {t4<b5,t5<b4,t10<b2} [irregular]
    x=17: {t4<b7,t10<b4,t13<b2} [irregular]
    x=21: {t4<b9,t13<b4,t18<b2} [irregular]
  step 4, delta [[8, -2], [0, 2], [4, 0]]:
    x=13: {t4<b5,t5<b4,t10<b2} [irregular]
    x=17: {t5<b6,t12<b3,t14<b2} [irregular]
    x=21: {t12<b5,t13<b4,t18<b2} [irregular]
  step 4, delta [[12, -4], [0, 2], [4, 0]]:
    x=13: {t4<b5,t5<b4,t10<b2} [irregular]
    x=17: {t5<b6,t14<b2,t16<b1} [irregular]
    x=21: {t14<b4,t17<b2,t20<b1} [M mod 8 in [0], M >= 33 (0 sporadic below)]
  step 4, delta [[4, 0], [4, 0], [-4, 4]]:
    x=13: {t4<b5,t5<b4,t10<b2} [irregular]
    x=17: {t6<b6,t8<b5,t9<b4} [irregular]
    x=21: {t5<b8,t10<b6,t12<b5} [irregular]
  step 4, delta [[8, -2], [4, 0], [-4, 4]]:
    x=13: {t4<b5,t5<b4,t10<b2} [irregular]
    x=17: {t6<b6,t9<b4,t12<b3} [M mod 8 in [2], M >= 59 (3 sporadic below)]
    x=21: {t8<b7,t13<b4,t14<b4} [irregular]
  step 4, delta [[12, -4], [4, 0], [-4, 4]]:
    x=13: {t4<b5,t5<b4,t10<b2} [irregular]
    x=17: {t6<b6,t9<b4,t16<b1} [irregular]
    x=21: {t12<b5,t13<b4,t18<b2} [irregular]
  step 4, delta [[4, 0], [8, -2], [0, 2]]:
    x=13: {t4<b5,t5<b4,t10<b2} [irregular]
    x=17: {t8<b5,t10<b4,t13<b2} [irregular]
    x=21: {t12<b5,t13<b4,t18<b2} [irregular]
  step 4, delta [[0, 2], [8, -2], [-8, 6]]:
    x=13: {t4<b5,t6<b4,t9<b2} [M mod 8 in [0]]
    x=17: {t1<b8,t4<b7,t14<b2} [irregular]
    x=21: {t1<b10,t6<b8,t12<b5} [irregular]
  step 4, delta [[8, -2], [0, 2], [-8, 6]]:
    x=13: {t4<b5,t6<b4,t9<b2} [M mod 8 in [0]]
    x=17: {t1<b8,t6<b6,t12<b3} [irregular]
    x=21: {t4<b9,t6<b8,t9<b6} [M mod 8 in [4], M >= 21 (0 sporadic below)]
  step 4, delta [[12, -4], [0, 2], [-8, 6]]:
    x=13: {t4<b5,t6<b4,t9<b2} [M mod 8 in [0]]
    x=17: {t1<b8,t6<b6,t16<b1} [irregular]
    x=21: {t6<b8,t8<b7,t13<b4} [irregular]
  step 4, delta [[4, 0], [4, 0], [-8, 6]]:
    x=13: {t4<b5,t6<b4,t9<b2} [M mod 8 in [0]]
    x=17: {t1<b8,t8<b5,t10<b4} [irregular]
    x=21: {t2<b10,t5<b8,t12<b5} [irregular]
  step 4, delta [[8, -2], [4, 0], [-8, 6]]:
    x=13: {t4<b5,t6<b4,t9<b2} [M mod 8 in [0]]
    x=17: {t1<b8,t10<b4,t12<b3} [irregular]
    x=21: {t4<b9,t9<b6,t14<b4} [irregular]
  step 4, delta [[12, -4], [4, 0], [-8, 6]]:
    x=13: {t4<b5,t6<b4,t9<b2} [M mod 8 in [0]]
    x=17: {t1<b8,t10<b4,t16<b1} [irregular]
    x=21: {t8<b7,t13<b4,t14<b4} [irregular]
  step 4, delta [[8, -2], [8, -2], [-8, 6]]:
    x=13: {t4<b5,t6<b4,t9<b2} [M mod 8 in [0]]
    x=17: {t1<b8,t12<b3,t14<b2} [irregular]
    x=21: {t6<b8,t9<b6,t20<b1} [M mod 8 in [4], M >= 21 (0 sporadic below)]
  step 4, delta [[0, 2], [-4, 4], [4, 0]]:
    x=13: {t4<b5,t6<b4,t9<b2} [M mod 8 in [0]]
    x=17: {t2<b8,t4<b7,t13<b2} [M mod 8 in [4]]
    x=21: {t0<b11,t2<b10,t17<b2} [irregular]
  step 4, delta [[12, -4], [-4, 4], [-4, 4]]:
    x=13: {t4<b5,t6<b4,t9<b2} [M mod 8 in [0]]
    x=17: {t2<b8,t5<b6,t16<b1} [M mod 8 in [0], M >= 17 (0 sporadic below)]
    x=21: {t1<b10,t12<b5,t14<b4} [irregular]
  step 4, delta [[4, 0], [-4, 4], [4, 0]]:
    x=13: {t4<b5,t6<b4,t9<b2} [M mod 8 in [0]]
    x=17: {t2<b8,t8<b5,t13<b2} [irregular]
    x=21: {t4<b9,t6<b8,t17<b2} [irregular]
  step 4, delta [[8, -2], [-4, 4], [4, 0]]:
    x=13: {t4<b5,t6<b4,t9<b2} [M mod 8 in [0]]
    x=17: {t2<b8,t12<b3,t13<b2} [M mod 8 in [4], M >= 61 (2 sporadic below)]
    x=21: {t8<b7,t10<b6,t17<b2} [irregular]
  step 4, delta [[0, 2], [4, 0], [-4, 4]]:
    x=13: {t4<b5,t6<b4,t9<b2} [M mod 8 in [0]]
    x=17: {t4<b7,t5<b6,t10<b4} [irregular]
    x=21: {t4<b9,t6<b8,t9<b6} [M mod 8 in [4], M >= 21 (0 sporadic below)]
  step 4, delta [[0, 2], [0, 2], [0, 2]]:
    x=13: {t4<b5,t6<b4,t9<b2} [M mod 8 in [0]]
    x=17: {t4<b7,t6<b6,t9<b4} [M mod 8 in [2]]
    x=21: {t4<b9,t6<b8,t9<b6} [M mod 8 in [4], M >= 21 (0 sporadic below)]
  step 4, delta [[0, 2], [0, 2], [4, 0]]:
    x=13: {t4<b5,t6<b4,t9<b2} [M mod 8 in [0]]
    x=17: {t4<b7,t6<b6,t13<b2} [irregular]
    x=21: {t4<b9,t6<b8,t17<b2} [irregular]
  step 4, delta [[0, 2], [4, 0], [0, 2]]:
    x=13: {t4<b5,t6<b4,t9<b2} [M mod 8 in [0]]
    x=17: {t4<b7,t9<b4,t10<b4} [irregular]
    x=21: {t4<b9,t10<b6,t13<b4} [irregular]
  step 4, delta [[0, 2], [8, -2], [0, 2]]:
    x=13: {t4<b5,t6<b4,t9<b2} [M mod 8 in [0]]
    x=17: {t4<b7,t9<b4,t14<b2} [irregular]
    x=21: {t4<b9,t14<b4,t17<b2} [irregular]
  step 4, delta [[0, 2], [4, 0], [4, 0]]:
    x=13: {t4<b5,t6<b4,t9<b2} [M mod 8 in [0]]
    x=17: {t4<b7,t10<b4,t13<b2} [irregular]
    x=21: {t4<b9,t14<b4,t17<b2} [irregular]
  step 4, delta [[8, -2], [4, 0], [-4, 4]]:
    x=13: {t4<b5,t6<b4,t9<b2} [M mod 8 in [0]]
    x=17: {t5<b6,t10<b4,t12<b3} [irregular]
    x=21: {t8<b7,t13<b4,t14<b4} [irregular]
  step 4, delta [[12, -4], [4, 0], [-4, 4]]:
    x=13: {t4<b5,t6<b4,t9<b2} [M mod 8 in [0]]
    x=17: {t5<b6,t10<b4,t16<b1} [irregular]
    x=21: {t12<b5,t14<b4,t17<b2} [M mod 8 in [0], M >= 25 (0 sporadic below)]
  step 4, delta [[8, -2], [8, -2], [-4, 4]]:
    x=13: {t4<b5,t6<b4,t9<b2} [M mod 8 in [0]]
    x=17: {t5<b6,t12<b3,t14<b2} [irregular]
    x=21: {t10<b6,t13<b4,t20<b1} [irregular]
  step 4, delta [[4, 0], [0, 2], [4, 0]]:
    x=13: {t4<b5,t6<b4,t9<b2} [M mod 8 in [0]]
    x=17: {t6<b6,t8<b5,t13<b2} [irregular]
    x=21: {t8<b7,t10<b6,t17<b2} [irregular]
  step 4, delta [[8, -2], [0, 2], [0, 2]]:
    x=13: {t4<b5,t6<b4,t9<b2} [M mod 8 in [0]]
    x=17: {t6<b6,t9<b4,t12<b3} [M mod 8 in [2], M >= 59 (3 sporadic below)]
    x=21: {t9<b6,t12<b5,t14<b4} [irregular]
  step 4, delta [[4, 0], [8, -2], [0, 2]]:
    x=13: {t4<b5,t6<b4,t9<b2} [M mod 8 in [0]]
    x=17: {t8<b5,t9<b4,t14<b2} [irregular]
    x=21: {t12<b5,t14<b4,t17<b2} [M mod 8 in [0], M >= 25 (0 sporadic below)]
  step 4, delta [[8, -2], [8, -2], [0, 2]]:
    x=13: {t4<b5,t6<b4,t9<b2} [M mod 8 in [0]]
    x=17: {t9<b4,t12<b3,t14<b2} [irregular]
    x=21: {t14<b4,t17<b2,t20<b1} [M mod 8 in [0], M >= 33 (0 sporadic below)]
  step 4, delta [[0, 2], [-4, 4], [-4, 4]]:
    x=13: {t4<b5,t6<b4,t11<b1} [irregular]
    x=17: {t2<b8,t4<b7,t7<b5} [M mod 8 in [1], M >= 18 (0 sporadic below)]
    x=21: {t0<b11,t2<b10,t3<b9} [irregular]
  step 4, delta [[0, 2], [-4, 4], [0, 2]]:
    x=13: {t4<b5,t6<b4,t11<b1} [irregular]
    x=17: {t2<b8,t4<b7,t11<b3} [irregular]
    x=21: {t0<b11,t2<b10,t11<b5} [M mod 8 in [5], M >= 22 (0 sporadic below)]
  step 4, delta [[0, 2], [-4, 4], [4, 0]]:
    x=13: {t4<b5,t6<b4,t11<b1} [irregular]
    x=17: {t2<b8,t4<b7,t15<b1} [irregular]
    x=21: {t0<b11,t2<b10,t19<b1} [irregular]
  step 4, delta [[8, -2], [-4, 4], [-4, 4]]:
    x=13: {t4<b5,t6<b4,t11<b1} [irregular]
    x=17: {t2<b8,t7<b5,t12<b3} [irregular]
    x=21: {t3<b9,t8<b7,t10<b6} [irregular]
  step 4, delta [[12, -4], [-4, 4], [-4, 4]]:
    x=13: {t4<b5,t6<b4,t11<b1} [irregular]
    x=17: {t2<b8,t7<b5,t16<b1} [irregular]
    x=21: {t3<b9,t12<b5,t14<b4} [irregular]
  step 4, delta [[4, 0], [-4, 4], [0, 2]]:
    x=13: {t4<b5,t6<b4,t11<b1} [irregular]
    x=17: {t2<b8,t8<b5,t11<b3} [irregular]
    x=21: {t4<b9,t6<b8,t11<b5} [irregular]
  step 4, delta [[4, 0], [-4, 4], [4, 0]]:
    x=13: {t4<b5,t6<b4,t11<b1} [irregular]
    x=17: {t2<b8,t8<b5,t15<b1} [irregular]
    x=21: {t4<b9,t6<b8,t19<b1} [irregular]
  step 4, delta [[8, -2], [-4, 4], [0, 2]]:
    x=13: {t4<b5,t6<b4,t11<b1} [irregular]
    x=17: {t2<b8,t11<b3,t12<b3} [irregular]
    x=21: {t7<b7,t10<b6,t12<b5} [irregular]
  step 4, delta [[12, -4], [-4, 4], [0, 2]]:
    x=13: {t4<b5,t6<b4,t11<b1} [irregular]
    x=17: {t2<b8,t11<b3,t16<b1} [irregular]
    x=21: {t7<b7,t14<b4,t16<b3} [irregular]
  step 4, delta [[8, -2], [-4, 4], [4, 0]]:
    x=13: {t4<b5,t6<b4,t11<b1} [irregular]
    x=17: {t2<b8,t12<b3,t15<b1} [irregular]
    x=21: {t8<b7,t10<b6,t19<b1} [M mod 8 in [1], M >= 26 (0 sporadic below)]
  step 4, delta [[12, -4], [0, 2], [-8, 6]]:
    x=13: {t4<b5,t6<b4,t11<b1} [irregular]
    x=17: {t3<b7,t6<b6,t16<b1} [irregular]
    x=21: {t6<b8,t8<b7,t15<b3} [irregular]
  step 4, delta [[4, 0], [4, 0], [-8, 6]]:
    x=13: {t4<b5,t6<b4,t11<b1} [irregular]
    x=17: {t3<b7,t8<b5,t10<b4} [irregular]
    x=21: {t2<b10,t7<b7,t12<b5} [irregular]
  step 4, delta [[8, -2], [8, -2], [-8, 6]]:
    x=13: {t4<b5,t6<b4,t11<b1} [irregular]
    x=17: {t3<b7,t12<b3,t14<b2} [irregular]
    x=21: {t6<b8,t11<b5,t20<b1} [irregular]
  step 4, delta [[0, 2], [0, 2], [0, 2]]:
    x=13: {t4<b5,t6<b4,t11<b1} [irregular]
    x=17: {t4<b7,t6<b6,t11<b3} [irregular]
    x=21: {t4<b9,t6<b8,t11<b5} [irregular]
  step 4, delta [[0, 2], [4, 0], [-4, 4]]:
    x=13: {t4<b5,t6<b4,t11<b1} [irregular]
    x=17: {t4<b7,t7<b5,t10<b4} [M mod 8 in [1], M >= 18 (0 sporadic below)]
    x=21: {t4<b9,t6<b8,t11<b5} [irregular]
  step 4, delta [[0, 2], [8, -2], [-4, 4]]:
    x=13: {t4<b5,t6<b4,t11<b1} [irregular]
    x=17: {t4<b7,t7<b5,t14<b2} [irregular]
    x=21: {t4<b9,t10<b6,t15<b3} [irregular]
  step 4, delta [[0, 2], [4, 0], [4, 0]]:
    x=13: {t4<b5,t6<b4,t11<b1} [irregular]
    x=17: {t4<b7,t10<b4,t15<b1} [irregular]
    x=21: {t4<b9,t14<b4,t19<b1} [irregular]
  step 4, delta [[4, 0], [0, 2], [-4, 4]]:
    x=13: {t4<b5,t6<b4,t11<b1} [irregular]
    x=17: {t6<b6,t7<b5,t8<b5} [irregular]
    x=21: {t4<b9,t7<b7,t10<b6} [M mod 8 in [3], M >= 20 (0 sporadic below)]
  step 4, delta [[12, -4], [0, 2], [-4, 4]]:
    x=13: {t4<b5,t6<b4,t11<b1} [irregular]
    x=17: {t6<b6,t7<b5,t16<b1} [irregular]
    x=21: {t7<b7,t12<b5,t18<b2} [irregular]
  step 4, delta [[4, 0], [0, 2], [4, 0]]:
    x=13: {t4<b5,t6<b4,t11<b1} [irregular]
    x=17: {t6<b6,t8<b5,t15<b1} [irregular]
    x=21: {t8<b7,t10<b6,t19<b1} [M mod 8 in [1], M >= 26 (0 sporadic below)]
  step 4, delta [[8, -2], [0, 2], [4, 0]]:
    x=13: {t4<b5,t6<b4,t11<b1} [irregular]
    x=17: {t6<b6,t12<b3,t15<b1} [irregular]
    x=21: {t12<b5,t14<b4,t19<b1} [irregular]
  step 4, delta [[12, -4], [0, 2], [4, 0]]:
    x=13: {t4<b5,t6<b4,t11<b1} [irregular]
    x=17: {t6<b6,t15<b1,t16<b1} [irregular]
    x=21: {t15<b3,t18<b2,t20<b1} [irregular]
  step 4, delta [[12, -4], [4, 0], [-4, 4]]:
    x=13: {t4<b5,t6<b4,t11<b1} [irregular]
    x=17: {t7<b5,t10<b4,t16<b1} [irregular]
    x=21: {t12<b5,t14<b4,t19<b1} [irregular]
  step 4, delta [[4, 0], [8, -2], [0, 2]]:
    x=13: {t4<b5,t6<b4,t11<b1} [irregular]
    x=17: {t8<b5,t11<b3,t14<b2} [M mod 8 in [3], M >= 60 (3 sporadic below)]
    x=21: {t12<b5,t14<b4,t19<b1} [irregular]
  step 4, delta [[8, -2], [4, 0], [0, 2]]:
    x=13: {t4<b5,t6<b4,t11<b1} [irregular]
    x=17: {t10<b4,t11<b3,t12<b3} [irregular]
    x=21: {t12<b5,t15<b3,t18<b2} [M mod 8 in [7], M >= 32 (0 sporadic below)]
  step 4, delta [[0, 2], [8, -2], [-8, 6]]:
    x=13: {t4<b5,t7<b3,t9<b2} [irregular]
    x=17: {t1<b8,t4<b7,t15<b1} [irregular]
    x=21: {t1<b10,t7<b7,t12<b5} [irregular]
  step 4, delta [[8, -2], [0, 2], [-8, 6]]:
    x=13: {t4<b5,t7<b3,t9<b2} [irregular]
    x=17: {t1<b8,t7<b5,t12<b3} [irregular]
    x=21: {t4<b9,t7<b7,t9<b6} [M mod 8 in [0], M >= 17 (0 sporadic below)]
  step 4, delta [[4, 0], [4, 0], [-8, 6]]:
    x=13: {t4<b5,t7<b3,t9<b2} [irregular]
    x=17: {t1<b8,t8<b5,t11<b3} [irregular]
    x=21: {t3<b9,t5<b8,t12<b5} [irregular]
  step 4, delta [[4, 0], [8, -2], [-8, 6]]:
    x=13: {t4<b5,t7<b3,t9<b2} [irregular]
    x=17: {t1<b8,t8<b5,t15<b1} [irregular]
    x=21: {t5<b8,t7<b7,t16<b3} [irregular]
  step 4, delta [[8, -2], [4, 0], [-8, 6]]:
    x=13: {t4<b5,t7<b3,t9<b2} [irregular]
    x=17: {t1<b8,t11<b3,t12<b3} [irregular]
    x=21: {t4<b9,t9<b6,t15<b3} [irregular]
  step 4, delta [[8, -2], [8, -2], [-8, 6]]:
    x=13: {t4<b5,t7<b3,t9<b2} [irregular]
    x=17: {t1<b8,t12<b3,t15<b1} [irregular]
    x=21: {t7<b7,t9<b6,t20<b1} [M mod 8 in [0], M >= 25 (0 sporadic below)]
  step 4, delta [[8, -2], [-4, 4], [-4, 4]]:
    x=13: {t4<b5,t7<b3,t9<b2} [irregular]
    x=17: {t3<b7,t5<b6,t12<b3} [irregular]
    x=21: {t1<b10,t8<b7,t11<b5} [irregular]
  step 4, delta [[12, -4], [-4, 4], [-4, 4]]:
    x=13: {t4<b5,t7<b3,t9<b2} [irregular]
    x=17: {t3<b7,t5<b6,t16<b1} [M mod 8 in [4]]
    x=21: {t1<b10,t12<b5,t15<b3} [irregular]
  step 4, delta [[4, 0], [-4, 4], [0, 2]]:
    x=13: {t4<b5,t7<b3,t9<b2} [irregular]
    x=17: {t3<b7,t8<b5,t9<b4} [M mod 8 in [0], M >= 17 (0 sporadic below)]
    x=21: {t4<b9,t7<b7,t9<b6} [M mod 8 in [0], M >= 17 (0 sporadic below)]
  step 4, delta [[4, 0], [-4, 4], [4, 0]]:
    x=13: {t4<b5,t7<b3,t9<b2} [irregular]
    x=17: {t3<b7,t8<b5,t13<b2} [irregular]
    x=21: {t4<b9,t7<b7,t17<b2} [M mod 8 in [0], M >= 17 (0 sporadic below)]
  step 4, delta [[8, -2], [-4, 4], [0, 2]]:
    x=13: {t4<b5,t7<b3,t9<b2} [irregular]
    x=17: {t3<b7,t9<b4,t12<b3} [irregular]
    x=21: {t5<b8,t11<b5,t12<b5} [irregular]
  step 4, delta [[12, -4], [-4, 4], [0, 2]]:
    x=13: {t4<b5,t7<b3,t9<b2} [irregular]
    x=17: {t3<b7,t9<b4,t16<b1} [irregular]
    x=21: {t5<b8,t15<b3,t16<b3} [irregular]
  step 4, delta [[12, -4], [-4, 4], [4, 0]]:
    x=13: {t4<b5,t7<b3,t9<b2} [irregular]
    x=17: {t3<b7,t13<b2,t16<b1} [M mod 8 in [4], M >= 61 (2 sporadic below)]
    x=21: {t9<b6,t15<b3,t20<b1} [irregular]
  step 4, delta [[0, 2], [0, 2], [0, 2]]:
    x=13: {t4<b5,t7<b3,t9<b2} [irregular]
    x=17: {t4<b7,t7<b5,t9<b4} [irregular]
    x=21: {t4<b9,t7<b7,t9<b6} [M mod 8 in [0], M >= 17 (0 sporadic below)]
  step 4, delta [[0, 2], [0, 2], [4, 0]]:
    x=13: {t4<b5,t7<b3,t9<b2} [irregular]
    x=17: {t4<b7,t7<b5,t13<b2} [irregular]
    x=21: {t4<b9,t7<b7,t17<b2} [M mod 8 in [0], M >= 17 (0 sporadic below)]
  step 4, delta [[0, 2], [8, -2], [0, 2]]:
    x=13: {t4<b5,t7<b3,t9<b2} [irregular]
    x=17: {t4<b7,t9<b4,t15<b1} [irregular]
    x=21: {t4<b9,t15<b3,t17<b2} [irregular]
  step 4, delta [[0, 2], [4, 0], [4, 0]]:
    x=13: {t4<b5,t7<b3,t9<b2} [irregular]
    x=17: {t4<b7,t11<b3,t13<b2} [irregular]
    x=21: {t4<b9,t15<b3,t17<b2} [irregular]
  step 4, delta [[4, 0], [0, 2], [-4, 4]]:
    x=13: {t4<b5,t7<b3,t9<b2} [irregular]
    x=17: {t5<b6,t7<b5,t8<b5} [irregular]
    x=21: {t4<b9,t7<b7,t9<b6} [M mod 8 in [0], M >= 17 (0 sporadic below)]
  step 4, delta [[12, -4], [0, 2], [-4, 4]]:
    x=13: {t4<b5,t7<b3,t9<b2} [irregular]
    x=17: {t5<b6,t7<b5,t16<b1} [irregular]
    x=21: {t7<b7,t12<b5,t17<b2} [irregular]
  step 4, delta [[4, 0], [8, -2], [-4, 4]]:
    x=13: {t4<b5,t7<b3,t9<b2} [irregular]
    x=17: {t5<b6,t8<b5,t15<b1} [irregular]
    x=21: {t9<b6,t11<b5,t16<b3} [irregular]
  step 4, delta [[12, -4], [4, 0], [-4, 4]]:
    x=13: {t4<b5,t7<b3,t9<b2} [irregular]
    x=17: {t5<b6,t11<b3,t16<b1} [irregular]
    x=21: {t12<b5,t15<b3,t17<b2} [irregular]
  step 4, delta [[8, -2], [8, -2], [-4, 4]]:
    x=13: {t4<b5,t7<b3,t9<b2} [irregular]
    x=17: {t5<b6,t12<b3,t15<b1} [irregular]
    x=21: {t11<b5,t13<b4,t20<b1} [irregular]
  step 4, delta [[8, -2], [0, 2], [4, 0]]:
    x=13: {t4<b5,t7<b3,t9<b2} [irregular]
    x=17: {t7<b5,t12<b3,t13<b2} [M mod 8 in [2], M >= 59 (2 sporadic below)]
    x=21: {t12<b5,t15<b3,t17<b2} [irregular]
  step 4, delta [[8, -2], [4, 0], [0, 2]]:
    x=13: {t4<b5,t7<b3,t9<b2} [irregular]
    x=17: {t9<b4,t11<b3,t12<b3} [irregular]
    x=21: {t12<b5,t15<b3,t17<b2} [irregular]
  step 4, delta [[0, 2], [4, 0], [-8, 6]]:
    x=13: {t4<b5,t7<b3,t10<b2} [M mod 8 in [7], M >= 64 (1 sporadic below)]
    x=17: {t2<b8,t4<b7,t11<b3} [irregular]
    x=21: {t2<b10,t3<b9,t8<b7} [irregular]
  step 4, delta [[0, 2], [8, -2], [-8, 6]]:
    x=13: {t4<b5,t7<b3,t10<b2} [M mod 8 in [7], M >= 64 (1 sporadic below)]
    x=17: {t2<b8,t4<b7,t15<b1} [irregular]
    x=21: {t2<b10,t7<b7,t12<b5} [irregular]
  step 4, delta [[8, -2], [0, 2], [-8, 6]]:
    x=13: {t4<b5,t7<b3,t10<b2} [M mod 8 in [7], M >= 64 (1 sporadic below)]
    x=17: {t2<b8,t7<b5,t12<b3} [irregular]
    x=21: {t4<b9,t7<b7,t10<b6} [M mod 8 in [3], M >= 20 (0 sporadic below)]
  step 4, delta [[4, 0], [4, 0], [-8, 6]]:
    x=13: {t4<b5,t7<b3,t10<b2} [M mod 8 in [7], M >= 64 (1 sporadic below)]
    x=17: {t2<b8,t8<b5,t11<b3} [irregular]
    x=21: {t3<b9,t6<b8,t12<b5} [irregular]
  step 4, delta [[8, -2], [4, 0], [-8, 6]]:
    x=13: {t4<b5,t7<b3,t10<b2} [M mod 8 in [7], M >= 64 (1 sporadic below)]
    x=17: {t2<b8,t11<b3,t12<b3} [irregular]
    x=21: {t4<b9,t10<b6,t15<b3} [irregular]
  step 4, delta [[8, -2], [8, -2], [-8, 6]]:
    x=13: {t4<b5,t7<b3,t10<b2} [M mod 8 in [7], M >= 64 (1 sporadic below)]
    x=17: {t2<b8,t12<b3,t15<b1} [irregular]
    x=21: {t7<b7,t10<b6,t20<b1} [irregular]
  step 4, delta [[12, -4], [-4, 4], [-4, 4]]:
    x=13: {t4<b5,t7<b3,t10<b2} [M mod 8 in [7], M >= 64 (1 sporadic below)]
    x=17: {t3<b7,t6<b6,t16<b1} [irregular]
    x=21: {t2<b10,t12<b5,t15<b3} [irregular]
  step 4, delta [[4, 0], [-4, 4], [0, 2]]:
    x=13: {t4<b5,t7<b3,t10<b2} [M mod 8 in [7], M >= 64 (1 sporadic below)]
    x=17: {t3<b7,t8<b5,t10<b4} [irregular]
    x=21: {t4<b9,t7<b7,t10<b6} [M mod 8 in [3], M >= 20 (0 sporadic below)]
  step 4, delta [[4, 0], [-4, 4], [4, 0]]:
    x=13: {t4<b5,t7<b3,t10<b2} [M mod 8 in [7], M >= 64 (1 sporadic below)]
    x=17: {t3<b7,t8<b5,t14<b2} [irregular]
    x=21: {t4<b9,t7<b7,t18<b2} [M mod 8 in [3], M >= 20 (0 sporadic below)]
  step 4, delta [[8, -2], [-4, 4], [0, 2]]:
    x=13: {t4<b5,t7<b3,t10<b2} [M mod 8 in [7], M >= 64 (1 sporadic below)]
    x=17: {t3<b7,t10<b4,t12<b3} [irregular]
    x=21: {t6<b8,t11<b5,t12<b5} [irregular]
  step 4, delta [[12, -4], [-4, 4], [0, 2]]:
    x=13: {t4<b5,t7<b3,t10<b2} [M mod 8 in [7], M >= 64 (1 sporadic below)]
    x=17: {t3<b7,t10<b4,t16<b1} [irregular]
    x=21: {t6<b8,t15<b3,t16<b3} [irregular]
  step 4, delta [[8, -2], [-4, 4], [4, 0]]:
    x=13: {t4<b5,t7<b3,t10<b2} [M mod 8 in [7], M >= 64 (1 sporadic below)]
    x=17: {t3<b7,t12<b3,t14<b2} [irregular]
    x=21: {t8<b7,t11<b5,t18<b2} [irregular]
  step 4, delta [[12, -4], [-4, 4], [4, 0]]:
    x=13: {t4<b5,t7<b3,t10<b2} [M mod 8 in [7], M >= 64 (1 sporadic below)]
    x=17: {t3<b7,t14<b2,t16<b1} [irregular]
    x=21: {t10<b6,t15<b3,t20<b1} [irregular]
  step 4, delta [[0, 2], [4, 0], [-4, 4]]:
    x=13: {t4<b5,t7<b3,t10<b2} [M mod 8 in [7], M >= 64 (1 sporadic below)]
    x=17: {t4<b7,t6<b6,t11<b3} [irregular]
    x=21: {t4<b9,t7<b7,t10<b6} [M mod 8 in [3], M >= 20 (0 sporadic below)]
  step 4, delta [[0, 2], [0, 2], [0, 2]]:
    x=13: {t4<b5,t7<b3,t10<b2} [M mod 8 in [7], M >= 64 (1 sporadic below)]
    x=17: {t4<b7,t7<b5,t10<b4} [M mod 8 in [1], M >= 18 (0 sporadic below)]
    x=21: {t4<b9,t7<b7,t10<b6} [M mod 8 in [3], M >= 20 (0 sporadic below)]
  step 4, delta [[0, 2], [0, 2], [4, 0]]:
    x=13: {t4<b5,t7<b3,t10<b2} [M mod 8 in [7], M >= 64 (1 sporadic below)]
    x=17: {t4<b7,t7<b5,t14<b2} [irregular]
    x=21: {t4<b9,t7<b7,t18<b2} [M mod 8 in [3], M >= 20 (0 sporadic below)]
  step 4, delta [[4, 0], [0, 2], [-4, 4]]:
    x=13: {t4<b5,t7<b3,t10<b2} [M mod 8 in [7], M >= 64 (1 sporadic below)]
    x=17: {t6<b6,t7<b5,t8<b5} [irregular]
    x=21: {t4<b9,t7<b7,t10<b6} [M mod 8 in [3], M >= 20 (0 sporadic below)]
  step 4, delta [[12, -4], [0, 2], [-4, 4]]:
    x=13: {t4<b5,t7<b3,t10<b2} [M mod 8 in [7], M >= 64 (1 sporadic below)]
    x=17: {t6<b6,t7<b5,t16<b1} [irregular]
    x=21: {t7<b7,t12<b5,t18<b2} [irregular]
  step 4, delta [[4, 0], [8, -2], [-4, 4]]:
    x=13: {t4<b5,t7<b3,t10<b2} [M mod 8 in [7], M >= 64 (1 sporadic below)]
    x=17: {t6<b6,t8<b5,t15<b1} [irregular]
    x=21: {t10<b6,t11<b5,t16<b3} [irregular]
  step 4, delta [[12, -4], [4, 0], [-4, 4]]:
    x=13: {t4<b5,t7<b3,t10<b2} [M mod 8 in [7], M >= 64 (1 sporadic below)]
    x=17: {t6<b6,t11<b3,t16<b1} [irregular]
    x=21: {t12<b5,t15<b3,t18<b2} [M mod 8 in [7], M >= 32 (0 sporadic below)]
  step 4, delta [[8, -2], [0, 2], [0, 2]]:
    x=13: {t4<b5,t7<b3,t10<b2} [M mod 8 in [7], M >= 64 (1 sporadic below)]
    x=17: {t7<b5,t10<b4,t12<b3} [irregular]
    x=21: {t10<b6,t12<b5,t15<b3} [irregular]
  step 4, delta [[12, -4], [0, 2], [0, 2]]:
    x=13: {t4<b5,t7<b3,t10<b2} [M mod 8 in [7], M >= 64 (1 sporadic below)]
    x=17: {t7<b5,t10<b4,t16<b1} [irregular]
    x=21: {t10<b6,t16<b3,t19<b1} [irregular]
  step 4, delta [[8, -2], [0, 2], [4, 0]]:
    x=13: {t4<b5,t7<b3,t10<b2} [M mod 8 in [7], M >= 64 (1 sporadic below)]
    x=17: {t7<b5,t12<b3,t14<b2} [irregular]
    x=21: {t12<b5,t15<b3,t18<b2} [M mod 8 in [7], M >= 32 (0 sporadic below)]
  step 4, delta [[12, -4], [0, 2], [4, 0]]:
    x=13: {t4<b5,t7<b3,t10<b2} [M mod 8 in [7], M >= 64 (1 sporadic below)]
    x=17: {t7<b5,t14<b2,t16<b1} [irregular]
    x=21: {t14<b4,t19<b1,t20<b1} [irregular]
  step 4, delta [[4, 0], [8, -2], [0, 2]]:
    x=13: {t4<b5,t7<b3,t10<b2} [M mod 8 in [7], M >= 64 (1 sporadic below)]
    x=17: {t8<b5,t10<b4,t15<b1} [irregular]
    x=21: {t12<b5,t15<b3,t18<b2} [M mod 8 in [7], M >= 32 (0 sporadic below)]
  step 4, delta [[8, -2], [4, 0], [0, 2]]:
    x=13: {t4<b5,t7<b3,t10<b2} [M mod 8 in [7], M >= 64 (1 sporadic below)]
    x=17: {t10<b4,t11<b3,t12<b3} [irregular]
    x=21: {t12<b5,t15<b3,t18<b2} [M mod 8 in [7], M >= 32 (0 sporadic below)]
  step 4, delta [[8, -2], [8, -2], [0, 2]]:
    x=13: {t4<b5,t7<b3,t10<b2} [M mod 8 in [7], M >= 64 (1 sporadic below)]
    x=17: {t10<b4,t12<b3,t15<b1} [irregular]
    x=21: {t15<b3,t18<b2,t20<b1} [irregular]
  step 4, delta [[4, 0], [-8, 6], [0, 2]]:
    x=13: {t4<b5,t8<b3,t9<b2} [irregular]
    x=17: {t0<b9,t8<b5,t9<b4} [irregular]
    x=21: {t0<b11,t4<b9,t9<b6} [irregular]
  step 4, delta [[4, 0], [-8, 6], [4, 0]]:
    x=13: {t4<b5,t8<b3,t9<b2} [irregular]
    x=17: {t0<b9,t8<b5,t13<b2} [irregular]
    x=21: {t0<b11,t4<b9,t17<b2} [irregular]
  step 4, delta [[8, -2], [-8, 6], [4, 0]]:
    x=13: {t4<b5,t8<b3,t9<b2} [irregular]
    x=17: {t0<b9,t12<b3,t13<b2} [irregular]
    x=21: {t4<b9,t8<b7,t17<b2} [irregular]
  step 4, delta [[0, 2], [0, 2], [0, 2]]:
    x=13: {t4<b5,t8<b3,t9<b2} [irregular]
    x=17: {t4<b7,t8<b5,t9<b4} [irregular]
    x=21: {t4<b9,t8<b7,t9<b6} [irregular]
  step 4, delta [[0, 2], [0, 2], [4, 0]]:
    x=13: {t4<b5,t8<b3,t9<b2} [irregular]
    x=17: {t4<b7,t8<b5,t13<b2} [irregular]
    x=21: {t4<b9,t8<b7,t17<b2} [irregular]
  step 4, delta [[0, 2], [4, 0], [4, 0]]:
    x=13: {t4<b5,t8<b3,t9<b2} [irregular]
    x=17: {t4<b7,t12<b3,t13<b2} [irregular]
    x=21: {t4<b9,t16<b3,t17<b2} [irregular]
  step 4, delta [[8, -2], [-4, 4], [4, 0]]:
    x=13: {t4<b5,t8<b3,t9<b2} [irregular]
    x=17: {t4<b7,t12<b3,t13<b2} [irregular]
    x=21: {t8<b7,t12<b5,t17<b2} [irregular]
  step 4, delta [[4, 0], [-8, 6], [0, 2]]:
    x=13: {t4<b5,t9<b2,t10<b2} [irregular]
    x=17: {t1<b8,t8<b5,t10<b4} [irregular]
    x=21: {t0<b11,t5<b8,t10<b6} [irregular]
  step 4, delta [[4, 0], [-8, 6], [4, 0]]:
    x=13: {t4<b5,t9<b2,t10<b2} [irregular]
    x=17: {t1<b8,t8<b5,t14<b2} [irregular]
    x=21: {t0<b11,t5<b8,t18<b2} [irregular]
  step 4, delta [[8, -2], [-8, 6], [4, 0]]:
    x=13: {t4<b5,t9<b2,t10<b2} [irregular]
    x=17: {t1<b8,t12<b3,t14<b2} [irregular]
    x=21: {t4<b9,t9<b6,t18<b2} [irregular]
  step 4, delta [[0, 2], [4, 0], [-8, 6]]:
    x=13: {t4<b5,t9<b2,t10<b2} [irregular]
    x=17: {t2<b8,t4<b7,t13<b2} [M mod 8 in [4]]
    x=21: {t2<b10,t5<b8,t8<b7} [M mod 8 in [2], M >= 19 (0 sporadic below)]
  step 4, delta [[4, 0], [-4, 4], [-8, 6]]:
    x=13: {t4<b5,t9<b2,t10<b2} [irregular]
    x=17: {t2<b8,t5<b6,t8<b5} [M mod 8 in [0], M >= 17 (0 sporadic below)]
    x=21: {t0<b11,t1<b10,t6<b8} [M mod 8 in [0], M >= 17 (0 sporadic below)]
  step 4, delta [[12, -4], [-4, 4], [-8, 6]]:
    x=13: {t4<b5,t9<b2,t10<b2} [irregular]
    x=17: {t2<b8,t5<b6,t16<b1} [M mod 8 in [0], M >= 17 (0 sporadic below)]
    x=21: {t1<b10,t8<b7,t14<b4} [irregular]
  step 4, delta [[8, -2], [4, 0], [-8, 6]]:
    x=13: {t4<b5,t9<b2,t10<b2} [irregular]
    x=17: {t2<b8,t12<b3,t13<b2} [M mod 8 in [4], M >= 61 (2 sporadic below)]
    x=21: {t5<b8,t10<b6,t16<b3} [irregular]
  step 4, delta [[0, 2], [4, 0], [-4, 4]]:
    x=13: {t4<b5,t9<b2,t10<b2} [irregular]
    x=17: {t4<b7,t6<b6,t13<b2} [irregular]
    x=21: {t4<b9,t9<b6,t10<b6} [irregular]
  step 4, delta [[0, 2], [0, 2], [0, 2]]:
    x=13: {t4<b5,t9<b2,t10<b2} [irregular]
    x=17: {t4<b7,t9<b4,t10<b4} [irregular]
    x=21: {t4<b9,t9<b6,t10<b6} [irregular]
  step 4, delta [[0, 2], [0, 2], [4, 0]]:
    x=13: {t4<b5,t9<b2,t10<b2} [irregular]
    x=17: {t4<b7,t9<b4,t14<b2} [irregular]
    x=21: {t4<b9,t9<b6,t18<b2} [irregular]
  step 4, delta [[0, 2], [4, 0], [0, 2]]:
    x=13: {t4<b5,t9<b2,t10<b2} [irregular]
    x=17: {t4<b7,t10<b4,t13<b2} [irregular]
    x=21: {t4<b9,t13<b4,t14<b4} [irregular]
  step 4, delta [[0, 2], [4, 0], [4, 0]]:
    x=13: {t4<b5,t9<b2,t10<b2} [irregular]
    x=17: {t4<b7,t13<b2,t14<b2} [irregular]
    x=21: {t4<b9,t17<b2,t18<b2} [irregular]
  step 4, delta [[4, 0], [-4, 4], [0, 2]]:
    x=13: {t4<b5,t9<b2,t10<b2} [irregular]
    x=17: {t5<b6,t8<b5,t10<b4} [irregular]
    x=21: {t4<b9,t9<b6,t10<b6} [irregular]
  step 4, delta [[4, 0], [-4, 4], [4, 0]]:
    x=13: {t4<b5,t9<b2,t10<b2} [irregular]
    x=17: {t5<b6,t8<b5,t14<b2} [irregular]
    x=21: {t4<b9,t9<b6,t18<b2} [irregular]
  step 4, delta [[12, -4], [-4, 4], [0, 2]]:
    x=13: {t4<b5,t9<b2,t10<b2} [irregular]
    x=17: {t5<b6,t10<b4,t16<b1} [irregular]
    x=21: {t6<b8,t16<b3,t17<b2} [M mod 8 in [0], M >= 33 (0 sporadic below)]
  step 4, delta [[8, -2], [-4, 4], [4, 0]]:
    x=13: {t4<b5,t9<b2,t10<b2} [irregular]
    x=17: {t5<b6,t12<b3,t14<b2} [irregular]
    x=21: {t8<b7,t13<b4,t18<b2} [irregular]
  step 4, delta [[4, 0], [0, 2], [-4, 4]]:
    x=13: {t4<b5,t9<b2,t10<b2} [irregular]
    x=17: {t6<b6,t8<b5,t9<b4} [irregular]
    x=21: {t5<b8,t8<b7,t10<b6} [irregular]
  step 4, delta [[8, -2], [0, 2], [-4, 4]]:
    x=13: {t4<b5,t9<b2,t10<b2} [irregular]
    x=17: {t6<b6,t9<b4,t12<b3} [M mod 8 in [2], M >= 59 (3 sporadic below)]
    x=21: {t8<b7,t9<b6,t14<b4} [irregular]
  step 4, delta [[8, -2], [0, 2], [4, 0]]:
    x=13: {t4<b5,t9<b2,t10<b2} [irregular]
    x=17: {t9<b4,t12<b3,t14<b2} [irregular]
    x=21: {t12<b5,t17<b2,t18<b2} [irregular]
  step 4, delta [[4, 0], [-8, 6], [0, 2]]:
    x=13: {t4<b5,t9<b2,t11<b1} [irregular]
    x=17: {t1<b8,t8<b5,t11<b3} [irregular]
    x=21: {t0<b11,t5<b8,t11<b5} [irregular]
  step 4, delta [[4, 0], [-8, 6], [4, 0]]:
    x=13: {t4<b5,t9<b2,t11<b1} [irregular]
    x=17: {t1<b8,t8<b5,t15<b1} [irregular]
    x=21: {t0<b11,t5<b8,t19<b1} [irregular]
  step 4, delta [[8, -2], [-8, 6], [0, 2]]:
    x=13: {t4<b5,t9<b2,t11<b1} [irregular]
    x=17: {t1<b8,t11<b3,t12<b3} [irregular]
    x=21: {t3<b9,t9<b6,t12<b5} [irregular]
  step 4, delta [[12, -4], [-8, 6], [0, 2]]:
    x=13: {t4<b5,t9<b2,t11<b1} [irregular]
    x=17: {t1<b8,t11<b3,t16<b1} [irregular]
    x=21: {t3<b9,t13<b4,t16<b3} [M mod 8 in [6], M >= 63 (2 sporadic below)]
  step 4, delta [[12, -4], [-8, 6], [4, 0]]:
    x=13: {t4<b5,t9<b2,t11<b1} [irregular]
    x=17: {t1<b8,t15<b1,t16<b1} [irregular]
    x=21: {t7<b7,t13<b4,t20<b1} [irregular]
  step 4, delta [[4, 0], [4, 0], [-8, 6]]:
    x=13: {t4<b5,t9<b2,t11<b1} [irregular]
    x=17: {t3<b7,t8<b5,t13<b2} [irregular]
    x=21: {t5<b8,t7<b7,t12<b5} [M mod 8 in [4], M >= 21 (0 sporadic below)]
  step 4, delta [[0, 2], [4, 0], [0, 2]]:
    x=13: {t4<b5,t9<b2,t11<b1} [irregular]
    x=17: {t4<b7,t11<b3,t13<b2} [irregular]
    x=21: {t4<b9,t13<b4,t15<b3} [irregular]
  step 4, delta [[0, 2], [4, 0], [4, 0]]:
    x=13: {t4<b5,t9<b2,t11<b1} [irregular]
    x=17: {t4<b7,t13<b2,t15<b1} [irregular]
    x=21: {t4<b9,t17<b2,t19<b1} [irregular]
  step 4, delta [[8, -2], [-4, 4], [-4, 4]]:
    x=13: {t4<b5,t9<b2,t11<b1} [irregular]
    x=17: {t5<b6,t7<b5,t12<b3} [M mod 8 in [2]]
    x=21: {t3<b9,t8<b7,t13<b4} [irregular]
  step 4, delta [[8, -2], [-4, 4], [4, 0]]:
    x=13: {t4<b5,t9<b2,t11<b1} [irregular]
    x=17: {t5<b6,t12<b3,t15<b1} [irregular]
    x=21: {t8<b7,t13<b4,t19<b1} [irregular]
  step 4, delta [[12, -4], [-4, 4], [4, 0]]:
    x=13: {t4<b5,t9<b2,t11<b1} [irregular]
    x=17: {t5<b6,t15<b1,t16<b1} [irregular]
    x=21: {t11<b5,t17<b2,t20<b1} [irregular]
  step 4, delta [[12, -4], [0, 2], [-4, 4]]:
    x=13: {t4<b5,t9<b2,t11<b1} [irregular]
    x=17: {t7<b5,t9<b4,t16<b1} [irregular]
    x=21: {t9<b6,t12<b5,t19<b1} [irregular]
  step 4, delta [[8, -2], [4, 0], [-4, 4]]:
    x=13: {t4<b5,t9<b2,t11<b1} [irregular]
    x=17: {t7<b5,t12<b3,t13<b2} [M mod 8 in [2], M >= 59 (2 sporadic below)]
    x=21: {t9<b6,t15<b3,t16<b3} [irregular]
  step 4, delta [[4, 0], [0, 2], [0, 2]]:
    x=13: {t4<b5,t9<b2,t11<b1} [irregular]
    x=17: {t8<b5,t9<b4,t11<b3} [irregular]
    x=21: {t9<b6,t11<b5,t12<b5} [irregular]
  step 4, delta [[4, 0], [4, 0], [0, 2]]:
    x=13: {t4<b5,t9<b2,t11<b1} [irregular]
    x=17: {t8<b5,t11<b3,t13<b2} [M mod 8 in [0], M >= 17 (0 sporadic below)]
    x=21: {t12<b5,t13<b4,t15<b3} [irregular]
  step 4, delta [[8, -2], [0, 2], [4, 0]]:
    x=13: {t4<b5,t9<b2,t11<b1} [irregular]
    x=17: {t9<b4,t12<b3,t15<b1} [irregular]
    x=21: {t12<b5,t17<b2,t19<b1} [irregular]
  step 4, delta [[8, -2], [4, 0], [4, 0]]:
    x=13: {t4<b5,t9<b2,t11<b1} [irregular]
    x=17: {t12<b3,t13<b2,t15<b1} [irregular]
    x=21: {t17<b2,t19<b1,t20<b1} [irregular]
  step 4, delta [[0, 2], [4, 0], [-8, 6]]:
    x=13: {t5<b4,t7<b3,t8<b3} [irregular]
    x=17: {t0<b9,t5<b6,t11<b3} [irregular]
    x=21: {t0<b11,t3<b9,t9<b6} [irregular]
  step 4, delta [[0, 2], [-4, 4], [0, 2]]:
    x=13: {t5<b4,t7<b3,t8<b3} [irregular]
    x=17: {t3<b7,t5<b6,t8<b5} [irregular]
    x=21: {t1<b10,t3<b9,t8<b7} [M mod 8 in [2], M >= 19 (0 sporadic below)]
  step 4, delta [[0, 2], [-4, 4], [4, 0]]:
    x=13: {t5<b4,t7<b3,t8<b3} [irregular]
    x=17: {t3<b7,t5<b6,t12<b3} [irregular]
    x=21: {t1<b10,t3<b9,t16<b3} [irregular]
  step 4, delta [[4, 0], [-4, 4], [0, 2]]:
    x=13: {t5<b4,t7<b3,t8<b3} [irregular]
    x=17: {t3<b7,t8<b5,t9<b4} [M mod 8 in [0], M >= 17 (0 sporadic below)]
    x=21: {t4<b9,t7<b7,t9<b6} [M mod 8 in [0], M >= 17 (0 sporadic below)]
  step 4, delta [[4, 0], [-4, 4], [4, 0]]:
    x=13: {t5<b4,t7<b3,t8<b3} [irregular]
    x=17: {t3<b7,t9<b4,t12<b3} [irregular]
    x=21: {t5<b8,t7<b7,t16<b3} [irregular]
  step 4, delta [[4, 0], [8, -2], [-4, 4]]:
    x=13: {t5<b4,t7<b3,t8<b3} [irregular]
    x=17: {t4<b7,t9<b4,t15<b1} [irregular]
    x=21: {t8<b7,t11<b5,t17<b2} [irregular]
  step 4, delta [[8, -2], [4, 0], [-4, 4]]:
    x=13: {t5<b4,t7<b3,t8<b3} [irregular]
    x=17: {t4<b7,t11<b3,t13<b2} [irregular]
    x=21: {t9<b6,t12<b5,t15<b3} [irregular]
  step 4, delta [[0, 2], [0, 2], [4, 0]]:
    x=13: {t5<b4,t7<b3,t8<b3} [irregular]
    x=17: {t5<b6,t7<b5,t12<b3} [M mod 8 in [2]]
    x=21: {t5<b8,t7<b7,t16<b3} [irregular]
  step 4, delta [[0, 2], [4, 0], [0, 2]]:
    x=13: {t5<b4,t7<b3,t8<b3} [irregular]
    x=17: {t5<b6,t8<b5,t11<b3} [irregular]
    x=21: {t5<b8,t11<b5,t12<b5} [irregular]
  step 4, delta [[0, 2], [8, -2], [0, 2]]:
    x=13: {t5<b4,t7<b3,t8<b3} [irregular]
    x=17: {t5<b6,t8<b5,t15<b1} [irregular]
    x=21: {t5<b8,t15<b3,t16<b3} [irregular]
  step 4, delta [[0, 2], [4, 0], [4, 0]]:
    x=13: {t5<b4,t7<b3,t8<b3} [irregular]
    x=17: {t5<b6,t11<b3,t12<b3} [irregular]
    x=21: {t5<b8,t15<b3,t16<b3} [irregular]
  step 4, delta [[0, 2], [8, -2], [4, 0]]:
    x=13: {t5<b4,t7<b3,t8<b3} [irregular]
    x=17: {t5<b6,t12<b3,t15<b1} [irregular]
    x=21: {t5<b8,t19<b1,t20<b1} [irregular]
  step 4, delta [[8, -2], [0, 2], [4, 0]]:
    x=13: {t5<b4,t7<b3,t8<b3} [irregular]
    x=17: {t7<b5,t12<b3,t13<b2} [M mod 8 in [2], M >= 59 (2 sporadic below)]
    x=21: {t12<b5,t15<b3,t17<b2} [irregular]
  step 4, delta [[8, -2], [4, 0], [0, 2]]:
    x=13: {t5<b4,t7<b3,t8<b3} [irregular]
    x=17: {t8<b5,t11<b3,t13<b2} [M mod 8 in [0], M >= 17 (0 sporadic below)]
    x=21: {t13<b4,t15<b3,t16<b3} [irregular]
  step 4, delta [[4, 0], [8, -2], [4, 0]]:
    x=13: {t5<b4,t7<b3,t8<b3} [irregular]
    x=17: {t9<b4,t12<b3,t15<b1} [irregular]
    x=21: {t13<b4,t19<b1,t20<b1} [irregular]
  step 4, delta [[0, 2], [4, 0], [-8, 6]]:
    x=13: {t5<b4,t7<b3,t10<b2} [irregular]
    x=17: {t2<b8,t5<b6,t11<b3} [irregular]
    x=21: {t2<b10,t3<b9,t9<b6} [irregular]
  step 4, delta [[0, 2], [8, -2], [-8, 6]]:
    x=13: {t5<b4,t7<b3,t10<b2} [irregular]
    x=17: {t2<b8,t5<b6,t15<b1} [M mod 8 in [5], M >= 62 (4 sporadic below)]
    x=21: {t2<b10,t7<b7,t13<b4} [irregular]
  step 4, delta [[8, -2], [0, 2], [-8, 6]]:
    x=13: {t5<b4,t7<b3,t10<b2} [irregular]
    x=17: {t2<b8,t7<b5,t13<b2} [irregular]
    x=21: {t5<b8,t7<b7,t10<b6} [irregular]
  step 4, delta [[8, -2], [4, 0], [-8, 6]]:
    x=13: {t5<b4,t7<b3,t10<b2} [irregular]
    x=17: {t2<b8,t11<b3,t13<b2} [irregular]
    x=21: {t5<b8,t10<b6,t15<b3} [irregular]
  step 4, delta [[0, 2], [-4, 4], [-4, 4]]:
    x=13: {t5<b4,t7<b3,t10<b2} [irregular]
    x=17: {t3<b7,t5<b6,t6<b6} [irregular]
    x=21: {t1<b10,t2<b10,t3<b9} [irregular]
  step 4, delta [[0, 2], [-4, 4], [0, 2]]:
    x=13: {t5<b4,t7<b3,t10<b2} [irregular]
    x=17: {t3<b7,t5<b6,t10<b4} [M mod 8 in [1]]
    x=21: {t1<b10,t3<b9,t10<b6} [irregular]
  step 4, delta [[0, 2], [-4, 4], [4, 0]]:
    x=13: {t5<b4,t7<b3,t10<b2} [irregular]
    x=17: {t3<b7,t5<b6,t14<b2} [irregular]
    x=21: {t1<b10,t3<b9,t18<b2} [irregular]
  step 4, delta [[4, 0], [-4, 4], [-4, 4]]:
    x=13: {t5<b4,t7<b3,t10<b2} [irregular]
    x=17: {t3<b7,t6<b6,t9<b4} [irregular]
    x=21: {t2<b10,t5<b8,t7<b7} [M mod 8 in [7]]
  step 4, delta [[4, 0], [-4, 4], [0, 2]]:
    x=13: {t5<b4,t7<b3,t10<b2} [irregular]
    x=17: {t3<b7,t9<b4,t10<b4} [irregular]
    x=21: {t5<b8,t7<b7,t10<b6} [irregular]
  step 4, delta [[4, 0], [-4, 4], [4, 0]]:
    x=13: {t5<b4,t7<b3,t10<b2} [irregular]
    x=17: {t3<b7,t9<b4,t14<b2} [irregular]
    x=21: {t5<b8,t7<b7,t18<b2} [M mod 8 in [7]]
  step 4, delta [[8, -2], [-4, 4], [4, 0]]:
    x=13: {t5<b4,t7<b3,t10<b2} [irregular]
    x=17: {t3<b7,t13<b2,t14<b2} [irregular]
    x=21: {t9<b6,t11<b5,t18<b2} [irregular]
  step 4, delta [[0, 2], [0, 2], [0, 2]]:
    x=13: {t5<b4,t7<b3,t10<b2} [irregular]
    x=17: {t5<b6,t7<b5,t10<b4} [irregular]
    x=21: {t5<b8,t7<b7,t10<b6} [irregular]
  step 4, delta [[0, 2], [0, 2], [4, 0]]:
    x=13: {t5<b4,t7<b3,t10<b2} [irregular]
    x=17: {t5<b6,t7<b5,t14<b2} [irregular]
    x=21: {t5<b8,t7<b7,t18<b2} [M mod 8 in [7]]
  step 4, delta [[0, 2], [8, -2], [0, 2]]:
    x=13: {t5<b4,t7<b3,t10<b2} [irregular]
    x=17: {t5<b6,t10<b4,t15<b1} [irregular]
    x=21: {t5<b8,t15<b3,t18<b2} [M mod 8 in [7], M >= 64 (2 sporadic below)]
  step 4, delta [[4, 0], [0, 2], [-4, 4]]:
    x=13: {t5<b4,t7<b3,t10<b2} [irregular]
    x=17: {t6<b6,t7<b5,t9<b4} [irregular]
    x=21: {t5<b8,t7<b7,t10<b6} [irregular]
  step 4, delta [[8, -2], [0, 2], [-4, 4]]:
    x=13: {t5<b4,t7<b3,t10<b2} [irregular]
    x=17: {t6<b6,t7<b5,t13<b2} [irregular]
    x=21: {t7<b7,t9<b6,t14<b4} [M mod 8 in [5], M >= 22 (0 sporadic below)]
  step 4, delta [[4, 0], [4, 0], [-4, 4]]:
    x=13: {t5<b4,t7<b3,t10<b2} [irregular]
    x=17: {t6<b6,t9<b4,t11<b3} [irregular]
    x=21: {t7<b7,t10<b6,t13<b4} [irregular]
  step 4, delta [[8, -2], [4, 0], [-4, 4]]:
    x=13: {t5<b4,t7<b3,t10<b2} [irregular]
    x=17: {t6<b6,t11<b3,t13<b2} [irregular]
    x=21: {t9<b6,t14<b4,t15<b3} [M mod 8 in [5], M >= 62 (2 sporadic below)]
  step 4, delta [[4, 0], [0, 2], [4, 0]]:
    x=13: {t5<b4,t7<b3,t10<b2} [irregular]
    x=17: {t7<b5,t9<b4,t14<b2} [M mod 8 in [3], M >= 20 (0 sporadic below)]
    x=21: {t9<b6,t11<b5,t18<b2} [irregular]
  step 4, delta [[8, -2], [0, 2], [0, 2]]:
    x=13: {t5<b4,t7<b3,t10<b2} [irregular]
    x=17: {t7<b5,t10<b4,t13<b2} [irregular]
    x=21: {t10<b6,t13<b4,t15<b3} [M mod 8 in [3], M >= 20 (0 sporadic below)]
  step 4, delta [[8, -2], [0, 2], [4, 0]]:
    x=13: {t5<b4,t7<b3,t10<b2} [irregular]
    x=17: {t7<b5,t13<b2,t14<b2} [irregular]
    x=21: {t13<b4,t15<b3,t18<b2} [irregular]
  step 4, delta [[8, -2], [4, 0], [0, 2]]:
    x=13: {t5<b4,t7<b3,t10<b2} [irregular]
    x=17: {t10<b4,t11<b3,t13<b2} [irregular]
    x=21: {t13<b4,t15<b3,t18<b2} [irregular]
  step 4, delta [[0, 2], [-4, 4], [0, 2]]:
    x=13: {t5<b4,t7<b3,t12<b1} [M mod 8 in [0]]
    x=17: {t3<b7,t5<b6,t12<b3} [irregular]
    x=21: {t1<b10,t3<b9,t12<b5} [irregular]
  step 4, delta [[0, 2], [-4, 4], [4, 0]]:
    x=13: {t5<b4,t7<b3,t12<b1} [M mod 8 in [0]]
    x=17: {t3<b7,t5<b6,t16<b1} [M mod 8 in [4]]
    x=21: {t1<b10,t3<b9,t20<b1} [irregular]
  step 4, delta [[4, 0], [-4, 4], [0, 2]]:
    x=13: {t5<b4,t7<b3,t12<b1} [M mod 8 in [0]]
    x=17: {t3<b7,t9<b4,t12<b3} [irregular]
    x=21: {t5<b8,t7<b7,t12<b5} [M mod 8 in [4], M >= 21 (0 sporadic below)]
  step 4, delta [[4, 0], [-4, 4], [4, 0]]:
    x=13: {t5<b4,t7<b3,t12<b1} [M mod 8 in [0]]
    x=17: {t3<b7,t9<b4,t16<b1} [irregular]
    x=21: {t5<b8,t7<b7,t20<b1} [irregular]
  step 4, delta [[8, -2], [-4, 4], [4, 0]]:
    x=13: {t5<b4,t7<b3,t12<b1} [M mod 8 in [0]]
    x=17: {t3<b7,t13<b2,t16<b1} [M mod 8 in [4], M >= 61 (2 sporadic below)]
    x=21: {t9<b6,t11<b5,t20<b1} [irregular]
  step 4, delta [[0, 2], [8, -2], [-8, 6]]:
    x=13: {t5<b4,t7<b3,t12<b1} [M mod 8 in [0]]
    x=17: {t4<b7,t5<b6,t15<b1} [irregular]
    x=21: {t4<b9,t7<b7,t13<b4} [irregular]
  step 4, delta [[8, -2], [0, 2], [-8, 6]]:
    x=13: {t5<b4,t7<b3,t12<b1} [M mod 8 in [0]]
    x=17: {t4<b7,t7<b5,t13<b2} [irregular]
    x=21: {t5<b8,t7<b7,t12<b5} [M mod 8 in [4], M >= 21 (0 sporadic below)]
  step 4, delta [[4, 0], [4, 0], [-8, 6]]:
    x=13: {t5<b4,t7<b3,t12<b1} [M mod 8 in [0]]
    x=17: {t4<b7,t9<b4,t11<b3} [irregular]
    x=21: {t3<b9,t8<b7,t13<b4} [irregular]
  step 4, delta [[8, -2], [4, 0], [-8, 6]]:
    x=13: {t5<b4,t7<b3,t12<b1} [M mod 8 in [0]]
    x=17: {t4<b7,t11<b3,t13<b2} [irregular]
    x=21: {t5<b8,t12<b5,t15<b3} [irregular]
  step 4, delta [[0, 2], [0, 2], [0, 2]]:
    x=13: {t5<b4,t7<b3,t12<b1} [M mod 8 in [0]]
    x=17: {t5<b6,t7<b5,t12<b3} [M mod 8 in [2]]
    x=21: {t5<b8,t7<b7,t12<b5} [M mod 8 in [4], M >= 21 (0 sporadic below)]
  step 4, delta [[0, 2], [4, 0], [-4, 4]]:
    x=13: {t5<b4,t7<b3,t12<b1} [M mod 8 in [0]]
    x=17: {t5<b6,t8<b5,t11<b3} [irregular]
    x=21: {t5<b8,t7<b7,t12<b5} [M mod 8 in [4], M >= 21 (0 sporadic below)]
  step 4, delta [[0, 2], [8, -2], [-4, 4]]:
    x=13: {t5<b4,t7<b3,t12<b1} [M mod 8 in [0]]
    x=17: {t5<b6,t8<b5,t15<b1} [irregular]
    x=21: {t5<b8,t11<b5,t16<b3} [irregular]
  step 4, delta [[0, 2], [4, 0], [0, 2]]:
    x=13: {t5<b4,t7<b3,t12<b1} [M mod 8 in [0]]
    x=17: {t5<b6,t11<b3,t12<b3} [irregular]
    x=21: {t5<b8,t12<b5,t15<b3} [irregular]
  step 4, delta [[0, 2], [4, 0], [4, 0]]:
    x=13: {t5<b4,t7<b3,t12<b1} [M mod 8 in [0]]
    x=17: {t5<b6,t11<b3,t16<b1} [irregular]
    x=21: {t5<b8,t15<b3,t20<b1} [irregular]
  step 4, delta [[0, 2], [8, -2], [0, 2]]:
    x=13: {t5<b4,t7<b3,t12<b1} [M mod 8 in [0]]
    x=17: {t5<b6,t12<b3,t15<b1} [irregular]
    x=21: {t5<b8,t15<b3,t20<b1} [irregular]
  step 4, delta [[4, 0], [0, 2], [4, 0]]:
    x=13: {t5<b4,t7<b3,t12<b1} [M mod 8 in [0]]
    x=17: {t7<b5,t9<b4,t16<b1} [irregular]
    x=21: {t9<b6,t11<b5,t20<b1} [irregular]
  step 4, delta [[8, -2], [0, 2], [0, 2]]:
    x=13: {t5<b4,t7<b3,t12<b1} [M mod 8 in [0]]
    x=17: {t7<b5,t12<b3,t13<b2} [M mod 8 in [2], M >= 59 (2 sporadic below)]
    x=21: {t12<b5,t13<b4,t15<b3} [irregular]
  step 4, delta [[8, -2], [4, 0], [-4, 4]]:
    x=13: {t5<b4,t7<b3,t12<b1} [M mod 8 in [0]]
    x=17: {t8<b5,t11<b3,t13<b2} [M mod 8 in [0], M >= 17 (0 sporadic below)]
    x=21: {t9<b6,t15<b3,t16<b3} [irregular]
  step 4, delta [[4, 0], [4, 0], [0, 2]]:
    x=13: {t5<b4,t7<b3,t12<b1} [M mod 8 in [0]]
    x=17: {t9<b4,t11<b3,t12<b3} [irregular]
    x=21: {t12<b5,t13<b4,t15<b3} [irregular]
  step 4, delta [[4, 0], [8, -2], [0, 2]]:
    x=13: {t5<b4,t7<b3,t12<b1} [M mod 8 in [0]]
    x=17: {t9<b4,t12<b3,t15<b1} [irregular]
    x=21: {t13<b4,t15<b3,t20<b1} [M mod 8 in [0], M >= 25 (0 sporadic below)]
  step 4, delta [[8, -2], [4, 0], [4, 0]]:
    x=13: {t5<b4,t7<b3,t12<b1} [M mod 8 in [0]]
    x=17: {t11<b3,t13<b2,t16<b1} [irregular]
    x=21: {t17<b2,t19<b1,t20<b1} [irregular]
  step 4, delta [[8, -2], [-8, 6], [0, 2]]:
    x=13: {t5<b4,t8<b3,t10<b2} [irregular]
    x=17: {t0<b9,t10<b4,t13<b2} [irregular]
    x=21: {t2<b10,t8<b7,t13<b4} [irregular]
  step 4, delta [[8, -2], [-8, 6], [4, 0]]:
    x=13: {t5<b4,t8<b3,t10<b2} [irregular]
    x=17: {t0<b9,t13<b2,t14<b2} [irregular]
    x=21: {t5<b8,t8<b7,t18<b2} [irregular]
  step 4, delta [[4, 0], [-4, 4], [-8, 6]]:
    x=13: {t5<b4,t8<b3,t10<b2} [irregular]
    x=17: {t2<b8,t4<b7,t9<b4} [irregular]
    x=21: {t0<b11,t1<b10,t6<b8} [M mod 8 in [0], M >= 17 (0 sporadic below)]
  step 4, delta [[8, -2], [-4, 4], [-8, 6]]:
    x=13: {t5<b4,t8<b3,t10<b2} [irregular]
    x=17: {t2<b8,t4<b7,t13<b2} [M mod 8 in [4]]
    x=21: {t0<b11,t5<b8,t10<b6} [irregular]
  step 4, delta [[0, 2], [0, 2], [-8, 6]]:
    x=13: {t5<b4,t8<b3,t10<b2} [irregular]
    x=17: {t2<b8,t5<b6,t8<b5} [M mod 8 in [0], M >= 17 (0 sporadic below)]
    x=21: {t0<b11,t2<b10,t5<b8} [M mod 8 in [2], M >= 19 (0 sporadic below)]
  step 4, delta [[0, 2], [4, 0], [-8, 6]]:
    x=13: {t5<b4,t8<b3,t10<b2} [irregular]
    x=17: {t2<b8,t5<b6,t12<b3} [irregular]
    x=21: {t2<b10,t4<b9,t9<b6} [irregular]
  step 4, delta [[0, 2], [8, -2], [-8, 6]]:
    x=13: {t5<b4,t8<b3,t10<b2} [irregular]
    x=17: {t2<b8,t5<b6,t16<b1} [M mod 8 in [0], M >= 17 (0 sporadic below)]
    x=21: {t2<b10,t8<b7,t13<b4} [irregular]
  step 4, delta [[8, -2], [0, 2], [-8, 6]]:
    x=13: {t5<b4,t8<b3,t10<b2} [irregular]
    x=17: {t2<b8,t8<b5,t13<b2} [irregular]
    x=21: {t5<b8,t8<b7,t10<b6} [irregular]
  step 4, delta [[8, -2], [4, 0], [-8, 6]]:
    x=13: {t5<b4,t8<b3,t10<b2} [irregular]
    x=17: {t2<b8,t12<b3,t13<b2} [M mod 8 in [4], M >= 61 (2 sporadic below)]
    x=21: {t5<b8,t10<b6,t16<b3} [irregular]
  step 4, delta [[4, 0], [-4, 4], [-4, 4]]:
    x=13: {t5<b4,t8<b3,t10<b2} [irregular]
    x=17: {t4<b7,t6<b6,t9<b4} [M mod 8 in [2]]
    x=21: {t2<b10,t5<b8,t8<b7} [M mod 8 in [2], M >= 19 (0 sporadic below)]
  step 4, delta [[4, 0], [-4, 4], [0, 2]]:
    x=13: {t5<b4,t8<b3,t10<b2} [irregular]
    x=17: {t4<b7,t9<b4,t10<b4} [irregular]
    x=21: {t5<b8,t8<b7,t10<b6} [irregular]
  step 4, delta [[4, 0], [-4, 4], [4, 0]]:
    x=13: {t5<b4,t8<b3,t10<b2} [irregular]
    x=17: {t4<b7,t9<b4,t14<b2} [irregular]
    x=21: {t5<b8,t8<b7,t18<b2} [irregular]
  step 4, delta [[0, 2], [0, 2], [0, 2]]:
    x=13: {t5<b4,t8<b3,t10<b2} [irregular]
    x=17: {t5<b6,t8<b5,t10<b4} [irregular]
    x=21: {t5<b8,t8<b7,t10<b6} [irregular]
  step 4, delta [[0, 2], [4, 0], [0, 2]]:
    x=13: {t5<b4,t8<b3,t10<b2} [irregular]
    x=17: {t5<b6,t10<b4,t12<b3} [irregular]
    x=21: {t5<b8,t12<b5,t14<b4} [irregular]
  step 4, delta [[0, 2], [8, -2], [0, 2]]:
    x=13: {t5<b4,t8<b3,t10<b2} [irregular]
    x=17: {t5<b6,t10<b4,t16<b1} [irregular]
    x=21: {t5<b8,t16<b3,t18<b2} [irregular]
  step 4, delta [[0, 2], [4, 0], [4, 0]]:
    x=13: {t5<b4,t8<b3,t10<b2} [irregular]
    x=17: {t5<b6,t12<b3,t14<b2} [irregular]
    x=21: {t5<b8,t16<b3,t18<b2} [irregular]
  step 4, delta [[4, 0], [0, 2], [-4, 4]]:
    x=13: {t5<b4,t8<b3,t10<b2} [irregular]
    x=17: {t6<b6,t8<b5,t9<b4} [irregular]
    x=21: {t5<b8,t8<b7,t10<b6} [irregular]
  step 4, delta [[8, -2], [0, 2], [-4, 4]]:
    x=13: {t5<b4,t8<b3,t10<b2} [irregular]
    x=17: {t6<b6,t8<b5,t13<b2} [irregular]
    x=21: {t8<b7,t9<b6,t14<b4} [irregular]
  step 4, delta [[4, 0], [8, -2], [-4, 4]]:
    x=13: {t5<b4,t8<b3,t10<b2} [irregular]
    x=17: {t6<b6,t9<b4,t16<b1} [irregular]
    x=21: {t10<b6,t12<b5,t17<b2} [irregular]
  step 4, delta [[8, -2], [0, 2], [0, 2]]:
    x=13: {t5<b4,t8<b3,t10<b2} [irregular]
    x=17: {t8<b5,t10<b4,t13<b2} [irregular]
    x=21: {t10<b6,t13<b4,t16<b3} [M mod 8 in [6], M >= 31 (0 sporadic below)]
  step 4, delta [[8, -2], [0, 2], [4, 0]]:
    x=13: {t5<b4,t8<b3,t10<b2} [irregular]
    x=17: {t8<b5,t13<b2,t14<b2} [irregular]
    x=21: {t13<b4,t16<b3,t18<b2} [irregular]
  step 4, delta [[8, -2], [-8, 6], [0, 2]]:
    x=13: {t5<b4,t8<b3,t11<b1} [irregular]
    x=17: {t0<b9,t11<b3,t13<b2} [irregular]
    x=21: {t3<b9,t8<b7,t13<b4} [irregular]
  step 4, delta [[8, -2], [-8, 6], [4, 0]]:
    x=13: {t5<b4,t8<b3,t11<b1} [irregular]
    x=17: {t0<b9,t13<b2,t15<b1} [irregular]
    x=21: {t5<b8,t8<b7,t19<b1} [irregular]
  step 4, delta [[0, 2], [0, 2], [-8, 6]]:
    x=13: {t5<b4,t8<b3,t11<b1} [irregular]
    x=17: {t3<b7,t5<b6,t8<b5} [irregular]
    x=21: {t0<b11,t3<b9,t5<b8} [M mod 8 in [6]]
  step 4, delta [[0, 2], [8, -2], [-8, 6]]:
    x=13: {t5<b4,t8<b3,t11<b1} [irregular]
    x=17: {t3<b7,t5<b6,t16<b1} [M mod 8 in [4]]
    x=21: {t3<b9,t8<b7,t13<b4} [irregular]
  step 4, delta [[8, -2], [0, 2], [-8, 6]]:
    x=13: {t5<b4,t8<b3,t11<b1} [irregular]
    x=17: {t3<b7,t8<b5,t13<b2} [irregular]
    x=21: {t5<b8,t8<b7,t11<b5} [irregular]
  step 4, delta [[4, 0], [4, 0], [-8, 6]]:
    x=13: {t5<b4,t8<b3,t11<b1} [irregular]
    x=17: {t3<b7,t9<b4,t12<b3} [irregular]
    x=21: {t4<b9,t7<b7,t13<b4} [irregular]
  step 4, delta [[4, 0], [-4, 4], [-4, 4]]:
    x=13: {t5<b4,t8<b3,t11<b1} [irregular]
    x=17: {t4<b7,t7<b5,t9<b4} [irregular]
    x=21: {t3<b9,t5<b8,t8<b7} [irregular]
  step 4, delta [[8, -2], [-4, 4], [-4, 4]]:
    x=13: {t5<b4,t8<b3,t11<b1} [irregular]
    x=17: {t4<b7,t7<b5,t13<b2} [irregular]
    x=21: {t3<b9,t9<b6,t12<b5} [irregular]
  step 4, delta [[4, 0], [-4, 4], [0, 2]]:
    x=13: {t5<b4,t8<b3,t11<b1} [irregular]
    x=17: {t4<b7,t9<b4,t11<b3} [irregular]
    x=21: {t5<b8,t8<b7,t11<b5} [irregular]
  step 4, delta [[4, 0], [-4, 4], [4, 0]]:
    x=13: {t5<b4,t8<b3,t11<b1} [irregular]
    x=17: {t4<b7,t9<b4,t15<b1} [irregular]
    x=21: {t5<b8,t8<b7,t19<b1} [irregular]
  step 4, delta [[8, -2], [-4, 4], [0, 2]]:
    x=13: {t5<b4,t8<b3,t11<b1} [irregular]
    x=17: {t4<b7,t11<b3,t13<b2} [irregular]
    x=21: {t7<b7,t12<b5,t13<b4} [M mod 8 in [4], M >= 29 (0 sporadic below)]
  step 4, delta [[8, -2], [-4, 4], [4, 0]]:
    x=13: {t5<b4,t8<b3,t11<b1} [irregular]
    x=17: {t4<b7,t13<b2,t15<b1} [irregular]
    x=21: {t9<b6,t12<b5,t19<b1} [irregular]
  step 4, delta [[0, 2], [4, 0], [-4, 4]]:
    x=13: {t5<b4,t8<b3,t11<b1} [irregular]
    x=17: {t5<b6,t7<b5,t12<b3} [M mod 8 in [2]]
    x=21: {t5<b8,t8<b7,t11<b5} [irregular]
  step 4, delta [[0, 2], [8, -2], [-4, 4]]:
    x=13: {t5<b4,t8<b3,t11<b1} [irregular]
    x=17: {t5<b6,t7<b5,t16<b1} [irregular]
    x=21: {t5<b8,t12<b5,t15<b3} [irregular]
  step 4, delta [[0, 2], [0, 2], [0, 2]]:
    x=13: {t5<b4,t8<b3,t11<b1} [irregular]
    x=17: {t5<b6,t8<b5,t11<b3} [irregular]
    x=21: {t5<b8,t8<b7,t11<b5} [irregular]
  step 4, delta [[0, 2], [4, 0], [0, 2]]:
    x=13: {t5<b4,t8<b3,t11<b1} [irregular]
    x=17: {t5<b6,t11<b3,t12<b3} [irregular]
    x=21: {t5<b8,t12<b5,t15<b3} [irregular]
  step 4, delta [[0, 2], [8, -2], [0, 2]]:
    x=13: {t5<b4,t8<b3,t11<b1} [irregular]
    x=17: {t5<b6,t11<b3,t16<b1} [irregular]
    x=21: {t5<b8,t16<b3,t19<b1} [irregular]
  step 4, delta [[0, 2], [4, 0], [4, 0]]:
    x=13: {t5<b4,t8<b3,t11<b1} [irregular]
    x=17: {t5<b6,t12<b3,t15<b1} [irregular]
    x=21: {t5<b8,t16<b3,t19<b1} [irregular]
  step 4, delta [[8, -2], [4, 0], [-4, 4]]:
    x=13: {t5<b4,t8<b3,t11<b1} [irregular]
    x=17: {t7<b5,t12<b3,t13<b2} [M mod 8 in [2], M >= 59 (2 sporadic below)]
    x=21: {t9<b6,t15<b3,t16<b3} [irregular]
  step 4, delta [[4, 0], [0, 2], [0, 2]]:
    x=13: {t5<b4,t8<b3,t11<b1} [irregular]
    x=17: {t8<b5,t9<b4,t11<b3} [irregular]
    x=21: {t9<b6,t11<b5,t12<b5} [irregular]
  step 4, delta [[8, -2], [0, 2], [0, 2]]:
    x=13: {t5<b4,t8<b3,t11<b1} [irregular]
    x=17: {t8<b5,t11<b3,t13<b2} [M mod 8 in [0], M >= 17 (0 sporadic below)]
    x=21: {t11<b5,t13<b4,t16<b3} [irregular]
  step 4, delta [[4, 0], [4, 0], [0, 2]]:
    x=13: {t5<b4,t8<b3,t11<b1} [irregular]
    x=17: {t9<b4,t11<b3,t12<b3} [irregular]
    x=21: {t12<b5,t13<b4,t15<b3} [irregular]
  step 4, delta [[4, 0], [8, -2], [0, 2]]:
    x=13: {t5<b4,t8<b3,t11<b1} [irregular]
    x=17: {t9<b4,t11<b3,t16<b1} [irregular]
    x=21: {t13<b4,t16<b3,t19<b1} [irregular]
  step 4, delta [[8, -2], [4, 0], [4, 0]]:
    x=13: {t5<b4,t8<b3,t11<b1} [irregular]
    x=17: {t12<b3,t13<b2,t15<b1} [irregular]
    x=21: {t17<b2,t19<b1,t20<b1} [irregular]
  step 4, delta [[4, 0], [-8, 6], [0, 2]]:
    x=13: {t5<b4,t9<b2,t12<b1} [irregular]
    x=17: {t1<b8,t9<b4,t12<b3} [irregular]
    x=21: {t1<b10,t5<b8,t12<b5} [irregular]
  step 4, delta [[4, 0], [-8, 6], [4, 0]]:
    x=13: {t5<b4,t9<b2,t12<b1} [irregular]
    x=17: {t1<b8,t9<b4,t16<b1} [irregular]
    x=21: {t1<b10,t5<b8,t20<b1} [irregular]
  step 4, delta [[8, -2], [-8, 6], [4, 0]]:
    x=13: {t5<b4,t9<b2,t12<b1} [irregular]
    x=17: {t1<b8,t13<b2,t16<b1} [irregular]
    x=21: {t5<b8,t9<b6,t20<b1} [irregular]
  step 4, delta [[0, 2], [0, 2], [0, 2]]:
    x=13: {t5<b4,t9<b2,t12<b1} [irregular]
    x=17: {t5<b6,t9<b4,t12<b3} [irregular]
    x=21: {t5<b8,t9<b6,t12<b5} [irregular]
  step 4, delta [[0, 2], [0, 2], [4, 0]]:
    x=13: {t5<b4,t9<b2,t12<b1} [irregular]
    x=17: {t5<b6,t9<b4,t16<b1} [irregular]
    x=21: {t5<b8,t9<b6,t20<b1} [irregular]
  step 4, delta [[0, 2], [4, 0], [4, 0]]:
    x=13: {t5<b4,t9<b2,t12<b1} [irregular]
    x=17: {t5<b6,t13<b2,t16<b1} [irregular]
    x=21: {t5<b8,t17<b2,t20<b1} [irregular]
  step 4, delta [[8, -2], [-4, 4], [4, 0]]:
    x=13: {t5<b4,t9<b2,t12<b1} [irregular]
    x=17: {t5<b6,t13<b2,t16<b1} [irregular]
    x=21: {t9<b6,t13<b4,t20<b1} [irregular]
  step 4, delta [[8, -2], [-8, 6], [0, 2]]:
    x=13: {t5<b4,t10<b2,t11<b1} [M mod 8 in [7], M >= 72 (4 sporadic below)]
    x=17: {t2<b8,t11<b3,t13<b2} [irregular]
    x=21: {t3<b9,t10<b6,t13<b4} [irregular]
  step 4, delta [[8, -2], [-8, 6], [4, 0]]:
    x=13: {t5<b4,t10<b2,t11<b1} [M mod 8 in [7], M >= 72 (4 sporadic below)]
    x=17: {t2<b8,t13<b2,t15<b1} [irregular]
    x=21: {t5<b8,t10<b6,t19<b1} [M mod 8 in [3], M >= 20 (0 sporadic below)]
  step 4, delta [[0, 2], [4, 0], [-8, 6]]:
    x=13: {t5<b4,t10<b2,t11<b1} [M mod 8 in [7], M >= 72 (4 sporadic below)]
    x=17: {t3<b7,t5<b6,t14<b2} [irregular]
    x=21: {t3<b9,t6<b8,t9<b6} [irregular]
  step 4, delta [[8, -2], [-4, 4], [-8, 6]]:
    x=13: {t5<b4,t10<b2,t11<b1} [M mod 8 in [7], M >= 72 (4 sporadic below)]
    x=17: {t3<b7,t6<b6,t13<b2} [irregular]
    x=21: {t2<b10,t5<b8,t11<b5} [irregular]
  step 4, delta [[8, -2], [0, 2], [-8, 6]]:
    x=13: {t5<b4,t10<b2,t11<b1} [M mod 8 in [7], M >= 72 (4 sporadic below)]
    x=17: {t3<b7,t10<b4,t13<b2} [irregular]
    x=21: {t5<b8,t10<b6,t11<b5} [M mod 8 in [3], M >= 20 (0 sporadic below)]
  step 4, delta [[8, -2], [4, 0], [-8, 6]]:
    x=13: {t5<b4,t10<b2,t11<b1} [M mod 8 in [7], M >= 72 (4 sporadic below)]
    x=17: {t3<b7,t13<b2,t14<b2} [irregular]
    x=21: {t6<b8,t11<b5,t17<b2} [irregular]
  step 4, delta [[0, 2], [4, 0], [-4, 4]]:
    x=13: {t5<b4,t10<b2,t11<b1} [M mod 8 in [7], M >= 72 (4 sporadic below)]
    x=17: {t5<b6,t7<b5,t14<b2} [irregular]
    x=21: {t5<b8,t10<b6,t11<b5} [M mod 8 in [3], M >= 20 (0 sporadic below)]
  step 4, delta [[0, 2], [0, 2], [0, 2]]:
    x=13: {t5<b4,t10<b2,t11<b1} [M mod 8 in [7], M >= 72 (4 sporadic below)]
    x=17: {t5<b6,t10<b4,t11<b3} [M mod 8 in [1], M >= 58 (3 sporadic below)]
    x=21: {t5<b8,t10<b6,t11<b5} [M mod 8 in [3], M >= 20 (0 sporadic below)]
  step 4, delta [[0, 2], [0, 2], [4, 0]]:
    x=13: {t5<b4,t10<b2,t11<b1} [M mod 8 in [7], M >= 72 (4 sporadic below)]
    x=17: {t5<b6,t10<b4,t15<b1} [irregular]
    x=21: {t5<b8,t10<b6,t19<b1} [M mod 8 in [3], M >= 20 (0 sporadic below)]
  step 4, delta [[4, 0], [-4, 4], [-4, 4]]:
    x=13: {t5<b4,t10<b2,t11<b1} [M mod 8 in [7], M >= 72 (4 sporadic below)]
    x=17: {t6<b6,t7<b5,t9<b4} [irregular]
    x=21: {t3<b9,t5<b8,t10<b6} [M mod 8 in [3], M >= 20 (0 sporadic below)]
  step 4, delta [[8, -2], [-4, 4], [-4, 4]]:
    x=13: {t5<b4,t10<b2,t11<b1} [M mod 8 in [7], M >= 72 (4 sporadic below)]
    x=17: {t6<b6,t7<b5,t13<b2} [irregular]
    x=21: {t3<b9,t9<b6,t14<b4} [irregular]
  step 4, delta [[4, 0], [-4, 4], [0, 2]]:
    x=13: {t5<b4,t10<b2,t11<b1} [M mod 8 in [7], M >= 72 (4 sporadic below)]
    x=17: {t6<b6,t9<b4,t11<b3} [irregular]
    x=21: {t5<b8,t10<b6,t11<b5} [M mod 8 in [3], M >= 20 (0 sporadic below)]
  step 4, delta [[4, 0], [-4, 4], [4, 0]]:
    x=13: {t5<b4,t10<b2,t11<b1} [M mod 8 in [7], M >= 72 (4 sporadic below)]
    x=17: {t6<b6,t9<b4,t15<b1} [irregular]
    x=21: {t5<b8,t10<b6,t19<b1} [M mod 8 in [3], M >= 20 (0 sporadic below)]
  step 4, delta [[8, -2], [-4, 4], [0, 2]]:
    x=13: {t5<b4,t10<b2,t11<b1} [M mod 8 in [7], M >= 72 (4 sporadic below)]
    x=17: {t6<b6,t11<b3,t13<b2} [irregular]
    x=21: {t7<b7,t13<b4,t14<b4} [irregular]
  step 4, delta [[8, -2], [-4, 4], [4, 0]]:
    x=13: {t5<b4,t10<b2,t11<b1} [M mod 8 in [7], M >= 72 (4 sporadic below)]
    x=17: {t6<b6,t13<b2,t15<b1} [irregular]
    x=21: {t9<b6,t14<b4,t19<b1} [irregular]
  step 4, delta [[4, 0], [4, 0], [-4, 4]]:
    x=13: {t5<b4,t10<b2,t11<b1} [M mod 8 in [7], M >= 72 (4 sporadic below)]
    x=17: {t7<b5,t9<b4,t14<b2} [M mod 8 in [3], M >= 20 (0 sporadic below)]
    x=21: {t10<b6,t11<b5,t13<b4} [irregular]
  step 4, delta [[8, -2], [4, 0], [-4, 4]]:
    x=13: {t5<b4,t10<b2,t11<b1} [M mod 8 in [7], M >= 72 (4 sporadic below)]
    x=17: {t7<b5,t13<b2,t14<b2} [irregular]
    x=21: {t10<b6,t15<b3,t17<b2} [irregular]
  step 4, delta [[8, -2], [0, 2], [0, 2]]:
    x=13: {t5<b4,t10<b2,t11<b1} [M mod 8 in [7], M >= 72 (4 sporadic below)]
    x=17: {t10<b4,t11<b3,t13<b2} [irregular]
    x=21: {t11<b5,t13<b4,t18<b2} [M mod 8 in [7], M >= 24 (0 sporadic below)]
  step 4, delta [[8, -2], [0, 2], [4, 0]]:
    x=13: {t5<b4,t10<b2,t11<b1} [M mod 8 in [7], M >= 72 (4 sporadic below)]
    x=17: {t10<b4,t13<b2,t15<b1} [M mod 8 in [1], M >= 58 (3 sporadic below)]
    x=21: {t13<b4,t18<b2,t19<b1} [M mod 8 in [7], M >= 32 (0 sporadic below)]
  step 4, delta [[8, -2], [4, 0], [0, 2]]:
    x=13: {t5<b4,t10<b2,t11<b1} [M mod 8 in [7], M >= 72 (4 sporadic below)]
    x=17: {t11<b3,t13<b2,t14<b2} [irregular]
    x=21: {t14<b4,t17<b2,t19<b1} [irregular]
  step 4, delta [[4, 0], [4, 0], [-12, 8]]:
    x=13: {t5<b4,t10<b2,t12<b1} [irregular]
    x=17: {t0<b9,t9<b4,t14<b2} [irregular]
    x=21: {t2<b10,t4<b9,t13<b4} [M mod 8 in [6]]
  step 4, delta [[8, -2], [4, 0], [-12, 8]]:
    x=13: {t5<b4,t10<b2,t12<b1} [irregular]
    x=17: {t0<b9,t13<b2,t14<b2} [irregular]
    x=21: {t2<b10,t8<b7,t17<b2} [irregular]
  step 4, delta [[8, -2], [-8, 6], [-4, 4]]:
    x=13: {t5<b4,t10<b2,t12<b1} [irregular]
    x=17: {t2<b8,t8<b5,t13<b2} [irregular]
    x=21: {t0<b11,t9<b6,t10<b6} [irregular]
  step 4, delta [[8, -2], [-8, 6], [0, 2]]:
    x=13: {t5<b4,t10<b2,t12<b1} [irregular]
    x=17: {t2<b8,t12<b3,t13<b2} [M mod 8 in [4], M >= 61 (2 sporadic below)]
    x=21: {t4<b9,t10<b6,t13<b4} [irregular]
  step 4, delta [[8, -2], [-4, 4], [-8, 6]]:
    x=13: {t5<b4,t10<b2,t12<b1} [irregular]
    x=17: {t4<b7,t6<b6,t13<b2} [irregular]
    x=21: {t2<b10,t5<b8,t12<b5} [irregular]
  step 4, delta [[4, 0], [4, 0], [-8, 6]]:
    x=13: {t5<b4,t10<b2,t12<b1} [irregular]
    x=17: {t4<b7,t9<b4,t14<b2} [irregular]
    x=21: {t6<b8,t8<b7,t13<b4} [irregular]
  step 4, delta [[8, -2], [0, 2], [-8, 6]]:
    x=13: {t5<b4,t10<b2,t12<b1} [irregular]
    x=17: {t4<b7,t10<b4,t13<b2} [irregular]
    x=21: {t5<b8,t10<b6,t12<b5} [irregular]
  step 4, delta [[8, -2], [4, 0], [-8, 6]]:
    x=13: {t5<b4,t10<b2,t12<b1} [irregular]
    x=17: {t4<b7,t13<b2,t14<b2} [irregular]
    x=21: {t6<b8,t12<b5,t17<b2} [irregular]
  step 4, delta [[0, 2], [4, 0], [-4, 4]]:
    x=13: {t5<b4,t10<b2,t12<b1} [irregular]
    x=17: {t5<b6,t8<b5,t14<b2} [irregular]
    x=21: {t5<b8,t10<b6,t12<b5} [irregular]
  step 4, delta [[0, 2], [0, 2], [0, 2]]:
    x=13: {t5<b4,t10<b2,t12<b1} [irregular]
    x=17: {t5<b6,t10<b4,t12<b3} [irregular]
    x=21: {t5<b8,t10<b6,t12<b5} [irregular]
  step 4, delta [[0, 2], [0, 2], [4, 0]]:
    x=13: {t5<b4,t10<b2,t12<b1} [irregular]
    x=17: {t5<b6,t10<b4,t16<b1} [irregular]
    x=21: {t5<b8,t10<b6,t20<b1} [irregular]
  step 4, delta [[0, 2], [4, 0], [0, 2]]:
    x=13: {t5<b4,t10<b2,t12<b1} [irregular]
    x=17: {t5<b6,t12<b3,t14<b2} [irregular]
    x=21: {t5<b8,t14<b4,t16<b3} [irregular]
  step 4, delta [[0, 2], [4, 0], [4, 0]]:
    x=13: {t5<b4,t10<b2,t12<b1} [irregular]
    x=17: {t5<b6,t14<b2,t16<b1} [irregular]
    x=21: {t5<b8,t18<b2,t20<b1} [irregular]
  step 4, delta [[4, 0], [-4, 4], [-4, 4]]:
    x=13: {t5<b4,t10<b2,t12<b1} [irregular]
    x=17: {t6<b6,t8<b5,t9<b4} [irregular]
    x=21: {t4<b9,t5<b8,t10<b6} [irregular]
  step 4, delta [[8, -2], [-4, 4], [-4, 4]]:
    x=13: {t5<b4,t10<b2,t12<b1} [irregular]
    x=17: {t6<b6,t8<b5,t13<b2} [irregular]
    x=21: {t4<b9,t9<b6,t14<b4} [irregular]
  step 4, delta [[4, 0], [-4, 4], [0, 2]]:
    x=13: {t5<b4,t10<b2,t12<b1} [irregular]
    x=17: {t6<b6,t9<b4,t12<b3} [M mod 8 in [2], M >= 59 (3 sporadic below)]
    x=21: {t5<b8,t10<b6,t12<b5} [irregular]
  step 4, delta [[4, 0], [-4, 4], [4, 0]]:
    x=13: {t5<b4,t10<b2,t12<b1} [irregular]
    x=17: {t6<b6,t9<b4,t16<b1} [irregular]
    x=21: {t5<b8,t10<b6,t20<b1} [irregular]
  step 4, delta [[8, -2], [0, 2], [4, 0]]:
    x=13: {t5<b4,t10<b2,t12<b1} [irregular]
    x=17: {t10<b4,t13<b2,t16<b1} [M mod 8 in [4], M >= 29 (0 sporadic below)]
    x=21: {t13<b4,t18<b2,t20<b1} [irregular]
  step 4, delta [[8, -2], [0, 2], [-12, 8]]:
    x=13: {t5<b4,t11<b1,t12<b1} [irregular]
    x=17: {t0<b9,t11<b3,t13<b2} [irregular]
    x=21: {t1<b10,t8<b7,t11<b5} [irregular]
  step 4, delta [[8, -2], [4, 0], [-12, 8]]:
    x=13: {t5<b4,t11<b1,t12<b1} [irregular]
    x=17: {t0<b9,t13<b2,t15<b1} [irregular]
    x=21: {t3<b9,t8<b7,t17<b2} [M mod 8 in [2], M >= 19 (0 sporadic below)]
  step 4, delta [[8, -2], [-8, 6], [-4, 4]]:
    x=13: {t5<b4,t11<b1,t12<b1} [irregular]
    x=17: {t3<b7,t8<b5,t13<b2} [irregular]
    x=21: {t0<b11,t9<b6,t11<b5} [irregular]
  step 4, delta [[4, 0], [-8, 6], [0, 2]]:
    x=13: {t5<b4,t11<b1,t12<b1} [irregular]
    x=17: {t3<b7,t9<b4,t12<b3} [irregular]
    x=21: {t1<b10,t7<b7,t12<b5} [irregular]
  step 4, delta [[4, 0], [-8, 6], [4, 0]]:
    x=13: {t5<b4,t11<b1,t12<b1} [irregular]
    x=17: {t3<b7,t9<b4,t16<b1} [irregular]
    x=21: {t1<b10,t7<b7,t20<b1} [M mod 8 in [0], M >= 17 (0 sporadic below)]
  step 4, delta [[8, -2], [-8, 6], [4, 0]]:
    x=13: {t5<b4,t11<b1,t12<b1} [irregular]
    x=17: {t3<b7,t13<b2,t16<b1} [M mod 8 in [4], M >= 61 (2 sporadic below)]
    x=21: {t5<b8,t11<b5,t20<b1} [irregular]
  step 4, delta [[0, 2], [4, 0], [-8, 6]]:
    x=13: {t5<b4,t11<b1,t12<b1} [irregular]
    x=17: {t4<b7,t5<b6,t15<b1} [irregular]
    x=21: {t4<b9,t7<b7,t9<b6} [M mod 8 in [0], M >= 17 (0 sporadic below)]
  step 4, delta [[4, 0], [-4, 4], [-8, 6]]:
    x=13: {t5<b4,t11<b1,t12<b1} [irregular]
    x=17: {t4<b7,t7<b5,t9<b4} [irregular]
    x=21: {t1<b10,t3<b9,t8<b7} [M mod 8 in [2], M >= 19 (0 sporadic below)]
  step 4, delta [[8, -2], [-4, 4], [-8, 6]]:
    x=13: {t5<b4,t11<b1,t12<b1} [irregular]
    x=17: {t4<b7,t7<b5,t13<b2} [irregular]
    x=21: {t3<b9,t5<b8,t12<b5} [irregular]
  step 4, delta [[4, 0], [0, 2], [-8, 6]]:
    x=13: {t5<b4,t11<b1,t12<b1} [irregular]
    x=17: {t4<b7,t9<b4,t11<b3} [irregular]
    x=21: {t3<b9,t8<b7,t9<b6} [M mod 8 in [2], M >= 19 (0 sporadic below)]
  step 4, delta [[8, -2], [0, 2], [-8, 6]]:
    x=13: {t5<b4,t11<b1,t12<b1} [irregular]
    x=17: {t4<b7,t11<b3,t13<b2} [irregular]
    x=21: {t5<b8,t11<b5,t12<b5} [irregular]
  step 4, delta [[8, -2], [4, 0], [-8, 6]]:
    x=13: {t5<b4,t11<b1,t12<b1} [irregular]
    x=17: {t4<b7,t13<b2,t15<b1} [irregular]
    x=21: {t7<b7,t12<b5,t17<b2} [irregular]
  step 4, delta [[0, 2], [-4, 4], [0, 2]]:
    x=13: {t5<b4,t11<b1,t12<b1} [irregular]
    x=17: {t5<b6,t7<b5,t12<b3} [M mod 8 in [2]]
    x=21: {t3<b9,t5<b8,t12<b5} [irregular]
  step 4, delta [[0, 2], [-4, 4], [4, 0]]:
    x=13: {t5<b4,t11<b1,t12<b1} [irregular]
    x=17: {t5<b6,t7<b5,t16<b1} [irregular]
    x=21: {t3<b9,t5<b8,t20<b1} [irregular]
  step 4, delta [[0, 2], [4, 0], [-4, 4]]:
    x=13: {t5<b4,t11<b1,t12<b1} [irregular]
    x=17: {t5<b6,t8<b5,t15<b1} [irregular]
    x=21: {t5<b8,t11<b5,t12<b5} [irregular]
  step 4, delta [[0, 2], [0, 2], [0, 2]]:
    x=13: {t5<b4,t11<b1,t12<b1} [irregular]
    x=17: {t5<b6,t11<b3,t12<b3} [irregular]
    x=21: {t5<b8,t11<b5,t12<b5} [irregular]
  step 4, delta [[0, 2], [0, 2], [4, 0]]:
    x=13: {t5<b4,t11<b1,t12<b1} [irregular]
    x=17: {t5<b6,t11<b3,t16<b1} [irregular]
    x=21: {t5<b8,t11<b5,t20<b1} [irregular]
  step 4, delta [[0, 2], [4, 0], [0, 2]]:
    x=13: {t5<b4,t11<b1,t12<b1} [irregular]
    x=17: {t5<b6,t12<b3,t15<b1} [irregular]
    x=21: {t5<b8,t15<b3,t16<b3} [irregular]
  step 4, delta [[0, 2], [4, 0], [4, 0]]:
    x=13: {t5<b4,t11<b1,t12<b1} [irregular]
    x=17: {t5<b6,t15<b1,t16<b1} [irregular]
    x=21: {t5<b8,t19<b1,t20<b1} [irregular]
  step 4, delta [[4, 0], [-4, 4], [4, 0]]:
    x=13: {t5<b4,t11<b1,t12<b1} [irregular]
    x=17: {t7<b5,t9<b4,t16<b1} [irregular]
    x=21: {t5<b8,t11<b5,t20<b1} [irregular]
  step 4, delta [[8, -2], [0, 2], [-4, 4]]:
    x=13: {t5<b4,t11<b1,t12<b1} [irregular]
    x=17: {t8<b5,t11<b3,t13<b2} [M mod 8 in [0], M >= 17 (0 sporadic below)]
    x=21: {t9<b6,t11<b5,t16<b3} [irregular]
  step 4, delta [[4, 0], [0, 2], [4, 0]]:
    x=13: {t5<b4,t11<b1,t12<b1} [irregular]
    x=17: {t9<b4,t11<b3,t16<b1} [irregular]
    x=21: {t11<b5,t13<b4,t20<b1} [irregular]
  step 4, delta [[4, 0], [4, 0], [0, 2]]:
    x=13: {t5<b4,t11<b1,t12<b1} [irregular]
    x=17: {t9<b4,t12<b3,t15<b1} [irregular]
    x=21: {t13<b4,t15<b3,t16<b3} [irregular]
  step 4, delta [[8, -2], [0, 2], [4, 0]]:
    x=13: {t5<b4,t11<b1,t12<b1} [irregular]
    x=17: {t11<b3,t13<b2,t16<b1} [irregular]
    x=21: {t13<b4,t19<b1,t20<b1} [irregular]
  step 4, delta [[0, 2], [4, 0], [-8, 6]]:
    x=13: {t6<b4,t7<b3,t8<b3} [irregular]
    x=17: {t0<b9,t6<b6,t11<b3} [irregular]
    x=21: {t0<b11,t3<b9,t10<b6} [irregular]
  step 4, delta [[0, 2], [8, -2], [-8, 6]]:
    x=13: {t6<b4,t7<b3,t8<b3} [irregular]
    x=17: {t0<b9,t6<b6,t15<b1} [irregular]
    x=21: {t0<b11,t7<b7,t14<b4} [irregular]
  step 4, delta [[4, 0], [0, 2], [-8, 6]]:
    x=13: {t6<b4,t7<b3,t8<b3} [irregular]
    x=17: {t0<b9,t7<b5,t10<b4} [irregular]
    x=21: {t2<b10,t4<b9,t7<b7} [M mod 8 in [3], M >= 20 (0 sporadic below)]
  step 4, delta [[8, -2], [4, 0], [-8, 6]]:
    x=13: {t6<b4,t7<b3,t8<b3} [irregular]
    x=17: {t0<b9,t11<b3,t14<b2} [irregular]
    x=21: {t6<b8,t8<b7,t15<b3} [irregular]
  step 4, delta [[0, 2], [-4, 4], [0, 2]]:
    x=13: {t6<b4,t7<b3,t8<b3} [irregular]
    x=17: {t3<b7,t6<b6,t8<b5} [irregular]
    x=21: {t2<b10,t3<b9,t8<b7} [irregular]
  step 4, delta [[4, 0], [-4, 4], [0, 2]]:
    x=13: {t6<b4,t7<b3,t8<b3} [irregular]
    x=17: {t3<b7,t8<b5,t10<b4} [irregular]
    x=21: {t4<b9,t7<b7,t10<b6} [M mod 8 in [3], M >= 20 (0 sporadic below)]
  step 4, delta [[8, -2], [-4, 4], [4, 0]]:
    x=13: {t6<b4,t7<b3,t8<b3} [irregular]
    x=17: {t3<b7,t12<b3,t14<b2} [irregular]
    x=21: {t8<b7,t11<b5,t18<b2} [irregular]
  step 4, delta [[0, 2], [4, 0], [-4, 4]]:
    x=13: {t6<b4,t7<b3,t8<b3} [irregular]
    x=17: {t4<b7,t6<b6,t11<b3} [irregular]
    x=21: {t4<b9,t7<b7,t10<b6} [M mod 8 in [3], M >= 20 (0 sporadic below)]
  step 4, delta [[8, -2], [0, 2], [-4, 4]]:
    x=13: {t6<b4,t7<b3,t8<b3} [irregular]
    x=17: {t4<b7,t7<b5,t14<b2} [irregular]
    x=21: {t7<b7,t10<b6,t12<b5} [irregular]
  step 4, delta [[4, 0], [8, -2], [-4, 4]]:
    x=13: {t6<b4,t7<b3,t8<b3} [irregular]
    x=17: {t4<b7,t10<b4,t15<b1} [irregular]
    x=21: {t8<b7,t11<b5,t18<b2} [irregular]
  step 4, delta [[0, 2], [4, 0], [0, 2]]:
    x=13: {t6<b4,t7<b3,t8<b3} [irregular]
    x=17: {t6<b6,t8<b5,t11<b3} [M mod 8 in [3]]
    x=21: {t6<b8,t11<b5,t12<b5} [irregular]
  step 4, delta [[0, 2], [8, -2], [0, 2]]:
    x=13: {t6<b4,t7<b3,t8<b3} [irregular]
    x=17: {t6<b6,t8<b5,t15<b1} [irregular]
    x=21: {t6<b8,t15<b3,t16<b3} [irregular]
  step 4, delta [[0, 2], [4, 0], [4, 0]]:
    x=13: {t6<b4,t7<b3,t8<b3} [irregular]
    x=17: {t6<b6,t11<b3,t12<b3} [irregular]
    x=21: {t6<b8,t15<b3,t16<b3} [irregular]
  step 4, delta [[0, 2], [8, -2], [4, 0]]:
    x=13: {t6<b4,t7<b3,t8<b3} [irregular]
    x=17: {t6<b6,t12<b3,t15<b1} [irregular]
    x=21: {t6<b8,t19<b1,t20<b1} [irregular]
  step 4, delta [[4, 0], [0, 2], [4, 0]]:
    x=13: {t6<b4,t7<b3,t8<b3} [irregular]
    x=17: {t7<b5,t10<b4,t12<b3} [irregular]
    x=21: {t10<b6,t11<b5,t16<b3} [irregular]
  step 4, delta [[8, -2], [0, 2], [4, 0]]:
    x=13: {t6<b4,t7<b3,t8<b3} [irregular]
    x=17: {t7<b5,t12<b3,t14<b2} [irregular]
    x=21: {t12<b5,t15<b3,t18<b2} [M mod 8 in [7], M >= 32 (0 sporadic below)]
  step 4, delta [[4, 0], [8, -2], [0, 2]]:
    x=13: {t6<b4,t7<b3,t8<b3} [irregular]
    x=17: {t8<b5,t10<b4,t15<b1} [irregular]
    x=21: {t12<b5,t15<b3,t18<b2} [M mod 8 in [7], M >= 32 (0 sporadic below)]
  step 4, delta [[8, -2], [4, 0], [0, 2]]:
    x=13: {t6<b4,t7<b3,t8<b3} [irregular]
    x=17: {t8<b5,t11<b3,t14<b2} [M mod 8 in [3], M >= 60 (3 sporadic below)]
    x=21: {t14<b4,t15<b3,t16<b3} [irregular]
  step 4, delta [[4, 0], [8, -2], [4, 0]]:
    x=13: {t6<b4,t7<b3,t8<b3} [irregular]
    x=17: {t10<b4,t12<b3,t15<b1} [irregular]
    x=21: {t14<b4,t19<b1,t20<b1} [irregular]
  step 4, delta [[0, 2], [4, 0], [-8, 6]]:
    x=13: {t6<b4,t7<b3,t9<b2} [irregular]
    x=17: {t1<b8,t6<b6,t11<b3} [irregular]
    x=21: {t1<b10,t3<b9,t10<b6} [irregular]
  step 4, delta [[0, 2], [8, -2], [-8, 6]]:
    x=13: {t6<b4,t7<b3,t9<b2} [irregular]
    x=17: {t1<b8,t6<b6,t15<b1} [M mod 8 in [7], M >= 64 (4 sporadic below)]
    x=21: {t1<b10,t7<b7,t14<b4} [irregular]
  step 4, delta [[4, 0], [0, 2], [-8, 6]]:
    x=13: {t6<b4,t7<b3,t9<b2} [irregular]
    x=17: {t1<b8,t7<b5,t10<b4} [irregular]
    x=21: {t2<b10,t5<b8,t7<b7} [M mod 8 in [7]]
  step 4, delta [[8, -2], [4, 0], [-8, 6]]:
    x=13: {t6<b4,t7<b3,t9<b2} [irregular]
    x=17: {t1<b8,t11<b3,t14<b2} [M mod 8 in [3], M >= 68 (1 sporadic below)]
    x=21: {t6<b8,t9<b6,t15<b3} [irregular]
  step 4, delta [[0, 2], [-4, 4], [-4, 4]]:
    x=13: {t6<b4,t7<b3,t9<b2} [irregular]
    x=17: {t3<b7,t5<b6,t6<b6} [irregular]
    x=21: {t1<b10,t2<b10,t3<b9} [irregular]
  step 4, delta [[4, 0], [-4, 4], [-4, 4]]:
    x=13: {t6<b4,t7<b3,t9<b2} [irregular]
    x=17: {t3<b7,t5<b6,t10<b4} [M mod 8 in [1]]
    x=21: {t1<b10,t6<b8,t7<b7} [M mod 8 in [1], M >= 18 (0 sporadic below)]
  step 4, delta [[0, 2], [-4, 4], [0, 2]]:
    x=13: {t6<b4,t7<b3,t9<b2} [irregular]
    x=17: {t3<b7,t6<b6,t9<b4} [irregular]
    x=21: {t2<b10,t3<b9,t9<b6} [irregular]
  step 4, delta [[0, 2], [-4, 4], [4, 0]]:
    x=13: {t6<b4,t7<b3,t9<b2} [irregular]
    x=17: {t3<b7,t6<b6,t13<b2} [irregular]
    x=21: {t2<b10,t3<b9,t17<b2} [irregular]
  step 4, delta [[4, 0], [-4, 4], [0, 2]]:
    x=13: {t6<b4,t7<b3,t9<b2} [irregular]
    x=17: {t3<b7,t9<b4,t10<b4} [irregular]
    x=21: {t5<b8,t7<b7,t10<b6} [irregular]
  step 4, delta [[4, 0], [-4, 4], [4, 0]]:
    x=13: {t6<b4,t7<b3,t9<b2} [irregular]
    x=17: {t3<b7,t10<b4,t13<b2} [irregular]
    x=21: {t6<b8,t7<b7,t17<b2} [irregular]
  step 4, delta [[8, -2], [-4, 4], [4, 0]]:
    x=13: {t6<b4,t7<b3,t9<b2} [irregular]
    x=17: {t3<b7,t13<b2,t14<b2} [irregular]
    x=21: {t9<b6,t11<b5,t18<b2} [irregular]
  step 4, delta [[8, -2], [0, 2], [-4, 4]]:
    x=13: {t6<b4,t7<b3,t9<b2} [irregular]
    x=17: {t5<b6,t7<b5,t14<b2} [irregular]
    x=21: {t7<b7,t10<b6,t13<b4} [irregular]
  step 4, delta [[4, 0], [8, -2], [-4, 4]]:
    x=13: {t6<b4,t7<b3,t9<b2} [irregular]
    x=17: {t5<b6,t10<b4,t15<b1} [irregular]
    x=21: {t9<b6,t11<b5,t18<b2} [irregular]
  step 4, delta [[0, 2], [0, 2], [4, 0]]:
    x=13: {t6<b4,t7<b3,t9<b2} [irregular]
    x=17: {t6<b6,t7<b5,t13<b2} [irregular]
    x=21: {t6<b8,t7<b7,t17<b2} [irregular]
  step 4, delta [[0, 2], [8, -2], [0, 2]]:
    x=13: {t6<b4,t7<b3,t9<b2} [irregular]
    x=17: {t6<b6,t9<b4,t15<b1} [irregular]
    x=21: {t6<b8,t15<b3,t17<b2} [irregular]
  step 4, delta [[0, 2], [4, 0], [4, 0]]:
    x=13: {t6<b4,t7<b3,t9<b2} [irregular]
    x=17: {t6<b6,t11<b3,t13<b2} [irregular]
    x=21: {t6<b8,t15<b3,t17<b2} [irregular]
  step 4, delta [[8, -2], [0, 2], [0, 2]]:
    x=13: {t6<b4,t7<b3,t9<b2} [irregular]
    x=17: {t7<b5,t9<b4,t14<b2} [M mod 8 in [3], M >= 20 (0 sporadic below)]
    x=21: {t9<b6,t14<b4,t15<b3} [M mod 8 in [5], M >= 62 (2 sporadic below)]
  step 4, delta [[8, -2], [0, 2], [4, 0]]:
    x=13: {t6<b4,t7<b3,t9<b2} [irregular]
    x=17: {t7<b5,t13<b2,t14<b2} [irregular]
    x=21: {t13<b4,t15<b3,t18<b2} [irregular]
  step 4, delta [[4, 0], [4, 0], [4, 0]]:
    x=13: {t6<b4,t7<b3,t9<b2} [irregular]
    x=17: {t10<b4,t11<b3,t13<b2} [irregular]
    x=21: {t14<b4,t15<b3,t17<b2} [irregular]
  step 4, delta [[0, 2], [8, -2], [-12, 8]]:
    x=13: {t6<b4,t7<b3,t12<b1} [irregular]
    x=17: {t0<b9,t6<b6,t15<b1} [irregular]
    x=21: {t0<b11,t3<b9,t14<b4} [irregular]
  step 4, delta [[8, -2], [4, 0], [-12, 8]]:
    x=13: {t6<b4,t7<b3,t12<b1} [irregular]
    x=17: {t0<b9,t11<b3,t14<b2} [irregular]
    x=21: {t2<b10,t8<b7,t15<b3} [irregular]
  step 4, delta [[8, -2], [-4, 4], [-4, 4]]:
    x=13: {t6<b4,t7<b3,t12<b1} [irregular]
    x=17: {t3<b7,t8<b5,t14<b2} [irregular]
    x=21: {t4<b9,t10<b6,t11<b5} [irregular]
  step 4, delta [[4, 0], [-4, 4], [0, 2]]:
    x=13: {t6<b4,t7<b3,t12<b1} [irregular]
    x=17: {t3<b7,t10<b4,t12<b3} [irregular]
    x=21: {t6<b8,t7<b7,t12<b5} [irregular]
  step 4, delta [[4, 0], [-4, 4], [4, 0]]:
    x=13: {t6<b4,t7<b3,t12<b1} [irregular]
    x=17: {t3<b7,t10<b4,t16<b1} [irregular]
    x=21: {t6<b8,t7<b7,t20<b1} [irregular]
  step 4, delta [[8, -2], [-4, 4], [0, 2]]:
    x=13: {t6<b4,t7<b3,t12<b1} [irregular]
    x=17: {t3<b7,t12<b3,t14<b2} [irregular]
    x=21: {t8<b7,t11<b5,t14<b4} [M mod 8 in [5], M >= 22 (0 sporadic below)]
  step 4, delta [[8, -2], [-4, 4], [4, 0]]:
    x=13: {t6<b4,t7<b3,t12<b1} [irregular]
    x=17: {t3<b7,t14<b2,t16<b1} [irregular]
    x=21: {t10<b6,t11<b5,t20<b1} [irregular]
  step 4, delta [[0, 2], [8, -2], [-8, 6]]:
    x=13: {t6<b4,t7<b3,t12<b1} [irregular]
    x=17: {t4<b7,t6<b6,t15<b1} [M mod 8 in [5]]
    x=21: {t4<b9,t7<b7,t14<b4} [irregular]
  step 4, delta [[8, -2], [0, 2], [-8, 6]]:
    x=13: {t6<b4,t7<b3,t12<b1} [irregular]
    x=17: {t4<b7,t7<b5,t14<b2} [irregular]
    x=21: {t6<b8,t7<b7,t12<b5} [irregular]
  step 4, delta [[4, 0], [4, 0], [-8, 6]]:
    x=13: {t6<b4,t7<b3,t12<b1} [irregular]
    x=17: {t4<b7,t10<b4,t11<b3} [irregular]
    x=21: {t3<b9,t8<b7,t14<b4} [irregular]
  step 4, delta [[0, 2], [0, 2], [0, 2]]:
    x=13: {t6<b4,t7<b3,t12<b1} [irregular]
    x=17: {t6<b6,t7<b5,t12<b3} [irregular]
    x=21: {t6<b8,t7<b7,t12<b5} [irregular]
  step 4, delta [[0, 2], [4, 0], [-4, 4]]:
    x=13: {t6<b4,t7<b3,t12<b1} [irregular]
    x=17: {t6<b6,t8<b5,t11<b3} [M mod 8 in [3]]
    x=21: {t6<b8,t7<b7,t12<b5} [irregular]
  step 4, delta [[0, 2], [8, -2], [-4, 4]]:
    x=13: {t6<b4,t7<b3,t12<b1} [irregular]
    x=17: {t6<b6,t8<b5,t15<b1} [irregular]
    x=21: {t6<b8,t11<b5,t16<b3} [irregular]
  step 4, delta [[0, 2], [4, 0], [0, 2]]:
    x=13: {t6<b4,t7<b3,t12<b1} [irregular]
    x=17: {t6<b6,t11<b3,t12<b3} [irregular]
    x=21: {t6<b8,t12<b5,t15<b3} [irregular]
  step 4, delta [[0, 2], [4, 0], [4, 0]]:
    x=13: {t6<b4,t7<b3,t12<b1} [irregular]
    x=17: {t6<b6,t11<b3,t16<b1} [irregular]
    x=21: {t6<b8,t15<b3,t20<b1} [irregular]
  step 4, delta [[0, 2], [8, -2], [0, 2]]:
    x=13: {t6<b4,t7<b3,t12<b1} [irregular]
    x=17: {t6<b6,t12<b3,t15<b1} [irregular]
    x=21: {t6<b8,t15<b3,t20<b1} [irregular]
  step 4, delta [[4, 0], [0, 2], [0, 2]]:
    x=13: {t6<b4,t7<b3,t12<b1} [irregular]
    x=17: {t7<b5,t10<b4,t12<b3} [irregular]
    x=21: {t10<b6,t11<b5,t12<b5} [irregular]
  step 4, delta [[4, 0], [0, 2], [4, 0]]:
    x=13: {t6<b4,t7<b3,t12<b1} [irregular]
    x=17: {t7<b5,t10<b4,t16<b1} [irregular]
    x=21: {t10<b6,t11<b5,t20<b1} [irregular]
  step 4, delta [[8, -2], [0, 2], [4, 0]]:
    x=13: {t6<b4,t7<b3,t12<b1} [irregular]
    x=17: {t7<b5,t14<b2,t16<b1} [irregular]
    x=21: {t14<b4,t15<b3,t20<b1} [irregular]
  step 4, delta [[8, -2], [4, 0], [-4, 4]]:
    x=13: {t6<b4,t7<b3,t12<b1} [irregular]
    x=17: {t8<b5,t11<b3,t14<b2} [M mod 8 in [3], M >= 60 (3 sporadic below)]
    x=21: {t10<b6,t15<b3,t16<b3} [irregular]
  step 4, delta [[4, 0], [8, -2], [0, 2]]:
    x=13: {t6<b4,t7<b3,t12<b1} [irregular]
    x=17: {t10<b4,t12<b3,t15<b1} [irregular]
    x=21: {t14<b4,t15<b3,t20<b1} [irregular]
  step 4, delta [[8, -2], [4, 0], [4, 0]]:
    x=13: {t6<b4,t7<b3,t12<b1} [irregular]
    x=17: {t11<b3,t14<b2,t16<b1} [irregular]
    x=21: {t18<b2,t19<b1,t20<b1} [irregular]
  step 4, delta [[8, -2], [-8, 6], [0, 2]]:
    x=13: {t6<b4,t8<b3,t9<b2} [irregular]
    x=17: {t0<b9,t9<b4,t14<b2} [irregular]
    x=21: {t1<b10,t8<b7,t14<b4} [irregular]
  step 4, delta [[4, 0], [-8, 6], [4, 0]]:
    x=13: {t6<b4,t8<b3,t9<b2} [irregular]
    x=17: {t0<b9,t10<b4,t13<b2} [irregular]
    x=21: {t2<b10,t4<b9,t17<b2} [irregular]
  step 4, delta [[8, -2], [-8, 6], [4, 0]]:
    x=13: {t6<b4,t8<b3,t9<b2} [irregular]
    x=17: {t0<b9,t13<b2,t14<b2} [irregular]
    x=21: {t5<b8,t8<b7,t18<b2} [irregular]
  step 4, delta [[8, -2], [-4, 4], [-8, 6]]:
    x=13: {t6<b4,t8<b3,t9<b2} [irregular]
    x=17: {t1<b8,t4<b7,t14<b2} [irregular]
    x=21: {t0<b11,t6<b8,t9<b6} [irregular]
  step 4, delta [[0, 2], [0, 2], [-8, 6]]:
    x=13: {t6<b4,t8<b3,t9<b2} [irregular]
    x=17: {t1<b8,t6<b6,t8<b5} [irregular]
    x=21: {t0<b11,t1<b10,t6<b8} [M mod 8 in [0], M >= 17 (0 sporadic below)]
  step 4, delta [[0, 2], [8, -2], [-8, 6]]:
    x=13: {t6<b4,t8<b3,t9<b2} [irregular]
    x=17: {t1<b8,t6<b6,t16<b1} [irregular]
    x=21: {t1<b10,t8<b7,t14<b4} [irregular]
  step 4, delta [[4, 0], [0, 2], [-8, 6]]:
    x=13: {t6<b4,t8<b3,t9<b2} [irregular]
    x=17: {t1<b8,t8<b5,t10<b4} [irregular]
    x=21: {t2<b10,t5<b8,t8<b7} [M mod 8 in [2], M >= 19 (0 sporadic below)]
  step 4, delta [[8, -2], [0, 2], [-8, 6]]:
    x=13: {t6<b4,t8<b3,t9<b2} [irregular]
    x=17: {t1<b8,t8<b5,t14<b2} [irregular]
    x=21: {t6<b8,t8<b7,t9<b6} [irregular]
  step 4, delta [[4, 0], [8, -2], [-8, 6]]:
    x=13: {t6<b4,t8<b3,t9<b2} [irregular]
    x=17: {t1<b8,t10<b4,t16<b1} [irregular]
    x=21: {t5<b8,t8<b7,t18<b2} [irregular]
  step 4, delta [[8, -2], [4, 0], [-8, 6]]:
    x=13: {t6<b4,t8<b3,t9<b2} [irregular]
    x=17: {t1<b8,t12<b3,t14<b2} [irregular]
    x=21: {t6<b8,t9<b6,t16<b3} [irregular]
  step 4, delta [[4, 0], [-4, 4], [-4, 4]]:
    x=13: {t6<b4,t8<b3,t9<b2} [irregular]
    x=17: {t4<b7,t5<b6,t10<b4} [irregular]
    x=21: {t1<b10,t6<b8,t8<b7} [M mod 8 in [0], M >= 17 (0 sporadic below)]
  step 4, delta [[0, 2], [-4, 4], [0, 2]]:
    x=13: {t6<b4,t8<b3,t9<b2} [irregular]
    x=17: {t4<b7,t6<b6,t9<b4} [M mod 8 in [2]]
    x=21: {t2<b10,t4<b9,t9<b6} [irregular]
  step 4, delta [[0, 2], [-4, 4], [4, 0]]:
    x=13: {t6<b4,t8<b3,t9<b2} [irregular]
    x=17: {t4<b7,t6<b6,t13<b2} [irregular]
    x=21: {t2<b10,t4<b9,t17<b2} [irregular]
  step 4, delta [[4, 0], [-4, 4], [0, 2]]:
    x=13: {t6<b4,t8<b3,t9<b2} [irregular]
    x=17: {t4<b7,t9<b4,t10<b4} [irregular]
    x=21: {t5<b8,t8<b7,t10<b6} [irregular]
  step 4, delta [[8, -2], [-4, 4], [0, 2]]:
    x=13: {t6<b4,t8<b3,t9<b2} [irregular]
    x=17: {t4<b7,t9<b4,t14<b2} [irregular]
    x=21: {t5<b8,t12<b5,t14<b4} [irregular]
  step 4, delta [[4, 0], [-4, 4], [4, 0]]:
    x=13: {t6<b4,t8<b3,t9<b2} [irregular]
    x=17: {t4<b7,t10<b4,t13<b2} [irregular]
    x=21: {t6<b8,t8<b7,t17<b2} [M mod 8 in [0], M >= 17 (0 sporadic below)]
  step 4, delta [[4, 0], [0, 2], [-4, 4]]:
    x=13: {t6<b4,t8<b3,t9<b2} [irregular]
    x=17: {t5<b6,t8<b5,t10<b4} [irregular]
    x=21: {t6<b8,t8<b7,t9<b6} [irregular]
  step 4, delta [[8, -2], [0, 2], [-4, 4]]:
    x=13: {t6<b4,t8<b3,t9<b2} [irregular]
    x=17: {t5<b6,t8<b5,t14<b2} [irregular]
    x=21: {t8<b7,t10<b6,t13<b4} [irregular]
  step 4, delta [[4, 0], [4, 0], [-4, 4]]:
    x=13: {t6<b4,t8<b3,t9<b2} [irregular]
    x=17: {t5<b6,t10<b4,t12<b3} [irregular]
    x=21: {t8<b7,t9<b6,t14<b4} [irregular]
  step 4, delta [[8, -2], [4, 0], [-4, 4]]:
    x=13: {t6<b4,t8<b3,t9<b2} [irregular]
    x=17: {t5<b6,t12<b3,t14<b2} [irregular]
    x=21: {t10<b6,t13<b4,t16<b3} [M mod 8 in [6], M >= 31 (0 sporadic below)]
  step 4, delta [[0, 2], [0, 2], [0, 2]]:
    x=13: {t6<b4,t8<b3,t9<b2} [irregular]
    x=17: {t6<b6,t8<b5,t9<b4} [irregular]
    x=21: {t6<b8,t8<b7,t9<b6} [irregular]
  step 4, delta [[0, 2], [0, 2], [4, 0]]:
    x=13: {t6<b4,t8<b3,t9<b2} [irregular]
    x=17: {t6<b6,t8<b5,t13<b2} [irregular]
    x=21: {t6<b8,t8<b7,t17<b2} [M mod 8 in [0], M >= 17 (0 sporadic below)]
  step 4, delta [[0, 2], [8, -2], [0, 2]]:
    x=13: {t6<b4,t8<b3,t9<b2} [irregular]
    x=17: {t6<b6,t9<b4,t16<b1} [irregular]
    x=21: {t6<b8,t16<b3,t17<b2} [M mod 8 in [0], M >= 33 (0 sporadic below)]
  step 4, delta [[8, -2], [0, 2], [0, 2]]:
    x=13: {t6<b4,t8<b3,t9<b2} [irregular]
    x=17: {t8<b5,t9<b4,t14<b2} [irregular]
    x=21: {t9<b6,t14<b4,t16<b3} [irregular]
  step 4, delta [[4, 0], [0, 2], [4, 0]]:
    x=13: {t6<b4,t8<b3,t9<b2} [irregular]
    x=17: {t8<b5,t10<b4,t13<b2} [irregular]
    x=21: {t10<b6,t12<b5,t17<b2} [irregular]
  step 4, delta [[8, -2], [0, 2], [4, 0]]:
    x=13: {t6<b4,t8<b3,t9<b2} [irregular]
    x=17: {t8<b5,t13<b2,t14<b2} [irregular]
    x=21: {t13<b4,t16<b3,t18<b2} [irregular]
  step 4, delta [[8, -2], [4, 0], [0, 2]]:
    x=13: {t6<b4,t8<b3,t9<b2} [irregular]
    x=17: {t9<b4,t12<b3,t14<b2} [irregular]
    x=21: {t14<b4,t16<b3,t17<b2} [irregular]
  step 4, delta [[4, 0], [-8, 6], [0, 2]]:
    x=13: {t6<b4,t8<b3,t11<b1} [M mod 8 in [1]]
    x=17: {t0<b9,t10<b4,t11<b3} [M mod 8 in [3], M >= 60 (2 sporadic below)]
    x=21: {t2<b10,t4<b9,t11<b5} [irregular]
  step 4, delta [[8, -2], [-8, 6], [0, 2]]:
    x=13: {t6<b4,t8<b3,t11<b1} [M mod 8 in [1]]
    x=17: {t0<b9,t11<b3,t14<b2} [irregular]
    x=21: {t3<b9,t8<b7,t14<b4} [irregular]
  step 4, delta [[0, 2], [0, 2], [-8, 6]]:
    x=13: {t6<b4,t8<b3,t11<b1} [M mod 8 in [1]]
    x=17: {t3<b7,t6<b6,t8<b5} [irregular]
    x=21: {t0<b11,t3<b9,t6<b8} [irregular]
  step 4, delta [[0, 2], [8, -2], [-8, 6]]:
    x=13: {t6<b4,t8<b3,t11<b1} [M mod 8 in [1]]
    x=17: {t3<b7,t6<b6,t16<b1} [irregular]
    x=21: {t3<b9,t8<b7,t14<b4} [irregular]
  step 4, delta [[8, -2], [0, 2], [-8, 6]]:
    x=13: {t6<b4,t8<b3,t11<b1} [M mod 8 in [1]]
    x=17: {t3<b7,t8<b5,t14<b2} [irregular]
    x=21: {t6<b8,t8<b7,t11<b5} [M mod 8 in [5], M >= 22 (0 sporadic below)]
  step 4, delta [[4, 0], [4, 0], [-8, 6]]:
    x=13: {t6<b4,t8<b3,t11<b1} [M mod 8 in [1]]
    x=17: {t3<b7,t10<b4,t12<b3} [irregular]
    x=21: {t4<b9,t7<b7,t14<b4} [irregular]
  step 4, delta [[8, -2], [4, 0], [-8, 6]]:
    x=13: {t6<b4,t8<b3,t11<b1} [M mod 8 in [1]]
    x=17: {t3<b7,t12<b3,t14<b2} [irregular]
    x=21: {t6<b8,t11<b5,t16<b3} [irregular]
  step 4, delta [[0, 2], [-4, 4], [0, 2]]:
    x=13: {t6<b4,t8<b3,t11<b1} [M mod 8 in [1]]
    x=17: {t4<b7,t6<b6,t11<b3} [irregular]
    x=21: {t2<b10,t4<b9,t11<b5} [irregular]
  step 4, delta [[0, 2], [-4, 4], [4, 0]]:
    x=13: {t6<b4,t8<b3,t11<b1} [M mod 8 in [1]]
    x=17: {t4<b7,t6<b6,t15<b1} [M mod 8 in [5]]
    x=21: {t2<b10,t4<b9,t19<b1} [irregular]
  step 4, delta [[4, 0], [-4, 4], [-4, 4]]:
    x=13: {t6<b4,t8<b3,t11<b1} [M mod 8 in [1]]
    x=17: {t4<b7,t7<b5,t10<b4} [M mod 8 in [1], M >= 18 (0 sporadic below)]
    x=21: {t3<b9,t6<b8,t8<b7} [irregular]
  step 4, delta [[8, -2], [-4, 4], [-4, 4]]:
    x=13: {t6<b4,t8<b3,t11<b1} [M mod 8 in [1]]
    x=17: {t4<b7,t7<b5,t14<b2} [irregular]
    x=21: {t3<b9,t10<b6,t12<b5} [irregular]
  step 4, delta [[4, 0], [-4, 4], [0, 2]]:
    x=13: {t6<b4,t8<b3,t11<b1} [M mod 8 in [1]]
    x=17: {t4<b7,t10<b4,t11<b3} [irregular]
    x=21: {t6<b8,t8<b7,t11<b5} [M mod 8 in [5], M >= 22 (0 sporadic below)]
  step 4, delta [[4, 0], [-4, 4], [4, 0]]:
    x=13: {t6<b4,t8<b3,t11<b1} [M mod 8 in [1]]
    x=17: {t4<b7,t10<b4,t15<b1} [irregular]
    x=21: {t6<b8,t8<b7,t19<b1} [irregular]
  step 4, delta [[8, -2], [-4, 4], [4, 0]]:
    x=13: {t6<b4,t8<b3,t11<b1} [M mod 8 in [1]]
    x=17: {t4<b7,t14<b2,t15<b1} [M mod 8 in [5], M >= 62 (2 sporadic below)]
    x=21: {t10<b6,t12<b5,t19<b1} [irregular]
  step 4, delta [[0, 2], [4, 0], [-4, 4]]:
    x=13: {t6<b4,t8<b3,t11<b1} [M mod 8 in [1]]
    x=17: {t6<b6,t7<b5,t12<b3} [irregular]
    x=21: {t6<b8,t8<b7,t11<b5} [M mod 8 in [5], M >= 22 (0 sporadic below)]
  step 4, delta [[0, 2], [8, -2], [-4, 4]]:
    x=13: {t6<b4,t8<b3,t11<b1} [M mod 8 in [1]]
    x=17: {t6<b6,t7<b5,t16<b1} [irregular]
    x=21: {t6<b8,t12<b5,t15<b3} [irregular]
  step 4, delta [[0, 2], [0, 2], [0, 2]]:
    x=13: {t6<b4,t8<b3,t11<b1} [M mod 8 in [1]]
    x=17: {t6<b6,t8<b5,t11<b3} [M mod 8 in [3]]
    x=21: {t6<b8,t8<b7,t11<b5} [M mod 8 in [5], M >= 22 (0 sporadic below)]
  step 4, delta [[0, 2], [4, 0], [0, 2]]:
    x=13: {t6<b4,t8<b3,t11<b1} [M mod 8 in [1]]
    x=17: {t6<b6,t11<b3,t12<b3} [irregular]
    x=21: {t6<b8,t12<b5,t15<b3} [irregular]
  step 4, delta [[0, 2], [8, -2], [0, 2]]:
    x=13: {t6<b4,t8<b3,t11<b1} [M mod 8 in [1]]
    x=17: {t6<b6,t11<b3,t16<b1} [irregular]
    x=21: {t6<b8,t16<b3,t19<b1} [irregular]
  step 4, delta [[0, 2], [4, 0], [4, 0]]:
    x=13: {t6<b4,t8<b3,t11<b1} [M mod 8 in [1]]
    x=17: {t6<b6,t12<b3,t15<b1} [irregular]
    x=21: {t6<b8,t16<b3,t19<b1} [irregular]
  step 4, delta [[8, -2], [4, 0], [-4, 4]]:
    x=13: {t6<b4,t8<b3,t11<b1} [M mod 8 in [1]]
    x=17: {t7<b5,t12<b3,t14<b2} [irregular]
    x=21: {t10<b6,t15<b3,t16<b3} [irregular]
  step 4, delta [[4, 0], [0, 2], [4, 0]]:
    x=13: {t6<b4,t8<b3,t11<b1} [M mod 8 in [1]]
    x=17: {t8<b5,t10<b4,t15<b1} [irregular]
    x=21: {t10<b6,t12<b5,t19<b1} [irregular]
  step 4, delta [[8, -2], [0, 2], [0, 2]]:
    x=13: {t6<b4,t8<b3,t11<b1} [M mod 8 in [1]]
    x=17: {t8<b5,t11<b3,t14<b2} [M mod 8 in [3], M >= 60 (3 sporadic below)]
    x=21: {t11<b5,t14<b4,t16<b3} [irregular]
  step 4, delta [[4, 0], [8, -2], [0, 2]]:
    x=13: {t6<b4,t8<b3,t11<b1} [M mod 8 in [1]]
    x=17: {t10<b4,t11<b3,t16<b1} [irregular]
    x=21: {t14<b4,t16<b3,t19<b1} [M mod 8 in [1], M >= 26 (0 sporadic below)]
  step 4, delta [[8, -2], [-8, 6], [0, 2]]:
    x=13: {t6<b4,t9<b2,t11<b1} [irregular]
    x=17: {t1<b8,t11<b3,t14<b2} [M mod 8 in [3], M >= 68 (1 sporadic below)]
    x=21: {t3<b9,t9<b6,t14<b4} [irregular]
  step 4, delta [[8, -2], [-4, 4], [-8, 6]]:
    x=13: {t6<b4,t9<b2,t11<b1} [irregular]
    x=17: {t3<b7,t5<b6,t14<b2} [irregular]
    x=21: {t1<b10,t6<b8,t11<b5} [irregular]
  step 4, delta [[0, 2], [0, 2], [-8, 6]]:
    x=13: {t6<b4,t9<b2,t11<b1} [irregular]
    x=17: {t3<b7,t6<b6,t9<b4} [irregular]
    x=21: {t1<b10,t3<b9,t6<b8} [irregular]
  step 4, delta [[0, 2], [4, 0], [-8, 6]]:
    x=13: {t6<b4,t9<b2,t11<b1} [irregular]
    x=17: {t3<b7,t6<b6,t13<b2} [irregular]
    x=21: {t3<b9,t5<b8,t10<b6} [M mod 8 in [3], M >= 20 (0 sporadic below)]
  step 4, delta [[8, -2], [0, 2], [-8, 6]]:
    x=13: {t6<b4,t9<b2,t11<b1} [irregular]
    x=17: {t3<b7,t9<b4,t14<b2} [irregular]
    x=21: {t6<b8,t9<b6,t11<b5} [M mod 8 in [1], M >= 18 (0 sporadic below)]
  step 4, delta [[4, 0], [4, 0], [-8, 6]]:
    x=13: {t6<b4,t9<b2,t11<b1} [irregular]
    x=17: {t3<b7,t10<b4,t13<b2} [irregular]
    x=21: {t5<b8,t7<b7,t14<b4} [irregular]
  step 4, delta [[8, -2], [4, 0], [-8, 6]]:
    x=13: {t6<b4,t9<b2,t11<b1} [irregular]
    x=17: {t3<b7,t13<b2,t14<b2} [irregular]
    x=21: {t6<b8,t11<b5,t17<b2} [irregular]
  step 4, delta [[4, 0], [-4, 4], [-4, 4]]:
    x=13: {t6<b4,t9<b2,t11<b1} [irregular]
    x=17: {t5<b6,t7<b5,t10<b4} [irregular]
    x=21: {t3<b9,t6<b8,t9<b6} [irregular]
  step 4, delta [[8, -2], [-4, 4], [-4, 4]]:
    x=13: {t6<b4,t9<b2,t11<b1} [irregular]
    x=17: {t5<b6,t7<b5,t14<b2} [irregular]
    x=21: {t3<b9,t10<b6,t13<b4} [irregular]
  step 4, delta [[4, 0], [-4, 4], [0, 2]]:
    x=13: {t6<b4,t9<b2,t11<b1} [irregular]
    x=17: {t5<b6,t10<b4,t11<b3} [M mod 8 in [1], M >= 58 (3 sporadic below)]
    x=21: {t6<b8,t9<b6,t11<b5} [M mod 8 in [1], M >= 18 (0 sporadic below)]
  step 4, delta [[4, 0], [-4, 4], [4, 0]]:
    x=13: {t6<b4,t9<b2,t11<b1} [irregular]
    x=17: {t5<b6,t10<b4,t15<b1} [irregular]
    x=21: {t6<b8,t9<b6,t19<b1} [M mod 8 in [1], M >= 18 (0 sporadic below)]
  step 4, delta [[0, 2], [4, 0], [-4, 4]]:
    x=13: {t6<b4,t9<b2,t11<b1} [irregular]
    x=17: {t6<b6,t7<b5,t13<b2} [irregular]
    x=21: {t6<b8,t9<b6,t11<b5} [M mod 8 in [1], M >= 18 (0 sporadic below)]
  step 4, delta [[0, 2], [0, 2], [0, 2]]:
    x=13: {t6<b4,t9<b2,t11<b1} [irregular]
    x=17: {t6<b6,t9<b4,t11<b3} [irregular]
    x=21: {t6<b8,t9<b6,t11<b5} [M mod 8 in [1], M >= 18 (0 sporadic below)]
  step 4, delta [[0, 2], [0, 2], [4, 0]]:
    x=13: {t6<b4,t9<b2,t11<b1} [irregular]
    x=17: {t6<b6,t9<b4,t15<b1} [irregular]
    x=21: {t6<b8,t9<b6,t19<b1} [M mod 8 in [1], M >= 18 (0 sporadic below)]
  step 4, delta [[0, 2], [4, 0], [0, 2]]:
    x=13: {t6<b4,t9<b2,t11<b1} [irregular]
    x=17: {t6<b6,t11<b3,t13<b2} [irregular]
    x=21: {t6<b8,t13<b4,t15<b3} [irregular]
  step 4, delta [[0, 2], [4, 0], [4, 0]]:
    x=13: {t6<b4,t9<b2,t11<b1} [irregular]
    x=17: {t6<b6,t13<b2,t15<b1} [irregular]
    x=21: {t6<b8,t17<b2,t19<b1} [irregular]
  step 4, delta [[8, -2], [4, 0], [-4, 4]]:
    x=13: {t6<b4,t9<b2,t11<b1} [irregular]
    x=17: {t7<b5,t13<b2,t14<b2} [irregular]
    x=21: {t10<b6,t15<b3,t17<b2} [irregular]
  step 4, delta [[8, -2], [0, 2], [4, 0]]:
    x=13: {t6<b4,t9<b2,t11<b1} [irregular]
    x=17: {t9<b4,t14<b2,t15<b1} [M mod 8 in [3], M >= 60 (2 sporadic below)]
    x=21: {t14<b4,t17<b2,t19<b1} [irregular]
  step 4, delta [[8, -2], [4, 0], [0, 2]]:
    x=13: {t6<b4,t9<b2,t11<b1} [irregular]
    x=17: {t11<b3,t13<b2,t14<b2} [irregular]
    x=21: {t14<b4,t17<b2,t19<b1} [irregular]
  step 4, delta [[4, 0], [4, 0], [-12, 8]]:
    x=13: {t6<b4,t9<b2,t12<b1} [M mod 8 in [0], M >= 57 (3 sporadic below)]
    x=17: {t0<b9,t10<b4,t13<b2} [irregular]
    x=21: {t1<b10,t4<b9,t14<b4} [irregular]
  step 4, delta [[8, -2], [4, 0], [-12, 8]]:
    x=13: {t6<b4,t9<b2,t12<b1} [M mod 8 in [0], M >= 57 (3 sporadic below)]
    x=17: {t0<b9,t13<b2,t14<b2} [irregular]
    x=21: {t2<b10,t8<b7,t17<b2} [irregular]
  step 4, delta [[8, -2], [-8, 6], [-4, 4]]:
    x=13: {t6<b4,t9<b2,t12<b1} [M mod 8 in [0], M >= 57 (3 sporadic below)]
    x=17: {t1<b8,t8<b5,t14<b2} [irregular]
    x=21: {t0<b11,t9<b6,t10<b6} [irregular]
  step 4, delta [[4, 0], [-8, 6], [0, 2]]:
    x=13: {t6<b4,t9<b2,t12<b1} [M mod 8 in [0], M >= 57 (3 sporadic below)]
    x=17: {t1<b8,t10<b4,t12<b3} [irregular]
    x=21: {t2<b10,t5<b8,t12<b5} [irregular]
  step 4, delta [[4, 0], [-8, 6], [4, 0]]:
    x=13: {t6<b4,t9<b2,t12<b1} [M mod 8 in [0], M >= 57 (3 sporadic below)]
    x=17: {t1<b8,t10<b4,t16<b1} [irregular]
    x=21: {t2<b10,t5<b8,t20<b1} [irregular]
  step 4, delta [[8, -2], [-8, 6], [0, 2]]:
    x=13: {t6<b4,t9<b2,t12<b1} [M mod 8 in [0], M >= 57 (3 sporadic below)]
    x=17: {t1<b8,t12<b3,t14<b2} [irregular]
    x=21: {t4<b9,t9<b6,t14<b4} [irregular]
  step 4, delta [[8, -2], [-8, 6], [4, 0]]:
    x=13: {t6<b4,t9<b2,t12<b1} [M mod 8 in [0], M >= 57 (3 sporadic below)]
    x=17: {t1<b8,t14<b2,t16<b1} [irregular]
    x=21: {t6<b8,t9<b6,t20<b1} [M mod 8 in [4], M >= 21 (0 sporadic below)]
  step 4, delta [[0, 2], [4, 0], [-8, 6]]:
    x=13: {t6<b4,t9<b2,t12<b1} [M mod 8 in [0], M >= 57 (3 sporadic below)]
    x=17: {t4<b7,t6<b6,t13<b2} [irregular]
    x=21: {t4<b9,t5<b8,t10<b6} [irregular]
  step 4, delta [[8, -2], [0, 2], [-8, 6]]:
    x=13: {t6<b4,t9<b2,t12<b1} [M mod 8 in [0], M >= 57 (3 sporadic below)]
    x=17: {t4<b7,t9<b4,t14<b2} [irregular]
    x=21: {t6<b8,t9<b6,t12<b5} [M mod 8 in [4], M >= 21 (0 sporadic below)]
  step 4, delta [[4, 0], [4, 0], [-8, 6]]:
    x=13: {t6<b4,t9<b2,t12<b1} [M mod 8 in [0], M >= 57 (3 sporadic below)]
    x=17: {t4<b7,t10<b4,t13<b2} [irregular]
    x=21: {t5<b8,t8<b7,t14<b4} [irregular]
  step 4, delta [[8, -2], [4, 0], [-8, 6]]:
    x=13: {t6<b4,t9<b2,t12<b1} [M mod 8 in [0], M >= 57 (3 sporadic below)]
    x=17: {t4<b7,t13<b2,t14<b2} [irregular]
    x=21: {t6<b8,t12<b5,t17<b2} [irregular]
  step 4, delta [[4, 0], [-4, 4], [-4, 4]]:
    x=13: {t6<b4,t9<b2,t12<b1} [M mod 8 in [0], M >= 57 (3 sporadic below)]
    x=17: {t5<b6,t8<b5,t10<b4} [irregular]
    x=21: {t4<b9,t6<b8,t9<b6} [M mod 8 in [4], M >= 21 (0 sporadic below)]
  step 4, delta [[8, -2], [-4, 4], [-4, 4]]:
    x=13: {t6<b4,t9<b2,t12<b1} [M mod 8 in [0], M >= 57 (3 sporadic below)]
    x=17: {t5<b6,t8<b5,t14<b2} [irregular]
    x=21: {t4<b9,t10<b6,t13<b4} [irregular]
  step 4, delta [[4, 0], [-4, 4], [0, 2]]:
    x=13: {t6<b4,t9<b2,t12<b1} [M mod 8 in [0], M >= 57 (3 sporadic below)]
    x=17: {t5<b6,t10<b4,t12<b3} [irregular]
    x=21: {t6<b8,t9<b6,t12<b5} [M mod 8 in [4], M >= 21 (0 sporadic below)]
  step 4, delta [[4, 0], [-4, 4], [4, 0]]:
    x=13: {t6<b4,t9<b2,t12<b1} [M mod 8 in [0], M >= 57 (3 sporadic below)]
    x=17: {t5<b6,t10<b4,t16<b1} [irregular]
    x=21: {t6<b8,t9<b6,t20<b1} [M mod 8 in [4], M >= 21 (0 sporadic below)]
  step 4, delta [[8, -2], [-4, 4], [0, 2]]:
    x=13: {t6<b4,t9<b2,t12<b1} [M mod 8 in [0], M >= 57 (3 sporadic below)]
    x=17: {t5<b6,t12<b3,t14<b2} [irregular]
    x=21: {t8<b7,t13<b4,t14<b4} [irregular]
  step 4, delta [[8, -2], [-4, 4], [4, 0]]:
    x=13: {t6<b4,t9<b2,t12<b1} [M mod 8 in [0], M >= 57 (3 sporadic below)]
    x=17: {t5<b6,t14<b2,t16<b1} [irregular]
    x=21: {t10<b6,t13<b4,t20<b1} [irregular]
  step 4, delta [[0, 2], [4, 0], [-4, 4]]:
    x=13: {t6<b4,t9<b2,t12<b1} [M mod 8 in [0], M >= 57 (3 sporadic below)]
    x=17: {t6<b6,t8<b5,t13<b2} [irregular]
    x=21: {t6<b8,t9<b6,t12<b5} [M mod 8 in [4], M >= 21 (0 sporadic below)]
  step 4, delta [[0, 2], [0, 2], [0, 2]]:
    x=13: {t6<b4,t9<b2,t12<b1} [M mod 8 in [0], M >= 57 (3 sporadic below)]
    x=17: {t6<b6,t9<b4,t12<b3} [M mod 8 in [2], M >= 59 (3 sporadic below)]
    x=21: {t6<b8,t9<b6,t12<b5} [M mod 8 in [4], M >= 21 (0 sporadic below)]
  step 4, delta [[0, 2], [0, 2], [4, 0]]:
    x=13: {t6<b4,t9<b2,t12<b1} [M mod 8 in [0], M >= 57 (3 sporadic below)]
    x=17: {t6<b6,t9<b4,t16<b1} [irregular]
    x=21: {t6<b8,t9<b6,t20<b1} [M mod 8 in [4], M >= 21 (0 sporadic below)]
  step 4, delta [[4, 0], [4, 0], [-4, 4]]:
    x=13: {t6<b4,t9<b2,t12<b1} [M mod 8 in [0], M >= 57 (3 sporadic below)]
    x=17: {t8<b5,t10<b4,t13<b2} [irregular]
    x=21: {t9<b6,t12<b5,t14<b4} [irregular]
  step 4, delta [[8, -2], [0, 2], [0, 2]]:
    x=13: {t6<b4,t9<b2,t12<b1} [M mod 8 in [0], M >= 57 (3 sporadic below)]
    x=17: {t9<b4,t12<b3,t14<b2} [irregular]
    x=21: {t12<b5,t14<b4,t17<b2} [M mod 8 in [0], M >= 25 (0 sporadic below)]
  step 4, delta [[8, -2], [0, 2], [4, 0]]:
    x=13: {t6<b4,t9<b2,t12<b1} [M mod 8 in [0], M >= 57 (3 sporadic below)]
    x=17: {t9<b4,t14<b2,t16<b1} [irregular]
    x=21: {t14<b4,t17<b2,t20<b1} [M mod 8 in [0], M >= 33 (0 sporadic below)]
  step 4, delta [[4, 0], [-8, 6], [0, 2]]:
    x=13: {t6<b4,t10<b2,t11<b1} [irregular]
    x=17: {t2<b8,t10<b4,t11<b3} [irregular]
    x=21: {t2<b10,t6<b8,t11<b5} [irregular]
  step 4, delta [[4, 0], [-8, 6], [4, 0]]:
    x=13: {t6<b4,t10<b2,t11<b1} [irregular]
    x=17: {t2<b8,t10<b4,t15<b1} [irregular]
    x=21: {t2<b10,t6<b8,t19<b1} [irregular]
  step 4, delta [[8, -2], [-8, 6], [4, 0]]:
    x=13: {t6<b4,t10<b2,t11<b1} [irregular]
    x=17: {t2<b8,t14<b2,t15<b1} [irregular]
    x=21: {t6<b8,t10<b6,t19<b1} [irregular]
  step 4, delta [[0, 2], [0, 2], [0, 2]]:
    x=13: {t6<b4,t10<b2,t11<b1} [irregular]
    x=17: {t6<b6,t10<b4,t11<b3} [irregular]
    x=21: {t6<b8,t10<b6,t11<b5} [irregular]
  step 4, delta [[0, 2], [0, 2], [4, 0]]:
    x=13: {t6<b4,t10<b2,t11<b1} [irregular]
    x=17: {t6<b6,t10<b4,t15<b1} [irregular]
    x=21: {t6<b8,t10<b6,t19<b1} [irregular]
  step 4, delta [[0, 2], [4, 0], [4, 0]]:
    x=13: {t6<b4,t10<b2,t11<b1} [irregular]
    x=17: {t6<b6,t14<b2,t15<b1} [irregular]
    x=21: {t6<b8,t18<b2,t19<b1} [irregular]
  step 4, delta [[8, -2], [-4, 4], [4, 0]]:
    x=13: {t6<b4,t10<b2,t11<b1} [irregular]
    x=17: {t6<b6,t14<b2,t15<b1} [irregular]
    x=21: {t10<b6,t14<b4,t19<b1} [irregular]
  step 4, delta [[0, 2], [4, 0], [-12, 8]]:
    x=13: {t6<b4,t11<b1,t12<b1} [irregular]
    x=17: {t0<b9,t6<b6,t15<b1} [irregular]
    x=21: {t0<b11,t3<b9,t10<b6} [irregular]
  step 4, delta [[8, -2], [-4, 4], [-12, 8]]:
    x=13: {t6<b4,t11<b1,t12<b1} [irregular]
    x=17: {t0<b9,t7<b5,t14<b2} [irregular]
    x=21: {t2<b10,t3<b9,t8<b7} [irregular]
  step 4, delta [[8, -2], [0, 2], [-12, 8]]:
    x=13: {t6<b4,t11<b1,t12<b1} [irregular]
    x=17: {t0<b9,t11<b3,t14<b2} [irregular]
    x=21: {t2<b10,t8<b7,t11<b5} [irregular]
  step 4, delta [[8, -2], [-8, 6], [-4, 4]]:
    x=13: {t6<b4,t11<b1,t12<b1} [irregular]
    x=17: {t3<b7,t8<b5,t14<b2} [irregular]
    x=21: {t0<b11,t10<b6,t11<b5} [M mod 8 in [5], M >= 22 (0 sporadic below)]
  step 4, delta [[4, 0], [-8, 6], [0, 2]]:
    x=13: {t6<b4,t11<b1,t12<b1} [irregular]
    x=17: {t3<b7,t10<b4,t12<b3} [irregular]
    x=21: {t2<b10,t7<b7,t12<b5} [irregular]
  step 4, delta [[4, 0], [-8, 6], [4, 0]]:
    x=13: {t6<b4,t11<b1,t12<b1} [irregular]
    x=17: {t3<b7,t10<b4,t16<b1} [irregular]
    x=21: {t2<b10,t7<b7,t20<b1} [irregular]
  step 4, delta [[8, -2], [-8, 6], [4, 0]]:
    x=13: {t6<b4,t11<b1,t12<b1} [irregular]
    x=17: {t3<b7,t14<b2,t16<b1} [irregular]
    x=21: {t6<b8,t11<b5,t20<b1} [irregular]
  step 4, delta [[0, 2], [4, 0], [-8, 6]]:
    x=13: {t6<b4,t11<b1,t12<b1} [irregular]
    x=17: {t4<b7,t6<b6,t15<b1} [M mod 8 in [5]]
    x=21: {t4<b9,t7<b7,t10<b6} [M mod 8 in [3], M >= 20 (0 sporadic below)]
  step 4, delta [[4, 0], [-4, 4], [-8, 6]]:
    x=13: {t6<b4,t11<b1,t12<b1} [irregular]
    x=17: {t4<b7,t7<b5,t10<b4} [M mod 8 in [1], M >= 18 (0 sporadic below)]
    x=21: {t2<b10,t3<b9,t8<b7} [irregular]
  step 4, delta [[8, -2], [-4, 4], [-8, 6]]:
    x=13: {t6<b4,t11<b1,t12<b1} [irregular]
    x=17: {t4<b7,t7<b5,t14<b2} [irregular]
    x=21: {t3<b9,t6<b8,t12<b5} [irregular]
  step 4, delta [[4, 0], [0, 2], [-8, 6]]:
    x=13: {t6<b4,t11<b1,t12<b1} [irregular]
    x=17: {t4<b7,t10<b4,t11<b3} [irregular]
    x=21: {t3<b9,t8<b7,t10<b6} [irregular]
  step 4, delta [[8, -2], [4, 0], [-8, 6]]:
    x=13: {t6<b4,t11<b1,t12<b1} [irregular]
    x=17: {t4<b7,t14<b2,t15<b1} [M mod 8 in [5], M >= 62 (2 sporadic below)]
    x=21: {t7<b7,t12<b5,t18<b2} [irregular]
  step 4, delta [[0, 2], [-4, 4], [0, 2]]:
    x=13: {t6<b4,t11<b1,t12<b1} [irregular]
    x=17: {t6<b6,t7<b5,t12<b3} [irregular]
    x=21: {t3<b9,t6<b8,t12<b5} [irregular]
  step 4, delta [[0, 2], [4, 0], [-4, 4]]:
    x=13: {t6<b4,t11<b1,t12<b1} [irregular]
    x=17: {t6<b6,t8<b5,t15<b1} [irregular]
    x=21: {t6<b8,t11<b5,t12<b5} [irregular]
  step 4, delta [[0, 2], [0, 2], [0, 2]]:
    x=13: {t6<b4,t11<b1,t12<b1} [irregular]
    x=17: {t6<b6,t11<b3,t12<b3} [irregular]
    x=21: {t6<b8,t11<b5,t12<b5} [irregular]
  step 4, delta [[0, 2], [0, 2], [4, 0]]:
    x=13: {t6<b4,t11<b1,t12<b1} [irregular]
    x=17: {t6<b6,t11<b3,t16<b1} [irregular]
    x=21: {t6<b8,t11<b5,t20<b1} [irregular]
  step 4, delta [[0, 2], [4, 0], [0, 2]]:
    x=13: {t6<b4,t11<b1,t12<b1} [irregular]
    x=17: {t6<b6,t12<b3,t15<b1} [irregular]
    x=21: {t6<b8,t15<b3,t16<b3} [irregular]
  step 4, delta [[0, 2], [4, 0], [4, 0]]:
    x=13: {t6<b4,t11<b1,t12<b1} [irregular]
    x=17: {t6<b6,t15<b1,t16<b1} [irregular]
    x=21: {t6<b8,t19<b1,t20<b1} [irregular]
  step 4, delta [[4, 0], [-4, 4], [0, 2]]:
    x=13: {t6<b4,t11<b1,t12<b1} [irregular]
    x=17: {t7<b5,t10<b4,t12<b3} [irregular]
    x=21: {t6<b8,t11<b5,t12<b5} [irregular]
  step 4, delta [[4, 0], [-4, 4], [4, 0]]:
    x=13: {t6<b4,t11<b1,t12<b1} [irregular]
    x=17: {t7<b5,t10<b4,t16<b1} [irregular]
    x=21: {t6<b8,t11<b5,t20<b1} [irregular]
  step 4, delta [[8, -2], [-4, 4], [4, 0]]:
    x=13: {t6<b4,t11<b1,t12<b1} [irregular]
    x=17: {t7<b5,t14<b2,t16<b1} [irregular]
    x=21: {t10<b6,t15<b3,t20<b1} [irregular]
  step 4, delta [[8, -2], [0, 2], [-4, 4]]:
    x=13: {t6<b4,t11<b1,t12<b1} [irregular]
    x=17: {t8<b5,t11<b3,t14<b2} [M mod 8 in [3], M >= 60 (3 sporadic below)]
    x=21: {t10<b6,t11<b5,t16<b3} [irregular]
  step 4, delta [[4, 0], [4, 0], [0, 2]]:
    x=13: {t6<b4,t11<b1,t12<b1} [irregular]
    x=17: {t10<b4,t12<b3,t15<b1} [irregular]
    x=21: {t14<b4,t15<b3,t16<b3} [irregular]
  step 4, delta [[8, -2], [0, 2], [4, 0]]:
    x=13: {t6<b4,t11<b1,t12<b1} [irregular]
    x=17: {t11<b3,t14<b2,t16<b1} [irregular]
    x=21: {t14<b4,t19<b1,t20<b1} [irregular]
  step 4, delta [[4, 0], [-8, 6]]:
    x=13: {t7<b3,t10<b2} [irregular]
    x=17: {t2<b8,t11<b3} [irregular]
    x=21: {t3<b9,t6<b8} [irregular]
  step 4, delta [[8, -2], [-8, 6]]:
    x=13: {t7<b3,t10<b2} [irregular]
    x=17: {t2<b8,t15<b1} [irregular]
    x=21: {t7<b7,t10<b6} [irregular]
  step 4, delta [[0, 2], [-4, 4]]:
    x=13: {t7<b3,t10<b2} [irregular]
    x=17: {t6<b6,t7<b5} [irregular]
    x=21: {t3<b9,t6<b8} [irregular]
  step 4, delta [[4, 0], [-4, 4]]:
    x=13: {t7<b3,t10<b2} [irregular]
    x=17: {t6<b6,t11<b3} [irregular]
    x=21: {t7<b7,t10<b6} [irregular]
  step 4, delta [[8, -2], [-4, 4]]:
    x=13: {t7<b3,t10<b2} [irregular]
    x=17: {t6<b6,t15<b1} [irregular]
    x=21: {t11<b5,t14<b4} [irregular]
  step 4, delta [[0, 2], [4, 0]]:
    x=13: {t7<b3,t10<b2} [irregular]
    x=17: {t7<b5,t14<b2} [irregular]
    x=21: {t7<b7,t18<b2} [irregular]
  step 4, delta [[4, 0], [0, 2]]:
    x=13: {t7<b3,t10<b2} [irregular]
    x=17: {t10<b4,t11<b3} [irregular]
    x=21: {t11<b5,t14<b4} [irregular]
  step 4, delta [[8, -2], [0, 2]]:
    x=13: {t7<b3,t10<b2} [irregular]
    x=17: {t10<b4,t15<b1} [irregular]
    x=21: {t15<b3,t18<b2} [irregular]
  step 4, delta [[4, 0], [4, 0]]:
    x=13: {t7<b3,t10<b2} [irregular]
    x=17: {t11<b3,t14<b2} [irregular]
    x=21: {t15<b3,t18<b2} [irregular]
  step 4, delta [[8, -2], [-4, 4], [-12, 8]]:
    x=13: {t7<b3,t10<b2,t12<b1} [irregular]
    x=17: {t0<b9,t6<b6,t15<b1} [irregular]
    x=21: {t2<b10,t3<b9,t8<b7} [irregular]
  step 4, delta [[0, 2], [4, 0], [-12, 8]]:
    x=13: {t7<b3,t10<b2,t12<b1} [irregular]
    x=17: {t0<b9,t7<b5,t14<b2} [irregular]
    x=21: {t0<b11,t2<b10,t11<b5} [M mod 8 in [5], M >= 22 (0 sporadic below)]
  step 4, delta [[4, 0], [4, 0], [-12, 8]]:
    x=13: {t7<b3,t10<b2,t12<b1} [irregular]
    x=17: {t0<b9,t11<b3,t14<b2} [irregular]
    x=21: {t2<b10,t4<b9,t15<b3} [irregular]
  step 4, delta [[8, -2], [-8, 6], [-4, 4]]:
    x=13: {t7<b3,t10<b2,t12<b1} [irregular]
    x=17: {t2<b8,t8<b5,t15<b1} [irregular]
    x=21: {t0<b11,t10<b6,t11<b5} [M mod 8 in [5], M >= 22 (0 sporadic below)]
  step 4, delta [[4, 0], [-8, 6], [0, 2]]:
    x=13: {t7<b3,t10<b2,t12<b1} [irregular]
    x=17: {t2<b8,t11<b3,t12<b3} [irregular]
    x=21: {t3<b9,t6<b8,t12<b5} [irregular]
  step 4, delta [[8, -2], [-8, 6], [0, 2]]:
    x=13: {t7<b3,t10<b2,t12<b1} [irregular]
    x=17: {t2<b8,t12<b3,t15<b1} [irregular]
    x=21: {t4<b9,t10<b6,t15<b3} [irregular]
  step 4, delta [[8, -2], [-8, 6], [4, 0]]:
    x=13: {t7<b3,t10<b2,t12<b1} [irregular]
    x=17: {t2<b8,t15<b1,t16<b1} [irregular]
    x=21: {t7<b7,t10<b6,t20<b1} [irregular]
  step 4, delta [[4, 0], [-4, 4], [-8, 6]]:
    x=13: {t7<b3,t10<b2,t12<b1} [irregular]
    x=17: {t4<b7,t6<b6,t11<b3} [irregular]
    x=21: {t2<b10,t3<b9,t8<b7} [irregular]
  step 4, delta [[8, -2], [-4, 4], [-8, 6]]:
    x=13: {t7<b3,t10<b2,t12<b1} [irregular]
    x=17: {t4<b7,t6<b6,t15<b1} [M mod 8 in [5]]
    x=21: {t2<b10,t7<b7,t12<b5} [irregular]
  step 4, delta [[0, 2], [0, 2], [-8, 6]]:
    x=13: {t7<b3,t10<b2,t12<b1} [irregular]
    x=17: {t4<b7,t7<b5,t10<b4} [M mod 8 in [1], M >= 18 (0 sporadic below)]
    x=21: {t2<b10,t4<b9,t7<b7} [M mod 8 in [3], M >= 20 (0 sporadic below)]
  step 4, delta [[0, 2], [4, 0], [-8, 6]]:
    x=13: {t7<b3,t10<b2,t12<b1} [irregular]
    x=17: {t4<b7,t7<b5,t14<b2} [irregular]
    x=21: {t4<b9,t6<b8,t11<b5} [irregular]
  step 4, delta [[4, 0], [0, 2], [-8, 6]]:
    x=13: {t7<b3,t10<b2,t12<b1} [irregular]
    x=17: {t4<b7,t10<b4,t11<b3} [irregular]
    x=21: {t3<b9,t8<b7,t10<b6} [irregular]
  step 4, delta [[8, -2], [0, 2], [-8, 6]]:
    x=13: {t7<b3,t10<b2,t12<b1} [irregular]
    x=17: {t4<b7,t10<b4,t15<b1} [irregular]
    x=21: {t7<b7,t10<b6,t12<b5} [irregular]
  step 4, delta [[8, -2], [4, 0], [-8, 6]]:
    x=13: {t7<b3,t10<b2,t12<b1} [irregular]
    x=17: {t4<b7,t14<b2,t15<b1} [M mod 8 in [5], M >= 62 (2 sporadic below)]
    x=21: {t7<b7,t12<b5,t18<b2} [irregular]
  step 4, delta [[0, 2], [-4, 4], [0, 2]]:
    x=13: {t7<b3,t10<b2,t12<b1} [irregular]
    x=17: {t6<b6,t7<b5,t12<b3} [irregular]
    x=21: {t3<b9,t6<b8,t12<b5} [irregular]
  step 4, delta [[4, 0], [-4, 4], [-4, 4]]:
    x=13: {t7<b3,t10<b2,t12<b1} [irregular]
    x=17: {t6<b6,t8<b5,t11<b3} [M mod 8 in [3]]
    x=21: {t4<b9,t7<b7,t10<b6} [M mod 8 in [3], M >= 20 (0 sporadic below)]
  step 4, delta [[4, 0], [-4, 4], [0, 2]]:
    x=13: {t7<b3,t10<b2,t12<b1} [irregular]
    x=17: {t6<b6,t11<b3,t12<b3} [irregular]
    x=21: {t7<b7,t10<b6,t12<b5} [irregular]
  step 4, delta [[4, 0], [-4, 4], [4, 0]]:
    x=13: {t7<b3,t10<b2,t12<b1} [irregular]
    x=17: {t6<b6,t11<b3,t16<b1} [irregular]
    x=21: {t7<b7,t10<b6,t20<b1} [irregular]
  step 4, delta [[0, 2], [0, 2], [0, 2]]:
    x=13: {t7<b3,t10<b2,t12<b1} [irregular]
    x=17: {t7<b5,t10<b4,t12<b3} [irregular]
    x=21: {t7<b7,t10<b6,t12<b5} [irregular]
  step 4, delta [[0, 2], [0, 2], [4, 0]]:
    x=13: {t7<b3,t10<b2,t12<b1} [irregular]
    x=17: {t7<b5,t10<b4,t16<b1} [irregular]
    x=21: {t7<b7,t10<b6,t20<b1} [irregular]
  step 4, delta [[0, 2], [4, 0], [0, 2]]:
    x=13: {t7<b3,t10<b2,t12<b1} [irregular]
    x=17: {t7<b5,t12<b3,t14<b2} [irregular]
    x=21: {t7<b7,t14<b4,t16<b3} [irregular]
  step 4, delta [[0, 2], [4, 0], [4, 0]]:
    x=13: {t7<b3,t10<b2,t12<b1} [irregular]
    x=17: {t7<b5,t14<b2,t16<b1} [irregular]
    x=21: {t7<b7,t18<b2,t20<b1} [irregular]
  step 4, delta [[8, -2], [0, 2], [-4, 4]]:
    x=13: {t7<b3,t10<b2,t12<b1} [irregular]
    x=17: {t8<b5,t10<b4,t15<b1} [irregular]
    x=21: {t10<b6,t11<b5,t16<b3} [irregular]
  step 4, delta [[4, 0], [4, 0], [-4, 4]]:
    x=13: {t7<b3,t10<b2,t12<b1} [irregular]
    x=17: {t8<b5,t11<b3,t14<b2} [M mod 8 in [3], M >= 60 (3 sporadic below)]
    x=21: {t10<b6,t12<b5,t15<b3} [irregular]
  step 4, delta [[8, -2], [0, 2], [0, 2]]:
    x=13: {t7<b3,t10<b2,t12<b1} [irregular]
    x=17: {t10<b4,t12<b3,t15<b1} [irregular]
    x=21: {t12<b5,t15<b3,t18<b2} [M mod 8 in [7], M >= 32 (0 sporadic below)]
  step 4, delta [[8, -2], [0, 2], [4, 0]]:
    x=13: {t7<b3,t10<b2,t12<b1} [irregular]
    x=17: {t10<b4,t15<b1,t16<b1} [irregular]
    x=21: {t15<b3,t18<b2,t20<b1} [irregular]
  step 4, delta [[0, 2], [-8, 6]]:
    x=13: {t8<b3,t9<b2} [irregular]
    x=17: {t1<b8,t8<b5} [irregular]
    x=21: {t0<b11,t1<b10} [irregular]
  step 4, delta [[4, 0], [-8, 6]]:
    x=13: {t8<b3,t9<b2} [irregular]
    x=17: {t1<b8,t12<b3} [irregular]
    x=21: {t4<b9,t5<b8} [irregular]
  step 4, delta [[-4, 4], [-4, 4]]:
    x=13: {t8<b3,t9<b2} [irregular]
    x=17: {t4<b7,t5<b6} [irregular]
    x=21: {t0<b11,t1<b10} [irregular]
  step 4, delta [[-4, 4], [0, 2]]:
    x=13: {t8<b3,t9<b2} [irregular]
    x=17: {t4<b7,t9<b4} [irregular]
    x=21: {t0<b11,t9<b6} [irregular]
  step 4, delta [[-4, 4], [4, 0]]:
    x=13: {t8<b3,t9<b2} [irregular]
    x=17: {t4<b7,t13<b2} [irregular]
    x=21: {t0<b11,t17<b2} [irregular]
  step 4, delta [[0, 2], [-4, 4]]:
    x=13: {t8<b3,t9<b2} [irregular]
    x=17: {t5<b6,t8<b5} [irregular]
    x=21: {t4<b9,t5<b8} [irregular]
  step 4, delta [[4, 0], [-4, 4]]:
    x=13: {t8<b3,t9<b2} [irregular]
    x=17: {t5<b6,t12<b3} [irregular]
    x=21: {t8<b7,t9<b6} [irregular]
  step 4, delta [[0, 2], [4, 0]]:
    x=13: {t8<b3,t9<b2} [irregular]
    x=17: {t8<b5,t13<b2} [irregular]
    x=21: {t8<b7,t17<b2} [irregular]
  step 4, delta [[4, 0], [0, 2]]:
    x=13: {t8<b3,t9<b2} [irregular]
    x=17: {t9<b4,t12<b3} [irregular]
    x=21: {t12<b5,t13<b4} [irregular]
  step 4, delta [[8, -2], [0, 2]]:
    x=13: {t8<b3,t9<b2} [irregular]
    x=17: {t9<b4,t16<b1} [irregular]
    x=21: {t16<b3,t17<b2} [irregular]
  step 4, delta [[4, 0], [4, 0]]:
    x=13: {t8<b3,t9<b2} [irregular]
    x=17: {t12<b3,t13<b2} [irregular]
    x=21: {t16<b3,t17<b2} [irregular]
  step 4, delta [[0, 2], [-8, 6], [0, 2]]:
    x=13: {t8<b3,t9<b2,t11<b1} [irregular]
    x=17: {t1<b8,t8<b5,t11<b3} [irregular]
    x=21: {t0<b11,t1<b10,t11<b5} [irregular]
  step 4, delta [[0, 2], [-8, 6], [4, 0]]:
    x=13: {t8<b3,t9<b2,t11<b1} [irregular]
    x=17: {t1<b8,t8<b5,t15<b1} [irregular]
    x=21: {t0<b11,t1<b10,t19<b1} [irregular]
  step 4, delta [[4, 0], [-8, 6], [0, 2]]:
    x=13: {t8<b3,t9<b2,t11<b1} [irregular]
    x=17: {t1<b8,t11<b3,t12<b3} [irregular]
    x=21: {t3<b9,t5<b8,t12<b5} [irregular]
  step 4, delta [[8, -2], [-8, 6], [0, 2]]:
    x=13: {t8<b3,t9<b2,t11<b1} [irregular]
    x=17: {t1<b8,t11<b3,t16<b1} [irregular]
    x=21: {t3<b9,t9<b6,t16<b3} [irregular]
  step 4, delta [[8, -2], [-8, 6], [4, 0]]:
    x=13: {t8<b3,t9<b2,t11<b1} [irregular]
    x=17: {t1<b8,t15<b1,t16<b1} [irregular]
    x=21: {t7<b7,t9<b6,t20<b1} [M mod 8 in [0], M >= 25 (0 sporadic below)]
  step 4, delta [[4, 0], [-4, 4], [-8, 6]]:
    x=13: {t8<b3,t9<b2,t11<b1} [irregular]
    x=17: {t3<b7,t5<b6,t12<b3} [irregular]
    x=21: {t1<b10,t4<b9,t7<b7} [M mod 8 in [0], M >= 17 (0 sporadic below)]
  step 4, delta [[8, -2], [-4, 4], [-8, 6]]:
    x=13: {t8<b3,t9<b2,t11<b1} [irregular]
    x=17: {t3<b7,t5<b6,t16<b1} [M mod 8 in [4]]
    x=21: {t1<b10,t8<b7,t11<b5} [irregular]
  step 4, delta [[0, 2], [0, 2], [-8, 6]]:
    x=13: {t8<b3,t9<b2,t11<b1} [irregular]
    x=17: {t3<b7,t8<b5,t9<b4} [M mod 8 in [0], M >= 17 (0 sporadic below)]
    x=21: {t1<b10,t3<b9,t8<b7} [M mod 8 in [2], M >= 19 (0 sporadic below)]
  step 4, delta [[0, 2], [4, 0], [-8, 6]]:
    x=13: {t8<b3,t9<b2,t11<b1} [irregular]
    x=17: {t3<b7,t8<b5,t13<b2} [irregular]
    x=21: {t3<b9,t5<b8,t12<b5} [irregular]
  step 4, delta [[4, 0], [0, 2], [-8, 6]]:
    x=13: {t8<b3,t9<b2,t11<b1} [irregular]
    x=17: {t3<b7,t9<b4,t12<b3} [irregular]
    x=21: {t4<b9,t7<b7,t9<b6} [M mod 8 in [0], M >= 17 (0 sporadic below)]
  step 4, delta [[8, -2], [0, 2], [-8, 6]]:
    x=13: {t8<b3,t9<b2,t11<b1} [irregular]
    x=17: {t3<b7,t9<b4,t16<b1} [irregular]
    x=21: {t8<b7,t9<b6,t11<b5} [irregular]
  step 4, delta [[8, -2], [4, 0], [-8, 6]]:
    x=13: {t8<b3,t9<b2,t11<b1} [irregular]
    x=17: {t3<b7,t13<b2,t16<b1} [M mod 8 in [4], M >= 61 (2 sporadic below)]
    x=21: {t8<b7,t11<b5,t17<b2} [irregular]
  step 4, delta [[-4, 4], [-4, 4], [4, 0]]:
    x=13: {t8<b3,t9<b2,t11<b1} [irregular]
    x=17: {t4<b7,t5<b6,t15<b1} [irregular]
    x=21: {t0<b11,t1<b10,t19<b1} [irregular]
  step 4, delta [[-4, 4], [4, 0], [-4, 4]]:
    x=13: {t8<b3,t9<b2,t11<b1} [irregular]
    x=17: {t4<b7,t7<b5,t13<b2} [irregular]
    x=21: {t0<b11,t9<b6,t11<b5} [irregular]
  step 4, delta [[-4, 4], [0, 2], [0, 2]]:
    x=13: {t8<b3,t9<b2,t11<b1} [irregular]
    x=17: {t4<b7,t9<b4,t11<b3} [irregular]
    x=21: {t0<b11,t9<b6,t11<b5} [irregular]
  step 4, delta [[-4, 4], [0, 2], [4, 0]]:
    x=13: {t8<b3,t9<b2,t11<b1} [irregular]
    x=17: {t4<b7,t9<b4,t15<b1} [irregular]
    x=21: {t0<b11,t9<b6,t19<b1} [irregular]
  step 4, delta [[-4, 4], [4, 0], [0, 2]]:
    x=13: {t8<b3,t9<b2,t11<b1} [irregular]
    x=17: {t4<b7,t11<b3,t13<b2} [irregular]
    x=21: {t0<b11,t13<b4,t15<b3} [irregular]
  step 4, delta [[-4, 4], [4, 0], [4, 0]]:
    x=13: {t8<b3,t9<b2,t11<b1} [irregular]
    x=17: {t4<b7,t13<b2,t15<b1} [irregular]
    x=21: {t0<b11,t17<b2,t19<b1} [irregular]
  step 4, delta [[4, 0], [-4, 4], [-4, 4]]:
    x=13: {t8<b3,t9<b2,t11<b1} [irregular]
    x=17: {t5<b6,t7<b5,t12<b3} [M mod 8 in [2]]
    x=21: {t3<b9,t8<b7,t9<b6} [M mod 8 in [2], M >= 19 (0 sporadic below)]
  step 4, delta [[4, 0], [-4, 4], [4, 0]]:
    x=13: {t8<b3,t9<b2,t11<b1} [irregular]
    x=17: {t5<b6,t12<b3,t15<b1} [irregular]
    x=21: {t8<b7,t9<b6,t19<b1} [irregular]
  step 4, delta [[8, -2], [-4, 4], [4, 0]]:
    x=13: {t8<b3,t9<b2,t11<b1} [irregular]
    x=17: {t5<b6,t15<b1,t16<b1} [irregular]
    x=21: {t11<b5,t13<b4,t20<b1} [irregular]
  step 4, delta [[8, -2], [0, 2], [-4, 4]]:
    x=13: {t8<b3,t9<b2,t11<b1} [irregular]
    x=17: {t7<b5,t9<b4,t16<b1} [irregular]
    x=21: {t9<b6,t12<b5,t15<b3} [irregular]
  step 4, delta [[4, 0], [4, 0], [-4, 4]]:
    x=13: {t8<b3,t9<b2,t11<b1} [irregular]
    x=17: {t7<b5,t12<b3,t13<b2} [M mod 8 in [2], M >= 59 (2 sporadic below)]
    x=21: {t9<b6,t11<b5,t16<b3} [irregular]
  step 4, delta [[0, 2], [0, 2], [0, 2]]:
    x=13: {t8<b3,t9<b2,t11<b1} [irregular]
    x=17: {t8<b5,t9<b4,t11<b3} [irregular]
    x=21: {t8<b7,t9<b6,t11<b5} [irregular]
  step 4, delta [[8, -2], [0, 2], [0, 2]]:
    x=13: {t8<b3,t9<b2,t11<b1} [irregular]
    x=17: {t9<b4,t11<b3,t16<b1} [irregular]
    x=21: {t11<b5,t16<b3,t17<b2} [M mod 8 in [6], M >= 31 (0 sporadic below)]
  step 4, delta [[8, -2], [4, 0], [0, 2]]:
    x=13: {t8<b3,t9<b2,t11<b1} [irregular]
    x=17: {t11<b3,t13<b2,t16<b1} [irregular]
    x=21: {t16<b3,t17<b2,t19<b1} [irregular]
  step 4, delta [[0, 2], [-8, 6], [-4, 4]]:
    x=13: {t9<b2,t11<b1,t12<b1} [irregular]
    x=17: {t3<b7,t8<b5,t9<b4} [M mod 8 in [0], M >= 17 (0 sporadic below)]
    x=21: {t0<b11,t3<b9,t5<b8} [M mod 8 in [6]]
  step 4, delta [[0, 2], [-8, 6], [0, 2]]:
    x=13: {t9<b2,t11<b1,t12<b1} [irregular]
    x=17: {t3<b7,t9<b4,t12<b3} [irregular]
    x=21: {t1<b10,t3<b9,t12<b5} [irregular]
  step 4, delta [[0, 2], [-8, 6], [4, 0]]:
    x=13: {t9<b2,t11<b1,t12<b1} [irregular]
    x=17: {t3<b7,t9<b4,t16<b1} [irregular]
    x=21: {t1<b10,t3<b9,t20<b1} [irregular]
  step 4, delta [[4, 0], [-8, 6], [4, 0]]:
    x=13: {t9<b2,t11<b1,t12<b1} [irregular]
    x=17: {t3<b7,t13<b2,t16<b1} [M mod 8 in [4], M >= 61 (2 sporadic below)]
    x=21: {t5<b8,t7<b7,t20<b1} [irregular]
  step 4, delta [[4, 0], [-4, 4], [-8, 6]]:
    x=13: {t9<b2,t11<b1,t12<b1} [irregular]
    x=17: {t4<b7,t7<b5,t13<b2} [irregular]
    x=21: {t3<b9,t5<b8,t8<b7} [irregular]
  step 4, delta [[0, 2], [4, 0], [-8, 6]]:
    x=13: {t9<b2,t11<b1,t12<b1} [irregular]
    x=17: {t4<b7,t9<b4,t15<b1} [irregular]
    x=21: {t4<b9,t7<b7,t13<b4} [irregular]
  step 4, delta [[4, 0], [0, 2], [-8, 6]]:
    x=13: {t9<b2,t11<b1,t12<b1} [irregular]
    x=17: {t4<b7,t11<b3,t13<b2} [irregular]
    x=21: {t5<b8,t8<b7,t11<b5} [irregular]
  step 4, delta [[-4, 4], [-4, 4], [0, 2]]:
    x=13: {t9<b2,t11<b1,t12<b1} [irregular]
    x=17: {t5<b6,t7<b5,t12<b3} [M mod 8 in [2]]
    x=21: {t1<b10,t3<b9,t12<b5} [irregular]
  step 4, delta [[-4, 4], [-4, 4], [4, 0]]:
    x=13: {t9<b2,t11<b1,t12<b1} [irregular]
    x=17: {t5<b6,t7<b5,t16<b1} [irregular]
    x=21: {t1<b10,t3<b9,t20<b1} [irregular]
  step 4, delta [[-4, 4], [4, 0], [-4, 4]]:
    x=13: {t9<b2,t11<b1,t12<b1} [irregular]
    x=17: {t5<b6,t8<b5,t15<b1} [irregular]
    x=21: {t1<b10,t11<b5,t12<b5} [irregular]
  step 4, delta [[-4, 4], [0, 2], [0, 2]]:
    x=13: {t9<b2,t11<b1,t12<b1} [irregular]
    x=17: {t5<b6,t11<b3,t12<b3} [irregular]
    x=21: {t1<b10,t11<b5,t12<b5} [irregular]
  step 4, delta [[-4, 4], [0, 2], [4, 0]]:
    x=13: {t9<b2,t11<b1,t12<b1} [irregular]
    x=17: {t5<b6,t11<b3,t16<b1} [irregular]
    x=21: {t1<b10,t11<b5,t20<b1} [irregular]
  step 4, delta [[-4, 4], [4, 0], [0, 2]]:
    x=13: {t9<b2,t11<b1,t12<b1} [irregular]
    x=17: {t5<b6,t12<b3,t15<b1} [irregular]
    x=21: {t1<b10,t15<b3,t16<b3} [irregular]
  step 4, delta [[-4, 4], [4, 0], [4, 0]]:
    x=13: {t9<b2,t11<b1,t12<b1} [irregular]
    x=17: {t5<b6,t15<b1,t16<b1} [irregular]
    x=21: {t1<b10,t19<b1,t20<b1} [irregular]
  step 4, delta [[0, 2], [-4, 4], [4, 0]]:
    x=13: {t9<b2,t11<b1,t12<b1} [irregular]
    x=17: {t7<b5,t9<b4,t16<b1} [irregular]
    x=21: {t5<b8,t7<b7,t20<b1} [irregular]
  step 4, delta [[4, 0], [-4, 4], [0, 2]]:
    x=13: {t9<b2,t11<b1,t12<b1} [irregular]
    x=17: {t7<b5,t12<b3,t13<b2} [M mod 8 in [2], M >= 59 (2 sporadic below)]
    x=21: {t8<b7,t11<b5,t13<b4} [M mod 8 in [2], M >= 19 (0 sporadic below)]
  step 4, delta [[4, 0], [0, 2], [-4, 4]]:
    x=13: {t9<b2,t11<b1,t12<b1} [irregular]
    x=17: {t8<b5,t11<b3,t13<b2} [M mod 8 in [0], M >= 17 (0 sporadic below)]
    x=21: {t9<b6,t11<b5,t12<b5} [irregular]
  step 4, delta [[0, 2], [0, 2], [0, 2]]:
    x=13: {t9<b2,t11<b1,t12<b1} [irregular]
    x=17: {t9<b4,t11<b3,t12<b3} [irregular]
    x=21: {t9<b6,t11<b5,t12<b5} [irregular]
  step 4, delta [[0, 2], [0, 2], [4, 0]]:
    x=13: {t9<b2,t11<b1,t12<b1} [irregular]
    x=17: {t9<b4,t11<b3,t16<b1} [irregular]
    x=21: {t9<b6,t11<b5,t20<b1} [irregular]
  step 4, delta [[0, 2], [4, 0], [0, 2]]:
    x=13: {t9<b2,t11<b1,t12<b1} [irregular]
    x=17: {t9<b4,t12<b3,t15<b1} [irregular]
    x=21: {t9<b6,t15<b3,t16<b3} [irregular]
  step 4, delta [[0, 2], [4, 0], [4, 0]]:
    x=13: {t9<b2,t11<b1,t12<b1} [irregular]
    x=17: {t9<b4,t15<b1,t16<b1} [irregular]
    x=21: {t9<b6,t19<b1,t20<b1} [irregular]
  step 4, delta [[4, 0], [0, 2], [4, 0]]:
    x=13: {t9<b2,t11<b1,t12<b1} [irregular]
    x=17: {t11<b3,t13<b2,t16<b1} [irregular]
    x=21: {t13<b4,t15<b3,t20<b1} [M mod 8 in [0], M >= 25 (0 sporadic below)]
  step 4, delta [[4, 0], [4, 0], [4, 0]]:
    x=13: {t9<b2,t11<b1,t12<b1} [irregular]
    x=17: {t13<b2,t15<b1,t16<b1} [irregular]
    x=21: {t17<b2,t19<b1,t20<b1} [irregular]
  step 4, delta [[4, 0], [-12, 8]]:
    x=13: {t9<b2,t12<b1} [irregular]
    x=17: {t0<b9,t13<b2} [irregular]
    x=21: {t1<b10,t4<b9} [irregular]
  step 4, delta [[0, 2], [-8, 6]]:
    x=13: {t9<b2,t12<b1} [irregular]
    x=17: {t4<b7,t9<b4} [irregular]
    x=21: {t1<b10,t4<b9} [irregular]
  step 4, delta [[4, 0], [-8, 6]]:
    x=13: {t9<b2,t12<b1} [irregular]
    x=17: {t4<b7,t13<b2} [irregular]
    x=21: {t5<b8,t8<b7} [irregular]
  step 4, delta [[-4, 4], [-4, 4]]:
    x=13: {t9<b2,t12<b1} [irregular]
    x=17: {t5<b6,t8<b5} [irregular]
    x=21: {t1<b10,t4<b9} [irregular]
  step 4, delta [[-4, 4], [0, 2]]:
    x=13: {t9<b2,t12<b1} [irregular]
    x=17: {t5<b6,t12<b3} [irregular]
    x=21: {t1<b10,t12<b5} [irregular]
  step 4, delta [[0, 2], [-4, 4]]:
    x=13: {t9<b2,t12<b1} [irregular]
    x=17: {t8<b5,t9<b4} [irregular]
    x=21: {t5<b8,t8<b7} [irregular]
  step 4, delta [[4, 0], [-4, 4]]:
    x=13: {t9<b2,t12<b1} [irregular]
    x=17: {t8<b5,t13<b2} [irregular]
    x=21: {t9<b6,t12<b5} [irregular]
  step 4, delta [[0, 2], [0, 2]]:
    x=13: {t9<b2,t12<b1} [irregular]
    x=17: {t9<b4,t12<b3} [irregular]
    x=21: {t9<b6,t12<b5} [irregular]
  step 4, delta [[0, 2], [4, 0]]:
    x=13: {t9<b2,t12<b1} [irregular]
    x=17: {t9<b4,t16<b1} [irregular]
    x=21: {t9<b6,t20<b1} [irregular]
  step 4, delta [[4, 0], [0, 2]]:
    x=13: {t9<b2,t12<b1} [irregular]
    x=17: {t12<b3,t13<b2} [irregular]
    x=21: {t13<b4,t16<b3} [irregular]
  step 4, delta [[-4, 4], [-4, 4]]:
    x=13: {t10<b2,t11<b1} [irregular]
    x=17: {t6<b6,t7<b5} [irregular]
    x=21: {t2<b10,t3<b9} [irregular]
  step 4, delta [[-4, 4], [0, 2]]:
    x=13: {t10<b2,t11<b1} [irregular]
    x=17: {t6<b6,t11<b3} [irregular]
    x=21: {t2<b10,t11<b5} [irregular]
  step 4, delta [[-4, 4], [4, 0]]:
    x=13: {t10<b2,t11<b1} [irregular]
    x=17: {t6<b6,t15<b1} [irregular]
    x=21: {t2<b10,t19<b1} [irregular]
  step 4, delta [[0, 2], [-4, 4]]:
    x=13: {t10<b2,t11<b1} [irregular]
    x=17: {t7<b5,t10<b4} [irregular]
    x=21: {t6<b8,t7<b7} [irregular]
  step 4, delta [[4, 0], [-4, 4]]:
    x=13: {t10<b2,t11<b1} [irregular]
    x=17: {t7<b5,t14<b2} [irregular]
    x=21: {t10<b6,t11<b5} [irregular]
  step 4, delta [[0, 2], [0, 2]]:
    x=13: {t10<b2,t11<b1} [irregular]
    x=17: {t10<b4,t11<b3} [irregular]
    x=21: {t10<b6,t11<b5} [irregular]
  step 4, delta [[0, 2], [4, 0]]:
    x=13: {t10<b2,t11<b1} [irregular]
    x=17: {t10<b4,t15<b1} [irregular]
    x=21: {t10<b6,t19<b1} [irregular]
  step 4, delta [[4, 0], [0, 2]]:
    x=13: {t10<b2,t11<b1} [irregular]
    x=17: {t11<b3,t14<b2} [irregular]
    x=21: {t14<b4,t15<b3} [irregular]
  step 4, delta [[4, 0], [0, 2], [-12, 8]]:
    x=13: {t10<b2,t11<b1,t12<b1} [irregular]
    x=17: {t0<b9,t11<b3,t14<b2} [irregular]
    x=21: {t2<b10,t4<b9,t11<b5} [irregular]
  step 4, delta [[0, 2], [-8, 6], [-4, 4]]:
    x=13: {t10<b2,t11<b1,t12<b1} [irregular]
    x=17: {t3<b7,t8<b5,t10<b4} [irregular]
    x=21: {t0<b11,t3<b9,t6<b8} [irregular]
  step 4, delta [[4, 0], [-8, 6], [-4, 4]]:
    x=13: {t10<b2,t11<b1,t12<b1} [irregular]
    x=17: {t3<b7,t8<b5,t14<b2} [irregular]
    x=21: {t0<b11,t7<b7,t10<b6} [irregular]
  step 4, delta [[0, 2], [-8, 6], [0, 2]]:
    x=13: {t10<b2,t11<b1,t12<b1} [irregular]
    x=17: {t3<b7,t10<b4,t12<b3} [irregular]
    x=21: {t2<b10,t3<b9,t12<b5} [irregular]
  step 4, delta [[4, 0], [-8, 6], [0, 2]]:
    x=13: {t10<b2,t11<b1,t12<b1} [irregular]
    x=17: {t3<b7,t12<b3,t14<b2} [irregular]
    x=21: {t4<b9,t7<b7,t14<b4} [irregular]
  step 4, delta [[4, 0], [-8, 6], [4, 0]]:
    x=13: {t10<b2,t11<b1,t12<b1} [irregular]
    x=17: {t3<b7,t14<b2,t16<b1} [irregular]
    x=21: {t6<b8,t7<b7,t20<b1} [irregular]
  step 4, delta [[-4, 4], [0, 2], [-8, 6]]:
    x=13: {t10<b2,t11<b1,t12<b1} [irregular]
    x=17: {t4<b7,t6<b6,t11<b3} [irregular]
    x=21: {t0<b11,t3<b9,t6<b8} [irregular]
  step 4, delta [[-4, 4], [4, 0], [-8, 6]]:
    x=13: {t10<b2,t11<b1,t12<b1} [irregular]
    x=17: {t4<b7,t6<b6,t15<b1} [M mod 8 in [5]]
    x=21: {t0<b11,t7<b7,t10<b6} [irregular]
  step 4, delta [[4, 0], [-4, 4], [-8, 6]]:
    x=13: {t10<b2,t11<b1,t12<b1} [irregular]
    x=17: {t4<b7,t7<b5,t14<b2} [irregular]
    x=21: {t3<b9,t6<b8,t8<b7} [irregular]
  step 4, delta [[0, 2], [4, 0], [-8, 6]]:
    x=13: {t10<b2,t11<b1,t12<b1} [irregular]
    x=17: {t4<b7,t10<b4,t15<b1} [irregular]
    x=21: {t4<b9,t7<b7,t14<b4} [irregular]
  step 4, delta [[-4, 4], [-4, 4], [0, 2]]:
    x=13: {t10<b2,t11<b1,t12<b1} [irregular]
    x=17: {t6<b6,t7<b5,t12<b3} [irregular]
    x=21: {t2<b10,t3<b9,t12<b5} [irregular]
  step 4, delta [[-4, 4], [4, 0], [-4, 4]]:
    x=13: {t10<b2,t11<b1,t12<b1} [irregular]
    x=17: {t6<b6,t8<b5,t15<b1} [irregular]
    x=21: {t2<b10,t11<b5,t12<b5} [irregular]
  step 4, delta [[-4, 4], [0, 2], [0, 2]]:
    x=13: {t10<b2,t11<b1,t12<b1} [irregular]
    x=17: {t6<b6,t11<b3,t12<b3} [irregular]
    x=21: {t2<b10,t11<b5,t12<b5} [irregular]
  step 4, delta [[-4, 4], [0, 2], [4, 0]]:
    x=13: {t10<b2,t11<b1,t12<b1} [irregular]
    x=17: {t6<b6,t11<b3,t16<b1} [irregular]
    x=21: {t2<b10,t11<b5,t20<b1} [irregular]
  step 4, delta [[-4, 4], [4, 0], [0, 2]]:
    x=13: {t10<b2,t11<b1,t12<b1} [irregular]
    x=17: {t6<b6,t12<b3,t15<b1} [irregular]
    x=21: {t2<b10,t15<b3,t16<b3} [irregular]
  step 4, delta [[-4, 4], [4, 0], [4, 0]]:
    x=13: {t10<b2,t11<b1,t12<b1} [irregular]
    x=17: {t6<b6,t15<b1,t16<b1} [irregular]
    x=21: {t2<b10,t19<b1,t20<b1} [irregular]
  step 4, delta [[0, 2], [-4, 4], [0, 2]]:
    x=13: {t10<b2,t11<b1,t12<b1} [irregular]
    x=17: {t7<b5,t10<b4,t12<b3} [irregular]
    x=21: {t6<b8,t7<b7,t12<b5} [irregular]
  step 4, delta [[0, 2], [-4, 4], [4, 0]]:
    x=13: {t10<b2,t11<b1,t12<b1} [irregular]
    x=17: {t7<b5,t10<b4,t16<b1} [irregular]
    x=21: {t6<b8,t7<b7,t20<b1} [irregular]
  step 4, delta [[4, 0], [-4, 4], [0, 2]]:
    x=13: {t10<b2,t11<b1,t12<b1} [irregular]
    x=17: {t7<b5,t12<b3,t14<b2} [irregular]
    x=21: {t8<b7,t11<b5,t14<b4} [M mod 8 in [5], M >= 22 (0 sporadic below)]
  step 4, delta [[4, 0], [-4, 4], [4, 0]]:
    x=13: {t10<b2,t11<b1,t12<b1} [irregular]
    x=17: {t7<b5,t14<b2,t16<b1} [irregular]
    x=21: {t10<b6,t11<b5,t20<b1} [irregular]
  step 4, delta [[0, 2], [4, 0], [-4, 4]]:
    x=13: {t10<b2,t11<b1,t12<b1} [irregular]
    x=17: {t8<b5,t10<b4,t15<b1} [irregular]
    x=21: {t8<b7,t11<b5,t14<b4} [M mod 8 in [5], M >= 22 (0 sporadic below)]
  step 4, delta [[4, 0], [0, 2], [-4, 4]]:
    x=13: {t10<b2,t11<b1,t12<b1} [irregular]
    x=17: {t8<b5,t11<b3,t14<b2} [M mod 8 in [3], M >= 60 (3 sporadic below)]
    x=21: {t10<b6,t11<b5,t12<b5} [irregular]
  step 4, delta [[0, 2], [0, 2], [0, 2]]:
    x=13: {t10<b2,t11<b1,t12<b1} [irregular]
    x=17: {t10<b4,t11<b3,t12<b3} [irregular]
    x=21: {t10<b6,t11<b5,t12<b5} [irregular]
  step 4, delta [[0, 2], [0, 2], [4, 0]]:
    x=13: {t10<b2,t11<b1,t12<b1} [irregular]
    x=17: {t10<b4,t11<b3,t16<b1} [irregular]
    x=21: {t10<b6,t11<b5,t20<b1} [irregular]
  step 4, delta [[0, 2], [4, 0], [0, 2]]:
    x=13: {t10<b2,t11<b1,t12<b1} [irregular]
    x=17: {t10<b4,t12<b3,t15<b1} [irregular]
    x=21: {t10<b6,t15<b3,t16<b3} [irregular]
  step 4, delta [[0, 2], [4, 0], [4, 0]]:
    x=13: {t10<b2,t11<b1,t12<b1} [irregular]
    x=17: {t10<b4,t15<b1,t16<b1} [irregular]
    x=21: {t10<b6,t19<b1,t20<b1} [irregular]
  step 4, delta [[4, 0], [0, 2], [4, 0]]:
    x=13: {t10<b2,t11<b1,t12<b1} [irregular]
    x=17: {t11<b3,t14<b2,t16<b1} [irregular]
    x=21: {t14<b4,t15<b3,t20<b1} [irregular]
  step 4, delta [[4, 0], [4, 0], [4, 0]]:
    x=13: {t10<b2,t11<b1,t12<b1} [irregular]
    x=17: {t14<b2,t15<b1,t16<b1} [irregular]
    x=21: {t18<b2,t19<b1,t20<b1} [irregular]
-> /Users/will/Dev/personal/tasks/math/erdos197/data/e124_families.json
