resume: +3493 patterns from previous run
ADV(80) bounds=(2, 2, 2): straddle=6368 seed patterns=4381+3493
[1] sizes A=[42, 16, 109] B=[38, 80, 66] kills=[('A', 1, 17), ('A', 1, 18), ('A', 1, 17), ('B', 1, 45)] [0.1s]
      blk1 |S|=17 offs=[-30, -28, -26, -24, -22, -20, -18, -14, -12, -11, -10, -8, -4, -2, 0, 3, 6]
      blk1 |S|=18 offs=[-30, -28, -26, -24, -22, -20, -18, -16, -14, -12, -11, -10, -8, -4, -2, 0, 3, 6]
      blk1 |S|=17 offs=[-30, -28, -26, -24, -22, -20, -18, -16, -14, -12, -11, -10, -8, -4, 0, 3, 6]
      blk1 |S|=45 offs=[-94, -92, -90, -88, -86, -84, -82, -80, -78, -76, -74, -72, -70, -68, -66, -64, -62, -60, -58, -56, -54, -52, -50, -48, -46, -44, -42, -40, -38, -36, -34, -32, -6, 2, 4, 8, 10, 12, 14, 16, 18, 20, 22, 24, 74]
[2] sizes A=[42, 16, 112] B=[38, 80, 63] kills=[('B', 1, 47)] [0.1s]
      blk1 |S|=47 offs=[-94, -92, -90, -88, -86, -84, -82, -80, -78, -76, -74, -72, -70, -68, -66, -64, -62, -60, -58, -56, -54, -52, -50, -48, -46, -44, -42, -40, -38, -36, -34, -32, -6, 2, 4, 6, 8, 10, 12, 14, 16, 18, 20, 22, 24, 68, 70]
[3] sizes A=[42, 16, 113] B=[38, 80, 62] kills=[('B', 1, 46)] [0.1s]
      blk1 |S|=46 offs=[-94, -92, -90, -88, -86, -84, -82, -80, -78, -76, -74, -72, -70, -68, -66, -64, -62, -60, -58, -56, -54, -52, -50, -48, -46, -44, -42, -40, -38, -36, -34, -32, -6, 2, 4, 6, 8, 10, 12, 14, 16, 18, 20, 22, 24, 70]
[4] sizes A=[42, 16, 114] B=[38, 80, 61] kills=[('B', 1, 45)] [0.1s]
      blk1 |S|=45 offs=[-94, -92, -90, -88, -86, -84, -82, -80, -78, -76, -74, -72, -70, -68, -66, -64, -62, -60, -58, -56, -54, -52, -50, -48, -46, -44, -42, -40, -38, -36, -34, -32, -6, 2, 4, 6, 8, 10, 12, 14, 16, 20, 22, 24, 70]
[5] sizes A=[42, 16, 115] B=[38, 80, 60] kills=[('B', 1, 37), ('B', 1, 38)] [0.3s]
      blk1 |S|=37 offs=[-94, -92, -90, -88, -86, -84, -82, -80, -78, -76, -74, -72, -70, -66, -64, -62, -60, -58, -56, -54, -52, -48, -46, -44, -42, -40, -38, -36, -34, -32, 2, 4, 6, 10, 12, 14, 24]
      blk1 |S|=38 offs=[-94, -92, -90, -88, -86, -84, -82, -80, -78, -76, -74, -72, -70, -66, -64, -62, -60, -58, -56, -54, -52, -50, -48, -46, -44, -42, -40, -38, -36, -34, -32, -6, 4, 6, 10, 12, 14, 24]
[6] sizes A=[42, 16, 117] B=[38, 80, 58] kills=[('B', 1, 44)] [0.1s]
      blk1 |S|=44 offs=[-94, -92, -90, -88, -86, -84, -82, -80, -78, -76, -74, -72, -70, -68, -66, -64, -62, -60, -58, -56, -54, -52, -50, -48, -46, -44, -42, -40, -38, -36, -34, -32, -6, 2, 4, 6, 8, 10, 12, 16, 20, 22, 24, 30]
[7] sizes A=[42, 16, 117] B=[38, 80, 58] kills=[('A', 1, 18), ('A', 1, 17), ('B', 1, 44)] [0.1s]
      blk1 |S|=18 offs=[-30, -28, -26, -24, -22, -20, -18, -16, -14, -12, -10, -8, -4, -2, 0, 4, 14, 26]
      blk1 |S|=17 offs=[-28, -26, -24, -22, -20, -18, -16, -14, -12, -10, -8, -4, -2, 0, 4, 14, 26]
      blk1 |S|=44 offs=[-94, -92, -90, -88, -86, -84, -82, -80, -78, -76, -74, -72, -70, -68, -66, -64, -62, -60, -58, -56, -54, -52, -50, -48, -46, -44, -42, -40, -38, -36, -34, -32, -6, 2, 6, 8, 10, 12, 16, 18, 20, 22, 24, 30]
[8] sizes A=[42, 16, 118] B=[38, 80, 57] kills=[('A', 1, 16), ('A', 1, 14), ('A', 1, 13), ('B', 1, 35), ('B', 1, 33)] [0.3s]
      blk1 |S|=16 offs=[-28, -26, -24, -22, -20, -18, -16, -14, -12, -10, -8, -4, -2, 0, 4, 14]
      blk1 |S|=14 offs=[-28, -24, -22, -20, -18, -16, -14, -12, -10, -8, -4, 0, 4, 14]
      blk1 |S|=13 offs=[-28, -24, -22, -18, -16, -14, -12, -10, -8, -4, 0, 4, 14]
      blk1 |S|=35 offs=[-94, -90, -88, -86, -84, -82, -80, -78, -76, -74, -72, -70, -68, -66, -64, -62, -60, -58, -56, -54, -52, -50, -48, -46, -44, -42, -40, -38, -36, -34, -32, 2, 10, 12, 20]
      blk1 |S|=33 offs=[-94, -90, -88, -86, -82, -78, -76, -74, -72, -70, -68, -66, -64, -62, -60, -58, -56, -54, -52, -50, -48, -46, -44, -42, -40, -38, -36, -34, -32, 2, 10, 12, 20]
[9] sizes A=[42, 16, 117] B=[38, 80, 58] kills=[('A', 1, 12), ('A', 1, 12), ('A', 1, 13), ('A', 1, 10), ('B', 1, 30)] [0.2s]
      blk1 |S|=12 offs=[-30, -26, -24, -20, -16, -14, -12, -10, -8, -4, 2, 4]
      blk1 |S|=12 offs=[-26, -24, -20, -16, -14, -12, -10, -8, -4, 0, 2, 4]
      blk1 |S|=13 offs=[-26, -24, -22, -20, -18, -16, -14, -12, -10, -8, -4, 2, 4]
      blk1 |S|=10 offs=[-28, -24, -18, -12, -11, -8, -4, 2, 3, 4]
      blk1 |S|=30 offs=[-94, -92, -90, -84, -80, -74, -72, -70, -66, -64, -60, -56, -54, -48, -44, -42, -40, -38, -36, -34, -32, -6, 6, 8, 10, 12, 16, 18, 42, 52]
[10] sizes A=[42, 16, 117] B=[38, 80, 58] kills=[('A', 1, 14), ('A', 1, 14), ('B', 1, 32), ('B', 1, 30)] [0.2s]
      blk1 |S|=14 offs=[-30, -28, -26, -24, -20, -16, -12, -11, -8, -4, -2, 3, 4, 12]
      blk1 |S|=14 offs=[-28, -26, -24, -22, -20, -16, -12, -11, -8, -4, -2, 3, 4, 12]
      blk1 |S|=32 offs=[-94, -92, -90, -80, -78, -76, -70, -66, -64, -62, -60, -58, -56, -54, -52, -50, -48, -46, -44, -42, -40, -38, -34, -32, -6, 2, 6, 8, 10, 16, 42, 52]
      blk1 |S|=30 offs=[-94, -92, -90, -80, -76, -70, -66, -64, -62, -60, -58, -56, -54, -52, -50, -48, -46, -44, -40, -38, -34, -32, -6, 2, 6, 8, 10, 16, 26, 52]
[11] sizes A=[42, 16, 118] B=[38, 80, 57] kills=[('B', 1, 19), ('B', 1, 24), ('B', 1, 27)] [0.2s]
      blk1 |S|=19 offs=[-90, -80, -72, -66, -64, -60, -56, -54, -48, -42, -40, -36, -32, -6, 2, 6, 10, 18, 36]
      blk1 |S|=24 offs=[-92, -90, -88, -86, -84, -80, -78, -76, -72, -68, -66, -60, -54, -48, -42, -40, -36, -32, -6, 2, 6, 10, 18, 36]
      blk1 |S|=27 offs=[-94, -90, -88, -84, -82, -80, -74, -72, -70, -66, -64, -62, -60, -58, -56, -54, -50, -48, -44, -42, -40, -36, -6, 6, 10, 18, 36]
[12] sizes A=[42, 16, 119] B=[38, 80, 56] kills=[('A', 1, 17), ('A', 1, 16), ('B', 1, 19), ('B', 1, 23), ('B', 1, 27), ('B', 1, 26)] [0.2s]
      blk1 |S|=17 offs=[-30, -28, -26, -24, -22, -20, -18, -16, -14, -12, -10, -8, -4, -2, 0, 12, 18]
      blk1 |S|=16 offs=[-30, -28, -26, -24, -20, -18, -16, -14, -12, -10, -8, -4, -2, 0, 12, 18]
      blk1 |S|=19 offs=[-90, -80, -72, -66, -64, -60, -56, -54, -48, -44, -42, -40, -36, -32, -6, 2, 6, 10, 36]
      blk1 |S|=23 offs=[-90, -88, -84, -80, -76, -72, -68, -66, -64, -60, -56, -54, -48, -44, -42, -40, -36, -32, -6, 2, 6, 10, 36]
      blk1 |S|=27 offs=[-92, -90, -88, -84, -80, -78, -76, -72, -68, -66, -64, -60, -56, -54, -48, -44, -42, -40, -38, -36, -32, -6, 2, 6, 8, 10, 36]
      blk1 |S|=26 offs=[-92, -90, -88, -84, -80, -78, -76, -72, -68, -66, -64, -60, -56, -54, -48, -44, -42, -40, -38, -32, -6, 2, 6, 8, 10, 36]
[13] sizes A=[42, 16, 119] B=[38, 80, 56] kills=[('B', 1, 18), ('B', 1, 28), ('B', 1, 25), ('B', 1, 22)] [0.2s]
      blk1 |S|=18 offs=[-94, -86, -78, -70, -64, -58, -52, -50, -46, -42, -40, -34, -6, 2, 6, 18, 34, 52]
      blk1 |S|=28 offs=[-94, -92, -90, -88, -86, -84, -82, -80, -78, -76, -74, -72, -70, -66, -64, -58, -52, -50, -46, -42, -40, -34, -6, 2, 6, 18, 34, 52]
      blk1 |S|=25 offs=[-94, -86, -84, -82, -80, -78, -76, -74, -72, -70, -64, -62, -58, -52, -50, -46, -42, -40, -34, -6, 2, 6, 18, 34, 52]
      blk1 |S|=22 offs=[-94, -86, -82, -80, -78, -74, -70, -66, -62, -58, -54, -52, -46, -40, -38, -34, -6, 2, 4, 6, 18, 34]
[14] sizes A=[42, 16, 120] B=[38, 80, 55] kills=[('B', 1, 15), ('B', 1, 18), ('B', 1, 16), ('B', 1, 17)] [0.2s]
      blk1 |S|=15 offs=[-94, -90, -86, -78, -70, -66, -62, -54, -42, -38, -6, 2, 6, 10, 30]
      blk1 |S|=18 offs=[-94, -90, -86, -78, -70, -66, -62, -58, -54, -46, -42, -38, -34, -6, 2, 6, 10, 30]
      blk1 |S|=16 offs=[-94, -90, -86, -82, -78, -74, -70, -66, -62, -42, -38, -6, 2, 6, 10, 30]
      blk1 |S|=17 offs=[-94, -90, -86, -82, -78, -74, -70, -66, -62, -54, -42, -34, -6, 2, 6, 10, 30]
[15] sizes A=[42, 16, 121] B=[38, 80, 54] kills=[('B', 1, 16), ('B', 1, 31), ('B', 1, 27)] [0.2s]
      blk1 |S|=16 offs=[-94, -88, -80, -76, -66, -56, -44, -36, -32, -6, 2, 4, 6, 8, 16, 24]
      blk1 |S|=31 offs=[-94, -92, -90, -88, -86, -84, -82, -80, -78, -76, -74, -72, -70, -68, -66, -62, -60, -58, -56, -52, -46, -44, -36, -32, -6, 2, 4, 6, 8, 16, 24]
      blk1 |S|=27 offs=[-94, -88, -84, -80, -78, -76, -74, -72, -70, -68, -66, -62, -60, -56, -52, -50, -44, -38, -36, -32, -6, 2, 4, 6, 8, 16, 24]
[16] sizes A=[42, 16, 121] B=[38, 80, 54] kills=[('B', 1, 18), ('B', 1, 26)] [0.2s]
      blk1 |S|=18 offs=[-86, -74, -72, -70, -62, -54, -52, -50, -46, -42, -40, -38, -34, -6, 2, 4, 6, 22]
      blk1 |S|=26 offs=[-94, -92, -86, -82, -80, -78, -76, -74, -72, -70, -68, -66, -62, -60, -58, -54, -50, -46, -44, -40, -34, -6, 2, 4, 6, 22]
[17] sizes A=[42, 16, 122] B=[38, 80, 53] kills=[('A', 1, 14), ('A', 1, 13), ('A', 1, 13), ('B', 1, 28), ('B', 1, 20)] [0.2s]
      blk1 |S|=14 offs=[-30, -26, -24, -22, -20, -18, -16, -14, -12, -10, -8, -2, 2, 12]
      blk1 |S|=13 offs=[-30, -26, -24, -20, -18, -16, -14, -12, -10, -8, -2, 2, 12]
      blk1 |S|=13 offs=[-30, -28, -24, -20, -18, -16, -14, -12, -8, -4, -2, 2, 12]
      blk1 |S|=28 offs=[-94, -92, -88, -86, -82, -78, -74, -70, -68, -66, -62, -58, -54, -50, -46, -42, -40, -36, -34, -32, -6, 4, 6, 10, 14, 20, 22, 54]
      blk1 |S|=20 offs=[-94, -92, -88, -86, -78, -74, -70, -68, -62, -54, -46, -40, -36, -34, -32, -6, 4, 6, 20, 22]
[18] sizes A=[42, 16, 122] B=[38, 80, 53] kills=[('A', 1, 14), ('A', 1, 15), ('A', 1, 15), ('B', 1, 16), ('B', 1, 21), ('B', 1, 29)] [0.2s]
      blk1 |S|=14 offs=[-28, -26, -24, -20, -18, -16, -14, -12, -10, -8, -4, 0, 4, 18]
      blk1 |S|=15 offs=[-30, -28, -26, -24, -22, -20, -18, -16, -12, -10, -8, -4, 0, 4, 18]
      blk1 |S|=15 offs=[-28, -26, -24, -22, -20, -18, -16, -14, -12, -10, -8, -4, 0, 4, 18]
      blk1 |S|=16 offs=[-94, -86, -78, -70, -64, -58, -52, -50, -46, -42, -40, -6, 2, 6, 34, 52]
      blk1 |S|=21 offs=[-94, -92, -86, -82, -78, -74, -72, -70, -64, -62, -58, -52, -50, -46, -42, -40, -6, 2, 6, 34, 52]
      blk1 |S|=29 offs=[-94, -92, -88, -86, -80, -78, -76, -74, -72, -70, -66, -64, -62, -60, -58, -56, -54, -52, -50, -48, -46, -42, -40, -38, -6, 2, 6, 34, 52]
[19] sizes A=[42, 16, 121] B=[38, 80, 54] kills=[('A', 1, 15), ('A', 1, 15), ('A', 1, 13), ('A', 1, 16), ('B', 1, 22), ('B', 1, 32)] [0.2s]
      blk1 |S|=15 offs=[-26, -24, -20, -16, -14, -12, -11, -10, -8, -4, -2, 0, 3, 4, 20]
      blk1 |S|=15 offs=[-26, -24, -22, -20, -18, -16, -14, -12, -11, -10, -8, -4, -2, 3, 4]
      blk1 |S|=13 offs=[-30, -28, -26, -24, -20, -12, -11, -10, -8, -4, 0, 3, 4]
      blk1 |S|=16 offs=[-28, -26, -24, -22, -20, -18, -16, -14, -12, -11, -10, -8, -4, -2, 3, 4]
      blk1 |S|=22 offs=[-92, -86, -74, -72, -70, -62, -54, -52, -50, -46, -42, -40, -38, -34, -32, -6, 2, 6, 8, 16, 18, 22]
      blk1 |S|=32 offs=[-94, -92, -90, -86, -82, -80, -78, -76, -74, -72, -70, -68, -66, -62, -60, -58, -54, -50, -48, -46, -44, -40, -38, -34, -32, -6, 2, 6, 8, 16, 18, 22]
[20] sizes A=[42, 15, 118] B=[38, 81, 57] kills=[('A', 1, 16), ('A', 1, 15), ('B', 1, 46)] [0.2s]
      blk1 |S|=16 offs=[-28, -24, -22, -20, -14, -12, -11, -10, -8, -4, -2, 0, 3, 6, 20, 24]
      blk1 |S|=15 offs=[-30, -28, -26, -22, -20, -14, -12, -11, -10, -8, -2, 0, 6, 7, 20]
      blk1 |S|=46 offs=[-94, -92, -90, -88, -86, -84, -82, -80, -78, -76, -74, -72, -70, -68, -66, -64, -62, -60, -58, -56, -54, -52, -50, -48, -46, -44, -42, -40, -38, -36, -34, -32, -18, -6, 2, 4, 8, 10, 12, 14, 16, 18, 22, 52, 54, 76]
[21] sizes A=[42, 15, 118] B=[38, 81, 57] kills=[('A', 1, 12), ('A', 1, 16), ('B', 1, 44)] [0.1s]
      blk1 |S|=12 offs=[-24, -22, -20, -16, -11, -10, -4, -2, 0, 2, 7, 20]
      blk1 |S|=16 offs=[-30, -28, -24, -20, -16, -14, -12, -11, -10, -4, -2, 0, 2, 7, 20, 24]
      blk1 |S|=44 offs=[-94, -92, -90, -88, -86, -84, -82, -80, -78, -76, -74, -72, -70, -68, -66, -64, -62, -60, -58, -56, -54, -52, -50, -48, -46, -44, -42, -40, -38, -36, -34, -32, -18, -6, 4, 6, 8, 10, 12, 14, 16, 22, 52, 76]
[22] sizes A=[42, 15, 118] B=[38, 81, 57] kills=[('A', 1, 16), ('A', 1, 11), ('A', 1, 12), ('B', 1, 44)] [0.1s]
      blk1 |S|=16 offs=[-30, -28, -26, -24, -22, -20, -16, -14, -12, -10, -8, -4, -2, 6, 12, 24]
      blk1 |S|=11 offs=[-30, -28, -24, -20, -16, -12, -8, -2, 0, 6, 12]
      blk1 |S|=12 offs=[-28, -24, -14, -11, -8, -4, -2, 0, 6, 7, 12, 24]
      blk1 |S|=44 offs=[-94, -92, -90, -88, -86, -84, -82, -80, -78, -76, -74, -72, -70, -68, -66, -64, -62, -60, -58, -56, -54, -52, -50, -48, -46, -44, -42, -40, -38, -36, -34, -32, -18, -6, 2, 4, 8, 10, 14, 16, 20, 22, 54, 76]
[23] sizes A=[42, 15, 118] B=[38, 81, 57] kills=[('A', 1, 17), ('A', 1, 15), ('A', 1, 18), ('A', 1, 12), ('B', 1, 45)] [0.1s]
      blk1 |S|=17 offs=[-30, -28, -26, -24, -16, -14, -12, -11, -10, -8, -4, -2, 0, 2, 3, 6, 24]
      blk1 |S|=15 offs=[-30, -26, -24, -16, -14, -12, -11, -10, -8, -4, -2, 2, 3, 6, 7]
      blk1 |S|=18 offs=[-30, -28, -26, -24, -22, -20, -16, -14, -12, -11, -10, -8, -4, -2, 2, 3, 6, 24]
      blk1 |S|=12 offs=[-24, -20, -16, -14, -12, -11, -8, -4, -2, 2, 6, 7]
      blk1 |S|=45 offs=[-94, -92, -90, -88, -86, -84, -82, -80, -78, -76, -74, -72, -70, -68, -66, -64, -62, -60, -58, -56, -54, -52, -50, -48, -46, -44, -42, -40, -38, -36, -34, -32, -18, -6, 4, 8, 10, 12, 14, 16, 20, 22, 52, 54, 76]
[24] sizes A=[42, 14, 118] B=[38, 82, 57] kills=[('A', 1, 12), ('A', 1, 15), ('A', 1, 18), ('A', 1, 12), ('B', 1, 52)] [0.1s]
      blk1 |S|=12 offs=[-26, -24, -14, -12, -11, -10, -8, -4, -2, 2, 6, 7]
      blk1 |S|=15 offs=[-28, -26, -24, -22, -20, -14, -12, -11, -8, -4, -2, 0, 2, 6, 7]
      blk1 |S|=18 offs=[-30, -28, -26, -24, -22, -20, -14, -12, -11, -10, -8, -4, -2, 0, 2, 6, 7, 24]
      blk1 |S|=12 offs=[-28, -24, -20, -14, -11, -8, -4, -2, 0, 6, 7, 24]
      blk1 |S|=52 offs=[-94, -92, -90, -88, -86, -84, -82, -80, -78, -76, -74, -72, -70, -68, -66, -64, -62, -60, -58, -56, -54, -52, -50, -48, -46, -44, -42, -40, -38, -36, -34, -32, -18, -16, -6, 4, 8, 10, 12, 16, 20, 22, 42, 50, 54, 58, 62, 64, 66, 68, 74, 76]
[25] sizes A=[42, 14, 117] B=[38, 82, 58] kills=[('A', 1, 10), ('A', 1, 18), ('A', 1, 14), ('A', 1, 9), ('B', 1, 49)] [0.2s]
      blk1 |S|=10 offs=[-28, -14, -11, -8, -2, 0, 6, 7, 12, 14]
      blk1 |S|=18 offs=[-30, -28, -26, -24, -22, -20, -14, -12, -11, -10, -8, -4, -2, 0, 6, 7, 14, 18]
      blk1 |S|=14 offs=[-28, -22, -20, -14, -12, -11, -8, -4, -2, 0, 6, 7, 12, 14]
      blk1 |S|=9 offs=[-28, -22, -14, -11, -8, 0, 6, 11, 14]
      blk1 |S|=49 offs=[-94, -92, -90, -88, -86, -84, -82, -80, -78, -76, -74, -72, -70, -68, -66, -64, -62, -60, -58, -56, -54, -52, -50, -48, -46, -44, -42, -40, -38, -36, -34, -32, -18, -16, -6, 2, 4, 8, 10, 16, 20, 22, 24, 50, 52, 54, 58, 74, 76]
[26] sizes A=[42, 14, 115] B=[38, 82, 60] kills=[('A', 1, 12), ('A', 1, 12), ('A', 1, 16), ('A', 1, 15), ('B', 1, 50)] [0.2s]
      blk1 |S|=12 offs=[-28, -24, -14, -12, -11, -8, -4, -2, 0, 3, 6, 8]
      blk1 |S|=12 offs=[-28, -22, -14, -12, -11, -8, -4, -2, 0, 3, 6, 8]
      blk1 |S|=16 offs=[-30, -28, -22, -20, -14, -12, -11, -10, -8, -4, -2, 0, 6, 7, 8, 12]
      blk1 |S|=15 offs=[-30, -26, -22, -20, -14, -12, -11, -10, -8, -4, -2, 6, 7, 8, 12]
      blk1 |S|=50 offs=[-94, -92, -90, -88, -86, -84, -82, -80, -78, -76, -74, -72, -70, -68, -66, -64, -62, -60, -58, -56, -54, -52, -50, -48, -46, -44, -42, -40, -38, -36, -34, -32, -18, -16, -6, 2, 4, 10, 14, 16, 18, 20, 22, 24, 26, 50, 52, 54, 74, 76]
[27] sizes A=[42, 14, 115] B=[38, 82, 60] kills=[('A', 1, 15), ('A', 1, 17), ('A', 1, 15), ('A', 1, 15), ('B', 1, 49)] [0.2s]
      blk1 |S|=15 offs=[-30, -28, -26, -20, -14, -12, -11, -10, -8, -4, -2, 0, 6, 7, 12]
      blk1 |S|=17 offs=[-30, -28, -26, -24, -22, -20, -14, -12, -11, -10, -8, -4, -2, 0, 6, 7, 12]
      blk1 |S|=15 offs=[-28, -26, -24, -22, -20, -14, -12, -11, -8, -4, -2, 0, 6, 7, 12]
      blk1 |S|=15 offs=[-28, -26, -24, -22, -20, -14, -12, -11, -8, -4, -2, 0, 6, 11, 12]
      blk1 |S|=49 offs=[-94, -92, -90, -88, -86, -84, -82, -80, -78, -76, -74, -72, -70, -68, -66, -64, -62, -60, -58, -56, -54, -52, -50, -48, -46, -44, -42, -40, -38, -36, -34, -32, -18, -16, -6, 2, 4, 8, 10, 14, 16, 18, 20, 22, 24, 26, 52, 62, 76]
[28] sizes A=[42, 14, 116] B=[38, 82, 59] kills=[('A', 1, 18), ('A', 1, 14), ('B', 1, 46)] [0.1s]
      blk1 |S|=18 offs=[-30, -28, -26, -24, -22, -20, -14, -12, -11, -10, -8, -4, -2, 0, 2, 3, 14, 20]
      blk1 |S|=14 offs=[-30, -28, -26, -24, -22, -20, -14, -11, -2, 0, 2, 7, 14, 20]
      blk1 |S|=46 offs=[-94, -92, -90, -88, -86, -84, -82, -80, -78, -76, -74, -72, -70, -68, -66, -64, -62, -60, -58, -56, -54, -52, -50, -48, -46, -44, -42, -40, -38, -36, -34, -32, -18, -16, -6, 4, 6, 8, 10, 12, 16, 22, 24, 58, 60, 76]
[29] sizes A=[42, 14, 115] B=[38, 82, 60] kills=[('A', 1, 16), ('A', 1, 17), ('A', 1, 12), ('B', 1, 49)] [0.2s]
      blk1 |S|=16 offs=[-30, -28, -26, -24, -22, -20, -14, -12, -2, 0, 2, 8, 18, 20, 24, 30]
      blk1 |S|=17 offs=[-30, -28, -26, -24, -22, -20, -14, -12, -10, -2, 0, 2, 8, 18, 20, 24, 30]
      blk1 |S|=12 offs=[-30, -24, -22, -20, -11, -10, -2, 0, 2, 7, 8, 20]
      blk1 |S|=49 offs=[-94, -92, -90, -88, -86, -84, -82, -80, -78, -76, -74, -72, -70, -68, -66, -64, -62, -60, -58, -56, -54, -52, -50, -48, -46, -44, -42, -40, -38, -36, -34, -32, -18, -16, -6, 4, 6, 10, 12, 14, 16, 22, 26, 54, 58, 60, 62, 74, 76]
[30] sizes A=[42, 14, 115] B=[38, 82, 60] kills=[('A', 1, 16), ('A', 1, 15), ('A', 1, 16), ('B', 1, 49)] [0.1s]
      blk1 |S|=16 offs=[-30, -26, -24, -22, -20, -14, -12, -11, -10, -8, -4, -2, 0, 2, 7, 20]
      blk1 |S|=15 offs=[-30, -24, -22, -20, -14, -12, -11, -10, -8, -4, -2, 0, 2, 7, 20]
      blk1 |S|=16 offs=[-28, -26, -24, -22, -20, -14, -12, -11, -10, -8, -4, -2, 0, 2, 7, 20]
      blk1 |S|=49 offs=[-94, -92, -90, -88, -86, -84, -82, -80, -78, -76, -74, -72, -70, -68, -66, -64, -62, -60, -58, -56, -54, -52, -50, -48, -46, -44, -42, -40, -38, -36, -34, -32, -18, -16, -6, 4, 6, 8, 10, 12, 14, 16, 22, 26, 54, 58, 60, 62, 74]
[31] sizes A=[42, 13, 114] B=[38, 83, 61] kills=[('A', 1, 15), ('A', 1, 16), ('A', 1, 14), ('B', 1, 44)] [0.2s]
      blk1 |S|=15 offs=[-28, -24, -22, -20, -14, -12, -11, -10, -8, -4, -2, 0, 3, 6, 20]
      blk1 |S|=16 offs=[-28, -26, -24, -22, -20, -14, -12, -11, -10, -8, -4, -2, 0, 3, 6, 20]
      blk1 |S|=14 offs=[-28, -26, -24, -22, -20, -14, -11, -8, -4, -2, 0, 6, 7, 20]
      blk1 |S|=44 offs=[-94, -92, -90, -88, -86, -84, -82, -80, -78, -76, -74, -72, -70, -68, -66, -64, -62, -60, -58, -56, -54, -52, -50, -48, -46, -44, -42, -40, -38, -36, -34, -32, -30, -18, -6, 2, 8, 10, 12, 14, 16, 22, 24, 26]
[32] sizes A=[42, 13, 115] B=[38, 83, 60] kills=[('A', 1, 15), ('A', 1, 10), ('A', 1, 14), ('B', 1, 44)] [0.1s]
      blk1 |S|=15 offs=[-28, -26, -24, -20, -14, -12, -11, -10, -8, -4, -2, 0, 3, 4, 20]
      blk1 |S|=10 offs=[-26, -20, -14, -12, -11, -8, -4, -2, 3, 4]
      blk1 |S|=14 offs=[-28, -26, -24, -20, -14, -12, -11, -10, -8, -4, -2, 0, 4, 7]
      blk1 |S|=44 offs=[-94, -92, -90, -88, -86, -84, -82, -80, -78, -76, -74, -72, -70, -68, -66, -64, -62, -60, -58, -56, -54, -52, -50, -48, -46, -44, -42, -40, -38, -36, -34, -32, -30, -18, -6, 2, 6, 8, 10, 12, 14, 16, 22, 24]
[33] sizes A=[42, 12, 116] B=[38, 84, 59] kills=[('A', 1, 13), ('A', 1, 13), ('B', 1, 46)] [0.2s]
      blk1 |S|=13 offs=[-28, -22, -14, -12, -11, -10, -8, -4, -2, 0, 6, 11, 12]
      blk1 |S|=13 offs=[-28, -22, -14, -12, -11, -10, -8, -4, -2, 0, 6, 7, 12]
      blk1 |S|=46 offs=[-94, -92, -90, -88, -86, -84, -82, -80, -78, -76, -74, -72, -70, -68, -66, -64, -62, -60, -58, -56, -54, -52, -50, -48, -46, -44, -42, -40, -38, -36, -34, -32, -30, -20, -18, -6, 2, 4, 8, 10, 14, 16, 20, 22, 24, 52]
[34] sizes A=[42, 12, 116] B=[38, 84, 59] kills=[('B', 1, 33), ('B', 1, 28)] [0.3s]
      blk1 |S|=33 offs=[-94, -90, -86, -84, -82, -80, -78, -76, -74, -72, -70, -68, -66, -64, -62, -58, -56, -54, -50, -46, -44, -42, -40, -38, -36, -34, -32, -30, -18, -6, 2, 6, 8]
      blk1 |S|=28 offs=[-94, -90, -86, -84, -82, -78, -74, -70, -66, -64, -62, -58, -54, -50, -46, -44, -42, -40, -38, -36, -34, -32, -30, -18, -6, 2, 6, 8]
[35] sizes A=[42, 12, 116] B=[38, 84, 59] kills=[('B', 1, 48)] [0.2s]
      blk1 |S|=48 offs=[-94, -92, -90, -88, -86, -84, -82, -80, -78, -76, -74, -72, -70, -68, -66, -64, -62, -60, -58, -56, -54, -52, -50, -48, -46, -44, -42, -40, -38, -36, -34, -32, -30, -20, -18, -16, -6, 2, 6, 10, 14, 16, 20, 22, 24, 26, 54, 58]
[36] sizes A=[42, 12, 118] B=[38, 84, 57] kills=[('B', 1, 46)] [0.1s]
      blk1 |S|=46 offs=[-94, -92, -90, -88, -86, -84, -82, -80, -78, -76, -74, -72, -70, -68, -66, -64, -62, -60, -58, -56, -54, -52, -50, -48, -46, -44, -42, -40, -38, -36, -34, -32, -30, -20, -18, -16, -6, 2, 6, 10, 14, 16, 22, 24, 26, 54]
[37] sizes A=[42, 12, 118] B=[38, 84, 57] kills=[('B', 1, 47)] [0.2s]
      blk1 |S|=47 offs=[-94, -92, -90, -88, -86, -84, -82, -80, -78, -76, -74, -72, -70, -68, -66, -64, -62, -60, -58, -56, -54, -52, -50, -48, -46, -44, -42, -40, -38, -36, -34, -32, -30, -20, -18, -16, -6, 2, 6, 10, 14, 16, 18, 22, 24, 54, 80]
[38] sizes A=[42, 12, 118] B=[38, 84, 57] kills=[('A', 1, 9), ('A', 1, 14), ('A', 1, 14), ('B', 1, 45)] [0.2s]
      blk1 |S|=9 offs=[-28, -24, -14, -12, -10, 0, 4, 12, 14]
      blk1 |S|=14 offs=[-26, -24, -14, -12, -11, -8, -4, -2, 0, 3, 4, 8, 12, 14]
      blk1 |S|=14 offs=[-28, -26, -14, -12, -11, -10, -8, -4, -2, 0, 3, 4, 8, 14]
      blk1 |S|=45 offs=[-94, -92, -90, -88, -86, -84, -82, -80, -78, -76, -74, -72, -70, -68, -66, -64, -62, -60, -58, -56, -54, -52, -50, -48, -46, -44, -42, -40, -38, -36, -34, -32, -30, -20, -18, -16, -6, 2, 6, 10, 16, 22, 24, 26, 54]
[39] sizes A=[42, 12, 118] B=[38, 84, 57] kills=[('B', 1, 30)] [0.2s]
      blk1 |S|=30 offs=[-94, -90, -86, -84, -82, -80, -78, -74, -70, -68, -66, -62, -60, -58, -56, -54, -50, -46, -44, -42, -40, -38, -34, -30, -18, -6, 2, 6, 16, 20]
[40] sizes A=[42, 13, 118] B=[38, 83, 57] kills=[('A', 1, 17), ('A', 1, 14), ('B', 1, 28)] [0.2s]
      blk1 |S|=17 offs=[-28, -26, -24, -22, -18, -14, -12, -11, -10, -8, -4, 0, 3, 4, 8, 12, 18]
      blk1 |S|=14 offs=[-26, -24, -22, -18, -12, -11, -10, -8, -4, 0, 3, 4, 8, 18]
      blk1 |S|=28 offs=[-94, -92, -90, -86, -84, -82, -78, -74, -70, -66, -64, -62, -58, -54, -50, -46, -42, -38, -36, -34, -30, -6, 2, 6, 14, 16, 22, 26]
[41] sizes A=[42, 13, 118] B=[38, 83, 57] kills=[('A', 1, 14), ('A', 1, 16), ('A', 1, 15), ('B', 1, 28), ('B', 1, 27)] [0.2s]
      blk1 |S|=14 offs=[-26, -24, -22, -18, -12, -11, -10, -8, -4, 0, 3, 4, 8, 12]
      blk1 |S|=16 offs=[-26, -24, -22, -18, -14, -12, -11, -10, -8, -4, -2, 0, 3, 4, 8, 12]
      blk1 |S|=15 offs=[-26, -24, -22, -18, -14, -12, -11, -10, -8, -4, -2, 0, 3, 4, 8]
      blk1 |S|=28 offs=[-94, -86, -84, -82, -80, -78, -74, -72, -70, -66, -62, -60, -58, -54, -50, -46, -42, -40, -38, -34, -30, -6, 2, 14, 16, 18, 20, 22]
      blk1 |S|=27 offs=[-94, -86, -84, -82, -78, -74, -72, -70, -66, -62, -60, -58, -56, -54, -50, -46, -42, -40, -38, -34, -30, -6, 2, 14, 16, 18, 22]
[42] sizes A=[42, 13, 118] B=[38, 83, 57] kills=[('A', 1, 16), ('A', 1, 15), ('A', 1, 17), ('B', 1, 30)] [0.3s]
      blk1 |S|=16 offs=[-28, -26, -24, -22, -18, -14, -12, -11, -10, -8, -4, 0, 3, 4, 12, 18]
      blk1 |S|=15 offs=[-26, -24, -22, -18, -14, -12, -11, -10, -8, -4, 0, 3, 4, 12, 18]
      blk1 |S|=17 offs=[-28, -26, -24, -22, -18, -14, -12, -11, -10, -8, -4, -2, 0, 4, 7, 12, 18]
      blk1 |S|=30 offs=[-94, -90, -86, -84, -82, -80, -78, -76, -74, -72, -70, -68, -66, -64, -62, -60, -58, -54, -46, -44, -38, -34, -30, -6, 2, 6, 14, 16, 20, 22]
[43] sizes A=[42, 13, 118] B=[38, 83, 57] kills=[('A', 1, 16), ('B', 1, 50)] [0.1s]
      blk1 |S|=16 offs=[-30, -28, -26, -24, -22, -14, -12, -11, -10, -8, -4, -2, 0, 3, 4, 18]
      blk1 |S|=50 offs=[-94, -92, -90, -88, -86, -84, -82, -80, -78, -76, -74, -72, -70, -68, -66, -64, -62, -60, -58, -56, -54, -52, -50, -48, -46, -44, -42, -40, -38, -36, -34, -32, -20, -18, -16, -6, 2, 6, 8, 10, 14, 16, 20, 22, 50, 52, 54, 60, 62, 80]
[44] sizes A=[42, 13, 118] B=[38, 83, 57] kills=[('A', 1, 17), ('A', 1, 18), ('A', 1, 17), ('B', 1, 49)] [0.1s]
      blk1 |S|=17 offs=[-30, -28, -26, -24, -22, -14, -12, -11, -10, -8, -4, 0, 3, 4, 8, 12, 24]
      blk1 |S|=18 offs=[-30, -28, -26, -24, -22, -14, -12, -11, -10, -8, -4, -2, 0, 3, 4, 8, 12, 24]
      blk1 |S|=17 offs=[-30, -28, -26, -24, -22, -14, -12, -11, -10, -8, -4, -2, 0, 3, 4, 8, 24]
      blk1 |S|=49 offs=[-94, -92, -90, -88, -86, -84, -82, -80, -78, -76, -74, -72, -70, -68, -66, -64, -62, -60, -58, -56, -54, -52, -50, -48, -46, -44, -42, -40, -38, -36, -34, -32, -20, -18, -16, -6, 2, 6, 10, 14, 16, 18, 20, 22, 52, 54, 60, 62, 80]
[45] sizes A=[42, 13, 119] B=[38, 83, 56] kills=[('A', 1, 16), ('A', 1, 16), ('B', 1, 52)] [0.2s]
      blk1 |S|=16 offs=[-30, -28, -26, -24, -22, -14, -12, -11, -10, -8, -4, 0, 3, 4, 8, 12]
      blk1 |S|=16 offs=[-30, -26, -24, -22, -14, -12, -11, -10, -8, -4, -2, 0, 3, 4, 8, 12]
      blk1 |S|=52 offs=[-94, -92, -90, -88, -86, -84, -82, -80, -78, -76, -74, -72, -70, -68, -66, -64, -62, -60, -58, -56, -54, -52, -50, -48, -46, -44, -42, -40, -38, -36, -34, -32, -20, -18, -16, -6, 2, 6, 10, 14, 16, 18, 20, 22, 24, 46, 52, 54, 60, 68, 70, 80]
[46] sizes A=[42, 13, 119] B=[38, 83, 56] kills=[('A', 1, 13), ('A', 1, 10), ('A', 1, 9), ('A', 1, 15), ('B', 1, 49)] [0.1s]
      blk1 |S|=13 offs=[-26, -24, -14, -12, -11, -10, -8, -2, 0, 2, 4, 7, 12]
      blk1 |S|=10 offs=[-26, -24, -22, -12, -11, -2, 0, 2, 7, 12]
      blk1 |S|=9 offs=[-26, -24, -22, -12, -11, 0, 2, 11, 12]
      blk1 |S|=15 offs=[-28, -26, -24, -14, -12, -11, -10, -8, -2, 0, 2, 4, 7, 12, 26]
      blk1 |S|=49 offs=[-94, -92, -90, -88, -86, -84, -82, -80, -78, -76, -74, -72, -70, -68, -66, -64, -62, -60, -58, -56, -54, -52, -50, -48, -46, -44, -42, -40, -38, -36, -34, -32, -20, -18, -16, -6, 6, 8, 10, 14, 16, 18, 20, 22, 24, 46, 52, 54, 80]
[47] sizes A=[42, 13, 119] B=[38, 83, 56] kills=[('A', 1, 10), ('A', 1, 10), ('A', 1, 9), ('B', 1, 50)] [0.2s]
      blk1 |S|=10 offs=[-26, -24, -22, -12, -11, -4, 0, 2, 4, 11]
      blk1 |S|=10 offs=[-24, -22, -12, -11, -10, -4, 0, 2, 4, 11]
      blk1 |S|=9 offs=[-14, -12, -10, -8, -4, -2, 0, 2, 4]
      blk1 |S|=50 offs=[-94, -92, -90, -88, -86, -84, -82, -80, -78, -76, -74, -72, -70, -68, -66, -64, -62, -60, -58, -56, -54, -52, -50, -48, -46, -44, -42, -40, -38, -36, -34, -32, -20, -18, -16, -6, 6, 8, 10, 12, 14, 16, 18, 20, 22, 24, 46, 52, 54, 70]
[48] sizes A=[42, 13, 120] B=[38, 83, 55] kills=[('B', 1, 49)] [0.2s]
      blk1 |S|=49 offs=[-94, -92, -90, -88, -86, -84, -82, -80, -78, -76, -74, -72, -70, -68, -66, -64, -62, -60, -58, -56, -54, -52, -50, -48, -46, -44, -42, -40, -38, -36, -34, -32, -20, -18, -16, -6, 4, 6, 8, 10, 12, 14, 16, 18, 22, 46, 52, 54, 70]
[49] sizes A=[42, 13, 121] B=[38, 83, 54] kills=[('B', 1, 39), ('B', 1, 35)] [0.3s]
      blk1 |S|=39 offs=[-94, -92, -90, -88, -86, -84, -82, -80, -78, -76, -74, -72, -70, -68, -66, -64, -62, -60, -58, -56, -54, -52, -50, -48, -44, -42, -40, -38, -36, -34, -32, -20, -18, -6, 4, 6, 8, 10, 16]
      blk1 |S|=35 offs=[-92, -90, -88, -86, -84, -82, -80, -78, -76, -74, -72, -70, -68, -66, -64, -62, -60, -56, -54, -52, -50, -48, -44, -42, -40, -38, -36, -34, -20, -16, 4, 8, 10, 16, 22]
[50] sizes A=[42, 15, 121] B=[38, 81, 54] kills=[('A', 1, 13), ('A', 1, 17), ('B', 1, 47)] [0.1s]
      blk1 |S|=13 offs=[-28, -26, -24, -22, -18, -12, -11, -8, -4, 0, 2, 3, 28]
      blk1 |S|=17 offs=[-30, -28, -26, -24, -22, -18, -14, -12, -11, -10, -4, -2, 0, 2, 3, 20, 26]
      blk1 |S|=47 offs=[-94, -92, -90, -88, -86, -84, -82, -80, -78, -76, -74, -72, -70, -68, -66, -64, -62, -60, -58, -56, -54, -52, -50, -48, -46, -44, -42, -40, -38, -36, -34, -32, -20, -6, 4, 6, 8, 10, 12, 14, 16, 18, 22, 46, 52, 54, 68]
[51] sizes A=[42, 14, 122] B=[38, 82, 53] kills=[('A', 1, 14), ('A', 1, 13), ('A', 1, 15), ('A', 1, 15), ('B', 1, 47)] [0.1s]
      blk1 |S|=14 offs=[-28, -26, -24, -22, -18, -14, -12, -11, -10, -8, -4, 2, 3, 20]
      blk1 |S|=13 offs=[-28, -26, -24, -22, -18, -12, -11, -8, -4, 0, 2, 3, 11]
      blk1 |S|=15 offs=[-28, -26, -24, -22, -18, -16, -14, -12, -11, -10, -8, -4, 0, 2, 3]
      blk1 |S|=15 offs=[-28, -26, -24, -22, -18, -16, -14, -12, -11, -10, -8, -4, 0, 2, 11]
      blk1 |S|=47 offs=[-94, -92, -90, -88, -86, -84, -82, -80, -78, -76, -74, -72, -70, -68, -66, -64, -62, -60, -58, -56, -54, -52, -50, -48, -46, -44, -42, -40, -38, -36, -34, -32, -30, -20, -6, 4, 6, 8, 10, 12, 14, 16, 18, 22, 28, 52, 54]
[52] sizes A=[42, 13, 121] B=[38, 83, 54] kills=[('A', 1, 6), ('A', 1, 10), ('A', 1, 15), ('B', 1, 51)] [0.2s]
      blk1 |S|=6 offs=[-28, -16, -10, -4, 2, 8]
      blk1 |S|=10 offs=[-28, -22, -16, -12, -10, -8, -4, -2, 2, 8]
      blk1 |S|=15 offs=[-26, -24, -22, -14, -12, -11, -10, -8, -4, -2, 0, 2, 3, 8, 20]
      blk1 |S|=51 offs=[-94, -92, -90, -88, -86, -84, -82, -80, -78, -76, -74, -72, -70, -68, -66, -64, -62, -60, -58, -56, -54, -52, -50, -48, -46, -44, -42, -40, -38, -36, -34, -32, -30, -20, -18, -6, 4, 6, 10, 12, 14, 16, 18, 22, 26, 28, 46, 52, 54, 56, 72]
[53] sizes A=[42, 14, 120] B=[38, 82, 55] kills=[('A', 1, 14), ('A', 1, 14), ('B', 1, 45)] [0.1s]
      blk1 |S|=14 offs=[-26, -24, -22, -18, -14, -12, -11, -10, -8, -4, 0, 3, 4, 18]
      blk1 |S|=14 offs=[-28, -26, -24, -22, -18, -16, -12, -11, -10, -4, 0, 3, 4, 18]
      blk1 |S|=45 offs=[-94, -92, -90, -88, -86, -84, -82, -80, -78, -76, -74, -72, -70, -68, -66, -64, -62, -60, -58, -56, -54, -52, -50, -48, -46, -44, -42, -40, -38, -36, -34, -30, -20, -6, 2, 6, 8, 10, 12, 14, 16, 22, 28, 52, 54]
[54] sizes A=[42, 13, 120] B=[38, 83, 55] kills=[('A', 1, 8), ('A', 1, 6), ('A', 1, 15), ('B', 1, 35)] [0.3s]
      blk1 |S|=8 offs=[-28, -16, -12, -8, -4, 0, 4, 8]
      blk1 |S|=6 offs=[-16, -8, -4, 0, 4, 8]
      blk1 |S|=15 offs=[-28, -26, -24, -22, -16, -14, -12, -11, -10, -8, -4, 0, 3, 4, 8]
      blk1 |S|=35 offs=[-94, -92, -90, -88, -86, -82, -80, -78, -76, -74, -72, -70, -68, -66, -64, -62, -60, -58, -56, -54, -52, -50, -46, -44, -42, -38, -34, -30, -18, -6, 2, 6, 10, 16, 28]
[55] sizes A=[42, 12, 120] B=[38, 84, 55] kills=[('B', 1, 27)] [0.3s]
      blk1 |S|=27 offs=[-94, -90, -86, -82, -78, -76, -74, -72, -70, -68, -66, -64, -62, -58, -54, -46, -44, -40, -38, -34, -30, -6, 2, 6, 10, 16, 22]
[56] sizes A=[42, 13, 117] B=[38, 83, 58] kills=[('A', 1, 15), ('A', 1, 16), ('A', 1, 15), ('B', 1, 52)] [0.2s]
      blk1 |S|=15 offs=[-30, -26, -24, -22, -14, -12, -11, -10, -8, -4, -2, 0, 3, 4, 8]
      blk1 |S|=16 offs=[-30, -28, -26, -24, -22, -14, -12, -11, -10, -8, -4, -2, 0, 3, 4, 8]
      blk1 |S|=15 offs=[-30, -28, -26, -24, -22, -14, -12, -11, -10, -8, -4, 0, 3, 4, 8]
      blk1 |S|=52 offs=[-94, -92, -90, -88, -86, -84, -82, -80, -78, -76, -74, -72, -70, -68, -66, -64, -62, -60, -58, -56, -54, -52, -50, -48, -46, -44, -42, -40, -38, -36, -34, -32, -20, -18, -16, -6, 2, 6, 10, 12, 14, 16, 18, 22, 24, 44, 48, 52, 54, 56, 60, 72]
[57] sizes A=[42, 13, 117] B=[38, 83, 58] kills=[('A', 1, 16), ('A', 1, 10), ('A', 1, 13), ('A', 1, 13), ('B', 1, 50)] [0.1s]
      blk1 |S|=16 offs=[-28, -26, -24, -14, -12, -11, -10, -8, -4, -2, 0, 4, 6, 7, 20, 26]
      blk1 |S|=10 offs=[-28, -22, -14, -11, -8, -4, 0, 4, 6, 11]
      blk1 |S|=13 offs=[-26, -24, -22, -14, -11, -8, -4, -2, 0, 4, 6, 11, 20]
      blk1 |S|=13 offs=[-28, -26, -24, -22, -14, -11, -8, -4, -2, 0, 6, 11, 20]
      blk1 |S|=50 offs=[-94, -92, -90, -88, -86, -84, -82, -80, -78, -76, -74, -72, -70, -68, -66, -64, -62, -60, -58, -56, -54, -52, -50, -48, -46, -44, -42, -40, -38, -36, -34, -32, -20, -18, -16, -6, 2, 8, 10, 12, 14, 16, 18, 22, 24, 52, 54, 56, 60, 62]
[58] sizes A=[42, 13, 116] B=[38, 83, 59] kills=[('B', 1, 48)] [0.1s]
      blk1 |S|=48 offs=[-94, -92, -90, -88, -86, -84, -82, -80, -78, -76, -74, -72, -70, -68, -66, -64, -62, -60, -58, -56, -54, -52, -50, -48, -46, -44, -42, -40, -38, -36, -34, -32, -28, -20, -18, -6, 2, 4, 8, 10, 12, 14, 16, 18, 22, 24, 54, 56]
[59] sizes A=[42, 13, 117] B=[38, 83, 58] kills=[('B', 1, 47)] [0.2s]
      blk1 |S|=47 offs=[-94, -92, -90, -88, -86, -84, -82, -80, -78, -76, -74, -72, -70, -68, -66, -64, -62, -60, -58, -56, -54, -52, -50, -48, -46, -44, -42, -40, -38, -36, -34, -32, -28, -20, -18, -6, 2, 4, 8, 10, 12, 14, 16, 18, 22, 24, 54]
[60] sizes A=[42, 13, 118] B=[38, 83, 57] kills=[('B', 1, 48)] [0.1s]
      blk1 |S|=48 offs=[-94, -92, -90, -88, -86, -84, -82, -80, -78, -76, -74, -72, -70, -68, -66, -64, -62, -60, -58, -56, -54, -52, -50, -48, -46, -44, -42, -40, -38, -36, -34, -32, -28, -20, -18, -6, 2, 4, 8, 10, 12, 14, 16, 18, 22, 52, 54, 74]
[61] sizes A=[42, 13, 119] B=[38, 83, 56] kills=[('B', 1, 47)] [0.2s]
      blk1 |S|=47 offs=[-94, -92, -90, -88, -86, -84, -82, -80, -78, -76, -74, -72, -70, -68, -66, -64, -62, -60, -58, -56, -54, -52, -50, -48, -46, -44, -42, -40, -38, -36, -34, -32, -28, -20, -18, -6, 2, 4, 8, 10, 12, 14, 16, 18, 22, 52, 54]
[62] sizes A=[42, 13, 120] B=[38, 83, 55] kills=[('B', 1, 46)] [0.1s]
      blk1 |S|=46 offs=[-94, -92, -90, -88, -86, -84, -82, -80, -78, -76, -74, -72, -70, -68, -66, -64, -62, -60, -58, -56, -54, -52, -50, -48, -46, -44, -42, -40, -38, -36, -34, -32, -28, -20, -18, -6, 2, 4, 8, 10, 12, 14, 16, 18, 22, 52]
[63] sizes A=[42, 13, 120] B=[38, 83, 55] kills=[('B', 1, 34), ('B', 1, 35), ('B', 1, 32)] [0.3s]
      blk1 |S|=34 offs=[-92, -90, -86, -84, -82, -80, -76, -74, -72, -70, -68, -66, -64, -62, -60, -58, -56, -54, -52, -48, -46, -44, -42, -40, -36, -34, -32, -28, -6, 2, 8, 12, 16, 18]
      blk1 |S|=35 offs=[-94, -92, -90, -86, -84, -82, -80, -76, -74, -72, -70, -68, -66, -64, -62, -60, -58, -56, -54, -52, -48, -46, -44, -42, -40, -36, -34, -32, -28, -6, 2, 8, 12, 16, 18]
      blk1 |S|=32 offs=[-94, -92, -90, -88, -86, -84, -80, -76, -74, -72, -68, -66, -64, -62, -60, -58, -56, -54, -52, -48, -46, -44, -42, -40, -36, -34, -28, -6, 2, 8, 12, 16]
[64] sizes A=[42, 13, 121] B=[38, 83, 54] kills=[('A', 1, 17), ('A', 1, 9), ('A', 1, 14), ('B', 1, 46)] [0.2s]
      blk1 |S|=17 offs=[-30, -26, -24, -22, -16, -14, -12, -10, -8, -4, -2, 0, 6, 12, 14, 20, 24]
      blk1 |S|=9 offs=[-30, -16, -12, -8, -2, 0, 6, 12, 14]
      blk1 |S|=14 offs=[-30, -26, -22, -16, -14, -12, -10, -8, -4, -2, 0, 6, 12, 14]
      blk1 |S|=46 offs=[-94, -92, -90, -88, -86, -84, -82, -80, -78, -76, -74, -72, -70, -68, -66, -64, -62, -60, -58, -56, -54, -52, -50, -48, -46, -44, -42, -40, -38, -36, -34, -32, -28, -20, -18, -6, 2, 4, 8, 10, 16, 18, 22, 48, 52, 68]
[65] sizes A=[42, 13, 120] B=[38, 83, 55] kills=[('A', 1, 14), ('A', 1, 11), ('B', 1, 48)] [0.2s]
      blk1 |S|=14 offs=[-30, -26, -24, -22, -16, -14, -12, -10, -8, -4, -2, 6, 12, 20]
      blk1 |S|=11 offs=[-30, -24, -22, -16, -12, -8, -2, 0, 6, 12, 20]
      blk1 |S|=48 offs=[-94, -92, -90, -88, -86, -84, -82, -80, -78, -76, -74, -72, -70, -68, -66, -64, -62, -60, -58, -56, -54, -52, -50, -48, -46, -44, -42, -40, -38, -36, -34, -32, -28, -20, -18, -6, 2, 4, 8, 10, 14, 16, 18, 22, 26, 48, 50, 52]
[66] sizes A=[42, 12, 121] B=[38, 84, 54] kills=[('B', 1, 46)] [0.1s]
      blk1 |S|=46 offs=[-94, -92, -90, -88, -86, -84, -82, -80, -78, -76, -74, -72, -70, -68, -66, -64, -62, -60, -58, -56, -54, -52, -50, -48, -46, -44, -42, -40, -38, -36, -34, -32, -30, -20, -18, -6, 2, 4, 8, 10, 16, 18, 22, 26, 50, 52]
[67] sizes A=[42, 12, 122] B=[38, 84, 53] kills=[('B', 1, 45)] [0.1s]
      blk1 |S|=45 offs=[-94, -92, -90, -88, -86, -84, -82, -80, -78, -76, -74, -72, -70, -68, -66, -64, -62, -60, -58, -56, -54, -52, -50, -48, -46, -44, -42, -40, -38, -36, -34, -32, -30, -20, -18, -6, 2, 4, 8, 10, 16, 18, 22, 26, 52]
[68] sizes A=[42, 12, 122] B=[38, 84, 53] kills=[('B', 1, 45)] [0.2s]
      blk1 |S|=45 offs=[-94, -92, -90, -88, -86, -84, -82, -80, -78, -76, -74, -72, -70, -68, -66, -64, -62, -60, -58, -56, -54, -52, -50, -48, -46, -44, -42, -40, -38, -36, -34, -32, -30, -28, -20, -18, -6, 2, 4, 8, 10, 16, 18, 22, 52]
[69] sizes A=[42, 12, 122] B=[38, 84, 53] kills=[('B', 1, 32), ('B', 1, 31)] [0.3s]
      blk1 |S|=32 offs=[-94, -90, -88, -86, -84, -82, -80, -78, -76, -74, -72, -70, -66, -64, -62, -58, -54, -52, -46, -44, -42, -40, -38, -36, -34, -30, -18, -6, 2, 4, 10, 22]
      blk1 |S|=31 offs=[-94, -90, -88, -86, -84, -82, -80, -78, -76, -74, -70, -66, -64, -62, -58, -54, -52, -46, -44, -42, -40, -38, -36, -34, -30, -18, -6, 2, 4, 10, 22]
[70] sizes A=[42, 13, 121] B=[38, 83, 54] kills=[('A', 1, 14), ('A', 1, 15), ('A', 1, 14), ('B', 1, 34), ('B', 1, 34), ('B', 1, 28), ('B', 1, 27)] [0.3s]
      blk1 |S|=14 offs=[-26, -24, -22, -18, -14, -12, -10, -8, -4, -2, 0, 6, 12, 20]
      blk1 |S|=15 offs=[-26, -24, -22, -18, -16, -14, -12, -10, -8, -4, -2, 0, 6, 12, 20]
      blk1 |S|=14 offs=[-26, -24, -22, -18, -16, -14, -12, -10, -8, -4, -2, 0, 6, 12]
      blk1 |S|=34 offs=[-94, -90, -88, -86, -84, -82, -80, -78, -76, -74, -72, -70, -66, -64, -62, -60, -58, -54, -52, -50, -48, -46, -44, -42, -40, -38, -36, -34, -30, -6, 2, 4, 8, 22]
      blk1 |S|=34 offs=[-94, -90, -88, -86, -84, -82, -78, -76, -74, -72, -70, -66, -64, -62, -60, -58, -54, -52, -50, -48, -46, -44, -42, -40, -38, -36, -34, -30, -6, 2, 4, 8, 10, 22]
      blk1 |S|=28 offs=[-94, -90, -88, -86, -84, -78, -74, -70, -68, -66, -64, -62, -58, -54, -46, -44, -42, -40, -38, -36, -34, -30, -6, 2, 4, 8, 10, 22]
      blk1 |S|=27 offs=[-94, -90, -88, -86, -84, -82, -78, -74, -70, -66, -64, -62, -54, -46, -44, -42, -40, -38, -36, -34, -30, -6, 2, 4, 8, 10, 22]
[71] sizes A=[42, 13, 119] B=[38, 83, 56] kills=[('B', 1, 44)] [0.1s]
      blk1 |S|=44 offs=[-94, -92, -90, -88, -86, -84, -82, -80, -78, -76, -74, -72, -70, -68, -66, -64, -62, -60, -58, -56, -54, -52, -50, -48, -46, -44, -42, -40, -38, -36, -34, -32, -28, -18, -16, -6, 2, 4, 8, 10, 16, 22, 68, 76]
[72] sizes A=[42, 13, 120] B=[38, 83, 55] kills=[('B', 1, 43)] [0.1s]
      blk1 |S|=43 offs=[-94, -92, -90, -88, -86, -84, -82, -80, -78, -76, -74, -72, -70, -68, -66, -64, -62, -60, -58, -56, -54, -52, -50, -48, -46, -44, -42, -40, -38, -36, -34, -32, -28, -18, -16, -6, 2, 4, 8, 10, 16, 22, 76]
[73] sizes A=[42, 13, 120] B=[38, 83, 55] kills=[('B', 1, 45)] [0.2s]
      blk1 |S|=45 offs=[-94, -92, -90, -88, -86, -84, -82, -80, -78, -76, -74, -72, -70, -68, -66, -64, -62, -60, -58, -56, -54, -52, -50, -48, -46, -44, -42, -40, -38, -36, -34, -32, -28, -18, -16, -6, 2, 4, 8, 10, 16, 22, 44, 60, 66]
[74] sizes A=[42, 13, 120] B=[38, 83, 55] kills=[('B', 1, 38), ('B', 1, 34), ('B', 1, 32)] [0.4s]
      blk1 |S|=38 offs=[-94, -92, -90, -88, -84, -82, -80, -78, -76, -74, -72, -68, -66, -64, -62, -60, -58, -56, -54, -52, -50, -48, -46, -44, -42, -40, -38, -36, -34, -32, -28, -18, -16, 2, 4, 8, 10, 22]
      blk1 |S|=34 offs=[-94, -92, -90, -88, -84, -82, -80, -78, -76, -72, -68, -66, -64, -60, -58, -56, -54, -52, -50, -48, -46, -44, -42, -40, -36, -34, -28, -18, -16, 2, 4, 8, 10, 22]
      blk1 |S|=32 offs=[-94, -92, -90, -88, -84, -82, -80, -78, -76, -72, -68, -66, -64, -60, -58, -56, -54, -52, -50, -48, -44, -42, -36, -34, -28, -18, -16, 2, 4, 8, 10, 22]
[75] sizes A=[42, 12, 119] B=[38, 84, 56] kills=[('A', 1, 15), ('B', 1, 38), ('B', 1, 35), ('B', 1, 33)] [0.4s]
      blk1 |S|=15 offs=[-30, -26, -24, -22, -14, -12, -11, -10, -8, -4, -2, 3, 6, 8, 20]
      blk1 |S|=38 offs=[-94, -92, -90, -88, -86, -84, -82, -80, -78, -76, -72, -66, -64, -62, -60, -58, -56, -54, -52, -50, -48, -46, -44, -42, -40, -38, -36, -34, -32, -28, -20, -16, -6, 2, 4, 16, 22, 50]
      blk1 |S|=35 offs=[-94, -92, -90, -88, -84, -82, -80, -78, -76, -74, -72, -70, -66, -64, -62, -60, -56, -54, -52, -48, -46, -44, -42, -40, -38, -36, -34, -32, -28, -20, -16, -6, 2, 4, 16]
      blk1 |S|=33 offs=[-94, -92, -90, -88, -84, -82, -80, -78, -76, -74, -72, -68, -66, -64, -60, -58, -56, -54, -52, -48, -46, -44, -42, -40, -38, -36, -32, -28, -20, -16, 2, 4, 16]
[76] sizes A=[42, 13, 118] B=[38, 83, 57] kills=[('A', 1, 15), ('A', 1, 13), ('A', 1, 16), ('B', 1, 38)] [0.2s]
      blk1 |S|=15 offs=[-26, -24, -22, -20, -18, -14, -12, -10, -8, -4, -2, 6, 8, 14, 20]
      blk1 |S|=13 offs=[-26, -24, -22, -18, -14, -12, -10, -8, -4, -2, 6, 8, 20]
      blk1 |S|=16 offs=[-26, -24, -22, -20, -18, -14, -12, -10, -8, -4, -2, 0, 6, 8, 14, 18]
      blk1 |S|=38 offs=[-94, -92, -90, -88, -86, -84, -82, -80, -78, -76, -74, -70, -64, -62, -60, -58, -56, -54, -52, -48, -46, -44, -42, -40, -38, -34, -32, -30, -16, -6, 2, 4, 10, 12, 22, 54, 62, 72]
[77] sizes A=[42, 14, 116] B=[38, 82, 59] kills=[('A', 1, 11), ('A', 1, 12), ('A', 1, 11), ('B', 1, 44)] [0.1s]
      blk1 |S|=11 offs=[-26, -24, -22, -18, -12, -11, -4, 0, 2, 3, 18]
      blk1 |S|=12 offs=[-26, -24, -22, -18, -12, -11, -10, -4, 0, 2, 3, 18]
      blk1 |S|=11 offs=[-30, -26, -24, -22, -18, -12, -11, 0, 2, 11, 18]
      blk1 |S|=44 offs=[-94, -92, -90, -88, -86, -84, -82, -80, -78, -76, -74, -72, -70, -68, -66, -64, -62, -60, -58, -56, -54, -52, -50, -48, -46, -44, -42, -40, -38, -36, -34, -32, -28, -20, -6, 4, 6, 8, 10, 12, 16, 22, 46, 72]
[78] sizes A=[42, 14, 117] B=[38, 82, 58] kills=[('A', 1, 12), ('A', 1, 12), ('A', 1, 13), ('B', 1, 44)] [0.1s]
      blk1 |S|=12 offs=[-26, -24, -22, -18, -12, -11, -10, -4, -2, 2, 3, 14]
      blk1 |S|=12 offs=[-30, -26, -24, -22, -18, -14, -12, -11, -10, -4, 2, 3]
      blk1 |S|=13 offs=[-26, -24, -22, -18, -12, -11, -10, -4, -2, 0, 2, 11, 14]
      blk1 |S|=44 offs=[-94, -92, -90, -88, -86, -84, -82, -80, -78, -76, -74, -72, -70, -68, -66, -64, -62, -60, -58, -56, -54, -52, -50, -48, -46, -44, -42, -40, -38, -36, -34, -32, -28, -20, -6, 4, 6, 8, 10, 12, 16, 18, 22, 70]
[79] sizes A=[42, 12, 117] B=[38, 84, 58] kills=[('A', 1, 16), ('A', 1, 14), ('B', 1, 49)] [0.2s]
      blk1 |S|=16 offs=[-26, -24, -22, -20, -14, -12, -11, -10, -8, -4, -2, 0, 2, 3, 14, 20]
      blk1 |S|=14 offs=[-26, -24, -22, -20, -14, -12, -11, -8, -4, -2, 0, 2, 7, 14]
      blk1 |S|=49 offs=[-94, -92, -90, -88, -86, -84, -82, -80, -78, -76, -74, -72, -70, -68, -66, -64, -62, -60, -58, -56, -54, -52, -50, -48, -46, -44, -42, -40, -38, -36, -34, -32, -30, -28, -18, -16, -6, 4, 6, 8, 10, 12, 16, 18, 22, 54, 58, 60, 62]
[80] sizes A=[42, 12, 117] B=[38, 84, 58] kills=[('A', 1, 15), ('A', 1, 14), ('B', 1, 49)] [0.1s]
      blk1 |S|=15 offs=[-26, -24, -22, -20, -14, -12, -11, -10, -8, -4, -2, 0, 2, 7, 20]
      blk1 |S|=14 offs=[-24, -22, -20, -14, -12, -11, -10, -8, -4, -2, 0, 2, 7, 20]
      blk1 |S|=49 offs=[-94, -92, -90, -88, -86, -84, -82, -80, -78, -76, -74, -72, -70, -68, -66, -64, -62, -60, -58, -56, -54, -52, -50, -48, -46, -44, -42, -40, -38, -36, -34, -32, -30, -28, -18, -16, -6, 4, 6, 8, 10, 12, 14, 16, 18, 22, 54, 60, 62]
[81] sizes A=[42, 13, 118] B=[38, 83, 57] kills=[('A', 1, 13), ('A', 1, 12), ('A', 1, 14), ('B', 1, 45)] [0.2s]
      blk1 |S|=13 offs=[-26, -24, -22, -18, -16, -14, -12, -11, -10, -8, -4, 2, 3]
      blk1 |S|=12 offs=[-26, -24, -18, -16, -14, -12, -11, -10, -8, -4, 2, 3]
      blk1 |S|=14 offs=[-26, -24, -18, -16, -14, -12, -11, -10, -8, -4, 0, 2, 3, 26]
      blk1 |S|=45 offs=[-94, -92, -90, -88, -86, -84, -82, -80, -78, -76, -74, -72, -70, -68, -66, -64, -62, -60, -58, -56, -54, -52, -50, -48, -46, -44, -42, -40, -38, -36, -34, -32, -30, -28, -20, -6, 4, 6, 8, 10, 12, 14, 16, 18, 22]
[82] sizes A=[42, 13, 117] B=[38, 83, 58] kills=[('B', 1, 47)] [0.1s]
      blk1 |S|=47 offs=[-94, -92, -90, -88, -86, -84, -82, -80, -78, -76, -74, -72, -70, -68, -66, -64, -62, -60, -58, -56, -54, -52, -50, -48, -46, -44, -42, -40, -38, -36, -34, -32, -28, -20, -18, -6, 2, 6, 8, 10, 14, 16, 20, 22, 44, 46, 68]
[83] sizes A=[42, 13, 118] B=[38, 83, 57] kills=[('B', 1, 46)] [0.1s]
      blk1 |S|=46 offs=[-94, -92, -90, -88, -86, -84, -82, -80, -78, -76, -74, -72, -70, -68, -66, -64, -62, -60, -58, -56, -54, -52, -50, -48, -46, -44, -42, -40, -38, -36, -34, -32, -28, -20, -18, -6, 2, 6, 8, 10, 14, 16, 20, 22, 44, 68]
[84] sizes A=[42, 13, 119] B=[38, 83, 56] kills=[('B', 1, 46)] [0.1s]
      blk1 |S|=46 offs=[-94, -92, -90, -88, -86, -84, -82, -80, -78, -76, -74, -72, -70, -68, -66, -64, -62, -60, -58, -56, -54, -52, -50, -48, -46, -44, -42, -40, -38, -36, -34, -32, -28, -20, -18, -6, 2, 6, 8, 10, 14, 16, 20, 22, 52, 68]
[85] sizes A=[42, 13, 120] B=[38, 83, 55] kills=[('B', 1, 37), ('B', 1, 36), ('B', 1, 34), ('B', 1, 33)] [0.4s]
      blk1 |S|=37 offs=[-94, -92, -90, -88, -86, -82, -80, -78, -76, -74, -72, -70, -68, -66, -64, -62, -58, -56, -54, -52, -48, -46, -44, -42, -40, -38, -36, -34, -32, -18, -6, 2, 6, 8, 20, 22, 64]
      blk1 |S|=36 offs=[-94, -92, -90, -88, -86, -82, -80, -78, -76, -74, -72, -70, -66, -64, -62, -58, -56, -54, -52, -48, -46, -44, -42, -40, -38, -36, -34, -32, -18, -6, 2, 6, 8, 20, 22, 64]
      blk1 |S|=34 offs=[-94, -90, -88, -86, -82, -80, -78, -76, -74, -72, -70, -66, -64, -62, -58, -56, -54, -52, -48, -46, -44, -42, -40, -36, -34, -32, -18, -6, 2, 6, 8, 20, 22, 64]
      blk1 |S|=33 offs=[-94, -90, -88, -86, -82, -80, -78, -76, -74, -72, -70, -68, -66, -64, -62, -58, -56, -54, -48, -46, -44, -42, -40, -36, -34, -32, -18, -6, 2, 6, 20, 22, 52]
[86] sizes A=[42, 13, 120] B=[38, 83, 55] kills=[('A', 1, 11), ('A', 1, 12), ('A', 1, 13), ('A', 1, 18), ('B', 1, 34), ('B', 1, 30)] [0.3s]
      blk1 |S|=11 offs=[-30, -24, -18, -14, -12, -10, -4, 0, 4, 6, 12]
      blk1 |S|=12 offs=[-26, -24, -22, -18, -14, -11, -10, -4, 0, 4, 6, 11]
      blk1 |S|=13 offs=[-30, -26, -24, -18, -12, -11, -10, -4, 0, 3, 4, 6, 12]
      blk1 |S|=18 offs=[-30, -26, -24, -22, -18, -14, -12, -11, -10, -8, -4, -2, 0, 3, 4, 6, 12, 26]
      blk1 |S|=34 offs=[-94, -90, -88, -86, -82, -80, -78, -76, -74, -72, -70, -66, -64, -62, -60, -58, -54, -52, -50, -46, -44, -42, -40, -36, -34, -28, -16, -6, 2, 10, 14, 20, 24, 64]
      blk1 |S|=30 offs=[-94, -90, -88, -82, -78, -76, -74, -72, -70, -66, -64, -62, -60, -58, -54, -52, -50, -46, -44, -42, -40, -36, -34, -16, -6, 2, 10, 14, 20, 64]
[87] sizes A=[42, 12, 120] B=[38, 84, 55] kills=[('A', 1, 15), ('A', 1, 13), ('A', 1, 11), ('B', 1, 49)] [0.2s]
      blk1 |S|=15 offs=[-30, -26, -24, -22, -14, -12, -11, -10, -4, -2, 0, 4, 6, 11, 12]
      blk1 |S|=13 offs=[-26, -24, -22, -14, -11, -10, -8, -4, -2, 0, 4, 6, 11]
      blk1 |S|=11 offs=[-26, -22, -14, -11, -8, -4, -2, 0, 4, 6, 11]
      blk1 |S|=49 offs=[-94, -92, -90, -88, -86, -84, -82, -80, -78, -76, -74, -72, -70, -68, -66, -64, -62, -60, -58, -56, -54, -52, -50, -48, -46, -44, -42, -40, -38, -36, -34, -32, -28, -20, -18, -16, -6, 2, 8, 10, 14, 16, 18, 20, 22, 24, 34, 38, 54]
[88] sizes A=[42, 13, 119] B=[38, 83, 56] kills=[('A', 1, 14), ('A', 1, 9), ('B', 1, 49)] [0.1s]
      blk1 |S|=14 offs=[-30, -26, -24, -22, -16, -14, -12, -10, -8, -4, -2, 0, 6, 12]
      blk1 |S|=9 offs=[-30, -24, -16, -12, -8, -2, 0, 6, 12]
      blk1 |S|=49 offs=[-94, -92, -90, -88, -86, -84, -82, -80, -78, -76, -74, -72, -70, -68, -66, -64, -62, -60, -58, -56, -54, -52, -50, -48, -46, -44, -42, -40, -38, -36, -34, -32, -28, -20, -18, -6, 2, 4, 8, 10, 14, 16, 18, 20, 22, 24, 34, 38, 54]
[89] sizes A=[42, 14, 118] B=[38, 82, 57] kills=[('B', 1, 45)] [0.2s]
      blk1 |S|=45 offs=[-94, -92, -90, -88, -86, -84, -82, -80, -78, -76, -74, -72, -70, -68, -66, -64, -62, -60, -58, -56, -54, -52, -50, -48, -46, -44, -42, -40, -38, -36, -34, -32, -28, -16, -6, 2, 4, 8, 10, 14, 16, 18, 20, 22, 34]
[90] sizes A=[42, 14, 119] B=[38, 82, 56] kills=[('B', 1, 45)] [0.1s]
      blk1 |S|=45 offs=[-94, -92, -90, -88, -86, -84, -82, -80, -78, -76, -74, -72, -70, -68, -66, -64, -62, -60, -58, -56, -54, -52, -50, -48, -46, -44, -42, -40, -38, -36, -34, -32, -28, -16, -6, 2, 4, 8, 10, 14, 16, 18, 20, 22, 60]
[91] sizes A=[42, 14, 120] B=[38, 82, 55] kills=[('B', 1, 47)] [0.1s]
      blk1 |S|=47 offs=[-94, -92, -90, -88, -86, -84, -82, -80, -78, -76, -74, -72, -70, -68, -66, -64, -62, -60, -58, -56, -54, -52, -50, -48, -46, -44, -42, -40, -38, -36, -34, -32, -28, -16, -6, 2, 4, 8, 10, 14, 16, 18, 20, 22, 24, 32, 76]
[92] sizes A=[42, 14, 121] B=[38, 82, 54] kills=[('B', 1, 46)] [0.1s]
      blk1 |S|=46 offs=[-94, -92, -90, -88, -86, -84, -82, -80, -78, -76, -74, -72, -70, -68, -66, -64, -62, -60, -58, -56, -54, -52, -50, -48, -46, -44, -42, -40, -38, -36, -34, -32, -28, -16, -6, 2, 4, 8, 10, 14, 16, 18, 20, 22, 24, 76]
[93] sizes A=[42, 14, 121] B=[38, 82, 54] kills=[('B', 1, 47)] [0.2s]
      blk1 |S|=47 offs=[-94, -92, -90, -88, -86, -84, -82, -80, -78, -76, -74, -72, -70, -68, -66, -64, -62, -60, -58, -56, -54, -52, -50, -48, -46, -44, -42, -40, -38, -36, -34, -32, -28, -16, -6, 2, 4, 8, 10, 16, 18, 20, 22, 24, 30, 52, 54]
[94] sizes A=[42, 14, 121] B=[38, 82, 54] kills=[('B', 1, 31), ('B', 1, 31), ('B', 1, 32), ('B', 1, 30)] [0.4s]
      blk1 |S|=31 offs=[-94, -92, -90, -88, -84, -82, -80, -76, -74, -72, -70, -68, -66, -64, -60, -58, -56, -54, -52, -48, -44, -42, -40, -38, -36, -34, -16, 2, 4, 10, 20]
      blk1 |S|=31 offs=[-94, -92, -90, -88, -84, -82, -80, -76, -74, -72, -68, -66, -64, -60, -58, -56, -54, -52, -48, -46, -44, -42, -40, -38, -36, -34, -16, 2, 4, 10, 20]
      blk1 |S|=32 offs=[-94, -92, -90, -88, -84, -82, -80, -76, -74, -72, -70, -68, -66, -64, -60, -58, -56, -54, -52, -50, -48, -44, -42, -40, -38, -36, -34, -16, 2, 4, 10, 20]
      blk1 |S|=30 offs=[-94, -92, -90, -88, -84, -82, -80, -76, -74, -72, -70, -68, -66, -64, -60, -58, -56, -54, -52, -48, -44, -42, -40, -36, -34, -16, 2, 4, 10, 20]
[95] sizes A=[42, 13, 121] B=[38, 83, 54] kills=[('A', 1, 10), ('A', 1, 15), ('A', 1, 14), ('B', 1, 44)] [0.1s]
      blk1 |S|=10 offs=[-24, -16, -14, -8, -4, -2, 0, 6, 8, 12]
      blk1 |S|=15 offs=[-26, -24, -20, -16, -14, -12, -10, -8, -4, -2, 0, 6, 8, 12, 26]
      blk1 |S|=14 offs=[-26, -24, -20, -16, -14, -12, -10, -8, -4, -2, 0, 6, 8, 26]
      blk1 |S|=44 offs=[-94, -92, -90, -88, -86, -84, -82, -80, -78, -76, -74, -72, -70, -68, -66, -64, -62, -60, -58, -56, -54, -52, -50, -48, -46, -44, -42, -40, -38, -36, -34, -32, -30, -22, -6, 2, 4, 10, 16, 18, 20, 22, 24, 76]
[96] sizes A=[42, 12, 120] B=[38, 84, 55] kills=[('A', 1, 16), ('A', 1, 17), ('A', 1, 12), ('A', 1, 12), ('B', 1, 33)] [0.2s]
      blk1 |S|=16 offs=[-26, -24, -18, -16, -14, -12, -11, -10, -4, -2, 0, 3, 4, 6, 12, 14]
      blk1 |S|=17 offs=[-26, -24, -18, -16, -14, -12, -11, -10, -8, -4, -2, 0, 3, 4, 6, 12, 14]
      blk1 |S|=12 offs=[-24, -16, -14, -12, -10, -8, -4, -2, 0, 4, 6, 12]
      blk1 |S|=12 offs=[-24, -18, -16, -14, -12, -10, -8, -4, -2, 0, 4, 6]
      blk1 |S|=33 offs=[-94, -92, -90, -88, -86, -84, -82, -80, -78, -76, -74, -72, -70, -66, -64, -62, -58, -54, -50, -46, -44, -42, -40, -38, -34, -30, -22, -6, 2, 8, 10, 16, 24]
[97] sizes A=[42, 11, 120] B=[38, 85, 55] kills=[('A', 1, 14), ('A', 1, 7), ('B', 1, 31), ('B', 1, 27)] [0.3s]
      blk1 |S|=14 offs=[-26, -24, -18, -14, -11, -10, -8, -4, -2, 0, 3, 4, 6, 14]
      blk1 |S|=7 offs=[-14, -8, -4, -2, 0, 4, 6]
      blk1 |S|=31 offs=[-94, -92, -90, -86, -82, -80, -78, -70, -64, -62, -60, -58, -54, -50, -46, -42, -40, -38, -36, -34, -30, -22, -20, -6, 2, 10, 16, 18, 20, 22, 54]
      blk1 |S|=27 offs=[-94, -92, -86, -82, -80, -78, -70, -66, -64, -62, -60, -58, -54, -50, -46, -42, -38, -36, -30, -22, -6, 2, 10, 16, 18, 20, 22]
[98] sizes A=[42, 12, 120] B=[38, 84, 55] kills=[('A', 1, 16), ('A', 1, 15), ('A', 1, 10), ('A', 1, 14), ('B', 1, 47)] [0.2s]
      blk1 |S|=16 offs=[-30, -26, -24, -18, -14, -12, -11, -10, -8, -4, -2, 0, 3, 4, 12, 14]
      blk1 |S|=15 offs=[-26, -24, -18, -14, -12, -11, -10, -8, -4, -2, 0, 3, 4, 12, 14]
      blk1 |S|=10 offs=[-26, -14, -11, -8, -4, -2, 0, 3, 4, 14]
      blk1 |S|=14 offs=[-30, -26, -24, -18, -14, -12, -10, -8, -4, -2, 0, 4, 14, 18]
      blk1 |S|=47 offs=[-94, -92, -90, -88, -86, -84, -82, -80, -78, -76, -74, -72, -70, -68, -66, -64, -62, -60, -58, -56, -54, -52, -50, -48, -46, -44, -42, -40, -38, -36, -34, -32, -28, -22, -20, -16, -6, 2, 6, 8, 10, 16, 20, 22, 48, 50, 76]
[99] sizes A=[42, 13, 119] B=[38, 83, 56] kills=[('B', 1, 48)] [0.1s]
      blk1 |S|=48 offs=[-94, -92, -90, -88, -86, -84, -82, -80, -78, -76, -74, -72, -70, -68, -66, -64, -62, -60, -58, -56, -54, -52, -50, -48, -46, -44, -42, -40, -38, -36, -34, -32, -28, -22, -20, -6, 2, 6, 8, 10, 14, 16, 20, 22, 46, 48, 50, 76]
[100] sizes A=[42, 13, 120] B=[38, 83, 55] kills=[('B', 1, 47)] [0.2s]
      blk1 |S|=47 offs=[-94, -92, -90, -88, -86, -84, -82, -80, -78, -76, -74, -72, -70, -68, -66, -64, -62, -60, -58, -56, -54, -52, -50, -48, -46, -44, -42, -40, -38, -36, -34, -32, -28, -22, -20, -6, 2, 6, 8, 10, 14, 16, 20, 22, 48, 50, 76]
[101] sizes A=[42, 13, 121] B=[38, 83, 54] kills=[('B', 1, 46)] [0.2s]
      blk1 |S|=46 offs=[-94, -92, -90, -88, -86, -84, -82, -80, -78, -76, -74, -72, -70, -68, -66, -64, -62, -60, -58, -56, -54, -52, -50, -48, -46, -44, -42, -40, -38, -36, -34, -32, -28, -22, -20, -6, 2, 6, 8, 10, 14, 16, 20, 22, 48, 76]
[102] sizes A=[42, 13, 122] B=[38, 83, 53] kills=[('B', 1, 34)] [0.2s]
      blk1 |S|=34 offs=[-94, -92, -90, -88, -82, -76, -74, -70, -66, -64, -60, -58, -56, -54, -52, -48, -46, -44, -42, -40, -38, -36, -34, -32, -28, -22, -20, 2, 6, 8, 14, 16, 20, 22]
[103] sizes A=[42, 14, 122] B=[38, 82, 53] kills=[('A', 1, 16), ('A', 1, 17), ('A', 1, 16), ('B', 1, 30)] [0.2s]
      blk1 |S|=16 offs=[-30, -28, -26, -24, -18, -14, -12, -11, -10, -8, -4, 0, 3, 4, 12, 24]
      blk1 |S|=17 offs=[-30, -28, -26, -24, -18, -16, -14, -12, -11, -10, -8, -4, -2, 0, 3, 4, 18]
      blk1 |S|=16 offs=[-30, -28, -26, -24, -18, -16, -12, -11, -10, -8, -4, -2, 0, 3, 4, 18]
      blk1 |S|=30 offs=[-94, -92, -90, -88, -84, -82, -76, -74, -70, -66, -64, -62, -60, -58, -52, -50, -46, -44, -42, -40, -36, -34, -32, -22, 2, 6, 10, 14, 20, 22]
[104] sizes A=[42, 14, 121] B=[38, 82, 54] kills=[('A', 1, 14), ('A', 1, 13), ('A', 1, 15), ('B', 1, 31), ('B', 1, 32), ('B', 1, 16)] [0.3s]
      blk1 |S|=14 offs=[-30, -28, -26, -24, -20, -16, -14, -12, -4, -2, 0, 2, 12, 20]
      blk1 |S|=13 offs=[-30, -26, -24, -20, -16, -14, -12, -10, -4, -2, 2, 12, 20]
      blk1 |S|=15 offs=[-30, -28, -26, -24, -20, -16, -14, -12, -8, -4, -2, 0, 2, 12, 20]
      blk1 |S|=31 offs=[-94, -92, -90, -88, -86, -82, -78, -76, -74, -72, -70, -68, -66, -58, -54, -50, -44, -42, -40, -36, -34, -32, -22, -18, 4, 6, 8, 10, 14, 22, 24]
      blk1 |S|=32 offs=[-94, -92, -90, -88, -86, -84, -82, -80, -78, -76, -74, -72, -70, -68, -66, -64, -58, -54, -50, -44, -42, -40, -34, -32, -22, 4, 6, 8, 10, 14, 22, 24]
      blk1 |S|=16 offs=[-94, -92, -90, -82, -76, -74, -66, -58, -50, -42, -40, -34, -22, 8, 14, 22]
[105] sizes A=[42, 12, 119] B=[38, 84, 56] kills=[('A', 1, 15), ('A', 1, 12), ('A', 1, 14), ('B', 1, 48)] [0.2s]
      blk1 |S|=15 offs=[-30, -24, -16, -14, -12, -11, -10, -8, -4, -2, 0, 2, 3, 8, 12]
      blk1 |S|=12 offs=[-24, -14, -12, -11, -10, -8, -4, 0, 2, 3, 8, 12]
      blk1 |S|=14 offs=[-30, -24, -16, -14, -12, -10, -8, -4, -2, 0, 2, 8, 12, 20]
      blk1 |S|=48 offs=[-94, -92, -90, -88, -86, -84, -82, -80, -78, -76, -74, -72, -70, -68, -66, -64, -62, -60, -58, -56, -54, -52, -50, -48, -46, -44, -42, -40, -38, -36, -34, -32, -28, -22, -20, -18, -6, 4, 6, 10, 14, 16, 22, 24, 48, 52, 56, 76]
[106] sizes A=[42, 12, 119] B=[38, 84, 56] kills=[('A', 1, 14), ('A', 1, 15), ('A', 1, 17), ('A', 1, 14), ('B', 1, 48)] [0.2s]
      blk1 |S|=14 offs=[-26, -24, -20, -14, -12, -11, -8, -4, -2, 0, 2, 3, 12, 20]
      blk1 |S|=15 offs=[-26, -24, -20, -14, -12, -11, -10, -8, -4, -2, 0, 2, 3, 12, 20]
      blk1 |S|=17 offs=[-26, -24, -20, -14, -12, -11, -10, -8, -4, -2, 0, 2, 3, 7, 12, 14, 18]
      blk1 |S|=14 offs=[-26, -24, -20, -14, -11, -8, -4, -2, 0, 2, 7, 12, 14, 18]
      blk1 |S|=48 offs=[-94, -92, -90, -88, -86, -84, -82, -80, -78, -76, -74, -72, -70, -68, -66, -64, -62, -60, -58, -56, -54, -52, -50, -48, -46, -44, -42, -40, -38, -36, -34, -32, -28, -22, -18, -16, -6, 4, 6, 8, 10, 16, 22, 24, 46, 48, 60, 76]
[107] sizes A=[42, 13, 118] B=[38, 83, 57] kills=[('A', 1, 13), ('A', 1, 14), ('A', 1, 15), ('A', 1, 14), ('B', 1, 48)] [0.2s]
      blk1 |S|=13 offs=[-24, -20, -16, -14, -12, -11, -8, -4, -2, 0, 2, 7, 14]
      blk1 |S|=14 offs=[-24, -20, -16, -14, -12, -11, -10, -8, -4, -2, 0, 2, 7, 14]
      blk1 |S|=15 offs=[-30, -24, -20, -16, -14, -12, -11, -10, -8, -4, -2, 0, 2, 7, 14]
      blk1 |S|=14 offs=[-24, -20, -16, -14, -12, -11, -10, -8, -4, 0, 2, 3, 14, 20]
      blk1 |S|=48 offs=[-94, -92, -90, -88, -86, -84, -82, -80, -78, -76, -74, -72, -70, -68, -66, -64, -62, -60, -58, -56, -54, -52, -50, -48, -46, -44, -42, -40, -38, -36, -34, -32, -28, -22, -18, -6, 4, 6, 8, 10, 12, 16, 22, 24, 46, 48, 70, 76]
[108] sizes A=[42, 13, 118] B=[38, 83, 57] kills=[('A', 1, 17), ('A', 1, 16), ('B', 1, 22)] [0.2s]
      blk1 |S|=17 offs=[-30, -26, -24, -20, -16, -14, -12, -11, -10, -8, -4, -2, 0, 2, 3, 8, 20]
      blk1 |S|=16 offs=[-30, -24, -20, -16, -14, -12, -11, -10, -8, -4, -2, 0, 2, 3, 8, 20]
      blk1 |S|=22 offs=[-92, -88, -84, -80, -78, -76, -72, -68, -64, -60, -52, -44, -42, -36, -32, -28, -6, 4, 12, 16, 22, 72]
[109] sizes A=[42, 12, 119] B=[38, 84, 56] kills=[('A', 1, 15), ('A', 1, 13), ('A', 1, 13), ('A', 1, 9), ('B', 1, 48)] [0.2s]
      blk1 |S|=15 offs=[-24, -20, -16, -14, -12, -11, -10, -8, -4, -2, 0, 2, 7, 8, 20]
      blk1 |S|=13 offs=[-24, -20, -16, -14, -12, -11, -10, -8, -4, -2, 2, 7, 8]
      blk1 |S|=13 offs=[-24, -20, -16, -14, -12, -10, -8, -4, -2, 0, 2, 8, 20]
      blk1 |S|=9 offs=[-24, -16, -12, -8, -4, -2, 0, 2, 8]
      blk1 |S|=48 offs=[-94, -92, -90, -88, -86, -84, -82, -80, -78, -76, -74, -72, -70, -68, -66, -64, -62, -60, -58, -56, -54, -52, -50, -48, -46, -44, -42, -40, -38, -36, -34, -32, -30, -28, -22, -18, -6, 4, 6, 10, 12, 14, 16, 22, 48, 52, 54, 56]
[110] sizes A=[42, 11, 120] B=[38, 85, 55] kills=[('B', 1, 49)] [0.1s]
      blk1 |S|=49 offs=[-94, -92, -90, -88, -86, -84, -82, -80, -78, -76, -74, -72, -70, -68, -66, -64, -62, -60, -58, -56, -54, -52, -50, -48, -46, -44, -42, -40, -38, -36, -34, -32, -30, -28, -22, -18, -16, -6, 4, 6, 8, 10, 12, 16, 22, 46, 48, 56, 60]
[111] sizes A=[42, 11, 121] B=[38, 85, 54] kills=[('B', 1, 49)] [0.2s]
      blk1 |S|=49 offs=[-94, -92, -90, -88, -86, -84, -82, -80, -78, -76, -74, -72, -70, -68, -66, -64, -62, -60, -58, -56, -54, -52, -50, -48, -46, -44, -42, -40, -38, -36, -34, -32, -30, -28, -22, -18, -16, -6, 4, 6, 8, 10, 12, 16, 22, 46, 48, 54, 60]
[112] sizes A=[42, 11, 122] B=[38, 85, 53] kills=[('B', 1, 49)] [0.2s]
      blk1 |S|=49 offs=[-94, -92, -90, -88, -86, -84, -82, -80, -78, -76, -74, -72, -70, -68, -66, -64, -62, -60, -58, -56, -54, -52, -50, -48, -46, -44, -42, -40, -38, -36, -34, -32, -30, -28, -22, -18, -16, -6, 4, 6, 8, 10, 12, 16, 22, 40, 54, 60, 70]
[113] sizes A=[42, 11, 122] B=[38, 85, 53] kills=[('B', 1, 48)] [0.1s]
      blk1 |S|=48 offs=[-94, -92, -90, -88, -86, -84, -82, -80, -78, -76, -74, -72, -70, -68, -66, -64, -62, -60, -58, -56, -54, -52, -50, -48, -46, -44, -42, -40, -38, -36, -34, -32, -30, -28, -22, -18, -16, -6, 4, 6, 8, 10, 12, 16, 22, 48, 54, 60]
[114] sizes A=[42, 11, 123] B=[38, 85, 52] kills=[('B', 1, 46)] [0.2s]
      blk1 |S|=46 offs=[-94, -92, -90, -88, -86, -84, -82, -80, -78, -76, -74, -72, -70, -68, -66, -64, -62, -60, -58, -56, -54, -52, -50, -48, -46, -44, -42, -40, -38, -36, -34, -32, -30, -28, -22, -18, -16, -6, 4, 6, 8, 10, 12, 16, 22, 60]
[115] sizes A=[42, 11, 124] B=[38, 85, 51] kills=[('B', 1, 45)] [0.2s]
      blk1 |S|=45 offs=[-94, -92, -90, -88, -86, -84, -82, -80, -78, -76, -74, -72, -70, -68, -66, -64, -62, -60, -58, -56, -54, -52, -50, -48, -46, -44, -42, -40, -38, -36, -34, -32, -30, -28, -22, -18, -16, -6, 4, 6, 8, 10, 12, 16, 22]
[116] sizes A=[42, 12, 124] B=[38, 84, 51] kills=[('A', 1, 16), ('A', 1, 17), ('A', 1, 18), ('A', 1, 15), ('B', 1, 45)] [0.1s]
      blk1 |S|=16 offs=[-28, -26, -24, -20, -14, -12, -11, -10, -8, -4, -2, 0, 2, 3, 14, 20]
      blk1 |S|=17 offs=[-28, -26, -24, -20, -14, -12, -11, -10, -8, -4, -2, 0, 2, 3, 7, 14, 20]
      blk1 |S|=18 offs=[-28, -26, -24, -20, -14, -12, -11, -10, -8, -4, -2, 0, 2, 3, 7, 14, 18, 24]
      blk1 |S|=15 offs=[-28, -26, -24, -20, -14, -11, -8, -4, -2, 0, 2, 7, 14, 18, 24]
      blk1 |S|=45 offs=[-94, -92, -90, -88, -86, -84, -82, -80, -78, -76, -74, -72, -70, -68, -66, -64, -62, -60, -58, -56, -54, -52, -50, -48, -46, -44, -42, -40, -38, -36, -34, -32, -30, -22, -18, -16, -6, 4, 6, 8, 10, 12, 16, 22, 54]
[117] sizes A=[42, 12, 124] B=[38, 84, 51] kills=[('B', 1, 27)] [0.2s]
      blk1 |S|=27 offs=[-92, -88, -86, -84, -78, -76, -72, -68, -66, -64, -60, -58, -56, -54, -52, -48, -44, -42, -38, -36, -32, -28, -16, 4, 8, 16, 22]
[118] sizes A=[42, 12, 122] B=[38, 84, 53] kills=[('A', 1, 17), ('A', 1, 12), ('A', 1, 15), ('A', 1, 15), ('B', 1, 32)] [0.3s]
      blk1 |S|=17 offs=[-26, -24, -20, -14, -12, -11, -10, -8, -4, -2, 0, 2, 3, 8, 14, 18, 20]
      blk1 |S|=12 offs=[-24, -14, -12, -11, -10, -8, -4, -2, 0, 2, 3, 8]
      blk1 |S|=15 offs=[-26, -24, -14, -12, -11, -10, -8, -4, -2, 0, 2, 3, 8, 14, 18]
      blk1 |S|=15 offs=[-26, -24, -14, -12, -11, -10, -8, -4, -2, 0, 2, 7, 8, 14, 18]
      blk1 |S|=32 offs=[-92, -90, -88, -84, -80, -78, -76, -74, -72, -68, -66, -64, -62, -60, -58, -54, -52, -50, -48, -44, -42, -38, -36, -34, -32, -28, -18, -6, 4, 16, 22, 26]
[119] sizes A=[42, 13, 121] B=[38, 83, 54] kills=[('A', 1, 10), ('A', 1, 15), ('B', 1, 50)] [0.1s]
      blk1 |S|=10 offs=[-28, -20, -14, -11, -8, -2, 0, 6, 7, 14]
      blk1 |S|=15 offs=[-30, -28, -26, -24, -20, -14, -12, -11, -10, -8, -4, -2, 0, 6, 7]
      blk1 |S|=50 offs=[-94, -92, -90, -88, -86, -84, -82, -80, -78, -76, -74, -72, -70, -68, -66, -64, -62, -60, -58, -56, -54, -52, -50, -48, -46, -44, -42, -40, -38, -36, -34, -32, -22, -18, -16, -6, 2, 4, 8, 10, 12, 16, 22, 24, 26, 40, 42, 48, 52, 54]
[120] sizes A=[42, 12, 122] B=[38, 84, 53] kills=[('B', 1, 32)] [0.3s]
      blk1 |S|=32 offs=[-94, -92, -88, -86, -84, -80, -78, -76, -72, -68, -66, -64, -62, -60, -58, -56, -54, -52, -48, -46, -44, -42, -40, -38, -36, -34, -32, -28, 2, 4, 16, 22]
[121] sizes A=[42, 12, 119] B=[38, 84, 56] kills=[('B', 1, 52)] [0.2s]
      blk1 |S|=52 offs=[-94, -92, -90, -88, -86, -84, -82, -80, -78, -76, -74, -72, -70, -68, -66, -64, -62, -60, -58, -56, -54, -52, -50, -48, -46, -44, -42, -40, -38, -36, -34, -32, -22, -20, -18, -16, -6, 2, 6, 10, 12, 14, 16, 22, 24, 26, 42, 46, 48, 52, 54, 68]
[122] sizes A=[42, 12, 120] B=[38, 84, 55] kills=[('B', 1, 51)] [0.2s]
      blk1 |S|=51 offs=[-94, -92, -90, -88, -86, -84, -82, -80, -78, -76, -74, -72, -70, -68, -66, -64, -62, -60, -58, -56, -54, -52, -50, -48, -46, -44, -42, -40, -38, -36, -34, -32, -22, -20, -18, -16, -6, 2, 6, 10, 12, 14, 16, 22, 24, 26, 46, 48, 52, 54, 68]
[123] sizes A=[42, 12, 121] B=[38, 84, 54] kills=[('B', 1, 49)] [0.2s]
      blk1 |S|=49 offs=[-94, -92, -90, -88, -86, -84, -82, -80, -78, -76, -74, -72, -70, -68, -66, -64, -62, -60, -58, -56, -54, -52, -50, -48, -46, -44, -42, -40, -38, -36, -34, -32, -22, -20, -18, -16, -6, 2, 6, 10, 12, 14, 16, 22, 24, 26, 48, 52, 68]
[124] sizes A=[42, 12, 121] B=[38, 84, 54] kills=[('B', 1, 47)] [0.2s]
      blk1 |S|=47 offs=[-94, -92, -90, -88, -86, -84, -82, -80, -78, -76, -74, -72, -70, -68, -66, -64, -62, -60, -58, -56, -54, -52, -50, -48, -46, -44, -42, -40, -38, -36, -34, -32, -22, -20, -18, -16, -6, 2, 6, 10, 12, 14, 16, 22, 26, 48, 52]
[125] sizes A=[42, 12, 121] B=[38, 84, 54] kills=[('B', 1, 47)] [0.2s]
      blk1 |S|=47 offs=[-94, -92, -90, -88, -86, -84, -82, -80, -78, -76, -74, -72, -70, -68, -66, -64, -62, -60, -58, -56, -54, -52, -50, -48, -46, -44, -42, -40, -38, -36, -34, -32, -22, -20, -18, -16, -6, 2, 6, 10, 12, 14, 16, 22, 44, 48, 52]
[126] sizes A=[42, 12, 121] B=[38, 84, 54] kills=[('B', 1, 40), ('B', 1, 41), ('B', 1, 36)] [0.4s]
      blk1 |S|=40 offs=[-94, -92, -90, -88, -86, -84, -82, -80, -78, -76, -74, -70, -68, -66, -64, -62, -60, -58, -54, -50, -46, -44, -42, -40, -38, -36, -34, -32, -22, -18, -16, -6, 2, 6, 10, 12, 16, 18, 32, 80]
      blk1 |S|=41 offs=[-94, -92, -90, -88, -86, -84, -82, -80, -78, -76, -74, -72, -70, -68, -66, -64, -62, -60, -58, -54, -50, -46, -44, -42, -40, -38, -36, -34, -32, -22, -18, -16, -6, 2, 6, 10, 12, 16, 18, 32, 80]
      blk1 |S|=36 offs=[-94, -92, -90, -86, -84, -82, -80, -78, -76, -74, -72, -70, -68, -66, -64, -62, -60, -58, -54, -50, -46, -44, -42, -40, -38, -34, -32, -18, -6, 2, 6, 10, 12, 16, 18, 80]
[127] sizes A=[42, 12, 121] B=[38, 84, 54] kills=[('B', 1, 29)] [0.2s]
      blk1 |S|=29 offs=[-94, -90, -88, -86, -84, -82, -78, -76, -70, -64, -58, -54, -46, -44, -40, -38, -34, -32, -22, -18, -16, -6, 2, 6, 10, 12, 16, 18, 32]
[128] sizes A=[42, 12, 122] B=[38, 84, 53] kills=[('B', 1, 30)] [0.2s]
      blk1 |S|=30 offs=[-94, -90, -88, -84, -82, -76, -74, -70, -68, -66, -64, -62, -60, -58, -54, -52, -50, -48, -46, -44, -42, -40, -38, -34, -22, -16, 2, 12, 14, 16]
[129] sizes A=[42, 13, 119] B=[38, 83, 56] kills=[('A', 1, 15), ('A', 1, 17), ('A', 1, 16), ('A', 1, 16), ('B', 1, 47)] [0.2s]
      blk1 |S|=15 offs=[-28, -26, -24, -16, -14, -12, -11, -10, -8, -4, -2, 0, 6, 7, 24]
      blk1 |S|=17 offs=[-30, -28, -26, -24, -16, -14, -12, -11, -10, -8, -4, -2, 0, 6, 7, 14, 24]
      blk1 |S|=16 offs=[-28, -26, -24, -16, -14, -12, -11, -10, -8, -4, -2, 0, 3, 6, 7, 24]
      blk1 |S|=16 offs=[-28, -26, -24, -16, -14, -12, -11, -10, -8, -4, -2, 0, 3, 6, 11, 24]
      blk1 |S|=47 offs=[-94, -92, -90, -88, -86, -84, -82, -80, -78, -76, -74, -72, -70, -68, -66, -64, -62, -60, -58, -56, -54, -52, -50, -48, -46, -44, -42, -40, -38, -36, -34, -32, -22, -20, -18, -6, 2, 4, 8, 10, 12, 16, 18, 22, 26, 52, 78]
[130] sizes A=[42, 13, 119] B=[38, 83, 56] kills=[('A', 1, 15), ('A', 1, 15), ('A', 1, 15), ('A', 1, 17), ('B', 1, 48)] [0.1s]
      blk1 |S|=15 offs=[-28, -26, -24, -16, -14, -12, -11, -10, -8, -4, -2, 0, 6, 7, 14]
      blk1 |S|=15 offs=[-30, -28, -26, -16, -14, -12, -11, -10, -8, -4, -2, 0, 6, 7, 14]
      blk1 |S|=15 offs=[-28, -26, -16, -14, -12, -11, -10, -8, -4, -2, 0, 3, 6, 7, 14]
      blk1 |S|=17 offs=[-28, -26, -24, -16, -14, -12, -11, -10, -8, -4, -2, 0, 3, 6, 11, 14, 20]
      blk1 |S|=48 offs=[-94, -92, -90, -88, -86, -84, -82, -80, -78, -76, -74, -72, -70, -68, -66, -64, -62, -60, -58, -56, -54, -52, -50, -48, -46, -44, -42, -40, -38, -36, -34, -32, -22, -20, -18, -6, 2, 4, 8, 10, 12, 16, 18, 22, 24, 26, 52, 74]
[131] sizes A=[42, 12, 120] B=[38, 84, 55] kills=[('A', 1, 14), ('A', 1, 15), ('B', 1, 49)] [0.2s]
      blk1 |S|=14 offs=[-30, -28, -16, -14, -12, -11, -10, -8, -4, -2, 0, 6, 7, 14]
      blk1 |S|=15 offs=[-28, -24, -16, -14, -12, -11, -10, -8, -4, -2, 0, 6, 7, 11, 14]
      blk1 |S|=49 offs=[-94, -92, -90, -88, -86, -84, -82, -80, -78, -76, -74, -72, -70, -68, -66, -64, -62, -60, -58, -56, -54, -52, -50, -48, -46, -44, -42, -40, -38, -36, -34, -32, -26, -22, -20, -18, -6, 2, 8, 10, 12, 16, 18, 22, 24, 26, 40, 42, 52]
[132] sizes A=[42, 12, 122] B=[38, 84, 53] kills=[('A', 1, 12), ('A', 1, 9), ('A', 1, 11), ('A', 1, 9), ('B', 1, 48)] [0.1s]
      blk1 |S|=12 offs=[-28, -24, -14, -12, -10, -8, -4, -2, 0, 4, 14, 20]
      blk1 |S|=9 offs=[-28, -14, -8, -4, -2, 0, 4, 14, 20]
      blk1 |S|=11 offs=[-28, -24, -14, -12, -10, -8, -4, -2, 0, 4, 14]
      blk1 |S|=9 offs=[-28, -24, -14, -12, -10, -4, 0, 4, 14]
      blk1 |S|=48 offs=[-94, -92, -90, -88, -86, -84, -82, -80, -78, -76, -74, -72, -70, -68, -66, -64, -62, -60, -58, -56, -54, -52, -50, -48, -46, -44, -42, -40, -38, -36, -34, -32, -26, -22, -20, -18, -6, 2, 6, 8, 10, 12, 16, 22, 24, 32, 52, 70]
[133] sizes A=[42, 13, 122] B=[38, 83, 53] kills=[('B', 1, 47)] [0.2s]
      blk1 |S|=47 offs=[-94, -92, -90, -88, -86, -84, -82, -80, -78, -76, -74, -72, -70, -68, -66, -64, -62, -60, -58, -56, -54, -52, -50, -48, -46, -44, -42, -40, -38, -36, -34, -32, -26, -20, -18, -6, 2, 6, 8, 10, 12, 14, 16, 22, 24, 38, 52]
[134] sizes A=[42, 13, 122] B=[38, 83, 53] kills=[('B', 1, 42), ('B', 1, 40)] [0.3s]
      blk1 |S|=42 offs=[-94, -92, -90, -88, -86, -84, -80, -78, -76, -74, -72, -68, -66, -64, -62, -60, -58, -56, -54, -52, -50, -48, -46, -44, -42, -40, -38, -36, -34, -32, -26, -20, -18, -6, 2, 6, 8, 10, 14, 24, 32, 68]
      blk1 |S|=40 offs=[-94, -92, -90, -88, -86, -84, -80, -78, -74, -72, -68, -66, -64, -62, -60, -58, -56, -54, -52, -50, -48, -46, -44, -42, -40, -38, -36, -34, -32, -26, -20, -18, -6, 2, 6, 8, 10, 14, 32, 68]
[135] sizes A=[42, 13, 122] B=[38, 83, 53] kills=[('B', 1, 47)] [0.1s]
      blk1 |S|=47 offs=[-94, -92, -90, -88, -86, -84, -82, -80, -78, -76, -74, -72, -70, -68, -66, -64, -62, -60, -58, -56, -54, -52, -50, -48, -46, -44, -42, -40, -38, -36, -34, -32, -26, -20, -18, -6, 2, 6, 8, 10, 12, 14, 16, 22, 24, 52, 68]
[136] sizes A=[42, 13, 123] B=[38, 83, 52] kills=[('B', 1, 36), ('B', 1, 36)] [0.3s]
      blk1 |S|=36 offs=[-94, -92, -90, -88, -86, -84, -80, -78, -76, -74, -72, -70, -68, -66, -60, -58, -56, -54, -52, -50, -48, -46, -44, -42, -40, -36, -34, -32, -26, -20, -18, 2, 6, 8, 14, 16]
      blk1 |S|=36 offs=[-94, -92, -90, -88, -86, -84, -80, -78, -76, -74, -72, -70, -68, -66, -64, -60, -58, -56, -54, -52, -50, -48, -46, -44, -42, -40, -36, -34, -32, -26, -18, 2, 6, 8, 14, 16]
[137] sizes A=[42, 14, 122] B=[38, 82, 53] kills=[('B', 1, 39)] [0.2s]
      blk1 |S|=39 offs=[-94, -92, -90, -88, -86, -84, -82, -78, -76, -74, -72, -68, -66, -64, -62, -60, -58, -56, -54, -52, -50, -46, -44, -42, -40, -36, -34, -32, -26, -20, -6, 2, 6, 8, 10, 14, 16, 22, 60]
[138] sizes A=[42, 14, 122] B=[38, 82, 53] kills=[('B', 1, 44)] [0.1s]
      blk1 |S|=44 offs=[-94, -92, -90, -88, -86, -84, -82, -80, -78, -76, -74, -72, -70, -68, -66, -64, -62, -60, -58, -56, -54, -52, -50, -48, -46, -44, -42, -40, -38, -36, -34, -32, -26, -20, -6, 2, 6, 8, 10, 12, 14, 16, 22, 52]
[139] sizes A=[42, 15, 122] B=[38, 81, 53] kills=[('B', 1, 35), ('B', 1, 34)] [0.3s]
      blk1 |S|=35 offs=[-94, -90, -88, -86, -84, -80, -78, -76, -74, -72, -70, -68, -66, -64, -62, -60, -58, -56, -54, -52, -50, -48, -46, -44, -42, -40, -38, -36, -34, -32, -6, 2, 6, 8, 12]
      blk1 |S|=34 offs=[-94, -90, -88, -86, -80, -78, -76, -74, -72, -70, -68, -66, -64, -62, -60, -58, -56, -54, -52, -50, -48, -46, -44, -42, -40, -38, -36, -34, -32, -6, 2, 6, 8, 12]
[140] sizes A=[42, 14, 120] B=[38, 82, 55] kills=[('A', 1, 13), ('A', 1, 11), ('A', 1, 11), ('B', 1, 45)] [0.1s]
      blk1 |S|=13 offs=[-28, -24, -22, -18, -14, -11, -8, -4, 0, 3, 6, 18, 24]
      blk1 |S|=11 offs=[-28, -22, -18, -14, -11, -8, -4, 0, 3, 6, 18]
      blk1 |S|=11 offs=[-28, -24, -22, -14, -11, -8, -4, 0, 6, 11, 24]
      blk1 |S|=45 offs=[-94, -92, -90, -88, -86, -84, -82, -80, -78, -76, -74, -72, -70, -68, -66, -64, -62, -60, -58, -56, -54, -52, -50, -48, -46, -44, -42, -40, -38, -36, -34, -32, -26, -20, -6, 2, 4, 8, 10, 12, 14, 16, 22, 42, 52]
[141] sizes A=[42, 14, 119] B=[38, 82, 56] kills=[('A', 1, 16), ('A', 1, 15), ('A', 1, 14), ('B', 1, 45)] [0.2s]
      blk1 |S|=16 offs=[-28, -24, -22, -18, -16, -14, -12, -11, -10, -8, -4, -2, 0, 3, 6, 20]
      blk1 |S|=15 offs=[-30, -28, -24, -22, -18, -16, -14, -12, -11, -10, -8, -4, 0, 3, 6]
      blk1 |S|=14 offs=[-30, -28, -24, -22, -18, -16, -14, -12, -11, -8, -4, 0, 6, 11]
      blk1 |S|=45 offs=[-94, -92, -90, -88, -86, -84, -82, -80, -78, -76, -74, -72, -70, -68, -66, -64, -62, -60, -58, -56, -54, -52, -50, -48, -46, -44, -42, -40, -38, -36, -34, -32, -26, -20, -6, 2, 8, 10, 12, 14, 16, 18, 22, 24, 52]
[142] sizes A=[42, 13, 120] B=[38, 83, 55] kills=[('A', 1, 17), ('A', 1, 16), ('A', 1, 16), ('A', 1, 13), ('B', 1, 46)] [0.1s]
      blk1 |S|=17 offs=[-30, -28, -24, -22, -16, -14, -12, -11, -8, -4, -2, 0, 6, 11, 18, 20, 30]
      blk1 |S|=16 offs=[-30, -28, -24, -22, -16, -14, -12, -11, -8, -4, -2, 0, 6, 11, 18, 30]
      blk1 |S|=16 offs=[-30, -28, -24, -22, -16, -14, -12, -11, -10, -8, -4, -2, 0, 6, 11, 18]
      blk1 |S|=13 offs=[-30, -28, -22, -16, -12, -11, -10, -8, -4, -2, 0, 6, 11]
      blk1 |S|=46 offs=[-94, -92, -90, -88, -86, -84, -82, -80, -78, -76, -74, -72, -70, -68, -66, -64, -62, -60, -58, -56, -54, -52, -50, -48, -46, -44, -42, -40, -38, -36, -34, -32, -26, -20, -18, -6, 2, 4, 8, 10, 12, 14, 16, 22, 24, 52]
[143] sizes A=[42, 11, 122] B=[38, 85, 53] kills=[('A', 1, 13), ('B', 1, 48)] [0.2s]
      blk1 |S|=13 offs=[-30, -24, -20, -12, -11, -10, -8, -4, 0, 3, 4, 8, 20]
      blk1 |S|=48 offs=[-94, -92, -90, -88, -86, -84, -82, -80, -78, -76, -74, -72, -70, -68, -66, -64, -62, -60, -58, -56, -54, -52, -50, -48, -46, -44, -42, -40, -38, -36, -34, -32, -28, -26, -22, -18, -16, -6, 2, 6, 10, 12, 16, 22, 24, 32, 48, 52]
[144] sizes A=[42, 10, 123] B=[38, 86, 52] kills=[('B', 1, 37), ('B', 1, 35), ('B', 1, 30)] [0.4s]
      blk1 |S|=37 offs=[-90, -88, -86, -84, -82, -80, -78, -74, -72, -70, -66, -64, -62, -58, -56, -54, -52, -50, -48, -46, -44, -42, -40, -38, -34, -32, -26, -18, -16, -6, 2, 6, 10, 12, 16, 22, 52]
      blk1 |S|=35 offs=[-94, -90, -86, -84, -82, -80, -78, -76, -74, -72, -70, -68, -66, -64, -62, -60, -58, -56, -54, -52, -50, -46, -44, -42, -38, -34, -32, -26, -6, 2, 6, 10, 12, 16, 22]
      blk1 |S|=30 offs=[-94, -90, -86, -84, -82, -78, -74, -72, -70, -68, -66, -64, -62, -58, -54, -52, -50, -46, -44, -42, -38, -34, -32, -26, -6, 2, 6, 10, 16, 22]
[145] sizes A=[42, 12, 121] B=[38, 84, 54] kills=[('A', 1, 13), ('A', 1, 15), ('B', 1, 47)] [0.2s]
      blk1 |S|=13 offs=[-28, -24, -20, -14, -11, -8, -4, -2, 0, 2, 7, 14, 20]
      blk1 |S|=15 offs=[-28, -24, -20, -14, -12, -11, -10, -8, -4, -2, 0, 2, 3, 14, 20]
      blk1 |S|=47 offs=[-94, -92, -90, -88, -86, -84, -82, -80, -78, -76, -74, -72, -70, -68, -66, -64, -62, -60, -58, -56, -54, -52, -50, -48, -46, -44, -42, -40, -38, -36, -34, -32, -26, -18, -16, -6, 4, 6, 8, 10, 12, 16, 22, 24, 54, 70, 74]
[146] sizes A=[42, 13, 120] B=[38, 83, 55] kills=[('A', 1, 12), ('A', 1, 12), ('A', 1, 17), ('B', 1, 48)] [0.2s]
      blk1 |S|=12 offs=[-30, -28, -24, -18, -14, -11, -4, 0, 2, 3, 14, 20]
      blk1 |S|=12 offs=[-28, -24, -18, -14, -11, -8, -4, 0, 2, 3, 14, 20]
      blk1 |S|=17 offs=[-30, -28, -24, -18, -16, -14, -12, -11, -10, -8, -4, -2, 0, 2, 7, 14, 20]
      blk1 |S|=48 offs=[-94, -92, -90, -88, -86, -84, -82, -80, -78, -76, -74, -72, -70, -68, -66, -64, -62, -60, -58, -56, -54, -52, -50, -48, -46, -44, -42, -40, -38, -36, -34, -32, -26, -22, -20, -6, 4, 6, 8, 10, 12, 16, 22, 24, 48, 52, 54, 78]
[147] sizes A=[42, 12, 120] B=[38, 84, 55] kills=[('A', 1, 13), ('A', 1, 12), ('B', 1, 46)] [0.1s]
      blk1 |S|=13 offs=[-30, -24, -18, -14, -12, -11, -10, -8, -4, 0, 2, 3, 18]
      blk1 |S|=12 offs=[-24, -18, -14, -12, -11, -10, -8, -4, 0, 2, 3, 18]
      blk1 |S|=46 offs=[-94, -92, -90, -88, -86, -84, -82, -80, -78, -76, -74, -72, -70, -68, -66, -64, -62, -60, -58, -56, -54, -52, -50, -48, -46, -44, -42, -40, -38, -36, -34, -32, -28, -26, -20, -6, 4, 6, 8, 10, 12, 16, 22, 24, 46, 74]
[148] sizes A=[42, 12, 120] B=[38, 84, 55] kills=[('A', 1, 11), ('A', 1, 15), ('A', 1, 13), ('B', 1, 47)] [0.2s]
      blk1 |S|=11 offs=[-30, -16, -14, -12, -10, -8, -4, -2, 2, 12, 14]
      blk1 |S|=15 offs=[-30, -24, -18, -16, -14, -12, -11, -10, -8, -4, -2, 0, 2, 3, 12]
      blk1 |S|=13 offs=[-30, -24, -18, -14, -12, -11, -10, -8, -4, 0, 2, 3, 12]
      blk1 |S|=47 offs=[-94, -92, -90, -88, -86, -84, -82, -80, -78, -76, -74, -72, -70, -68, -66, -64, -62, -60, -58, -56, -54, -52, -50, -48, -46, -44, -42, -40, -38, -36, -34, -32, -28, -26, -22, -20, -6, 4, 6, 8, 10, 16, 18, 22, 24, 48, 74]
[149] sizes A=[42, 11, 121] B=[38, 85, 54] kills=[('A', 1, 12), ('A', 1, 14), ('A', 1, 13), ('B', 1, 49)] [0.1s]
      blk1 |S|=12 offs=[-24, -18, -14, -12, -11, -10, -8, -4, 0, 2, 3, 12]
      blk1 |S|=14 offs=[-24, -18, -16, -14, -12, -11, -10, -8, -4, -2, 0, 2, 3, 12]
      blk1 |S|=13 offs=[-24, -18, -16, -14, -12, -11, -10, -8, -2, 0, 2, 7, 12]
      blk1 |S|=49 offs=[-94, -92, -90, -88, -86, -84, -82, -80, -78, -76, -74, -72, -70, -68, -66, -64, -62, -60, -58, -56, -54, -52, -50, -48, -46, -44, -42, -40, -38, -36, -34, -32, -30, -28, -26, -22, -20, -6, 4, 6, 8, 10, 16, 18, 22, 24, 46, 48, 70]
[150] sizes A=[42, 11, 121] B=[38, 85, 54] kills=[('A', 1, 13), ('A', 1, 12), ('B', 1, 48)] [0.2s]
      blk1 |S|=13 offs=[-24, -18, -16, -14, -12, -11, -10, -8, -4, 0, 2, 3, 14]
      blk1 |S|=12 offs=[-24, -18, -14, -12, -11, -10, -8, -4, 0, 2, 3, 14]
      blk1 |S|=48 offs=[-94, -92, -90, -88, -86, -84, -82, -80, -78, -76, -74, -72, -70, -68, -66, -64, -62, -60, -58, -56, -54, -52, -50, -48, -46, -44, -42, -40, -38, -36, -34, -32, -30, -28, -26, -22, -20, -6, 4, 6, 8, 10, 12, 16, 18, 22, 24, 28]
[151] sizes A=[42, 10, 122] B=[38, 86, 53] kills=[('A', 1, 13), ('A', 1, 14), ('B', 1, 47)] [0.2s]
      blk1 |S|=13 offs=[-24, -16, -14, -12, -11, -10, -8, -4, 0, 2, 3, 6, 11]
      blk1 |S|=14 offs=[-24, -16, -14, -12, -11, -10, -8, -4, -2, 0, 2, 6, 7, 11]
      blk1 |S|=47 offs=[-94, -92, -90, -88, -86, -84, -82, -80, -78, -76, -74, -72, -70, -68, -66, -64, -62, -60, -58, -56, -54, -52, -50, -48, -46, -44, -42, -40, -38, -36, -34, -32, -28, -26, -22, -20, -18, -6, 4, 8, 10, 12, 16, 18, 22, 24, 28]
[152] sizes A=[42, 13, 122] B=[38, 83, 53] kills=[('A', 1, 12), ('A', 1, 14), ('A', 1, 11), ('A', 1, 13), ('B', 1, 45)] [0.2s]
      blk1 |S|=12 offs=[-24, -22, -18, -16, -12, -11, -10, -8, -4, 0, 2, 3]
      blk1 |S|=14 offs=[-24, -22, -18, -16, -14, -12, -11, -10, -8, -4, -2, 0, 2, 3]
      blk1 |S|=11 offs=[-24, -22, -18, -14, -12, -11, -10, -8, -4, 2, 3]
      blk1 |S|=13 offs=[-30, -24, -22, -18, -16, -14, -12, -11, -10, -8, -4, 2, 3]
      blk1 |S|=45 offs=[-94, -92, -90, -88, -86, -84, -82, -80, -78, -76, -74, -72, -70, -68, -66, -64, -62, -60, -58, -56, -54, -52, -50, -48, -46, -44, -42, -40, -38, -36, -34, -32, -28, -26, -20, -6, 4, 6, 8, 10, 12, 14, 16, 18, 22]
[153] sizes A=[42, 13, 120] B=[38, 83, 55] kills=[('A', 1, 10), ('A', 1, 12), ('A', 1, 16), ('A', 1, 10), ('B', 1, 47)] [0.2s]
      blk1 |S|=10 offs=[-24, -20, -14, -11, -8, -4, -2, 2, 6, 7]
      blk1 |S|=12 offs=[-24, -22, -14, -12, -11, -10, -8, -4, -2, 2, 6, 7]
      blk1 |S|=16 offs=[-30, -28, -24, -22, -20, -14, -12, -11, -10, -8, -4, -2, 0, 2, 6, 7]
      blk1 |S|=10 offs=[-24, -22, -14, -11, -8, -4, 0, 2, 6, 11]
      blk1 |S|=47 offs=[-94, -92, -90, -88, -86, -84, -82, -80, -78, -76, -74, -72, -70, -68, -66, -64, -62, -60, -58, -56, -54, -52, -50, -48, -46, -44, -42, -40, -38, -36, -34, -32, -26, -18, -16, -6, 4, 8, 10, 12, 14, 16, 18, 20, 22, 24, 74]
[154] sizes A=[42, 12, 118] B=[38, 84, 57] kills=[('A', 1, 12), ('A', 1, 7), ('B', 1, 51)] [0.1s]
      blk1 |S|=12 offs=[-30, -28, -20, -16, -14, -12, -10, -8, -4, 6, 8, 12]
      blk1 |S|=7 offs=[-28, -16, -8, -4, 0, 8, 12]
      blk1 |S|=51 offs=[-94, -92, -90, -88, -86, -84, -82, -80, -78, -76, -74, -72, -70, -68, -66, -64, -62, -60, -58, -56, -54, -52, -50, -48, -46, -44, -42, -40, -38, -36, -34, -32, -26, -24, -22, -18, -6, 2, 4, 10, 14, 16, 18, 20, 22, 24, 46, 48, 68, 74, 76]
[155] sizes A=[42, 14, 116] B=[38, 82, 59] kills=[('B', 1, 48)] [0.1s]
      blk1 |S|=48 offs=[-94, -92, -90, -88, -86, -84, -82, -80, -78, -76, -74, -72, -70, -68, -66, -64, -62, -60, -58, -56, -54, -52, -50, -48, -46, -44, -42, -40, -38, -36, -34, -32, -24, -20, -6, 2, 6, 8, 10, 14, 16, 20, 22, 24, 46, 52, 54, 80]
[156] sizes A=[42, 14, 117] B=[38, 82, 58] kills=[('B', 1, 46)] [0.2s]
      blk1 |S|=46 offs=[-94, -92, -90, -88, -86, -84, -82, -80, -78, -76, -74, -72, -70, -68, -66, -64, -62, -60, -58, -56, -54, -52, -50, -48, -46, -44, -42, -40, -38, -36, -34, -32, -24, -20, -6, 2, 6, 8, 10, 14, 16, 20, 22, 24, 52, 80]
[157] sizes A=[42, 14, 118] B=[38, 82, 57] kills=[('B', 1, 28), ('B', 1, 29), ('B', 1, 32)] [0.3s]
      blk1 |S|=28 offs=[-94, -92, -90, -84, -82, -78, -76, -74, -72, -70, -66, -62, -58, -54, -50, -42, -40, -36, -34, -32, -6, 2, 6, 8, 14, 16, 22, 64]
      blk1 |S|=29 offs=[-94, -92, -90, -86, -84, -82, -78, -76, -74, -72, -70, -66, -62, -58, -54, -50, -42, -40, -36, -34, -32, -6, 2, 6, 8, 14, 16, 22, 64]
      blk1 |S|=32 offs=[-94, -92, -90, -86, -84, -82, -80, -78, -76, -74, -72, -70, -68, -66, -62, -60, -58, -56, -54, -50, -42, -40, -36, -34, -32, -6, 2, 6, 8, 14, 16, 22]
[158] sizes A=[42, 13, 118] B=[38, 83, 57] kills=[('A', 1, 13), ('A', 1, 17), ('A', 1, 18), ('B', 1, 50)] [0.1s]
      blk1 |S|=13 offs=[-30, -26, -22, -18, -14, -11, -4, -2, 0, 3, 4, 8, 18]
      blk1 |S|=17 offs=[-30, -28, -26, -22, -18, -14, -12, -11, -10, -8, -4, -2, 0, 3, 4, 8, 18]
      blk1 |S|=18 offs=[-30, -28, -26, -22, -18, -14, -12, -11, -10, -8, -4, -2, 0, 3, 4, 8, 11, 18]
      blk1 |S|=50 offs=[-94, -92, -90, -88, -86, -84, -82, -80, -78, -76, -74, -72, -70, -68, -66, -64, -62, -60, -58, -56, -54, -52, -50, -48, -46, -44, -42, -40, -38, -36, -34, -32, -24, -20, -16, -6, 2, 6, 10, 12, 14, 16, 22, 26, 46, 48, 52, 54, 74, 76]
[159] sizes A=[42, 13, 118] B=[38, 83, 57] kills=[('B', 1, 50)] [0.1s]
      blk1 |S|=50 offs=[-94, -92, -90, -88, -86, -84, -82, -80, -78, -76, -74, -72, -70, -68, -66, -64, -62, -60, -58, -56, -54, -52, -50, -48, -46, -44, -42, -40, -38, -36, -34, -32, -24, -20, -16, -6, 2, 6, 10, 12, 14, 16, 18, 22, 26, 46, 48, 52, 54, 76]
[160] sizes A=[42, 13, 119] B=[38, 83, 56] kills=[('B', 1, 29), ('B', 1, 30)] [0.3s]
      blk1 |S|=29 offs=[-94, -90, -88, -86, -84, -82, -78, -74, -70, -68, -66, -62, -58, -56, -54, -50, -46, -44, -42, -38, -34, -32, -6, 2, 6, 10, 14, 16, 26]
      blk1 |S|=30 offs=[-94, -90, -88, -86, -84, -82, -80, -78, -76, -74, -70, -68, -66, -62, -58, -54, -50, -46, -44, -42, -38, -34, -32, -6, 2, 6, 10, 14, 16, 26]
[161] sizes A=[42, 13, 120] B=[38, 83, 55] kills=[('B', 1, 47)] [0.1s]
      blk1 |S|=47 offs=[-94, -92, -90, -88, -86, -84, -82, -80, -78, -76, -74, -72, -70, -68, -66, -64, -62, -60, -58, -56, -54, -52, -50, -48, -46, -44, -42, -40, -38, -36, -34, -32, -24, -20, -16, -6, 2, 6, 10, 12, 14, 16, 18, 22, 46, 52, 80]
[162] sizes A=[42, 13, 120] B=[38, 83, 55] kills=[('B', 1, 46)] [0.1s]
      blk1 |S|=46 offs=[-94, -92, -90, -88, -86, -84, -82, -80, -78, -76, -74, -72, -70, -68, -66, -64, -62, -60, -58, -56, -54, -52, -50, -48, -46, -44, -42, -40, -38, -36, -34, -32, -24, -20, -16, -6, 2, 6, 10, 12, 14, 16, 18, 22, 52, 80]
[163] sizes A=[42, 13, 120] B=[38, 83, 55] kills=[('B', 1, 46)] [0.2s]
      blk1 |S|=46 offs=[-94, -92, -90, -88, -86, -84, -82, -80, -78, -76, -74, -72, -70, -68, -66, -64, -62, -60, -58, -56, -54, -52, -50, -48, -46, -44, -42, -40, -38, -36, -34, -32, -24, -20, -16, -6, 2, 6, 10, 12, 14, 16, 18, 22, 44, 68]
[164] sizes A=[42, 12, 120] B=[38, 84, 55] kills=[('A', 1, 16), ('A', 1, 15), ('A', 1, 15), ('A', 1, 13), ('B', 1, 49)] [0.2s]
      blk1 |S|=16 offs=[-30, -28, -26, -22, -14, -12, -11, -10, -8, -2, 0, 4, 7, 8, 18, 26]
      blk1 |S|=15 offs=[-30, -28, -26, -22, -14, -12, -11, -10, -8, -2, 0, 4, 8, 11, 18]
      blk1 |S|=15 offs=[-30, -26, -22, -14, -12, -11, -10, -8, -4, -2, 0, 3, 4, 8, 18]
      blk1 |S|=13 offs=[-30, -26, -22, -14, -11, -8, -4, -2, 0, 3, 4, 8, 18]
      blk1 |S|=49 offs=[-94, -92, -90, -88, -86, -84, -82, -80, -78, -76, -74, -72, -70, -68, -66, -64, -62, -60, -58, -56, -54, -52, -50, -48, -46, -44, -42, -40, -38, -36, -34, -32, -24, -20, -18, -16, -6, 2, 6, 10, 12, 14, 16, 22, 44, 46, 48, 52, 68]
[165] sizes A=[42, 11, 120] B=[38, 85, 55] kills=[('B', 1, 49)] [0.2s]
      blk1 |S|=49 offs=[-94, -92, -90, -88, -86, -84, -82, -80, -78, -76, -74, -72, -70, -68, -66, -64, -62, -60, -58, -56, -54, -52, -50, -48, -46, -44, -42, -40, -38, -36, -34, -32, -28, -24, -20, -18, -16, -6, 2, 6, 10, 12, 14, 16, 18, 22, 46, 48, 68]
[166] sizes A=[42, 11, 121] B=[38, 85, 54] kills=[('B', 1, 48)] [0.1s]
      blk1 |S|=48 offs=[-94, -92, -90, -88, -86, -84, -82, -80, -78, -76, -74, -72, -70, -68, -66, -64, -62, -60, -58, -56, -54, -52, -50, -48, -46, -44, -42, -40, -38, -36, -34, -32, -28, -24, -20, -18, -16, -6, 2, 6, 10, 12, 14, 16, 18, 22, 52, 68]
[167] sizes A=[42, 12, 121] B=[38, 84, 54] kills=[('B', 1, 49)] [0.2s]
      blk1 |S|=49 offs=[-94, -92, -90, -88, -86, -84, -82, -80, -78, -76, -74, -72, -70, -68, -66, -64, -62, -60, -58, -56, -54, -52, -50, -48, -46, -44, -42, -40, -38, -36, -34, -32, -28, -24, -20, -16, -6, 2, 6, 10, 12, 14, 16, 18, 22, 52, 64, 66, 68]
[168] sizes A=[42, 12, 122] B=[38, 84, 53] kills=[('B', 1, 48)] [0.1s]
      blk1 |S|=48 offs=[-94, -92, -90, -88, -86, -84, -82, -80, -78, -76, -74, -72, -70, -68, -66, -64, -62, -60, -58, -56, -54, -52, -50, -48, -46, -44, -42, -40, -38, -36, -34, -32, -28, -24, -20, -16, -6, 2, 6, 10, 12, 14, 16, 18, 22, 52, 64, 68]
[169] sizes A=[42, 12, 123] B=[38, 84, 52] kills=[('B', 1, 47)] [0.2s]
      blk1 |S|=47 offs=[-94, -92, -90, -88, -86, -84, -82, -80, -78, -76, -74, -72, -70, -68, -66, -64, -62, -60, -58, -56, -54, -52, -50, -48, -46, -44, -42, -40, -38, -36, -34, -32, -28, -24, -20, -16, -6, 2, 6, 10, 12, 14, 16, 18, 22, 52, 64]
[170] sizes A=[42, 12, 121] B=[38, 84, 54] kills=[('B', 1, 36), ('B', 1, 29)] [0.3s]
      blk1 |S|=36 offs=[-94, -92, -90, -88, -84, -82, -80, -76, -74, -72, -70, -68, -66, -64, -62, -60, -58, -56, -54, -52, -50, -48, -46, -44, -42, -40, -38, -36, -34, -32, -24, -20, 2, 4, 18, 22]
      blk1 |S|=29 offs=[-94, -92, -90, -88, -82, -80, -78, -76, -74, -72, -70, -66, -64, -62, -58, -54, -52, -50, -44, -42, -40, -38, -36, -34, -24, 2, 4, 18, 22]
[171] sizes A=[42, 12, 121] B=[38, 84, 54] kills=[('B', 1, 48)] [0.2s]
      blk1 |S|=48 offs=[-94, -92, -90, -88, -86, -84, -82, -80, -78, -76, -74, -72, -70, -68, -66, -64, -62, -60, -58, -56, -54, -52, -50, -48, -46, -44, -42, -40, -38, -36, -34, -32, -24, -22, -20, -16, -6, 2, 4, 10, 14, 16, 22, 26, 48, 54, 74, 78]
[172] sizes A=[42, 12, 122] B=[38, 84, 53] kills=[('B', 1, 49)] [0.1s]
      blk1 |S|=49 offs=[-94, -92, -90, -88, -86, -84, -82, -80, -78, -76, -74, -72, -70, -68, -66, -64, -62, -60, -58, -56, -54, -52, -50, -48, -46, -44, -42, -40, -38, -36, -34, -32, -24, -22, -20, -16, -6, 2, 4, 10, 14, 16, 22, 26, 40, 42, 48, 60, 64]
[173] sizes A=[42, 12, 122] B=[38, 84, 53] kills=[('B', 1, 36), ('B', 1, 26)] [0.2s]
      blk1 |S|=36 offs=[-94, -92, -90, -88, -84, -82, -76, -74, -72, -70, -68, -66, -64, -62, -60, -58, -56, -54, -52, -50, -48, -46, -44, -42, -40, -36, -34, -32, -24, -22, -16, 2, 4, 10, 14, 16]
      blk1 |S|=26 offs=[-94, -92, -88, -84, -82, -74, -72, -64, -62, -60, -56, -54, -52, -48, -44, -42, -40, -36, -34, -32, -24, -16, 4, 14, 16, 22]
[174] sizes A=[42, 12, 122] B=[38, 84, 53] kills=[('B', 1, 50)] [0.2s]
      blk1 |S|=50 offs=[-94, -92, -90, -88, -86, -84, -82, -80, -78, -76, -74, -72, -70, -68, -66, -64, -62, -60, -58, -56, -54, -52, -50, -48, -46, -44, -42, -40, -38, -36, -34, -32, -24, -22, -20, -16, -6, 2, 4, 10, 12, 16, 22, 24, 26, 42, 46, 48, 52, 54]
[175] sizes A=[42, 12, 123] B=[38, 84, 52] kills=[('B', 1, 47)] [0.1s]
      blk1 |S|=47 offs=[-94, -92, -90, -88, -86, -84, -82, -80, -78, -76, -74, -72, -70, -68, -66, -64, -62, -60, -58, -56, -54, -52, -50, -48, -46, -44, -42, -40, -38, -36, -34, -32, -24, -22, -20, -16, -6, 2, 4, 10, 12, 16, 22, 26, 42, 46, 48]
[176] sizes A=[42, 12, 122] B=[38, 84, 53] kills=[('B', 1, 48)] [0.2s]
      blk1 |S|=48 offs=[-94, -92, -90, -88, -86, -84, -82, -80, -78, -76, -74, -72, -70, -68, -66, -64, -62, -60, -58, -56, -54, -52, -50, -48, -46, -44, -42, -40, -38, -36, -34, -32, -24, -22, -20, -16, -6, 2, 4, 10, 12, 16, 22, 26, 46, 48, 74, 78]
[177] sizes A=[42, 12, 122] B=[38, 84, 53] kills=[('B', 1, 48)] [0.2s]
      blk1 |S|=48 offs=[-94, -92, -90, -88, -86, -84, -82, -80, -78, -76, -74, -72, -70, -68, -66, -64, -62, -60, -58, -56, -54, -52, -50, -48, -46, -44, -42, -40, -38, -36, -34, -32, -24, -22, -20, -16, -6, 2, 4, 10, 12, 16, 22, 24, 26, 46, 48, 54]
[178] sizes A=[42, 12, 122] B=[38, 84, 53] kills=[('B', 1, 49)] [0.2s]
      blk1 |S|=49 offs=[-94, -92, -90, -88, -86, -84, -82, -80, -78, -76, -74, -72, -70, -68, -66, -64, -62, -60, -58, -56, -54, -52, -50, -48, -46, -44, -42, -40, -38, -36, -34, -32, -24, -22, -20, -16, -6, 2, 4, 10, 12, 16, 22, 24, 44, 46, 48, 52, 54]
[179] sizes A=[42, 12, 123] B=[38, 84, 52] kills=[('B', 1, 49)] [0.1s]
      blk1 |S|=49 offs=[-94, -92, -90, -88, -86, -84, -82, -80, -78, -76, -74, -72, -70, -68, -66, -64, -62, -60, -58, -56, -54, -52, -50, -48, -46, -44, -42, -40, -38, -36, -34, -32, -24, -22, -20, -16, -6, 2, 4, 10, 12, 16, 22, 40, 42, 44, 46, 48, 52]
[180] sizes A=[42, 11, 123] B=[38, 85, 52] kills=[('B', 1, 50)] [0.2s]
      blk1 |S|=50 offs=[-94, -92, -90, -88, -86, -84, -82, -80, -78, -76, -74, -72, -70, -68, -66, -64, -62, -60, -58, -56, -54, -52, -50, -48, -46, -44, -42, -40, -38, -36, -34, -32, -24, -22, -20, -18, -16, -6, 2, 4, 10, 12, 16, 22, 24, 44, 46, 48, 52, 74]
[181] sizes A=[42, 11, 123] B=[38, 85, 52] kills=[('B', 1, 50)] [0.2s]
      blk1 |S|=50 offs=[-94, -92, -90, -88, -86, -84, -82, -80, -78, -76, -74, -72, -70, -68, -66, -64, -62, -60, -58, -56, -54, -52, -50, -48, -46, -44, -42, -40, -38, -36, -34, -32, -24, -22, -20, -18, -16, -6, 2, 4, 10, 12, 16, 22, 24, 26, 46, 48, 52, 70]
[182] sizes A=[42, 11, 123] B=[38, 85, 52] kills=[('B', 1, 28), ('B', 1, 35), ('B', 1, 33)] [0.4s]
      blk1 |S|=28 offs=[-94, -92, -88, -86, -82, -78, -70, -68, -62, -58, -54, -52, -48, -46, -44, -42, -40, -38, -36, -34, -30, -24, -22, 2, 4, 12, 22, 46]
      blk1 |S|=35 offs=[-94, -92, -88, -86, -84, -82, -80, -78, -76, -74, -72, -70, -68, -66, -62, -58, -56, -54, -52, -48, -46, -44, -42, -40, -38, -36, -34, -30, -24, -22, 2, 4, 12, 22, 46]
      blk1 |S|=33 offs=[-94, -92, -90, -88, -86, -82, -80, -78, -76, -74, -70, -68, -62, -60, -58, -54, -52, -48, -46, -44, -42, -40, -38, -36, -34, -30, -24, -22, 2, 4, 12, 22, 46]
[183] sizes A=[42, 11, 123] B=[38, 85, 52] kills=[('B', 1, 44)] [0.1s]
      blk1 |S|=44 offs=[-94, -92, -90, -88, -86, -84, -82, -80, -78, -76, -74, -72, -70, -68, -66, -64, -62, -60, -58, -56, -54, -52, -50, -48, -46, -44, -42, -40, -38, -36, -34, -32, -30, -22, -20, -6, 2, 4, 10, 12, 16, 22, 30, 48]
[184] sizes A=[42, 11, 123] B=[38, 85, 52] kills=[('B', 1, 34), ('B', 1, 30), ('B', 1, 34)] [0.4s]
      blk1 |S|=34 offs=[-94, -92, -90, -88, -86, -84, -82, -80, -78, -74, -70, -66, -64, -62, -60, -58, -54, -50, -46, -44, -42, -40, -38, -36, -34, -30, -22, -6, 2, 4, 10, 12, 16, 22]
      blk1 |S|=30 offs=[-94, -92, -90, -88, -86, -82, -78, -74, -70, -66, -64, -62, -58, -54, -50, -46, -44, -42, -38, -36, -34, -30, -22, -6, 2, 4, 10, 12, 16, 22]
      blk1 |S|=34 offs=[-94, -92, -90, -88, -86, -84, -82, -80, -78, -74, -70, -66, -62, -60, -58, -54, -50, -46, -44, -42, -40, -38, -36, -34, -32, -30, -22, -6, 2, 4, 10, 12, 16, 22]
[185] sizes A=[42, 12, 120] B=[38, 84, 55] kills=[('A', 1, 13), ('A', 1, 15), ('A', 1, 15), ('A', 1, 16), ('B', 1, 49)] [0.1s]
      blk1 |S|=13 offs=[-30, -28, -18, -16, -12, -10, -8, -4, -2, 0, 6, 8, 18]
      blk1 |S|=15 offs=[-30, -28, -18, -16, -14, -12, -10, -8, -4, -2, 0, 6, 8, 18, 30]
      blk1 |S|=15 offs=[-28, -18, -16, -14, -12, -11, -10, -8, -4, -2, 0, 3, 6, 8, 18]
      blk1 |S|=16 offs=[-30, -28, -18, -16, -14, -12, -11, -10, -8, -4, -2, 0, 3, 6, 8, 18]
      blk1 |S|=49 offs=[-94, -92, -90, -88, -86, -84, -82, -80, -78, -76, -74, -72, -70, -68, -66, -64, -62, -60, -58, -56, -54, -52, -50, -48, -46, -44, -42, -40, -38, -36, -34, -32, -26, -24, -22, -20, -6, 2, 4, 10, 12, 14, 16, 22, 26, 46, 48, 74, 78]
[186] sizes A=[42, 11, 120] B=[38, 85, 55] kills=[('A', 1, 12), ('A', 1, 14), ('B', 1, 53)] [0.2s]
      blk1 |S|=12 offs=[-28, -16, -14, -12, -11, -10, -8, -4, 0, 3, 6, 8]
      blk1 |S|=14 offs=[-30, -28, -16, -14, -12, -11, -10, -8, -4, -2, 0, 3, 8, 11]
      blk1 |S|=53 offs=[-94, -92, -90, -88, -86, -84, -82, -80, -78, -76, -74, -72, -70, -68, -66, -64, -62, -60, -58, -56, -54, -52, -50, -48, -46, -44, -42, -40, -38, -36, -34, -32, -26, -24, -22, -20, -18, -6, 2, 4, 10, 12, 14, 16, 22, 24, 26, 46, 48, 52, 54, 56, 74]
[187] sizes A=[42, 11, 118] B=[38, 85, 57] kills=[('A', 1, 14), ('A', 1, 12), ('A', 1, 10), ('B', 1, 53)] [0.2s]
      blk1 |S|=14 offs=[-28, -22, -16, -14, -12, -11, -10, -8, -4, -2, 0, 2, 6, 11]
      blk1 |S|=12 offs=[-28, -22, -16, -14, -12, -11, -8, -4, -2, 0, 6, 11]
      blk1 |S|=10 offs=[-28, -22, -16, -11, -10, -4, 0, 2, 6, 11]
      blk1 |S|=53 offs=[-94, -92, -90, -88, -86, -84, -82, -80, -78, -76, -74, -72, -70, -68, -66, -64, -62, -60, -58, -56, -54, -52, -50, -48, -46, -44, -42, -40, -38, -36, -34, -32, -30, -26, -24, -20, -18, -6, 4, 8, 10, 12, 14, 16, 22, 24, 26, 38, 46, 48, 52, 54, 56]
[188] sizes A=[42, 10, 119] B=[38, 86, 56] kills=[('B', 1, 52)] [0.2s]
      blk1 |S|=52 offs=[-94, -92, -90, -88, -86, -84, -82, -80, -78, -76, -74, -72, -70, -68, -66, -64, -62, -60, -58, -56, -54, -52, -50, -48, -46, -44, -42, -40, -38, -36, -34, -32, -30, -28, -26, -24, -20, -18, -6, 4, 8, 10, 12, 14, 16, 22, 24, 38, 46, 52, 54, 56]
[189] sizes A=[42, 10, 120] B=[38, 86, 55] kills=[('B', 1, 51)] [0.2s]
      blk1 |S|=51 offs=[-94, -92, -90, -88, -86, -84, -82, -80, -78, -76, -74, -72, -70, -68, -66, -64, -62, -60, -58, -56, -54, -52, -50, -48, -46, -44, -42, -40, -38, -36, -34, -32, -30, -28, -26, -24, -20, -18, -6, 4, 8, 10, 12, 14, 16, 22, 24, 38, 46, 52, 54]
[190] sizes A=[42, 10, 120] B=[38, 86, 55] kills=[('B', 1, 48)] [0.2s]
      blk1 |S|=48 offs=[-94, -92, -90, -88, -86, -84, -82, -80, -78, -76, -74, -72, -70, -68, -66, -64, -62, -60, -58, -56, -54, -52, -50, -48, -46, -44, -42, -40, -38, -36, -34, -32, -30, -28, -26, -24, -20, -6, 4, 8, 10, 12, 14, 16, 22, 24, 46, 74]
[191] sizes A=[42, 11, 120] B=[38, 85, 55] kills=[('B', 1, 48)] [0.2s]
      blk1 |S|=48 offs=[-94, -92, -90, -88, -86, -84, -82, -80, -78, -76, -74, -72, -70, -68, -66, -64, -62, -60, -58, -56, -54, -52, -50, -48, -46, -44, -42, -40, -38, -36, -34, -32, -30, -28, -24, -20, -18, -6, 4, 8, 10, 12, 14, 16, 22, 24, 46, 74]
[192] sizes A=[42, 11, 121] B=[38, 85, 54] kills=[('B', 1, 47)] [0.2s]
      blk1 |S|=47 offs=[-94, -92, -90, -88, -86, -84, -82, -80, -78, -76, -74, -72, -70, -68, -66, -64, -62, -60, -58, -56, -54, -52, -50, -48, -46, -44, -42, -40, -38, -36, -34, -32, -30, -28, -24, -20, -18, -6, 4, 8, 10, 12, 14, 16, 22, 46, 74]
[193] sizes A=[42, 11, 122] B=[38, 85, 53] kills=[('B', 1, 46)] [0.2s]
      blk1 |S|=46 offs=[-94, -92, -90, -88, -86, -84, -82, -80, -78, -76, -74, -72, -70, -68, -66, -64, -62, -60, -58, -56, -54, -52, -50, -48, -46, -44, -42, -40, -38, -36, -34, -32, -30, -28, -24, -20, -18, -6, 4, 8, 10, 12, 14, 16, 22, 46]
[194] sizes A=[42, 12, 122] B=[38, 84, 53] kills=[('B', 1, 46)] [0.1s]
      blk1 |S|=46 offs=[-94, -92, -90, -88, -86, -84, -82, -80, -78, -76, -74, -72, -70, -68, -66, -64, -62, -60, -58, -56, -54, -52, -50, -48, -46, -44, -42, -40, -38, -36, -34, -32, -30, -28, -24, -20, -6, 4, 8, 10, 12, 14, 16, 22, 46, 70]
[195] sizes A=[42, 12, 123] B=[38, 84, 52] kills=[('B', 1, 45)] [0.2s]
      blk1 |S|=45 offs=[-94, -92, -90, -88, -86, -84, -82, -80, -78, -76, -74, -72, -70, -68, -66, -64, -62, -60, -58, -56, -54, -52, -50, -48, -46, -44, -42, -40, -38, -36, -34, -32, -30, -28, -24, -20, -6, 4, 8, 10, 12, 14, 16, 22, 46]
[196] sizes A=[42, 12, 124] B=[38, 84, 51] kills=[('B', 1, 44)] [0.2s]
      blk1 |S|=44 offs=[-94, -92, -90, -88, -86, -84, -82, -80, -78, -76, -74, -72, -70, -68, -66, -64, -62, -60, -58, -56, -54, -52, -50, -48, -46, -44, -42, -40, -38, -36, -34, -32, -30, -28, -24, -20, -6, 4, 8, 10, 12, 14, 16, 22]
[197] sizes A=[42, 13, 124] B=[38, 83, 51] kills=[('B', 1, 43)] [0.1s]
      blk1 |S|=43 offs=[-94, -92, -90, -88, -86, -84, -82, -80, -78, -76, -74, -72, -70, -68, -66, -64, -62, -60, -58, -56, -54, -52, -50, -48, -46, -44, -42, -40, -38, -36, -34, -32, -30, -28, -24, -6, 4, 8, 10, 12, 14, 16, 22]
[198] sizes A=[42, 13, 122] B=[38, 83, 53] kills=[('A', 1, 14), ('A', 1, 12), ('A', 1, 13), ('B', 1, 43)] [0.2s]
      blk1 |S|=14 offs=[-26, -22, -18, -16, -14, -12, -10, -8, -4, -2, 0, 2, 6, 12]
      blk1 |S|=12 offs=[-26, -22, -18, -16, -14, -12, -10, -8, -2, 0, 2, 12]
      blk1 |S|=13 offs=[-26, -22, -18, -16, -14, -12, -10, -8, -2, 0, 2, 6, 12]
      blk1 |S|=43 offs=[-94, -92, -90, -88, -86, -84, -82, -80, -78, -76, -74, -72, -70, -68, -66, -64, -62, -60, -58, -56, -54, -52, -50, -48, -46, -44, -42, -40, -38, -36, -34, -32, -30, -28, -24, -6, 4, 8, 10, 14, 16, 22, 76]
[199] sizes A=[42, 12, 123] B=[38, 84, 52] kills=[('A', 1, 14), ('A', 1, 12), ('B', 1, 44)] [0.2s]
      blk1 |S|=14 offs=[-22, -20, -18, -16, -14, -12, -10, -8, -4, -2, 0, 2, 6, 12]
      blk1 |S|=12 offs=[-22, -18, -16, -14, -12, -10, -8, -4, -2, 0, 2, 12]
      blk1 |S|=44 offs=[-94, -92, -90, -88, -86, -84, -82, -80, -78, -76, -74, -72, -70, -68, -66, -64, -62, -60, -58, -56, -54, -52, -50, -48, -46, -44, -42, -40, -38, -36, -34, -32, -30, -28, -26, -24, -6, 4, 8, 10, 14, 16, 22, 28]
[200] sizes A=[42, 12, 123] B=[38, 84, 52] kills=[('A', 1, 14), ('A', 1, 13), ('B', 1, 46)] [0.2s]
      blk1 |S|=14 offs=[-26, -22, -20, -16, -14, -12, -10, -8, -4, -2, 0, 2, 6, 12]
      blk1 |S|=13 offs=[-22, -20, -16, -14, -12, -10, -8, -4, -2, 0, 2, 6, 12]
      blk1 |S|=46 offs=[-94, -92, -90, -88, -86, -84, -82, -80, -78, -76, -74, -72, -70, -68, -66, -64, -62, -60, -58, -56, -54, -52, -50, -48, -46, -44, -42, -40, -38, -36, -34, -32, -30, -28, -24, -18, -6, 4, 8, 10, 14, 16, 22, 28, 48, 68]
[201] sizes A=[42, 11, 123] B=[38, 85, 52] kills=[('A', 1, 13), ('B', 1, 48)] [0.2s]
      blk1 |S|=13 offs=[-26, -22, -16, -14, -12, -10, -8, -4, -2, 0, 2, 6, 12]
      blk1 |S|=48 offs=[-94, -92, -90, -88, -86, -84, -82, -80, -78, -76, -74, -72, -70, -68, -66, -64, -62, -60, -58, -56, -54, -52, -50, -48, -46, -44, -42, -40, -38, -36, -34, -32, -30, -28, -24, -20, -18, -6, 4, 8, 10, 14, 16, 22, 28, 40, 52, 54]
[202] sizes A=[42, 10, 124] B=[38, 86, 51] kills=[('B', 1, 47)] [0.2s]
      blk1 |S|=47 offs=[-94, -92, -90, -88, -86, -84, -82, -80, -78, -76, -74, -72, -70, -68, -66, -64, -62, -60, -58, -56, -54, -52, -50, -48, -46, -44, -42, -40, -38, -36, -34, -32, -30, -28, -26, -24, -20, -18, -6, 4, 8, 10, 14, 16, 22, 40, 52]
[203] sizes A=[42, 10, 124] B=[38, 86, 51] kills=[('B', 1, 47)] [0.2s]
      blk1 |S|=47 offs=[-94, -92, -90, -88, -86, -84, -82, -80, -78, -76, -74, -72, -70, -68, -66, -64, -62, -60, -58, -56, -54, -52, -50, -48, -46, -44, -42, -40, -38, -36, -34, -32, -30, -28, -26, -24, -20, -18, -6, 4, 8, 10, 14, 16, 22, 48, 68]
[204] sizes A=[42, 10, 125] B=[38, 86, 50] kills=[('B', 1, 46)] [0.2s]
      blk1 |S|=46 offs=[-94, -92, -90, -88, -86, -84, -82, -80, -78, -76, -74, -72, -70, -68, -66, -64, -62, -60, -58, -56, -54, -52, -50, -48, -46, -44, -42, -40, -38, -36, -34, -32, -30, -28, -26, -24, -20, -18, -6, 4, 8, 10, 14, 16, 22, 68]
[205] sizes A=[42, 10, 124] B=[38, 86, 51] kills=[('A', 1, 9), ('A', 1, 9), ('A', 1, 11), ('B', 1, 46)] [0.2s]
      blk1 |S|=9 offs=[-22, -12, -10, -8, -4, -2, 2, 6, 8]
      blk1 |S|=9 offs=[-22, -16, -12, -10, -8, -4, -2, 2, 8]
      blk1 |S|=11 offs=[-22, -16, -12, -10, -8, -4, -2, 0, 2, 6, 8]
      blk1 |S|=46 offs=[-94, -92, -90, -88, -86, -84, -82, -80, -78, -76, -74, -72, -70, -68, -66, -64, -62, -60, -58, -56, -54, -52, -50, -48, -46, -44, -42, -40, -38, -36, -34, -32, -30, -28, -26, -24, -20, -18, -6, 4, 10, 14, 16, 22, 28, 52]
[206] sizes A=[42, 11, 121] B=[38, 85, 54] kills=[('A', 1, 13), ('A', 1, 11), ('B', 1, 39)] [0.3s]
      blk1 |S|=13 offs=[-30, -22, -16, -14, -12, -10, -8, -4, -2, 0, 2, 6, 12]
      blk1 |S|=11 offs=[-30, -22, -16, -14, -12, -10, -8, -2, 2, 6, 12]
      blk1 |S|=39 offs=[-92, -88, -86, -84, -82, -80, -78, -76, -74, -72, -68, -66, -64, -62, -60, -58, -56, -54, -52, -50, -48, -46, -44, -42, -40, -38, -36, -34, -32, -28, -26, -24, -20, -6, 4, 8, 10, 14, 22]
[207] sizes A=[42, 12, 120] B=[38, 84, 55] kills=[('B', 1, 44)] [0.1s]
      blk1 |S|=44 offs=[-94, -92, -90, -88, -86, -84, -82, -80, -78, -76, -74, -72, -70, -68, -66, -64, -62, -60, -58, -56, -54, -52, -50, -48, -46, -44, -42, -40, -38, -36, -34, -32, -28, -24, -20, -18, -6, 4, 8, 10, 12, 14, 16, 22]
[208] sizes A=[42, 13, 120] B=[38, 83, 55] kills=[('B', 1, 43)] [0.1s]
      blk1 |S|=43 offs=[-94, -92, -90, -88, -86, -84, -82, -80, -78, -76, -74, -72, -70, -68, -66, -64, -62, -60, -58, -56, -54, -52, -50, -48, -46, -44, -42, -40, -38, -36, -34, -32, -28, -24, -20, -6, 4, 8, 10, 12, 14, 16, 22]
[209] sizes A=[42, 14, 120] B=[38, 82, 55] kills=[('B', 1, 43)] [0.1s]
      blk1 |S|=43 offs=[-94, -92, -90, -88, -86, -84, -82, -80, -78, -76, -74, -72, -70, -68, -66, -64, -62, -60, -58, -56, -54, -52, -50, -48, -46, -44, -42, -40, -38, -36, -34, -32, -28, -24, -6, 4, 8, 10, 12, 14, 16, 22, 78]
[210] sizes A=[42, 14, 120] B=[38, 82, 55] kills=[('B', 1, 43)] [0.1s]
      blk1 |S|=43 offs=[-94, -92, -90, -88, -86, -84, -82, -80, -78, -76, -74, -72, -70, -68, -66, -64, -62, -60, -58, -56, -54, -52, -50, -48, -46, -44, -42, -40, -38, -36, -34, -32, -28, -24, -6, 4, 8, 10, 12, 14, 16, 22, 24]
[211] sizes A=[42, 14, 120] B=[38, 82, 55] kills=[('B', 1, 43)] [0.1s]
      blk1 |S|=43 offs=[-94, -92, -90, -88, -86, -84, -82, -80, -78, -76, -74, -72, -70, -68, -66, -64, -62, -60, -58, -56, -54, -52, -50, -48, -46, -44, -42, -40, -38, -36, -34, -32, -28, -24, -6, 4, 8, 10, 12, 14, 16, 22, 42]
[212] sizes A=[42, 13, 119] B=[38, 83, 56] kills=[('A', 1, 15), ('A', 1, 11), ('B', 1, 29)] [0.2s]
      blk1 |S|=15 offs=[-30, -26, -20, -16, -14, -12, -11, -10, -8, -4, -2, 0, 6, 7, 8]
      blk1 |S|=11 offs=[-20, -18, -16, -14, -12, -8, -4, -2, 0, 2, 8]
      blk1 |S|=29 offs=[-92, -90, -88, -84, -80, -78, -76, -74, -72, -68, -64, -60, -58, -56, -52, -48, -44, -42, -40, -38, -36, -32, -28, -6, 4, 12, 16, 22, 64]
[213] sizes A=[42, 11, 120] B=[38, 85, 55] kills=[('A', 1, 11), ('A', 1, 14), ('B', 1, 27), ('B', 1, 30)] [0.3s]
      blk1 |S|=11 offs=[-20, -16, -14, -12, -10, -8, -4, -2, 0, 2, 8]
      blk1 |S|=14 offs=[-30, -20, -16, -14, -12, -11, -10, -8, -4, -2, 0, 2, 7, 8]
      blk1 |S|=27 offs=[-92, -88, -84, -80, -78, -76, -72, -68, -66, -64, -60, -56, -54, -52, -48, -44, -42, -40, -38, -36, -34, -32, -28, -24, 4, 12, 22]
      blk1 |S|=30 offs=[-92, -88, -86, -84, -80, -78, -76, -72, -68, -66, -64, -60, -56, -54, -52, -50, -48, -46, -44, -42, -40, -38, -36, -34, -32, -28, -24, 4, 12, 22]
[214] sizes A=[42, 10, 121] B=[38, 86, 54] kills=[('A', 1, 10), ('A', 1, 11), ('B', 1, 51)] [0.2s]
      blk1 |S|=10 offs=[-30, -16, -14, -12, -10, -4, -2, 2, 6, 12]
      blk1 |S|=11 offs=[-30, -16, -14, -12, -10, -8, -4, -2, 0, 2, 8]
      blk1 |S|=51 offs=[-94, -92, -90, -88, -86, -84, -82, -80, -78, -76, -74, -72, -70, -68, -66, -64, -62, -60, -58, -56, -54, -52, -50, -48, -46, -44, -42, -40, -38, -36, -34, -32, -28, -26, -24, -22, -20, -18, -6, 4, 10, 14, 16, 18, 22, 52, 56, 60, 62, 68, 78]
[215] sizes A=[42, 9, 122] B=[38, 87, 53] kills=[('B', 1, 49)] [0.2s]
      blk1 |S|=49 offs=[-94, -92, -90, -88, -86, -84, -82, -80, -78, -76, -74, -72, -70, -68, -66, -64, -62, -60, -58, -56, -54, -52, -50, -48, -46, -44, -42, -40, -38, -36, -34, -32, -30, -28, -26, -24, -22, -20, -18, -6, 4, 10, 14, 16, 18, 22, 52, 54, 68]
[216] sizes A=[42, 9, 123] B=[38, 87, 52] kills=[('B', 1, 48)] [0.2s]
      blk1 |S|=48 offs=[-94, -92, -90, -88, -86, -84, -82, -80, -78, -76, -74, -72, -70, -68, -66, -64, -62, -60, -58, -56, -54, -52, -50, -48, -46, -44, -42, -40, -38, -36, -34, -32, -30, -28, -26, -24, -22, -20, -18, -6, 4, 10, 14, 16, 18, 22, 52, 68]
[217] sizes A=[42, 9, 123] B=[38, 87, 52] kills=[('B', 1, 34)] [0.3s]
      blk1 |S|=34 offs=[-94, -92, -90, -88, -84, -80, -78, -76, -72, -70, -68, -66, -64, -62, -60, -58, -56, -54, -52, -48, -44, -42, -40, -36, -30, -28, -26, -18, 4, 10, 14, 16, 22, 56]
[218] sizes A=[42, 9, 124] B=[38, 87, 51] kills=[('B', 1, 48)] [0.2s]
      blk1 |S|=48 offs=[-94, -92, -90, -88, -86, -84, -82, -80, -78, -76, -74, -72, -70, -68, -66, -64, -62, -60, -58, -56, -54, -52, -50, -48, -46, -44, -42, -40, -38, -36, -34, -32, -30, -28, -26, -24, -22, -20, -18, -6, 4, 10, 14, 16, 22, 32, 48, 78]
[219] sizes A=[42, 9, 125] B=[38, 87, 50] kills=[('B', 1, 50)] [0.2s]
      blk1 |S|=50 offs=[-94, -92, -90, -88, -86, -84, -82, -80, -78, -76, -74, -72, -70, -68, -66, -64, -62, -60, -58, -56, -54, -52, -50, -48, -46, -44, -42, -40, -38, -36, -34, -32, -30, -28, -26, -24, -22, -20, -18, -6, 4, 10, 14, 16, 20, 22, 48, 52, 58, 78]
[220] sizes A=[42, 9, 126] B=[38, 87, 49] kills=[('B', 1, 49)] [0.2s]
      blk1 |S|=49 offs=[-94, -92, -90, -88, -86, -84, -82, -80, -78, -76, -74, -72, -70, -68, -66, -64, -62, -60, -58, -56, -54, -52, -50, -48, -46, -44, -42, -40, -38, -36, -34, -32, -30, -28, -26, -24, -22, -20, -18, -6, 4, 10, 14, 16, 20, 22, 48, 52, 78]
[221] sizes A=[42, 10, 125] B=[38, 86, 50] kills=[('A', 1, 12), ('B', 1, 37), ('B', 1, 36), ('B', 1, 35), ('B', 1, 31)] [0.5s]
      blk1 |S|=12 offs=[-26, -16, -14, -12, -10, -8, -4, -2, 0, 2, 6, 8]
      blk1 |S|=37 offs=[-94, -92, -88, -86, -84, -80, -78, -76, -74, -72, -70, -68, -66, -64, -62, -60, -56, -54, -52, -50, -48, -46, -44, -42, -40, -38, -36, -32, -30, -28, -20, -18, -6, 4, 14, 16, 22]
      blk1 |S|=36 offs=[-94, -92, -88, -86, -84, -80, -78, -76, -74, -72, -70, -68, -66, -64, -62, -60, -56, -54, -52, -50, -48, -46, -44, -42, -40, -38, -36, -32, -30, -28, -20, -6, 4, 14, 16, 22]
      blk1 |S|=35 offs=[-94, -92, -88, -86, -84, -80, -78, -76, -74, -72, -70, -68, -66, -64, -62, -60, -56, -54, -50, -48, -46, -44, -42, -40, -38, -36, -32, -30, -28, -20, -6, 4, 14, 16, 22]
      blk1 |S|=31 offs=[-92, -88, -86, -84, -80, -78, -76, -74, -72, -70, -68, -66, -64, -60, -56, -54, -50, -48, -44, -42, -40, -38, -36, -32, -30, -28, -20, 4, 14, 16, 22]
[222] sizes A=[42, 10, 123] B=[38, 86, 52] kills=[('B', 1, 27), ('B', 1, 22)] [0.2s]
      blk1 |S|=27 offs=[-92, -86, -84, -82, -80, -76, -74, -68, -62, -60, -56, -52, -50, -44, -40, -38, -36, -32, -28, -20, -6, 4, 16, 22, 26, 52, 68]
      blk1 |S|=22 offs=[-92, -86, -82, -80, -76, -74, -68, -62, -60, -56, -50, -44, -38, -32, -28, -20, -6, 4, 16, 22, 26, 68]
[223] sizes A=[42, 10, 124] B=[38, 86, 51] kills=[('B', 1, 31), ('B', 1, 32)] [0.3s]
      blk1 |S|=31 offs=[-94, -92, -88, -84, -82, -78, -76, -74, -72, -70, -68, -66, -62, -60, -58, -54, -52, -50, -48, -46, -44, -42, -40, -38, -36, -34, -28, -24, 4, 16, 22]
      blk1 |S|=32 offs=[-94, -92, -88, -84, -82, -80, -78, -76, -74, -72, -70, -68, -66, -64, -62, -60, -58, -54, -52, -50, -48, -46, -44, -42, -40, -38, -36, -34, -28, 4, 16, 22]
[224] sizes A=[42, 11, 122] B=[38, 85, 53] kills=[('A', 1, 8), ('A', 1, 11), ('A', 1, 14), ('A', 1, 12), ('B', 1, 49)] [0.2s]
      blk1 |S|=8 offs=[-28, -18, -11, -8, -4, 2, 3, 6]
      blk1 |S|=11 offs=[-28, -18, -14, -11, -8, -4, 0, 2, 3, 6, 14]
      blk1 |S|=14 offs=[-28, -18, -16, -14, -12, -11, -10, -8, -4, -2, 0, 3, 6, 14]
      blk1 |S|=12 offs=[-28, -18, -14, -11, -8, -4, -2, 0, 2, 6, 7, 11]
      blk1 |S|=49 offs=[-94, -92, -90, -88, -86, -84, -82, -80, -78, -76, -74, -72, -70, -68, -66, -64, -62, -60, -58, -56, -54, -52, -50, -48, -44, -42, -40, -38, -36, -34, -32, -30, -26, -24, -22, -20, -6, 4, 8, 10, 12, 16, 22, 26, 52, 66, 70, 74, 78]
[225] sizes A=[42, 10, 123] B=[38, 86, 52] kills=[('B', 1, 42)] [0.2s]
      blk1 |S|=42 offs=[-94, -92, -90, -88, -86, -84, -82, -80, -78, -76, -72, -68, -66, -64, -60, -58, -56, -54, -52, -50, -48, -46, -44, -42, -40, -38, -36, -34, -32, -30, -26, -24, -20, -18, -6, 4, 8, 10, 16, 22, 26, 78]
[226] sizes A=[42, 10, 124] B=[38, 86, 51] kills=[('B', 1, 35), ('B', 1, 24)] [0.3s]
      blk1 |S|=35 offs=[-94, -92, -86, -84, -80, -76, -74, -70, -68, -66, -62, -60, -56, -54, -52, -50, -48, -46, -44, -42, -40, -38, -34, -32, -30, -26, -24, -20, -6, 4, 8, 10, 12, 16, 22]
      blk1 |S|=24 offs=[-92, -86, -80, -76, -74, -70, -68, -62, -56, -54, -50, -46, -44, -38, -32, -30, -26, -24, -20, 4, 10, 12, 16, 22]
[227] sizes A=[42, 10, 124] B=[38, 86, 51] kills=[('A', 1, 14), ('B', 1, 51)] [0.2s]
      blk1 |S|=14 offs=[-28, -26, -14, -12, -11, -10, -8, -2, 0, 2, 6, 7, 8, 14]
      blk1 |S|=51 offs=[-94, -92, -90, -88, -86, -84, -82, -80, -78, -76, -74, -72, -70, -68, -66, -64, -62, -60, -58, -56, -54, -52, -50, -48, -46, -44, -42, -40, -38, -36, -34, -32, -30, -24, -22, -20, -18, -16, -6, 4, 10, 12, 16, 22, 26, 48, 52, 56, 70, 74, 78]
[228] sizes A=[42, 10, 121] B=[38, 86, 54] kills=[('B', 1, 52)] [0.2s]
      blk1 |S|=52 offs=[-94, -92, -90, -88, -86, -84, -82, -80, -78, -76, -74, -72, -70, -68, -66, -64, -62, -60, -58, -56, -54, -52, -50, -48, -46, -44, -42, -40, -38, -36, -34, -32, -26, -24, -22, -20, -18, -16, -6, 4, 10, 12, 16, 22, 26, 46, 48, 56, 60, 70, 74, 78]
[229] sizes A=[42, 10, 122] B=[38, 86, 53] kills=[('B', 1, 49)] [0.2s]
      blk1 |S|=49 offs=[-94, -92, -90, -88, -86, -84, -82, -80, -78, -76, -74, -72, -70, -68, -66, -64, -62, -60, -58, -56, -54, -52, -50, -48, -46, -44, -42, -40, -38, -36, -34, -32, -26, -24, -22, -20, -18, -16, -6, 4, 10, 12, 16, 22, 26, 46, 48, 74, 78]
[230] sizes A=[42, 10, 122] B=[38, 86, 53] kills=[('B', 1, 51)] [0.1s]
      blk1 |S|=51 offs=[-94, -92, -90, -88, -86, -84, -82, -80, -78, -76, -74, -72, -70, -68, -66, -64, -62, -60, -58, -56, -54, -52, -50, -48, -46, -44, -42, -40, -38, -36, -34, -32, -26, -24, -22, -20, -18, -16, -6, 4, 10, 12, 16, 18, 22, 26, 56, 66, 70, 74, 78]
[231] sizes A=[42, 10, 123] B=[38, 86, 52] kills=[('B', 1, 50)] [0.2s]
      blk1 |S|=50 offs=[-94, -92, -90, -88, -86, -84, -82, -80, -78, -76, -74, -72, -70, -68, -66, -64, -62, -60, -58, -56, -54, -52, -50, -48, -46, -44, -42, -40, -38, -36, -34, -32, -26, -24, -22, -20, -18, -16, -6, 4, 10, 12, 16, 18, 22, 26, 56, 70, 74, 78]
[232] sizes A=[42, 10, 124] B=[38, 86, 51] kills=[('B', 1, 47)] [0.2s]
      blk1 |S|=47 offs=[-94, -92, -90, -88, -86, -84, -82, -80, -78, -76, -74, -72, -70, -68, -66, -64, -62, -60, -58, -56, -54, -52, -50, -48, -46, -44, -42, -40, -38, -36, -34, -32, -26, -24, -22, -20, -18, -16, -6, 4, 10, 12, 16, 18, 22, 26, 70]
[233] sizes A=[42, 10, 124] B=[38, 86, 51] kills=[('B', 1, 49)] [0.2s]
      blk1 |S|=49 offs=[-94, -92, -90, -88, -86, -84, -82, -80, -78, -76, -74, -72, -70, -68, -66, -64, -62, -60, -58, -56, -54, -52, -50, -48, -46, -44, -42, -40, -38, -36, -34, -32, -26, -24, -22, -20, -18, -16, -6, 4, 10, 12, 16, 18, 22, 26, 40, 42, 78]
[234] sizes A=[42, 10, 123] B=[38, 86, 52] kills=[('B', 1, 50)] [0.1s]
      blk1 |S|=50 offs=[-94, -92, -90, -88, -86, -84, -82, -80, -78, -76, -74, -72, -70, -68, -66, -64, -62, -60, -58, -56, -54, -52, -50, -48, -46, -44, -42, -40, -38, -36, -34, -32, -26, -24, -22, -20, -18, -16, -6, 4, 10, 12, 16, 22, 26, 40, 42, 46, 48, 52]
[235] sizes A=[42, 10, 124] B=[38, 86, 51] kills=[('B', 1, 48)] [0.2s]
      blk1 |S|=48 offs=[-94, -92, -90, -88, -86, -84, -82, -80, -78, -76, -74, -72, -70, -68, -66, -64, -62, -60, -58, -56, -54, -52, -50, -48, -46, -44, -42, -40, -38, -36, -34, -32, -26, -24, -22, -20, -18, -16, -6, 4, 10, 12, 16, 18, 22, 26, 40, 42]
[236] sizes A=[42, 10, 123] B=[38, 86, 52] kills=[('B', 1, 49)] [0.2s]
      blk1 |S|=49 offs=[-94, -92, -90, -88, -86, -84, -82, -80, -78, -76, -74, -72, -70, -68, -66, -64, -62, -60, -58, -56, -54, -52, -50, -48, -46, -44, -42, -40, -38, -36, -34, -32, -26, -24, -22, -20, -18, -16, -6, 4, 10, 12, 16, 22, 24, 26, 46, 48, 66]
[237] sizes A=[42, 10, 123] B=[38, 86, 52] kills=[('B', 1, 41)] [0.3s]
      blk1 |S|=41 offs=[-94, -92, -90, -88, -86, -84, -82, -80, -78, -76, -74, -72, -70, -68, -66, -64, -62, -60, -58, -56, -54, -52, -50, -48, -46, -44, -42, -40, -38, -34, -32, -24, -22, -18, -16, 4, 10, 12, 16, 46, 48]
[238] sizes A=[42, 10, 124] B=[38, 86, 51] kills=[('B', 1, 49)] [0.2s]
      blk1 |S|=49 offs=[-94, -92, -90, -88, -86, -84, -82, -80, -78, -76, -74, -72, -70, -68, -66, -64, -62, -60, -58, -56, -54, -52, -50, -48, -46, -44, -42, -40, -38, -36, -34, -32, -26, -24, -22, -20, -18, -16, -6, 4, 6, 10, 12, 16, 18, 22, 24, 26, 42]
[239] sizes A=[42, 10, 125] B=[38, 86, 50] kills=[('B', 1, 49)] [0.2s]
      blk1 |S|=49 offs=[-94, -92, -90, -88, -86, -84, -82, -80, -78, -76, -74, -72, -70, -68, -66, -64, -62, -60, -58, -56, -54, -52, -50, -48, -46, -44, -42, -40, -38, -36, -34, -32, -26, -24, -22, -20, -18, -16, -6, 4, 6, 10, 12, 16, 18, 22, 26, 34, 42]
[240] sizes A=[42, 10, 126] B=[38, 86, 49] kills=[('B', 1, 49)] [0.2s]
      blk1 |S|=49 offs=[-94, -92, -90, -88, -86, -84, -82, -80, -78, -76, -74, -72, -70, -68, -66, -64, -62, -60, -58, -56, -54, -52, -50, -48, -46, -44, -42, -40, -38, -36, -34, -32, -26, -24, -22, -20, -18, -16, -6, 4, 6, 10, 12, 16, 18, 22, 26, 42, 52]
[241] sizes A=[42, 11, 125] B=[38, 85, 50] kills=[('A', 1, 12), ('B', 1, 47)] [0.2s]
      blk1 |S|=12 offs=[-28, -18, -14, -12, -10, -8, -4, -2, 0, 2, 8, 14]
      blk1 |S|=47 offs=[-94, -92, -90, -88, -86, -84, -82, -80, -78, -76, -74, -72, -70, -68, -66, -64, -62, -60, -58, -56, -54, -52, -50, -48, -46, -44, -42, -40, -38, -36, -34, -32, -26, -24, -22, -20, -16, -6, 4, 6, 10, 12, 16, 18, 22, 26, 30]
[242] sizes A=[42, 11, 124] B=[38, 85, 51] kills=[('B', 1, 24)] [0.2s]
      blk1 |S|=24 offs=[-94, -90, -86, -82, -80, -78, -76, -74, -72, -70, -68, -66, -58, -54, -50, -46, -42, -40, -38, -36, -34, 4, 6, 18]
[243] sizes A=[42, 11, 123] B=[38, 85, 52] kills=[('B', 1, 50)] [0.2s]
      blk1 |S|=50 offs=[-94, -92, -90, -88, -86, -84, -82, -80, -78, -76, -74, -72, -70, -68, -66, -64, -62, -60, -58, -56, -54, -52, -50, -48, -46, -44, -42, -40, -38, -36, -34, -32, -26, -24, -20, -18, -16, -6, 4, 6, 10, 12, 16, 22, 26, 32, 46, 48, 52, 70]
[244] sizes A=[42, 11, 123] B=[38, 85, 52] kills=[('B', 1, 50)] [0.2s]
      blk1 |S|=50 offs=[-94, -92, -90, -88, -86, -84, -82, -80, -78, -76, -74, -72, -70, -68, -66, -64, -62, -60, -58, -56, -54, -52, -50, -48, -46, -44, -42, -40, -38, -36, -34, -32, -26, -24, -20, -18, -16, -6, 4, 6, 10, 12, 16, 22, 26, 46, 48, 50, 52, 70]
[245] sizes A=[42, 11, 123] B=[38, 85, 52] kills=[('B', 1, 48)] [0.2s]
      blk1 |S|=48 offs=[-94, -92, -90, -88, -86, -84, -82, -80, -78, -76, -74, -72, -70, -68, -66, -64, -62, -60, -58, -56, -54, -52, -50, -48, -46, -44, -42, -40, -38, -36, -34, -32, -26, -24, -20, -18, -16, -6, 4, 6, 10, 12, 16, 22, 26, 42, 46, 50]
[246] sizes A=[42, 11, 123] B=[38, 85, 52] kills=[('B', 1, 49)] [0.2s]
      blk1 |S|=49 offs=[-94, -92, -90, -88, -86, -84, -82, -80, -78, -76, -74, -72, -70, -68, -66, -64, -62, -60, -58, -56, -54, -52, -50, -48, -46, -44, -42, -40, -38, -36, -34, -32, -26, -24, -20, -18, -16, -6, 4, 6, 10, 12, 16, 22, 26, 42, 46, 48, 52]
[247] sizes A=[42, 12, 123] B=[38, 84, 52] kills=[('A', 1, 12), ('A', 1, 12), ('B', 1, 47)] [0.2s]
      blk1 |S|=12 offs=[-30, -28, -26, -22, -14, -12, -2, 0, 2, 8, 14, 24]
      blk1 |S|=12 offs=[-28, -26, -22, -14, -12, -10, -2, 0, 2, 8, 14, 24]
      blk1 |S|=47 offs=[-94, -92, -90, -88, -86, -84, -82, -80, -78, -76, -74, -72, -70, -68, -66, -64, -62, -60, -58, -56, -54, -52, -50, -48, -46, -44, -42, -40, -38, -36, -34, -32, -24, -20, -18, -16, -6, 4, 6, 10, 12, 16, 22, 26, 46, 52, 70]
[248] sizes A=[42, 12, 122] B=[38, 84, 53] kills=[('A', 1, 15), ('A', 1, 16), ('B', 1, 51)] [0.1s]
      blk1 |S|=15 offs=[-30, -26, -22, -14, -12, -11, -10, -8, -4, -2, 2, 3, 8, 14, 18]
      blk1 |S|=16 offs=[-30, -26, -22, -14, -12, -11, -10, -8, -4, -2, 0, 2, 3, 8, 14, 18]
      blk1 |S|=51 offs=[-94, -92, -90, -88, -86, -84, -82, -80, -78, -76, -74, -72, -70, -68, -66, -64, -62, -60, -58, -56, -54, -52, -50, -48, -46, -44, -42, -40, -38, -36, -34, -32, -24, -20, -18, -16, -6, 4, 6, 10, 12, 16, 22, 24, 26, 32, 42, 46, 48, 52, 66]
[249] sizes A=[42, 11, 123] B=[38, 85, 52] kills=[('B', 1, 48)] [0.2s]
      blk1 |S|=48 offs=[-94, -92, -90, -88, -86, -84, -82, -80, -78, -76, -74, -72, -70, -68, -66, -64, -62, -60, -58, -56, -54, -52, -50, -48, -46, -44, -42, -40, -38, -36, -34, -32, -30, -24, -20, -18, -16, -6, 4, 6, 10, 12, 16, 22, 24, 26, 42, 46]
[250] sizes A=[42, 11, 124] B=[38, 85, 51] kills=[('B', 1, 48)] [0.2s]
      blk1 |S|=48 offs=[-94, -92, -90, -88, -86, -84, -82, -80, -78, -76, -74, -72, -70, -68, -66, -64, -62, -60, -58, -56, -54, -52, -50, -48, -46, -44, -42, -40, -38, -36, -34, -32, -30, -24, -20, -18, -16, -6, 4, 6, 10, 12, 16, 22, 24, 26, 32, 42]
[251] sizes A=[42, 11, 124] B=[38, 85, 51] kills=[('B', 1, 49)] [0.2s]
      blk1 |S|=49 offs=[-94, -92, -90, -88, -86, -84, -82, -80, -78, -76, -74, -72, -70, -68, -66, -64, -62, -60, -58, -56, -54, -52, -50, -48, -46, -44, -42, -40, -38, -36, -34, -32, -30, -24, -20, -18, -16, -6, 4, 6, 10, 12, 16, 22, 24, 26, 42, 50, 52]
[252] sizes A=[42, 11, 124] B=[38, 85, 51] kills=[('B', 1, 48)] [0.2s]
      blk1 |S|=48 offs=[-94, -92, -90, -88, -86, -84, -82, -80, -78, -76, -74, -72, -70, -68, -66, -64, -62, -60, -58, -56, -54, -52, -50, -48, -46, -44, -42, -40, -38, -36, -34, -32, -30, -24, -20, -18, -16, -6, 4, 6, 10, 12, 16, 22, 24, 26, 42, 52]
[253] sizes A=[42, 11, 124] B=[38, 85, 51] kills=[('B', 1, 49)] [0.2s]
      blk1 |S|=49 offs=[-94, -92, -90, -88, -86, -84, -82, -80, -78, -76, -74, -72, -70, -68, -66, -64, -62, -60, -58, -56, -54, -52, -50, -48, -46, -44, -42, -40, -38, -36, -34, -32, -30, -24, -20, -18, -16, -6, 4, 6, 10, 12, 16, 22, 24, 26, 48, 52, 70]
[254] sizes A=[42, 11, 125] B=[38, 85, 50] kills=[('B', 1, 48)] [0.2s]
      blk1 |S|=48 offs=[-94, -92, -90, -88, -86, -84, -82, -80, -78, -76, -74, -72, -70, -68, -66, -64, -62, -60, -58, -56, -54, -52, -50, -48, -46, -44, -42, -40, -38, -36, -34, -32, -30, -24, -20, -18, -16, -6, 4, 6, 10, 12, 16, 22, 24, 26, 28, 52]
[255] sizes A=[42, 10, 126] B=[38, 86, 49] kills=[('B', 1, 48)] [0.2s]
      blk1 |S|=48 offs=[-94, -92, -90, -88, -86, -84, -82, -80, -78, -76, -74, -72, -70, -68, -66, -64, -62, -60, -58, -56, -54, -52, -50, -48, -46, -44, -42, -40, -38, -36, -34, -32, -30, -24, -22, -20, -18, -16, -6, 4, 6, 10, 12, 16, 22, 26, 48, 52]
[256] sizes A=[42, 10, 126] B=[38, 86, 49] kills=[('B', 1, 48)] [0.2s]
      blk1 |S|=48 offs=[-94, -92, -90, -88, -86, -84, -82, -80, -78, -76, -74, -72, -70, -68, -66, -64, -62, -60, -58, -56, -54, -52, -50, -48, -46, -44, -42, -40, -38, -36, -34, -32, -30, -24, -22, -20, -18, -16, -6, 4, 6, 10, 12, 16, 22, 26, 28, 70]
[257] sizes A=[42, 10, 127] B=[38, 86, 48] kills=[('B', 1, 47)] [0.2s]
      blk1 |S|=47 offs=[-94, -92, -90, -88, -86, -84, -82, -80, -78, -76, -74, -72, -70, -68, -66, -64, -62, -60, -58, -56, -54, -52, -50, -48, -46, -44, -42, -40, -38, -36, -34, -32, -30, -24, -22, -20, -18, -16, -6, 4, 6, 10, 12, 16, 22, 26, 28]
[258] sizes A=[42, 10, 128] B=[38, 86, 47] kills=[('B', 1, 36), ('B', 1, 30)] [0.3s]
      blk1 |S|=36 offs=[-94, -92, -90, -88, -86, -84, -82, -78, -76, -74, -70, -66, -64, -62, -58, -54, -52, -50, -44, -42, -40, -38, -36, -34, -32, -30, -24, -22, -16, -6, 4, 6, 10, 16, 26, 28]
      blk1 |S|=30 offs=[-94, -92, -90, -88, -86, -84, -82, -78, -76, -74, -70, -66, -64, -62, -58, -54, -52, -44, -42, -40, -38, -34, -30, -16, 4, 6, 10, 16, 22, 28]
[259] sizes A=[42, 11, 124] B=[38, 85, 51] kills=[('B', 1, 32)] [0.2s]
      blk1 |S|=32 offs=[-94, -92, -90, -88, -82, -80, -78, -76, -74, -72, -70, -66, -64, -62, -58, -54, -52, -50, -46, -44, -42, -40, -38, -36, -34, -24, -6, 4, 10, 22, 60, 66]
[260] sizes A=[42, 11, 124] B=[38, 85, 51] kills=[('B', 1, 47)] [0.1s]
      blk1 |S|=47 offs=[-94, -92, -90, -88, -86, -84, -82, -80, -78, -76, -74, -72, -70, -68, -66, -64, -62, -60, -58, -56, -54, -52, -50, -48, -46, -44, -42, -40, -38, -36, -34, -32, -24, -22, -20, -18, -16, -6, 4, 6, 10, 16, 22, 26, 34, 48, 52]
[261] sizes A=[42, 11, 124] B=[38, 85, 51] kills=[('B', 1, 48)] [0.2s]
      blk1 |S|=48 offs=[-94, -92, -90, -88, -86, -84, -82, -80, -78, -76, -74, -72, -70, -68, -66, -64, -62, -60, -58, -56, -54, -52, -50, -48, -46, -44, -42, -40, -38, -36, -34, -32, -24, -22, -20, -18, -16, -6, 4, 6, 10, 16, 22, 24, 26, 48, 52, 70]
[262] sizes A=[42, 11, 124] B=[38, 85, 51] kills=[('B', 1, 49)] [0.2s]
      blk1 |S|=49 offs=[-94, -92, -90, -88, -86, -84, -82, -80, -78, -76, -74, -72, -70, -68, -66, -64, -62, -60, -58, -56, -54, -52, -50, -48, -46, -44, -42, -40, -38, -36, -34, -32, -24, -22, -20, -18, -16, -6, 4, 6, 10, 16, 22, 24, 26, 42, 48, 52, 66]
[263] sizes A=[42, 10, 125] B=[38, 86, 50] kills=[('B', 1, 37)] [0.3s]
      blk1 |S|=37 offs=[-94, -92, -90, -88, -86, -84, -82, -78, -76, -74, -72, -70, -66, -64, -62, -60, -58, -54, -52, -50, -48, -46, -44, -42, -40, -38, -36, -34, -32, -24, -18, -6, 4, 6, 10, 16, 26]
[264] sizes A=[42, 12, 122] B=[38, 84, 53] kills=[('B', 1, 47)] [0.1s]
      blk1 |S|=47 offs=[-94, -92, -90, -88, -86, -84, -82, -80, -78, -76, -74, -72, -70, -68, -66, -64, -62, -60, -58, -56, -54, -52, -50, -48, -46, -44, -42, -40, -38, -36, -34, -32, -30, -24, -22, -16, -6, 4, 6, 8, 10, 16, 22, 26, 30, 60, 76]
[265] sizes A=[42, 12, 122] B=[38, 84, 53] kills=[('B', 1, 48)] [0.2s]
      blk1 |S|=48 offs=[-94, -92, -90, -88, -86, -84, -82, -80, -78, -76, -74, -72, -70, -68, -66, -64, -62, -60, -58, -56, -54, -52, -50, -48, -46, -44, -42, -40, -38, -36, -34, -32, -30, -24, -22, -16, -6, 4, 6, 8, 10, 16, 22, 26, 48, 60, 76, 78]
[266] sizes A=[42, 12, 123] B=[38, 84, 52] kills=[('B', 1, 50)] [0.2s]
      blk1 |S|=50 offs=[-94, -92, -90, -88, -86, -84, -82, -80, -78, -76, -74, -72, -70, -68, -66, -64, -62, -60, -58, -56, -54, -52, -50, -48, -46, -44, -42, -40, -38, -36, -34, -32, -30, -24, -22, -16, -6, 4, 6, 8, 10, 16, 22, 26, 30, 44, 52, 54, 60, 70]
[267] sizes A=[42, 12, 124] B=[38, 84, 51] kills=[('B', 1, 50)] [0.2s]
      blk1 |S|=50 offs=[-94, -92, -90, -88, -86, -84, -82, -80, -78, -76, -74, -72, -70, -68, -66, -64, -62, -60, -58, -56, -54, -52, -50, -48, -46, -44, -42, -40, -38, -36, -34, -32, -30, -24, -22, -16, -6, 4, 6, 8, 10, 16, 22, 26, 44, 46, 52, 54, 60, 70]
[268] sizes A=[42, 12, 124] B=[38, 84, 51] kills=[('B', 1, 48)] [0.2s]
      blk1 |S|=48 offs=[-94, -92, -90, -88, -86, -84, -82, -80, -78, -76, -74, -72, -70, -68, -66, -64, -62, -60, -58, -56, -54, -52, -50, -48, -46, -44, -42, -40, -38, -36, -34, -32, -30, -24, -22, -16, -6, 4, 6, 8, 10, 16, 22, 26, 46, 48, 60, 76]
[269] sizes A=[42, 12, 124] B=[38, 84, 51] kills=[('B', 1, 51)] [0.1s]
      blk1 |S|=51 offs=[-94, -92, -90, -88, -86, -84, -82, -80, -78, -76, -74, -72, -70, -68, -66, -64, -62, -60, -58, -56, -54, -52, -50, -48, -46, -44, -42, -40, -38, -36, -34, -32, -30, -24, -22, -16, -6, 4, 6, 8, 10, 16, 22, 26, 36, 44, 46, 48, 52, 60, 70]
[270] sizes A=[42, 12, 124] B=[38, 84, 51] kills=[('B', 1, 51)] [0.1s]
      blk1 |S|=51 offs=[-94, -92, -90, -88, -86, -84, -82, -80, -78, -76, -74, -72, -70, -68, -66, -64, -62, -60, -58, -56, -54, -52, -50, -48, -46, -44, -42, -40, -38, -36, -34, -32, -30, -24, -22, -16, -6, 4, 6, 8, 10, 16, 22, 26, 30, 36, 44, 48, 52, 60, 70]
[271] sizes A=[42, 12, 125] B=[38, 84, 50] kills=[('B', 1, 47)] [0.2s]
      blk1 |S|=47 offs=[-94, -92, -90, -88, -86, -84, -82, -80, -78, -76, -74, -72, -70, -68, -66, -64, -62, -60, -58, -56, -54, -52, -50, -48, -46, -44, -42, -40, -38, -36, -34, -32, -30, -24, -22, -16, -6, 4, 6, 8, 10, 16, 22, 26, 30, 44, 48]
[272] sizes A=[42, 12, 125] B=[38, 84, 50] kills=[('B', 1, 47)] [0.1s]
      blk1 |S|=47 offs=[-94, -92, -90, -88, -86, -84, -82, -80, -78, -76, -74, -72, -70, -68, -66, -64, -62, -60, -58, -56, -54, -52, -50, -48, -46, -44, -42, -40, -38, -36, -34, -32, -30, -24, -22, -16, -6, 4, 6, 8, 10, 16, 22, 26, 30, 48, 76]
[273] sizes A=[42, 12, 125] B=[38, 84, 50] kills=[('B', 1, 47)] [0.2s]
      blk1 |S|=47 offs=[-94, -92, -90, -88, -86, -84, -82, -80, -78, -76, -74, -72, -70, -68, -66, -64, -62, -60, -58, -56, -54, -52, -50, -48, -46, -44, -42, -40, -38, -36, -34, -32, -30, -24, -22, -16, -6, 4, 6, 8, 10, 16, 22, 26, 48, 76, 78]
[274] sizes A=[42, 12, 125] B=[38, 84, 50] kills=[('B', 1, 47)] [0.2s]
      blk1 |S|=47 offs=[-94, -92, -90, -88, -86, -84, -82, -80, -78, -76, -74, -72, -70, -68, -66, -64, -62, -60, -58, -56, -54, -52, -50, -48, -46, -44, -42, -40, -38, -36, -34, -32, -30, -24, -22, -16, -6, 4, 6, 8, 10, 16, 22, 26, 46, 48, 76]
[275] sizes A=[42, 12, 125] B=[38, 84, 50] kills=[('B', 1, 50)] [0.2s]
      blk1 |S|=50 offs=[-94, -92, -90, -88, -86, -84, -82, -80, -78, -76, -74, -72, -70, -68, -66, -64, -62, -60, -58, -56, -54, -52, -50, -48, -46, -44, -42, -40, -38, -36, -34, -32, -30, -24, -22, -16, -6, 4, 6, 8, 10, 12, 16, 22, 26, 36, 46, 48, 52, 70]
[276] sizes A=[42, 12, 125] B=[38, 84, 50] kills=[('B', 1, 48)] [0.1s]
      blk1 |S|=48 offs=[-94, -92, -90, -88, -86, -84, -82, -80, -78, -76, -74, -72, -70, -68, -66, -64, -62, -60, -58, -56, -54, -52, -50, -48, -46, -44, -42, -40, -38, -36, -34, -32, -30, -24, -22, -16, -6, 4, 6, 8, 10, 12, 16, 22, 26, 42, 46, 48]
[277] sizes A=[42, 12, 125] B=[38, 84, 50] kills=[('B', 1, 50)] [0.2s]
      blk1 |S|=50 offs=[-94, -92, -90, -88, -86, -84, -82, -80, -78, -76, -74, -72, -70, -68, -66, -64, -62, -60, -58, -56, -54, -52, -50, -48, -46, -44, -42, -40, -38, -36, -34, -32, -30, -24, -22, -16, -6, 4, 6, 8, 10, 12, 16, 22, 26, 46, 48, 52, 54, 70]
[278] sizes A=[42, 12, 124] B=[38, 84, 51] kills=[('B', 1, 48)] [0.2s]
      blk1 |S|=48 offs=[-94, -92, -90, -88, -86, -84, -82, -80, -78, -76, -74, -72, -70, -68, -66, -64, -62, -60, -58, -56, -54, -52, -50, -48, -46, -44, -42, -40, -38, -36, -34, -32, -30, -24, -22, -16, -6, 4, 6, 8, 10, 16, 22, 24, 26, 44, 46, 48]
[279] sizes A=[42, 12, 124] B=[38, 84, 51] kills=[('B', 1, 49)] [0.2s]
      blk1 |S|=49 offs=[-94, -92, -90, -88, -86, -84, -82, -80, -78, -76, -74, -72, -70, -68, -66, -64, -62, -60, -58, -56, -54, -52, -50, -48, -46, -44, -42, -40, -38, -36, -34, -32, -30, -24, -22, -16, -6, 4, 6, 8, 10, 16, 22, 26, 42, 44, 46, 48, 60]
[280] sizes A=[42, 12, 124] B=[38, 84, 51] kills=[('B', 1, 48)] [0.1s]
      blk1 |S|=48 offs=[-94, -92, -90, -88, -86, -84, -82, -80, -78, -76, -74, -72, -70, -68, -66, -64, -62, -60, -58, -56, -54, -52, -50, -48, -46, -44, -42, -40, -38, -36, -34, -32, -30, -24, -22, -16, -6, 4, 6, 8, 10, 16, 22, 26, 42, 44, 46, 48]
[281] sizes A=[42, 12, 124] B=[38, 84, 51] kills=[('B', 1, 51)] [0.2s]
      blk1 |S|=51 offs=[-94, -92, -90, -88, -86, -84, -82, -80, -78, -76, -74, -72, -70, -68, -66, -64, -62, -60, -58, -56, -54, -52, -50, -48, -46, -44, -42, -40, -38, -36, -34, -32, -30, -24, -22, -16, -6, 4, 6, 8, 10, 16, 22, 26, 36, 44, 46, 48, 52, 54, 70]
[282] sizes A=[42, 12, 125] B=[38, 84, 50] kills=[('B', 1, 50)] [0.2s]
      blk1 |S|=50 offs=[-94, -92, -90, -88, -86, -84, -82, -80, -78, -76, -74, -72, -70, -68, -66, -64, -62, -60, -58, -56, -54, -52, -50, -48, -46, -44, -42, -40, -38, -36, -34, -32, -30, -24, -22, -16, -6, 4, 6, 8, 10, 16, 22, 26, 36, 44, 46, 48, 52, 70]
[283] sizes A=[42, 12, 125] B=[38, 84, 50] kills=[('B', 1, 47)] [0.1s]
      blk1 |S|=47 offs=[-94, -92, -90, -88, -86, -84, -82, -80, -78, -76, -74, -72, -70, -68, -66, -64, -62, -60, -58, -56, -54, -52, -50, -48, -46, -44, -42, -40, -38, -36, -34, -32, -30, -24, -22, -16, -6, 4, 6, 8, 10, 12, 16, 22, 26, 30, 48]
[284] sizes A=[42, 12, 125] B=[38, 84, 50] kills=[('B', 1, 49)] [0.2s]
      blk1 |S|=49 offs=[-94, -92, -90, -88, -86, -84, -82, -80, -78, -76, -74, -72, -70, -68, -66, -64, -62, -60, -58, -56, -54, -52, -50, -48, -46, -44, -42, -40, -38, -36, -34, -32, -30, -24, -22, -16, -6, 4, 6, 8, 10, 12, 16, 22, 26, 36, 48, 52, 70]
[285] sizes A=[42, 12, 125] B=[38, 84, 50] kills=[('B', 1, 48)] [0.2s]
      blk1 |S|=48 offs=[-94, -92, -90, -88, -86, -84, -82, -80, -78, -76, -74, -72, -70, -68, -66, -64, -62, -60, -58, -56, -54, -52, -50, -48, -46, -44, -42, -40, -38, -36, -34, -32, -30, -24, -22, -16, -6, 4, 6, 8, 10, 12, 16, 22, 26, 48, 70, 78]
[286] sizes A=[42, 13, 123] B=[38, 83, 52] kills=[('B', 1, 30)] [0.2s]
      blk1 |S|=30 offs=[-94, -92, -90, -88, -82, -80, -78, -76, -74, -72, -70, -66, -64, -58, -52, -50, -46, -44, -42, -40, -38, -36, -34, -24, -6, 4, 8, 10, 22, 66]
[287] sizes A=[42, 13, 123] B=[38, 83, 52] kills=[('B', 1, 47)] [0.2s]
      blk1 |S|=47 offs=[-94, -92, -90, -88, -86, -84, -82, -80, -78, -76, -74, -72, -70, -68, -66, -64, -62, -60, -58, -56, -54, -52, -50, -48, -46, -44, -42, -40, -38, -36, -34, -32, -24, -22, -16, -6, 4, 6, 8, 10, 12, 16, 22, 26, 34, 48, 78]
[288] sizes A=[42, 13, 123] B=[38, 83, 52] kills=[('B', 1, 49)] [0.1s]
      blk1 |S|=49 offs=[-94, -92, -90, -88, -86, -84, -82, -80, -78, -76, -74, -72, -70, -68, -66, -64, -62, -60, -58, -56, -54, -52, -50, -48, -46, -44, -42, -40, -38, -36, -34, -32, -24, -22, -16, -6, 4, 6, 8, 10, 12, 16, 22, 26, 30, 34, 36, 48, 70]
[289] sizes A=[42, 13, 123] B=[38, 83, 52] kills=[('B', 1, 47)] [0.2s]
      blk1 |S|=47 offs=[-94, -92, -90, -88, -86, -84, -82, -80, -78, -76, -74, -72, -70, -68, -66, -64, -62, -60, -58, -56, -54, -52, -50, -48, -46, -44, -42, -40, -38, -36, -34, -32, -24, -22, -16, -6, 4, 6, 8, 10, 12, 16, 22, 26, 30, 42, 48]
[290] sizes A=[42, 13, 123] B=[38, 83, 52] kills=[('B', 1, 46)] [0.1s]
      blk1 |S|=46 offs=[-94, -92, -90, -88, -86, -84, -82, -80, -78, -76, -74, -72, -70, -68, -66, -64, -62, -60, -58, -56, -54, -52, -50, -48, -46, -44, -42, -40, -38, -36, -34, -32, -24, -22, -16, -6, 4, 6, 8, 10, 16, 22, 26, 30, 48, 76]
[291] sizes A=[42, 13, 123] B=[38, 83, 52] kills=[('B', 1, 46)] [0.2s]
      blk1 |S|=46 offs=[-94, -92, -90, -88, -86, -84, -82, -80, -78, -76, -74, -72, -70, -68, -66, -64, -62, -60, -58, -56, -54, -52, -50, -48, -46, -44, -42, -40, -38, -36, -34, -32, -24, -22, -16, -6, 4, 6, 8, 10, 16, 22, 26, 30, 44, 48]
[292] sizes A=[42, 13, 123] B=[38, 83, 52] kills=[('B', 1, 46)] [0.2s]
      blk1 |S|=46 offs=[-94, -92, -90, -88, -86, -84, -82, -80, -78, -76, -74, -72, -70, -68, -66, -64, -62, -60, -58, -56, -54, -52, -50, -48, -46, -44, -42, -40, -38, -36, -34, -32, -24, -22, -16, -6, 4, 6, 8, 10, 16, 22, 26, 48, 76, 78]
[293] sizes A=[42, 13, 123] B=[38, 83, 52] kills=[('B', 1, 46)] [0.2s]
      blk1 |S|=46 offs=[-94, -92, -90, -88, -86, -84, -82, -80, -78, -76, -74, -72, -70, -68, -66, -64, -62, -60, -58, -56, -54, -52, -50, -48, -46, -44, -42, -40, -38, -36, -34, -32, -24, -22, -16, -6, 4, 6, 8, 10, 16, 22, 26, 46, 48, 76]
[294] sizes A=[42, 13, 123] B=[38, 83, 52] kills=[('B', 1, 50)] [0.1s]
      blk1 |S|=50 offs=[-94, -92, -90, -88, -86, -84, -82, -80, -78, -76, -74, -72, -70, -68, -66, -64, -62, -60, -58, -56, -54, -52, -50, -48, -46, -44, -42, -40, -38, -36, -34, -32, -24, -22, -16, -6, 4, 6, 8, 10, 16, 22, 26, 34, 36, 44, 46, 48, 52, 70]
[295] sizes A=[42, 13, 122] B=[38, 83, 53] kills=[('B', 1, 51)] [0.2s]
      blk1 |S|=51 offs=[-94, -92, -90, -88, -86, -84, -82, -80, -78, -76, -74, -72, -70, -68, -66, -64, -62, -60, -58, -56, -54, -52, -50, -48, -46, -44, -42, -40, -38, -36, -34, -32, -24, -22, -16, -6, 4, 6, 8, 10, 16, 22, 26, 34, 44, 46, 48, 52, 54, 60, 70]
[296] sizes A=[42, 13, 122] B=[38, 83, 53] kills=[('B', 1, 47)] [0.2s]
      blk1 |S|=47 offs=[-94, -92, -90, -88, -86, -84, -82, -80, -78, -76, -74, -72, -70, -68, -66, -64, -62, -60, -58, -56, -54, -52, -50, -48, -46, -44, -42, -40, -38, -36, -34, -32, -24, -22, -16, -6, 4, 6, 8, 10, 16, 22, 24, 26, 44, 46, 48]
[297] sizes A=[42, 13, 122] B=[38, 83, 53] kills=[('B', 1, 48)] [0.1s]
      blk1 |S|=48 offs=[-94, -92, -90, -88, -86, -84, -82, -80, -78, -76, -74, -72, -70, -68, -66, -64, -62, -60, -58, -56, -54, -52, -50, -48, -46, -44, -42, -40, -38, -36, -34, -32, -24, -22, -16, -6, 4, 6, 8, 10, 16, 22, 26, 42, 44, 46, 48, 60]
[298] sizes A=[42, 13, 122] B=[38, 83, 53] kills=[('B', 1, 47)] [0.2s]
      blk1 |S|=47 offs=[-94, -92, -90, -88, -86, -84, -82, -80, -78, -76, -74, -72, -70, -68, -66, -64, -62, -60, -58, -56, -54, -52, -50, -48, -46, -44, -42, -40, -38, -36, -34, -32, -24, -22, -16, -6, 4, 6, 8, 10, 16, 22, 26, 42, 44, 46, 48]
[299] sizes A=[42, 13, 122] B=[38, 83, 53] kills=[('B', 1, 47)] [0.1s]
      blk1 |S|=47 offs=[-94, -92, -90, -88, -86, -84, -82, -80, -78, -76, -74, -72, -70, -68, -66, -64, -62, -60, -58, -56, -54, -52, -50, -48, -46, -44, -42, -40, -38, -36, -34, -32, -24, -22, -16, -6, 4, 6, 8, 10, 12, 16, 22, 26, 44, 46, 48]
[300] sizes A=[42, 13, 123] B=[38, 83, 52] kills=[('B', 1, 46)] [0.2s]
      blk1 |S|=46 offs=[-94, -92, -90, -88, -86, -84, -82, -80, -78, -76, -74, -72, -70, -68, -66, -64, -62, -60, -58, -56, -54, -52, -50, -48, -46, -44, -42, -40, -38, -36, -34, -32, -24, -22, -16, -6, 4, 6, 8, 10, 12, 16, 22, 26, 46, 48]
[301] sizes A=[42, 13, 124] B=[38, 83, 51] kills=[('B', 1, 47)] [0.1s]
      blk1 |S|=47 offs=[-94, -92, -90, -88, -86, -84, -82, -80, -78, -76, -74, -72, -70, -68, -66, -64, -62, -60, -58, -56, -54, -52, -50, -48, -46, -44, -42, -40, -38, -36, -34, -32, -24, -22, -16, -6, 4, 6, 8, 10, 12, 16, 22, 26, 34, 46, 70]
[302] sizes A=[42, 13, 124] B=[38, 83, 51] kills=[('B', 1, 46)] [0.2s]
      blk1 |S|=46 offs=[-94, -92, -90, -88, -86, -84, -82, -80, -78, -76, -74, -72, -70, -68, -66, -64, -62, -60, -58, -56, -54, -52, -50, -48, -46, -44, -42, -40, -38, -36, -34, -32, -24, -22, -16, -6, 4, 6, 8, 10, 12, 16, 22, 26, 42, 46]
[303] sizes A=[42, 13, 123] B=[38, 83, 52] kills=[('B', 1, 46)] [0.1s]
      blk1 |S|=46 offs=[-94, -92, -90, -88, -86, -84, -82, -80, -78, -76, -74, -72, -70, -68, -66, -64, -62, -60, -58, -56, -54, -52, -50, -48, -46, -44, -42, -40, -38, -36, -34, -32, -24, -22, -16, -6, 4, 6, 8, 10, 16, 22, 26, 46, 60, 76]
[304] sizes A=[42, 13, 123] B=[38, 83, 52] kills=[('B', 1, 46)] [0.1s]
      blk1 |S|=46 offs=[-94, -92, -90, -88, -86, -84, -82, -80, -78, -76, -74, -72, -70, -68, -66, -64, -62, -60, -58, -56, -54, -52, -50, -48, -46, -44, -42, -40, -38, -36, -34, -32, -24, -22, -16, -6, 4, 6, 8, 10, 16, 22, 24, 26, 46, 76]
[305] sizes A=[42, 13, 123] B=[38, 83, 52] kills=[('B', 1, 45)] [0.2s]
      blk1 |S|=45 offs=[-94, -92, -90, -88, -86, -84, -82, -80, -78, -76, -74, -72, -70, -68, -66, -64, -62, -60, -58, -56, -54, -52, -50, -48, -46, -44, -42, -40, -38, -36, -34, -32, -24, -22, -16, -6, 4, 6, 8, 10, 16, 22, 26, 46, 76]
[306] sizes A=[42, 13, 123] B=[38, 83, 52] kills=[('B', 1, 45)] [0.1s]
      blk1 |S|=45 offs=[-94, -92, -90, -88, -86, -84, -82, -80, -78, -76, -74, -72, -70, -68, -66, -64, -62, -60, -58, -56, -54, -52, -50, -48, -46, -44, -42, -40, -38, -36, -34, -32, -24, -22, -16, -6, 4, 6, 8, 10, 16, 22, 26, 44, 46]
[307] sizes A=[42, 12, 124] B=[38, 84, 51] kills=[('B', 1, 50)] [0.2s]
      blk1 |S|=50 offs=[-94, -92, -90, -88, -86, -84, -82, -80, -78, -76, -74, -72, -70, -68, -66, -64, -62, -60, -58, -56, -54, -52, -50, -48, -46, -44, -42, -40, -38, -36, -34, -32, -30, -24, -22, -16, -6, 4, 6, 8, 10, 12, 16, 22, 26, 36, 46, 52, 54, 70]
[308] sizes A=[42, 12, 125] B=[38, 84, 50] kills=[('B', 1, 49)] [0.2s]
      blk1 |S|=49 offs=[-94, -92, -90, -88, -86, -84, -82, -80, -78, -76, -74, -72, -70, -68, -66, -64, -62, -60, -58, -56, -54, -52, -50, -48, -46, -44, -42, -40, -38, -36, -34, -32, -30, -24, -22, -16, -6, 4, 6, 8, 10, 12, 16, 22, 26, 36, 46, 52, 70]
[309] sizes A=[42, 12, 125] B=[38, 84, 50] kills=[('B', 1, 49)] [0.2s]
      blk1 |S|=49 offs=[-94, -92, -90, -88, -86, -84, -82, -80, -78, -76, -74, -72, -70, -68, -66, -64, -62, -60, -58, -56, -54, -52, -50, -48, -46, -44, -42, -40, -38, -36, -34, -32, -30, -24, -22, -16, -6, 4, 6, 8, 10, 12, 16, 22, 26, 46, 52, 54, 70]
[310] sizes A=[42, 12, 125] B=[38, 84, 50] kills=[('B', 1, 48)] [0.2s]
      blk1 |S|=48 offs=[-94, -92, -90, -88, -86, -84, -82, -80, -78, -76, -74, -72, -70, -68, -66, -64, -62, -60, -58, -56, -54, -52, -50, -48, -46, -44, -42, -40, -38, -36, -34, -32, -30, -24, -22, -16, -6, 4, 6, 8, 10, 12, 16, 22, 26, 46, 52, 70]
[311] sizes A=[42, 12, 125] B=[38, 84, 50] kills=[('B', 1, 46)] [0.1s]
      blk1 |S|=46 offs=[-94, -92, -90, -88, -86, -84, -82, -80, -78, -76, -74, -72, -70, -68, -66, -64, -62, -60, -58, -56, -54, -52, -50, -48, -46, -44, -42, -40, -38, -36, -34, -32, -30, -24, -22, -16, -6, 4, 6, 8, 10, 12, 16, 22, 26, 30]
[312] sizes A=[42, 12, 125] B=[38, 84, 50] kills=[('B', 1, 47)] [0.2s]
      blk1 |S|=47 offs=[-94, -92, -90, -88, -86, -84, -82, -80, -78, -76, -74, -72, -70, -68, -66, -64, -62, -60, -58, -56, -54, -52, -50, -48, -46, -44, -42, -40, -38, -36, -34, -32, -30, -24, -22, -16, -6, 4, 6, 8, 10, 12, 16, 22, 26, 70, 78]
[313] sizes A=[42, 12, 124] B=[38, 84, 51] kills=[('B', 1, 46)] [0.2s]
      blk1 |S|=46 offs=[-94, -92, -90, -88, -86, -84, -82, -80, -78, -76, -74, -72, -70, -68, -66, -64, -62, -60, -58, -56, -54, -52, -50, -48, -46, -44, -42, -40, -38, -36, -34, -32, -30, -24, -22, -16, -6, 4, 6, 8, 10, 16, 22, 26, 76, 78]
[314] sizes A=[42, 12, 124] B=[38, 84, 51] kills=[('B', 1, 47)] [0.2s]
      blk1 |S|=47 offs=[-94, -92, -90, -88, -86, -84, -82, -80, -78, -76, -74, -72, -70, -68, -66, -64, -62, -60, -58, -56, -54, -52, -50, -48, -46, -44, -42, -40, -38, -36, -34, -32, -30, -24, -22, -16, -6, 4, 6, 8, 10, 16, 22, 24, 26, 30, 76]
[315] sizes A=[42, 12, 124] B=[38, 84, 51] kills=[('B', 1, 46)] [0.2s]
      blk1 |S|=46 offs=[-94, -92, -90, -88, -86, -84, -82, -80, -78, -76, -74, -72, -70, -68, -66, -64, -62, -60, -58, -56, -54, -52, -50, -48, -46, -44, -42, -40, -38, -36, -34, -32, -30, -24, -22, -16, -6, 4, 6, 8, 10, 16, 22, 26, 30, 76]
[316] sizes A=[42, 12, 124] B=[38, 84, 51] kills=[('B', 1, 46)] [0.2s]
      blk1 |S|=46 offs=[-94, -92, -90, -88, -86, -84, -82, -80, -78, -76, -74, -72, -70, -68, -66, -64, -62, -60, -58, -56, -54, -52, -50, -48, -46, -44, -42, -40, -38, -36, -34, -32, -30, -24, -22, -16, -6, 4, 6, 8, 10, 16, 22, 26, 30, 44]
[317] sizes A=[42, 13, 123] B=[38, 83, 52] kills=[('B', 1, 45)] [0.1s]
      blk1 |S|=45 offs=[-94, -92, -90, -88, -86, -84, -82, -80, -78, -76, -74, -72, -70, -68, -66, -64, -62, -60, -58, -56, -54, -52, -50, -48, -46, -44, -42, -40, -38, -36, -34, -32, -24, -22, -16, -6, 4, 6, 8, 10, 16, 22, 26, 30, 76]
[318] sizes A=[42, 13, 123] B=[38, 83, 52] kills=[('B', 1, 45)] [0.2s]
      blk1 |S|=45 offs=[-94, -92, -90, -88, -86, -84, -82, -80, -78, -76, -74, -72, -70, -68, -66, -64, -62, -60, -58, -56, -54, -52, -50, -48, -46, -44, -42, -40, -38, -36, -34, -32, -24, -22, -16, -6, 4, 6, 8, 10, 16, 22, 26, 30, 44]
[319] sizes A=[42, 13, 123] B=[38, 83, 52] kills=[('B', 1, 44)] [0.2s]
      blk1 |S|=44 offs=[-94, -92, -90, -88, -86, -84, -82, -80, -78, -76, -74, -72, -70, -68, -66, -64, -62, -60, -58, -56, -54, -52, -50, -48, -46, -44, -42, -40, -38, -36, -34, -32, -24, -22, -16, -6, 4, 6, 8, 10, 16, 22, 26, 76]
[320] sizes A=[42, 13, 123] B=[38, 83, 52] kills=[('B', 1, 44)] [0.2s]
      blk1 |S|=44 offs=[-94, -92, -90, -88, -86, -84, -82, -80, -78, -76, -74, -72, -70, -68, -66, -64, -62, -60, -58, -56, -54, -52, -50, -48, -46, -44, -42, -40, -38, -36, -34, -32, -24, -22, -16, -6, 4, 6, 8, 10, 12, 16, 22, 26]
[321] sizes A=[42, 14, 121] B=[38, 82, 54] kills=[('B', 1, 43)] [0.2s]
      blk1 |S|=43 offs=[-94, -92, -90, -88, -86, -84, -82, -80, -78, -76, -74, -72, -70, -68, -66, -64, -62, -60, -58, -56, -54, -52, -50, -48, -46, -44, -42, -40, -38, -36, -34, -32, -24, -16, -6, 4, 6, 8, 10, 16, 22, 26, 76]
[322] sizes A=[42, 14, 121] B=[38, 82, 54] kills=[('B', 1, 44)] [0.1s]
      blk1 |S|=44 offs=[-94, -92, -90, -88, -86, -84, -82, -80, -78, -76, -74, -72, -70, -68, -66, -64, -62, -60, -58, -56, -54, -52, -50, -48, -46, -44, -42, -40, -38, -36, -34, -32, -24, -16, -6, 4, 6, 8, 10, 16, 22, 26, 30, 44]
[323] sizes A=[42, 14, 121] B=[38, 82, 54] kills=[('B', 1, 44)] [0.1s]
      blk1 |S|=44 offs=[-94, -92, -90, -88, -86, -84, -82, -80, -78, -76, -74, -72, -70, -68, -66, -64, -62, -60, -58, -56, -54, -52, -50, -48, -46, -44, -42, -40, -38, -36, -34, -32, -24, -16, -6, 4, 6, 8, 10, 12, 16, 22, 26, 30]
[324] sizes A=[42, 14, 121] B=[38, 82, 54] kills=[('B', 1, 43)] [0.2s]
      blk1 |S|=43 offs=[-94, -92, -90, -88, -86, -84, -82, -80, -78, -76, -74, -72, -70, -68, -66, -64, -62, -60, -58, -56, -54, -52, -50, -48, -46, -44, -42, -40, -38, -36, -34, -32, -24, -16, -6, 4, 6, 8, 10, 12, 16, 22, 26]
[325] sizes A=[42, 14, 121] B=[38, 82, 54] kills=[('B', 1, 48)] [0.2s]
      blk1 |S|=48 offs=[-94, -92, -90, -88, -86, -84, -82, -80, -78, -76, -74, -72, -70, -68, -66, -64, -62, -60, -58, -56, -54, -52, -50, -48, -44, -42, -40, -38, -36, -34, -32, -24, -16, -6, 4, 6, 8, 10, 16, 22, 26, 32, 34, 36, 44, 46, 52, 70]
[326] sizes A=[42, 14, 121] B=[38, 82, 54] kills=[('B', 1, 44)] [0.2s]
      blk1 |S|=44 offs=[-94, -92, -90, -88, -86, -84, -82, -80, -78, -76, -74, -72, -70, -68, -66, -64, -62, -60, -58, -56, -54, -52, -50, -48, -46, -44, -42, -40, -38, -36, -34, -32, -24, -16, -6, 4, 6, 8, 10, 16, 22, 26, 44, 46]
[327] sizes A=[42, 14, 122] B=[38, 82, 53] kills=[('B', 1, 43)] [0.1s]
      blk1 |S|=43 offs=[-94, -92, -90, -88, -86, -84, -82, -80, -78, -76, -74, -72, -70, -68, -66, -64, -62, -60, -58, -56, -54, -52, -50, -48, -46, -44, -42, -40, -38, -36, -34, -32, -24, -16, -6, 4, 6, 8, 10, 16, 22, 46, 76]
[328] sizes A=[42, 14, 122] B=[38, 82, 53] kills=[('B', 1, 43)] [0.2s]
      blk1 |S|=43 offs=[-94, -92, -90, -88, -86, -84, -82, -80, -78, -76, -74, -72, -70, -68, -66, -64, -62, -60, -58, -56, -54, -52, -50, -48, -46, -44, -42, -40, -38, -36, -34, -32, -24, -16, -6, 4, 6, 8, 10, 16, 22, 30, 76]
[329] sizes A=[42, 13, 123] B=[38, 83, 52] kills=[('B', 1, 44)] [0.2s]
      blk1 |S|=44 offs=[-94, -92, -90, -88, -86, -84, -82, -80, -78, -76, -74, -72, -70, -68, -66, -64, -62, -60, -58, -56, -54, -52, -50, -48, -46, -44, -42, -40, -38, -36, -34, -32, -24, -18, -16, -6, 4, 6, 8, 10, 16, 22, 52, 76]
[330] sizes A=[42, 13, 123] B=[38, 83, 52] kills=[('B', 1, 25)] [0.2s]
      blk1 |S|=25 offs=[-92, -90, -84, -82, -76, -74, -70, -66, -58, -50, -44, -42, -40, -38, -34, -32, -24, -22, -6, 4, 6, 8, 10, 22, 34]
[331] sizes A=[42, 12, 124] B=[38, 84, 51] kills=[('B', 1, 44)] [0.2s]
      blk1 |S|=44 offs=[-94, -92, -90, -88, -86, -84, -82, -80, -78, -76, -74, -72, -70, -68, -66, -64, -62, -60, -58, -56, -54, -52, -50, -48, -46, -44, -42, -40, -38, -36, -34, -32, -30, -24, -22, -16, -6, 4, 6, 8, 10, 16, 22, 76]
[332] sizes A=[42, 14, 122] B=[38, 82, 53] kills=[('B', 1, 48)] [0.2s]
      blk1 |S|=48 offs=[-94, -92, -90, -88, -86, -84, -82, -80, -78, -76, -74, -72, -70, -68, -66, -64, -62, -60, -58, -56, -54, -52, -50, -48, -46, -44, -42, -40, -38, -36, -34, -32, -24, -16, -6, 4, 6, 8, 10, 12, 16, 22, 30, 34, 38, 50, 52, 70]
[333] sizes A=[42, 14, 122] B=[38, 82, 53] kills=[('B', 1, 49)] [0.2s]
      blk1 |S|=49 offs=[-94, -92, -90, -88, -86, -84, -82, -80, -78, -76, -74, -72, -70, -68, -66, -64, -62, -60, -58, -56, -54, -52, -50, -48, -46, -44, -42, -40, -38, -36, -34, -32, -24, -16, -6, 4, 6, 8, 10, 12, 16, 22, 30, 34, 36, 50, 52, 58, 70]
[334] sizes A=[42, 14, 122] B=[38, 82, 53] kills=[('B', 1, 48)] [0.1s]
      blk1 |S|=48 offs=[-94, -92, -90, -88, -86, -84, -82, -80, -78, -76, -74, -72, -70, -68, -66, -64, -62, -60, -58, -56, -54, -52, -50, -48, -46, -44, -42, -40, -38, -36, -34, -32, -24, -16, -6, 4, 6, 8, 10, 12, 16, 22, 30, 34, 36, 50, 52, 70]
[335] sizes A=[42, 14, 123] B=[38, 82, 52] kills=[('B', 1, 37), ('B', 1, 33)] [0.3s]
      blk1 |S|=37 offs=[-94, -92, -90, -88, -86, -84, -82, -80, -76, -74, -72, -70, -68, -66, -64, -62, -60, -58, -56, -54, -52, -50, -46, -44, -42, -40, -34, -32, -24, -16, -6, 4, 6, 8, 12, 16, 34]
      blk1 |S|=33 offs=[-92, -90, -86, -84, -80, -76, -74, -72, -70, -68, -66, -64, -62, -60, -58, -56, -54, -52, -50, -46, -44, -42, -40, -34, -32, -16, -6, 4, 6, 8, 12, 22, 34]
[336] sizes A=[42, 13, 124] B=[38, 83, 51] kills=[('B', 1, 44)] [0.2s]
      blk1 |S|=44 offs=[-94, -92, -90, -88, -86, -84, -82, -80, -78, -76, -74, -72, -70, -68, -66, -64, -62, -60, -58, -56, -54, -52, -50, -48, -46, -44, -42, -40, -38, -36, -34, -32, -30, -24, -16, -6, 4, 6, 8, 10, 12, 16, 22, 30]
[337] sizes A=[42, 12, 125] B=[38, 84, 50] kills=[('B', 1, 47)] [0.2s]
      blk1 |S|=47 offs=[-94, -92, -90, -88, -86, -84, -82, -80, -78, -76, -74, -72, -70, -68, -66, -64, -62, -60, -58, -56, -54, -52, -50, -48, -46, -44, -42, -40, -38, -36, -34, -32, -30, -24, -18, -16, -6, 4, 6, 8, 10, 12, 16, 22, 36, 50, 70]
[338] sizes A=[42, 12, 126] B=[38, 84, 49] kills=[('B', 1, 46)] [0.1s]
      blk1 |S|=46 offs=[-94, -92, -90, -88, -86, -84, -82, -80, -78, -76, -74, -72, -70, -68, -66, -64, -62, -60, -58, -56, -54, -52, -50, -48, -46, -44, -42, -40, -38, -36, -34, -32, -30, -24, -18, -16, -6, 4, 6, 8, 10, 12, 16, 22, 50, 70]
[339] sizes A=[42, 12, 126] B=[38, 84, 49] kills=[('B', 1, 45)] [0.2s]
      blk1 |S|=45 offs=[-94, -92, -90, -88, -86, -84, -82, -80, -78, -76, -74, -72, -70, -68, -66, -64, -62, -60, -58, -56, -54, -52, -50, -48, -46, -44, -42, -40, -38, -36, -34, -32, -30, -24, -18, -16, -6, 4, 6, 8, 10, 12, 16, 22, 42]
[340] sizes A=[42, 11, 127] B=[38, 85, 48] kills=[('B', 1, 46)] [0.2s]
      blk1 |S|=46 offs=[-94, -92, -90, -88, -86, -84, -82, -80, -78, -76, -74, -72, -70, -68, -66, -64, -62, -60, -58, -56, -54, -52, -50, -48, -46, -44, -42, -40, -38, -36, -34, -32, -30, -24, -22, -18, -16, -6, 4, 6, 8, 10, 12, 16, 22, 70]
[341] sizes A=[42, 12, 125] B=[38, 84, 50] kills=[('B', 1, 47)] [0.2s]
      blk1 |S|=47 offs=[-94, -92, -90, -88, -86, -84, -82, -80, -78, -76, -74, -72, -70, -68, -66, -64, -62, -60, -58, -56, -54, -52, -50, -48, -46, -44, -42, -40, -38, -36, -34, -32, -30, -24, -22, -16, -6, 4, 6, 8, 10, 12, 16, 22, 54, 70, 78]
[342] sizes A=[42, 12, 125] B=[38, 84, 50] kills=[('B', 1, 45)] [0.2s]
      blk1 |S|=45 offs=[-94, -92, -90, -88, -86, -84, -82, -80, -78, -76, -74, -72, -70, -68, -66, -64, -62, -60, -58, -56, -54, -52, -50, -48, -46, -44, -42, -40, -38, -36, -34, -32, -30, -24, -22, -16, -6, 4, 6, 8, 10, 12, 16, 22, 78]
[343] sizes A=[42, 13, 124] B=[38, 83, 51] kills=[('B', 1, 44)] [0.2s]
      blk1 |S|=44 offs=[-94, -92, -90, -88, -86, -84, -82, -80, -78, -76, -74, -72, -70, -68, -66, -64, -62, -60, -58, -56, -54, -52, -50, -48, -46, -44, -42, -40, -38, -36, -34, -32, -30, -24, -16, -6, 4, 6, 8, 10, 12, 16, 22, 46]
[344] sizes A=[42, 13, 124] B=[38, 83, 51] kills=[('B', 1, 44)] [0.2s]
      blk1 |S|=44 offs=[-94, -92, -90, -88, -86, -84, -82, -80, -78, -76, -74, -72, -70, -68, -66, -64, -62, -60, -58, -56, -54, -52, -50, -48, -46, -44, -42, -40, -38, -36, -34, -32, -30, -24, -16, -6, 4, 6, 8, 10, 16, 22, 30, 44]
[345] sizes A=[42, 12, 125] B=[38, 84, 50] kills=[('B', 1, 45)] [0.2s]
      blk1 |S|=45 offs=[-94, -92, -90, -88, -86, -84, -82, -80, -78, -76, -74, -72, -70, -68, -66, -64, -62, -60, -58, -56, -54, -52, -50, -48, -46, -44, -42, -40, -38, -36, -34, -32, -30, -24, -18, -16, -6, 4, 6, 8, 10, 16, 22, 44, 52]
[346] sizes A=[42, 13, 124] B=[38, 83, 51] kills=[('B', 1, 44)] [0.2s]
      blk1 |S|=44 offs=[-94, -92, -90, -88, -86, -84, -82, -80, -78, -76, -74, -72, -70, -68, -66, -64, -62, -60, -58, -56, -54, -52, -50, -48, -46, -44, -42, -40, -38, -36, -34, -32, -30, -24, -16, -6, 4, 6, 8, 10, 16, 22, 44, 46]
[347] sizes A=[42, 14, 123] B=[38, 82, 52] kills=[('B', 1, 48)] [0.1s]
      blk1 |S|=48 offs=[-94, -92, -90, -88, -86, -84, -82, -80, -78, -76, -74, -72, -70, -68, -66, -64, -62, -60, -58, -56, -54, -52, -50, -48, -46, -44, -42, -40, -38, -36, -34, -32, -24, -16, -6, 4, 6, 8, 10, 16, 22, 30, 34, 36, 44, 50, 52, 70]
[348] sizes A=[42, 14, 122] B=[38, 82, 53] kills=[('B', 1, 49)] [0.2s]
      blk1 |S|=49 offs=[-94, -92, -90, -88, -86, -84, -82, -80, -78, -76, -74, -72, -70, -68, -66, -64, -62, -60, -58, -56, -54, -52, -50, -48, -46, -44, -42, -40, -38, -36, -34, -32, -24, -16, -6, 4, 6, 8, 10, 16, 22, 30, 34, 38, 44, 50, 52, 60, 70]
[349] sizes A=[42, 14, 122] B=[38, 82, 53] kills=[('B', 1, 49)] [0.1s]
      blk1 |S|=49 offs=[-94, -92, -90, -88, -86, -84, -82, -80, -78, -76, -74, -72, -70, -68, -66, -64, -62, -60, -58, -56, -54, -52, -50, -48, -46, -44, -42, -40, -38, -36, -34, -32, -24, -16, -6, 4, 6, 8, 10, 16, 22, 30, 34, 44, 50, 52, 58, 60, 70]
[350] sizes A=[42, 14, 122] B=[38, 82, 53] kills=[('B', 1, 48)] [0.2s]
      blk1 |S|=48 offs=[-94, -92, -90, -88, -86, -84, -82, -80, -78, -76, -74, -72, -70, -68, -66, -64, -62, -60, -58, -56, -54, -52, -50, -48, -46, -44, -42, -40, -38, -36, -34, -32, -24, -16, -6, 4, 6, 8, 10, 16, 22, 24, 30, 34, 38, 50, 52, 70]
[351] sizes A=[42, 14, 122] B=[38, 82, 53] kills=[('B', 1, 49)] [0.1s]
      blk1 |S|=49 offs=[-94, -92, -90, -88, -86, -84, -82, -80, -78, -76, -74, -72, -70, -68, -66, -64, -62, -60, -58, -56, -54, -52, -50, -48, -46, -44, -42, -40, -38, -36, -34, -32, -24, -16, -6, 4, 6, 8, 10, 16, 22, 24, 30, 34, 44, 50, 52, 58, 70]
[352] sizes A=[42, 14, 122] B=[38, 82, 53] kills=[('B', 1, 48)] [0.2s]
      blk1 |S|=48 offs=[-94, -92, -90, -88, -86, -84, -82, -80, -78, -76, -74, -72, -70, -68, -66, -64, -62, -60, -58, -56, -54, -52, -50, -48, -46, -44, -42, -40, -38, -36, -34, -32, -24, -16, -6, 4, 6, 8, 10, 16, 22, 24, 30, 34, 44, 50, 52, 70]
[353] sizes A=[42, 14, 122] B=[38, 82, 53] kills=[('B', 1, 45)] [0.1s]
      blk1 |S|=45 offs=[-94, -92, -90, -88, -86, -84, -82, -80, -78, -76, -74, -72, -70, -68, -66, -64, -62, -60, -58, -56, -54, -52, -50, -48, -46, -44, -42, -40, -38, -36, -34, -32, -24, -16, -6, 4, 6, 8, 10, 16, 22, 30, 42, 44, 60]
[354] sizes A=[42, 14, 122] B=[38, 82, 53] kills=[('B', 1, 36)] [0.2s]
      blk1 |S|=36 offs=[-92, -90, -88, -84, -82, -78, -74, -72, -70, -66, -64, -62, -58, -52, -50, -46, -44, -42, -38, -36, -34, -32, -24, -16, -6, 4, 6, 8, 10, 16, 22, 24, 30, 34, 42, 50]
[355] sizes A=[42, 14, 122] B=[38, 82, 53] kills=[('B', 1, 37)] [0.2s]
      blk1 |S|=37 offs=[-94, -92, -90, -88, -86, -84, -82, -78, -74, -72, -70, -66, -64, -62, -58, -52, -50, -46, -44, -42, -38, -34, -32, -24, -16, -6, 4, 6, 8, 10, 16, 22, 30, 34, 42, 50, 52]
[356] sizes A=[42, 13, 123] B=[38, 83, 52] kills=[('B', 1, 48)] [0.1s]
      blk1 |S|=48 offs=[-94, -92, -90, -88, -86, -84, -82, -80, -78, -76, -74, -72, -70, -68, -66, -64, -62, -60, -58, -56, -54, -52, -50, -48, -46, -44, -42, -40, -38, -36, -34, -32, -24, -18, -16, -6, 4, 6, 8, 10, 16, 22, 34, 36, 44, 50, 52, 70]
[357] sizes A=[42, 13, 123] B=[38, 83, 52] kills=[('B', 1, 46)] [0.2s]
      blk1 |S|=46 offs=[-94, -92, -90, -88, -86, -84, -82, -80, -78, -76, -74, -72, -70, -68, -66, -64, -62, -60, -58, -56, -54, -52, -50, -48, -46, -44, -42, -40, -38, -36, -34, -32, -24, -18, -16, -6, 4, 6, 8, 10, 16, 22, 24, 38, 44, 52]
[358] sizes A=[42, 13, 123] B=[38, 83, 52] kills=[('B', 1, 46)] [0.1s]
      blk1 |S|=46 offs=[-94, -92, -90, -88, -86, -84, -82, -80, -78, -76, -74, -72, -70, -68, -66, -64, -62, -60, -58, -56, -54, -52, -50, -48, -46, -44, -42, -40, -38, -36, -34, -32, -24, -18, -16, -6, 4, 6, 8, 10, 16, 22, 24, 34, 44, 58]
[359] sizes A=[42, 13, 123] B=[38, 83, 52] kills=[('B', 1, 45)] [0.2s]
      blk1 |S|=45 offs=[-94, -92, -90, -88, -86, -84, -82, -80, -78, -76, -74, -72, -70, -68, -66, -64, -62, -60, -58, -56, -54, -52, -50, -48, -46, -44, -42, -40, -38, -36, -34, -32, -24, -18, -16, -6, 4, 6, 8, 10, 16, 22, 24, 34, 44]
[360] sizes A=[42, 13, 123] B=[38, 83, 52] kills=[('B', 1, 45)] [0.2s]
      blk1 |S|=45 offs=[-94, -92, -90, -88, -86, -84, -82, -80, -78, -76, -74, -72, -70, -68, -66, -64, -62, -60, -58, -56, -54, -52, -50, -48, -46, -44, -42, -40, -38, -36, -34, -32, -24, -18, -16, -6, 4, 6, 8, 10, 16, 22, 42, 44, 52]
[361] sizes A=[42, 14, 122] B=[38, 82, 53] kills=[('B', 1, 47)] [0.2s]
      blk1 |S|=47 offs=[-94, -92, -90, -88, -86, -84, -82, -80, -78, -76, -74, -72, -70, -68, -66, -64, -62, -60, -58, -56, -54, -52, -50, -48, -46, -44, -42, -40, -38, -36, -34, -32, -24, -16, -6, 4, 6, 8, 10, 16, 22, 34, 44, 46, 50, 52, 70]
[362] sizes A=[42, 14, 122] B=[38, 82, 53] kills=[('B', 1, 34)] [0.2s]
      blk1 |S|=34 offs=[-94, -92, -90, -88, -86, -84, -82, -78, -74, -72, -70, -66, -64, -62, -58, -52, -50, -46, -44, -42, -38, -34, -32, -24, -16, -6, 4, 6, 8, 10, 22, 34, 50, 52]
[363] sizes A=[42, 14, 122] B=[38, 82, 53] kills=[('A', 1, 15), ('A', 1, 13), ('A', 1, 13), ('B', 1, 49)] [0.2s]
      blk1 |S|=15 offs=[-30, -28, -26, -20, -16, -14, -12, -10, -4, -2, 0, 2, 12, 20, 24]
      blk1 |S|=13 offs=[-30, -28, -26, -22, -20, -16, -14, -12, -10, -4, -2, 2, 12]
      blk1 |S|=13 offs=[-30, -26, -20, -16, -14, -12, -10, -8, -4, -2, 0, 2, 12]
      blk1 |S|=49 offs=[-94, -92, -90, -88, -86, -84, -82, -80, -78, -76, -74, -72, -70, -68, -66, -64, -62, -60, -58, -56, -54, -52, -50, -48, -46, -44, -42, -40, -38, -36, -34, -32, -24, -18, -6, 4, 6, 8, 10, 14, 16, 22, 34, 36, 42, 44, 46, 52, 68]
[364] sizes A=[42, 13, 122] B=[38, 83, 53] kills=[('A', 1, 10), ('A', 1, 11), ('A', 1, 12), ('A', 1, 12), ('B', 1, 49)] [0.2s]
      blk1 |S|=10 offs=[-30, -16, -14, -12, -10, -8, -4, -2, 2, 12]
      blk1 |S|=11 offs=[-28, -22, -16, -12, -10, -8, -4, -2, 0, 2, 12]
      blk1 |S|=12 offs=[-30, -28, -22, -16, -14, -12, -10, -8, -4, -2, 2, 12]
      blk1 |S|=12 offs=[-30, -20, -16, -14, -12, -10, -4, -2, 0, 2, 12, 30]
      blk1 |S|=49 offs=[-94, -92, -90, -88, -86, -84, -82, -80, -78, -76, -74, -72, -70, -68, -66, -64, -62, -60, -58, -56, -54, -52, -50, -48, -46, -44, -42, -40, -38, -36, -34, -32, -26, -24, -18, -6, 4, 6, 8, 10, 14, 16, 22, 36, 40, 42, 44, 46, 52]
[365] sizes A=[42, 11, 124] B=[38, 85, 51] kills=[('A', 1, 10), ('B', 1, 48)] [0.2s]
      blk1 |S|=10 offs=[-28, -20, -16, -12, -8, -4, -2, 0, 2, 12]
      blk1 |S|=48 offs=[-94, -92, -90, -88, -86, -84, -82, -80, -78, -76, -74, -72, -70, -68, -66, -64, -62, -60, -58, -56, -54, -52, -50, -48, -46, -44, -42, -40, -38, -36, -34, -32, -30, -26, -24, -22, -18, -6, 4, 6, 8, 10, 16, 22, 40, 42, 44, 46]
[366] sizes A=[42, 11, 124] B=[38, 85, 51] kills=[('B', 1, 49)] [0.2s]
      blk1 |S|=49 offs=[-94, -92, -90, -88, -86, -84, -82, -80, -78, -76, -74, -72, -70, -68, -66, -64, -62, -60, -58, -56, -54, -52, -50, -48, -46, -44, -42, -40, -38, -36, -34, -32, -30, -26, -24, -22, -20, -6, 4, 6, 8, 10, 16, 22, 40, 42, 44, 46, 52]
[367] sizes A=[42, 11, 124] B=[38, 85, 51] kills=[('B', 1, 48)] [0.2s]
      blk1 |S|=48 offs=[-94, -92, -90, -88, -86, -84, -82, -80, -78, -76, -74, -72, -70, -68, -66, -64, -62, -60, -58, -56, -54, -52, -50, -48, -46, -44, -42, -40, -38, -36, -34, -32, -30, -26, -24, -22, -20, -6, 4, 6, 8, 10, 16, 22, 36, 42, 46, 52]
[368] sizes A=[42, 12, 124] B=[38, 84, 51] kills=[('B', 1, 47)] [0.2s]
      blk1 |S|=47 offs=[-94, -92, -90, -88, -86, -84, -82, -80, -78, -76, -74, -72, -70, -68, -66, -64, -62, -60, -58, -56, -54, -52, -50, -48, -46, -44, -42, -40, -38, -36, -34, -32, -30, -24, -22, -20, -6, 4, 6, 8, 10, 16, 22, 42, 44, 46, 52]
[369] sizes A=[42, 12, 124] B=[38, 84, 51] kills=[('B', 1, 47)] [0.2s]
      blk1 |S|=47 offs=[-94, -92, -90, -88, -86, -84, -82, -80, -78, -76, -74, -72, -70, -68, -66, -64, -62, -60, -58, -56, -54, -52, -50, -48, -46, -44, -42, -40, -38, -36, -34, -32, -30, -24, -22, -20, -6, 4, 6, 8, 10, 16, 22, 36, 44, 46, 70]
[370] sizes A=[42, 12, 123] B=[38, 84, 52] kills=[('B', 1, 48)] [0.2s]
      blk1 |S|=48 offs=[-94, -92, -90, -88, -86, -84, -82, -80, -78, -76, -74, -72, -70, -68, -66, -64, -62, -60, -58, -56, -54, -52, -50, -48, -46, -44, -42, -40, -38, -36, -34, -32, -30, -24, -22, -20, -6, 4, 6, 8, 10, 16, 22, 44, 46, 54, 68, 70]
[371] sizes A=[42, 12, 123] B=[38, 84, 52] kills=[('B', 1, 47)] [0.2s]
      blk1 |S|=47 offs=[-94, -92, -90, -88, -86, -84, -82, -80, -78, -76, -74, -72, -70, -68, -66, -64, -62, -60, -58, -56, -54, -52, -50, -48, -46, -44, -42, -40, -38, -36, -34, -32, -30, -24, -22, -20, -6, 4, 6, 8, 10, 16, 22, 44, 46, 68, 70]
[372] sizes A=[42, 12, 123] B=[38, 84, 52] kills=[('B', 1, 46)] [0.2s]
      blk1 |S|=46 offs=[-94, -92, -90, -88, -86, -84, -82, -80, -78, -76, -74, -72, -70, -68, -66, -64, -62, -60, -58, -56, -54, -52, -50, -48, -46, -44, -42, -40, -38, -36, -34, -32, -30, -24, -22, -20, -6, 4, 6, 8, 10, 16, 22, 30, 44, 68]
[373] sizes A=[42, 12, 123] B=[38, 84, 52] kills=[('B', 1, 47)] [0.2s]
      blk1 |S|=47 offs=[-94, -92, -90, -88, -86, -84, -82, -80, -78, -76, -74, -72, -70, -68, -66, -64, -62, -60, -58, -56, -54, -52, -50, -48, -46, -44, -42, -40, -38, -36, -34, -32, -30, -24, -22, -20, -6, 4, 6, 8, 10, 16, 22, 30, 40, 42, 44]
[374] sizes A=[42, 12, 123] B=[38, 84, 52] kills=[('B', 1, 46)] [0.2s]
      blk1 |S|=46 offs=[-94, -92, -90, -88, -86, -84, -82, -80, -78, -76, -74, -72, -70, -68, -66, -64, -62, -60, -58, -56, -54, -52, -50, -48, -46, -44, -42, -40, -38, -36, -34, -32, -30, -24, -22, -20, -6, 4, 6, 8, 10, 16, 22, 26, 30, 44]
[375] sizes A=[42, 12, 123] B=[38, 84, 52] kills=[('B', 1, 47)] [0.2s]
      blk1 |S|=47 offs=[-94, -92, -90, -88, -86, -84, -82, -80, -78, -76, -74, -72, -70, -68, -66, -64, -62, -60, -58, -56, -54, -52, -50, -48, -46, -44, -42, -40, -38, -36, -34, -32, -30, -24, -22, -20, -6, 4, 6, 8, 10, 16, 22, 26, 44, 46, 70]
[376] sizes A=[42, 13, 122] B=[38, 83, 53] kills=[('B', 1, 49)] [0.2s]
      blk1 |S|=49 offs=[-94, -92, -90, -88, -86, -84, -82, -80, -78, -76, -74, -72, -70, -68, -66, -64, -62, -60, -58, -56, -54, -52, -50, -48, -46, -44, -42, -40, -38, -36, -34, -32, -30, -24, -20, -6, 4, 6, 8, 10, 12, 16, 22, 26, 32, 44, 46, 52, 70]
[377] sizes A=[42, 13, 122] B=[38, 83, 53] kills=[('B', 1, 48)] [0.1s]
      blk1 |S|=48 offs=[-94, -92, -90, -88, -86, -84, -82, -80, -78, -76, -74, -72, -70, -68, -66, -64, -62, -60, -58, -56, -54, -52, -50, -48, -46, -44, -42, -40, -38, -36, -34, -32, -30, -24, -20, -6, 4, 6, 8, 10, 12, 16, 22, 26, 44, 46, 54, 70]
[378] sizes A=[42, 13, 122] B=[38, 83, 53] kills=[('B', 1, 48)] [0.2s]
      blk1 |S|=48 offs=[-94, -92, -90, -88, -86, -84, -82, -80, -78, -76, -74, -72, -70, -68, -66, -64, -62, -60, -58, -56, -54, -52, -50, -48, -46, -44, -42, -40, -38, -36, -34, -32, -30, -24, -20, -6, 4, 6, 8, 10, 12, 16, 22, 26, 36, 44, 46, 70]
[379] sizes A=[42, 13, 122] B=[38, 83, 53] kills=[('B', 1, 49)] [0.1s]
      blk1 |S|=49 offs=[-94, -92, -90, -88, -86, -84, -82, -80, -78, -76, -74, -72, -70, -68, -66, -64, -62, -60, -58, -56, -54, -52, -50, -48, -46, -44, -42, -40, -38, -36, -34, -32, -30, -24, -20, -6, 4, 6, 8, 10, 12, 16, 22, 26, 42, 44, 46, 50, 54]
[380] sizes A=[42, 13, 122] B=[38, 83, 53] kills=[('B', 1, 49)] [0.2s]
      blk1 |S|=49 offs=[-94, -92, -90, -88, -86, -84, -82, -80, -78, -76, -74, -72, -70, -68, -66, -64, -62, -60, -58, -56, -54, -52, -50, -48, -46, -44, -42, -40, -38, -36, -34, -32, -30, -24, -20, -6, 4, 6, 8, 10, 12, 16, 22, 26, 42, 44, 46, 50, 52]
[381] sizes A=[42, 13, 122] B=[38, 83, 53] kills=[('B', 1, 49)] [0.2s]
      blk1 |S|=49 offs=[-94, -92, -90, -88, -86, -84, -82, -80, -78, -76, -74, -72, -70, -68, -66, -64, -62, -60, -58, -56, -54, -52, -50, -48, -46, -44, -42, -40, -38, -36, -34, -32, -30, -24, -20, -6, 4, 6, 8, 10, 12, 16, 22, 26, 32, 42, 44, 46, 52]
[382] sizes A=[42, 13, 122] B=[38, 83, 53] kills=[('B', 1, 50)] [0.1s]
      blk1 |S|=50 offs=[-94, -92, -90, -88, -86, -84, -82, -80, -78, -76, -74, -72, -70, -68, -66, -64, -62, -60, -58, -56, -54, -52, -50, -48, -46, -44, -42, -40, -38, -36, -34, -32, -30, -24, -20, -6, 4, 6, 8, 10, 12, 16, 22, 26, 30, 32, 36, 42, 44, 52]
[383] sizes A=[42, 13, 123] B=[38, 83, 52] kills=[('B', 1, 50)] [0.2s]
      blk1 |S|=50 offs=[-94, -92, -90, -88, -86, -84, -82, -80, -78, -76, -74, -72, -70, -68, -66, -64, -62, -60, -58, -56, -54, -52, -50, -48, -46, -44, -42, -40, -38, -36, -34, -32, -30, -24, -20, -6, 4, 6, 8, 10, 12, 16, 22, 26, 30, 32, 42, 44, 52, 54]
[384] sizes A=[42, 13, 123] B=[38, 83, 52] kills=[('B', 1, 49)] [0.2s]
      blk1 |S|=49 offs=[-94, -92, -90, -88, -86, -84, -82, -80, -78, -76, -74, -72, -70, -68, -66, -64, -62, -60, -58, -56, -54, -52, -50, -48, -46, -44, -42, -40, -38, -36, -34, -32, -30, -24, -20, -6, 4, 6, 8, 10, 12, 16, 22, 26, 30, 32, 42, 44, 52]
[385] sizes A=[42, 13, 123] B=[38, 83, 52] kills=[('B', 1, 49)] [0.2s]
      blk1 |S|=49 offs=[-94, -92, -90, -88, -86, -84, -82, -80, -78, -76, -74, -72, -70, -68, -66, -64, -62, -60, -58, -56, -54, -52, -50, -48, -46, -44, -42, -40, -38, -36, -34, -32, -30, -24, -20, -6, 4, 6, 8, 10, 12, 16, 22, 26, 30, 38, 42, 44, 52]
[386] sizes A=[42, 13, 123] B=[38, 83, 52] kills=[('B', 1, 48)] [0.2s]
      blk1 |S|=48 offs=[-94, -92, -90, -88, -86, -84, -82, -80, -78, -76, -74, -72, -70, -68, -66, -64, -62, -60, -58, -56, -54, -52, -50, -48, -46, -44, -42, -40, -38, -36, -34, -32, -30, -24, -20, -6, 4, 6, 8, 10, 12, 16, 22, 26, 30, 42, 44, 52]
[387] sizes A=[42, 13, 123] B=[38, 83, 52] kills=[('B', 1, 48)] [0.2s]
      blk1 |S|=48 offs=[-94, -92, -90, -88, -86, -84, -82, -80, -78, -76, -74, -72, -70, -68, -66, -64, -62, -60, -58, -56, -54, -52, -50, -48, -46, -44, -42, -40, -38, -36, -34, -32, -30, -24, -20, -6, 4, 6, 8, 10, 12, 16, 22, 26, 30, 44, 52, 70]
[388] sizes A=[42, 13, 123] B=[38, 83, 52] kills=[('B', 1, 47)] [0.2s]
      blk1 |S|=47 offs=[-94, -92, -90, -88, -86, -84, -82, -80, -78, -76, -74, -72, -70, -68, -66, -64, -62, -60, -58, -56, -54, -52, -50, -48, -46, -44, -42, -40, -38, -36, -34, -32, -30, -24, -20, -6, 4, 6, 8, 10, 12, 16, 22, 30, 44, 50, 70]
[389] sizes A=[42, 13, 123] B=[38, 83, 52] kills=[('B', 1, 48)] [0.1s]
      blk1 |S|=48 offs=[-94, -92, -90, -88, -86, -84, -82, -80, -78, -76, -74, -72, -70, -68, -66, -64, -62, -60, -58, -56, -54, -52, -50, -48, -46, -44, -42, -40, -38, -36, -34, -32, -30, -24, -20, -6, 4, 6, 8, 10, 12, 16, 22, 30, 42, 44, 50, 54]
[390] sizes A=[42, 13, 123] B=[38, 83, 52] kills=[('B', 1, 47)] [0.2s]
      blk1 |S|=47 offs=[-94, -92, -90, -88, -86, -84, -82, -80, -78, -76, -74, -72, -70, -68, -66, -64, -62, -60, -58, -56, -54, -52, -50, -48, -46, -44, -42, -40, -38, -36, -34, -32, -30, -24, -20, -6, 4, 6, 8, 10, 12, 16, 22, 30, 42, 44, 50]
[391] sizes A=[42, 13, 124] B=[38, 83, 51] kills=[('B', 1, 48)] [0.1s]
      blk1 |S|=48 offs=[-94, -92, -90, -88, -86, -84, -82, -80, -78, -76, -74, -72, -70, -68, -66, -64, -62, -60, -58, -56, -54, -52, -50, -48, -46, -44, -42, -40, -38, -36, -34, -32, -30, -24, -20, -6, 4, 6, 8, 10, 12, 16, 22, 36, 44, 46, 50, 70]
[392] sizes A=[42, 13, 124] B=[38, 83, 51] kills=[('B', 1, 46)] [0.2s]
      blk1 |S|=46 offs=[-94, -92, -90, -88, -86, -84, -82, -80, -78, -76, -74, -72, -70, -68, -66, -64, -62, -60, -58, -56, -54, -52, -50, -48, -46, -44, -42, -40, -38, -36, -34, -32, -30, -24, -20, -6, 4, 6, 8, 10, 12, 16, 22, 44, 46, 70]
[393] sizes A=[42, 13, 124] B=[38, 83, 51] kills=[('B', 1, 37)] [0.2s]
      blk1 |S|=37 offs=[-94, -92, -90, -88, -84, -82, -76, -74, -72, -70, -68, -66, -64, -62, -60, -58, -56, -54, -52, -48, -46, -44, -42, -40, -38, -34, -32, -30, -24, -6, 4, 6, 8, 12, 22, 42, 54]
[394] sizes A=[42, 13, 124] B=[38, 83, 51] kills=[('B', 1, 48)] [0.2s]
      blk1 |S|=48 offs=[-94, -92, -90, -88, -86, -84, -82, -80, -78, -76, -74, -72, -70, -68, -66, -64, -62, -60, -58, -56, -54, -52, -50, -48, -46, -44, -42, -40, -38, -36, -34, -32, -30, -24, -20, -6, 4, 6, 8, 10, 12, 16, 22, 42, 44, 46, 50, 52]
[395] sizes A=[42, 12, 125] B=[38, 84, 50] kills=[('B', 1, 47)] [0.2s]
      blk1 |S|=47 offs=[-94, -92, -90, -88, -86, -84, -82, -80, -78, -76, -74, -72, -70, -68, -66, -64, -62, -60, -58, -56, -54, -52, -50, -48, -46, -44, -42, -40, -38, -36, -34, -32, -30, -24, -22, -20, -6, 4, 6, 8, 10, 12, 16, 22, 30, 44, 52]
[396] sizes A=[42, 13, 125] B=[38, 83, 50] kills=[('B', 1, 45)] [0.2s]
      blk1 |S|=45 offs=[-94, -92, -90, -88, -86, -84, -82, -80, -78, -76, -74, -72, -70, -68, -66, -64, -62, -60, -58, -56, -54, -52, -50, -48, -46, -44, -42, -40, -38, -36, -34, -32, -30, -24, -20, -6, 4, 6, 8, 10, 12, 14, 16, 22, 44]
[397] sizes A=[42, 14, 123] B=[38, 82, 52] kills=[('B', 1, 44)] [0.2s]
      blk1 |S|=44 offs=[-94, -92, -90, -88, -86, -84, -82, -80, -78, -76, -74, -72, -70, -68, -66, -64, -62, -60, -58, -56, -54, -52, -50, -48, -46, -44, -42, -40, -38, -36, -34, -32, -24, -20, -6, 4, 6, 8, 10, 12, 14, 16, 22, 44]
[398] sizes A=[42, 14, 122] B=[38, 82, 53] kills=[('B', 1, 46)] [0.1s]
      blk1 |S|=46 offs=[-94, -92, -90, -88, -86, -84, -82, -80, -78, -76, -74, -72, -70, -68, -66, -64, -62, -60, -58, -56, -54, -52, -50, -48, -46, -44, -42, -40, -38, -36, -34, -32, -24, -20, -6, 4, 6, 8, 10, 12, 16, 22, 30, 44, 50, 52]
[399] sizes A=[42, 14, 122] B=[38, 82, 53] kills=[('B', 1, 46)] [0.2s]
      blk1 |S|=46 offs=[-94, -92, -90, -88, -86, -84, -82, -80, -78, -76, -74, -72, -70, -68, -66, -64, -62, -60, -58, -56, -54, -52, -50, -48, -46, -44, -42, -40, -38, -36, -34, -32, -24, -20, -6, 4, 6, 8, 10, 12, 16, 22, 44, 46, 50, 52]
[400] sizes A=[42, 14, 121] B=[38, 82, 54] kills=[('B', 1, 46)] [0.2s]
      blk1 |S|=46 offs=[-94, -92, -90, -88, -86, -84, -82, -80, -78, -76, -74, -72, -70, -68, -66, -64, -62, -60, -58, -56, -54, -52, -50, -48, -46, -44, -42, -40, -38, -36, -34, -32, -24, -20, -6, 4, 6, 8, 10, 12, 16, 22, 26, 30, 44, 52]
[401] sizes A=[42, 14, 121] B=[38, 82, 54] kills=[('B', 1, 46)] [0.2s]
      blk1 |S|=46 offs=[-94, -92, -90, -88, -86, -84, -82, -80, -78, -76, -74, -72, -70, -68, -66, -64, -62, -60, -58, -56, -54, -52, -50, -48, -46, -44, -42, -40, -38, -36, -34, -32, -24, -20, -6, 4, 6, 8, 10, 12, 16, 22, 26, 44, 46, 52]
[402] sizes A=[42, 15, 121] B=[38, 81, 54] kills=[('B', 1, 44)] [0.1s]
      blk1 |S|=44 offs=[-94, -92, -90, -88, -86, -84, -82, -80, -78, -76, -74, -72, -70, -68, -66, -64, -62, -60, -58, -56, -54, -52, -50, -48, -46, -44, -42, -40, -38, -36, -34, -32, -24, -6, 4, 6, 8, 10, 12, 16, 22, 26, 30, 44]
[403] sizes A=[42, 15, 121] B=[38, 81, 54] kills=[('B', 1, 44)] [0.2s]
      blk1 |S|=44 offs=[-94, -92, -90, -88, -86, -84, -82, -80, -78, -76, -74, -72, -70, -68, -66, -64, -62, -60, -58, -56, -54, -52, -50, -48, -46, -44, -42, -40, -38, -36, -34, -32, -24, -6, 4, 6, 8, 10, 12, 16, 22, 26, 44, 46]
[404] sizes A=[42, 15, 121] B=[38, 81, 54] kills=[('B', 1, 46)] [0.1s]
      blk1 |S|=46 offs=[-94, -92, -90, -88, -86, -84, -82, -80, -78, -76, -74, -72, -70, -68, -66, -64, -62, -60, -58, -56, -54, -52, -50, -48, -46, -44, -42, -40, -38, -36, -34, -32, -24, -6, 4, 6, 8, 10, 12, 16, 22, 30, 34, 36, 44, 70]
[405] sizes A=[42, 15, 121] B=[38, 81, 54] kills=[('B', 1, 45)] [0.2s]
      blk1 |S|=45 offs=[-94, -92, -90, -88, -86, -84, -82, -80, -78, -76, -74, -72, -70, -68, -66, -64, -62, -60, -58, -56, -54, -52, -50, -48, -46, -44, -42, -40, -38, -36, -34, -32, -24, -6, 4, 6, 8, 10, 12, 16, 22, 30, 34, 44, 70]
[406] sizes A=[42, 15, 121] B=[38, 81, 54] kills=[('B', 1, 44)] [0.1s]
      blk1 |S|=44 offs=[-94, -92, -90, -88, -86, -84, -82, -80, -78, -76, -74, -72, -70, -68, -66, -64, -62, -60, -58, -56, -54, -52, -50, -48, -46, -44, -42, -40, -38, -36, -34, -32, -24, -6, 4, 6, 8, 10, 12, 16, 22, 30, 42, 44]
[407] sizes A=[42, 14, 123] B=[38, 82, 52] kills=[('B', 1, 47)] [0.2s]
      blk1 |S|=47 offs=[-94, -92, -90, -88, -86, -84, -82, -80, -78, -76, -74, -72, -70, -68, -66, -64, -62, -60, -58, -56, -54, -52, -50, -48, -46, -44, -42, -40, -38, -36, -34, -32, -30, -24, -6, 4, 6, 8, 10, 12, 16, 22, 30, 32, 38, 44, 70]
[408] sizes A=[42, 14, 123] B=[38, 82, 52] kills=[('B', 1, 46)] [0.1s]
      blk1 |S|=46 offs=[-94, -92, -90, -88, -86, -84, -82, -80, -78, -76, -74, -72, -70, -68, -66, -64, -62, -60, -58, -56, -54, -52, -50, -48, -46, -44, -42, -40, -38, -36, -34, -32, -30, -24, -6, 4, 6, 8, 10, 12, 16, 22, 30, 32, 44, 70]
[409] sizes A=[42, 14, 124] B=[38, 82, 51] kills=[('B', 1, 45)] [0.1s]
      blk1 |S|=45 offs=[-94, -92, -90, -88, -86, -84, -82, -80, -78, -76, -74, -72, -70, -68, -66, -64, -62, -60, -58, -56, -54, -52, -50, -48, -46, -44, -42, -40, -38, -36, -34, -32, -30, -24, -6, 4, 6, 8, 10, 12, 16, 22, 30, 44, 70]
[410] sizes A=[42, 14, 123] B=[38, 82, 52] kills=[('B', 1, 47)] [0.2s]
      blk1 |S|=47 offs=[-94, -92, -90, -88, -86, -84, -82, -80, -78, -76, -74, -72, -70, -68, -66, -64, -62, -60, -58, -56, -54, -52, -50, -48, -46, -44, -42, -40, -38, -36, -34, -32, -24, -18, -6, 4, 6, 8, 10, 12, 16, 22, 34, 44, 52, 58, 70]
[411] sizes A=[42, 14, 123] B=[38, 82, 52] kills=[('B', 1, 49)] [0.2s]
      blk1 |S|=49 offs=[-94, -92, -90, -88, -86, -84, -82, -80, -78, -76, -74, -72, -70, -68, -66, -64, -62, -60, -58, -56, -54, -52, -50, -48, -46, -44, -42, -40, -38, -36, -34, -32, -24, -18, -6, 4, 6, 8, 10, 12, 16, 22, 34, 38, 44, 50, 52, 54, 70]
[412] sizes A=[42, 14, 123] B=[38, 82, 52] kills=[('B', 1, 48)] [0.2s]
      blk1 |S|=48 offs=[-94, -92, -90, -88, -86, -84, -82, -80, -78, -76, -74, -72, -70, -68, -66, -64, -62, -60, -58, -56, -54, -52, -50, -48, -46, -44, -42, -40, -38, -36, -34, -32, -24, -18, -6, 4, 6, 8, 10, 12, 16, 22, 34, 44, 50, 52, 54, 70]
[413] sizes A=[42, 14, 124] B=[38, 82, 51] kills=[('B', 1, 47)] [0.2s]
      blk1 |S|=47 offs=[-94, -92, -90, -88, -86, -84, -82, -80, -78, -76, -74, -72, -70, -68, -66, -64, -62, -60, -58, -56, -54, -52, -50, -48, -46, -44, -42, -40, -38, -36, -34, -32, -24, -18, -6, 4, 6, 8, 10, 12, 16, 22, 34, 44, 50, 52, 70]
[414] sizes A=[42, 14, 124] B=[38, 82, 51] kills=[('B', 1, 44)] [0.1s]
      blk1 |S|=44 offs=[-94, -92, -90, -88, -86, -84, -82, -80, -78, -76, -74, -72, -70, -68, -66, -64, -62, -60, -58, -56, -54, -52, -50, -48, -46, -44, -42, -40, -38, -36, -34, -32, -24, -18, -6, 4, 6, 8, 10, 12, 16, 22, 42, 44]
[415] sizes A=[42, 13, 125] B=[38, 83, 50] kills=[('B', 1, 45)] [0.2s]
      blk1 |S|=45 offs=[-94, -92, -90, -88, -86, -84, -82, -80, -78, -76, -74, -72, -70, -68, -66, -64, -62, -60, -58, -56, -54, -52, -50, -48, -46, -44, -42, -40, -38, -36, -34, -32, -30, -24, -18, -6, 4, 6, 8, 10, 12, 16, 22, 44, 70]
[416] sizes A=[42, 15, 122] B=[38, 81, 53] kills=[('B', 1, 33)] [0.2s]
      blk1 |S|=33 offs=[-94, -92, -90, -88, -86, -82, -80, -76, -74, -72, -70, -66, -64, -62, -58, -54, -52, -50, -46, -44, -42, -40, -38, -34, -32, -24, -6, 4, 6, 8, 12, 34, 54]
[417] sizes A=[42, 15, 122] B=[38, 81, 53] kills=[('B', 1, 45)] [0.2s]
      blk1 |S|=45 offs=[-94, -92, -90, -88, -86, -84, -82, -80, -78, -76, -74, -72, -70, -68, -66, -64, -62, -60, -58, -56, -54, -52, -50, -48, -46, -44, -42, -40, -38, -36, -34, -32, -24, -6, 4, 6, 8, 10, 12, 16, 22, 34, 44, 46, 70]
[418] sizes A=[42, 15, 122] B=[38, 81, 53] kills=[('B', 1, 38)] [0.2s]
      blk1 |S|=38 offs=[-94, -92, -90, -86, -84, -82, -80, -78, -74, -72, -70, -68, -66, -64, -62, -58, -56, -52, -50, -46, -44, -42, -40, -38, -36, -34, -32, -24, -6, 4, 6, 8, 10, 12, 22, 34, 50, 52]
[419] sizes A=[42, 14, 123] B=[38, 82, 52] kills=[('B', 1, 45)] [0.2s]
      blk1 |S|=45 offs=[-94, -92, -90, -88, -86, -84, -82, -80, -78, -76, -74, -72, -70, -68, -66, -64, -62, -60, -58, -56, -54, -52, -50, -48, -46, -44, -42, -40, -38, -36, -34, -32, -30, -24, -6, 4, 6, 8, 10, 12, 16, 22, 42, 44, 46]
[420] sizes A=[42, 14, 123] B=[38, 82, 52] kills=[('B', 1, 46)] [0.2s]
      blk1 |S|=46 offs=[-94, -92, -90, -88, -86, -84, -82, -80, -78, -76, -74, -72, -70, -68, -66, -64, -62, -60, -58, -56, -54, -52, -50, -48, -46, -44, -42, -40, -38, -36, -34, -32, -30, -24, -6, 4, 6, 8, 10, 12, 16, 22, 36, 44, 46, 70]
[421] sizes A=[42, 14, 123] B=[38, 82, 52] kills=[('B', 1, 45)] [0.2s]
      blk1 |S|=45 offs=[-94, -92, -90, -88, -86, -84, -82, -80, -78, -76, -74, -72, -70, -68, -66, -64, -62, -60, -58, -56, -54, -52, -50, -48, -46, -44, -42, -40, -38, -36, -34, -32, -30, -24, -6, 4, 6, 8, 10, 12, 16, 22, 44, 46, 70]
[422] sizes A=[42, 14, 123] B=[38, 82, 52] kills=[('B', 1, 37), ('B', 1, 36)] [0.3s]
      blk1 |S|=37 offs=[-94, -92, -90, -88, -86, -82, -76, -72, -70, -68, -66, -64, -62, -60, -58, -56, -54, -52, -50, -48, -46, -44, -42, -40, -38, -36, -34, -32, -30, -24, -6, 4, 6, 8, 12, 22, 54]
      blk1 |S|=36 offs=[-94, -92, -90, -88, -86, -82, -78, -76, -72, -70, -68, -66, -64, -62, -60, -58, -56, -54, -52, -48, -46, -44, -42, -40, -38, -34, -32, -30, -24, -6, 4, 6, 8, 12, 22, 54]
[423] sizes A=[42, 14, 123] B=[38, 82, 52] kills=[('B', 1, 45)] [0.2s]
      blk1 |S|=45 offs=[-94, -92, -90, -88, -86, -84, -82, -80, -78, -76, -74, -72, -70, -68, -66, -64, -62, -60, -58, -56, -54, -52, -50, -48, -46, -44, -42, -40, -38, -36, -34, -32, -30, -24, -6, 4, 6, 8, 10, 12, 14, 16, 22, 44, 46]
[424] sizes A=[42, 14, 124] B=[38, 82, 51] kills=[('B', 1, 44)] [0.2s]
      blk1 |S|=44 offs=[-94, -92, -90, -88, -86, -84, -82, -80, -78, -76, -74, -72, -70, -68, -66, -64, -62, -60, -58, -56, -54, -52, -50, -48, -46, -44, -42, -40, -38, -36, -34, -32, -30, -24, -6, 4, 6, 8, 10, 12, 14, 16, 22, 44]
[425] sizes A=[42, 15, 124] B=[38, 81, 51] kills=[('B', 1, 43)] [0.1s]
      blk1 |S|=43 offs=[-94, -92, -90, -88, -86, -84, -82, -80, -78, -76, -74, -72, -70, -68, -66, -64, -62, -60, -58, -56, -54, -52, -50, -48, -46, -44, -42, -40, -38, -36, -34, -32, -24, -6, 4, 6, 8, 10, 12, 14, 16, 22, 44]
[426] sizes A=[42, 14, 123] B=[38, 82, 52] kills=[('B', 1, 45)] [0.2s]
      blk1 |S|=45 offs=[-94, -92, -90, -88, -86, -84, -82, -80, -78, -76, -74, -72, -70, -68, -66, -64, -62, -60, -58, -56, -54, -52, -50, -48, -46, -44, -42, -40, -38, -36, -34, -32, -30, -24, -6, 4, 6, 8, 10, 12, 16, 22, 28, 30, 44]
[427] sizes A=[42, 13, 124] B=[38, 83, 51] kills=[('B', 1, 45)] [0.2s]
      blk1 |S|=45 offs=[-94, -92, -90, -88, -86, -84, -82, -80, -78, -76, -74, -72, -70, -68, -66, -64, -62, -60, -58, -56, -54, -52, -50, -48, -46, -44, -42, -40, -38, -36, -34, -32, -30, -24, -18, -6, 4, 6, 8, 10, 12, 16, 22, 28, 44]
[428] sizes A=[42, 14, 123] B=[38, 82, 52] kills=[('B', 1, 45)] [0.2s]
      blk1 |S|=45 offs=[-94, -92, -90, -88, -86, -84, -82, -80, -78, -76, -74, -72, -70, -68, -66, -64, -62, -60, -58, -56, -54, -52, -50, -48, -46, -44, -42, -40, -38, -36, -34, -32, -30, -24, -6, 4, 6, 8, 10, 12, 16, 22, 28, 44, 46]
[429] sizes A=[42, 12, 123] B=[38, 84, 52] kills=[('B', 1, 48)] [0.2s]
      blk1 |S|=48 offs=[-94, -92, -90, -88, -86, -84, -82, -80, -78, -76, -74, -72, -70, -68, -66, -64, -62, -60, -58, -56, -54, -52, -50, -48, -46, -44, -42, -40, -38, -36, -34, -32, -30, -24, -22, -20, -6, 4, 6, 8, 10, 16, 22, 28, 30, 44, 50, 52]
[430] sizes A=[42, 12, 124] B=[38, 84, 51] kills=[('B', 1, 47)] [0.2s]
      blk1 |S|=47 offs=[-94, -92, -90, -88, -86, -84, -82, -80, -78, -76, -74, -72, -70, -68, -66, -64, -62, -60, -58, -56, -54, -52, -50, -48, -46, -44, -42, -40, -38, -36, -34, -32, -30, -24, -22, -20, -6, 4, 6, 8, 10, 16, 22, 28, 30, 44, 52]
[431] sizes A=[42, 12, 124] B=[38, 84, 51] kills=[('B', 1, 47)] [0.2s]
      blk1 |S|=47 offs=[-94, -92, -90, -88, -86, -84, -82, -80, -78, -76, -74, -72, -70, -68, -66, -64, -62, -60, -58, -56, -54, -52, -50, -48, -46, -44, -42, -40, -38, -36, -34, -32, -30, -24, -22, -20, -6, 4, 6, 8, 10, 16, 22, 28, 44, 46, 52]
[432] sizes A=[42, 12, 125] B=[38, 84, 50] kills=[('B', 1, 46)] [0.2s]
      blk1 |S|=46 offs=[-94, -92, -90, -88, -86, -84, -82, -80, -78, -76, -74, -72, -70, -68, -66, -64, -62, -60, -58, -56, -54, -52, -50, -48, -46, -44, -42, -40, -38, -36, -34, -32, -30, -24, -22, -20, -6, 4, 6, 8, 10, 16, 22, 28, 30, 52]
[433] sizes A=[42, 12, 125] B=[38, 84, 50] kills=[('B', 1, 46)] [0.2s]
      blk1 |S|=46 offs=[-94, -92, -90, -88, -86, -84, -82, -80, -78, -76, -74, -72, -70, -68, -66, -64, -62, -60, -58, -56, -54, -52, -50, -48, -46, -44, -42, -40, -38, -36, -34, -32, -30, -24, -22, -20, -6, 4, 6, 8, 10, 16, 22, 28, 46, 52]
[434] sizes A=[42, 13, 124] B=[38, 83, 51] kills=[('B', 1, 45)] [0.2s]
      blk1 |S|=45 offs=[-94, -92, -90, -88, -86, -84, -82, -80, -78, -76, -74, -72, -70, -68, -66, -64, -62, -60, -58, -56, -54, -52, -50, -48, -46, -44, -42, -40, -38, -36, -34, -32, -30, -24, -22, -6, 4, 6, 8, 10, 12, 16, 22, 28, 30]
[435] sizes A=[42, 14, 123] B=[38, 82, 52] kills=[('B', 1, 44)] [0.2s]
      blk1 |S|=44 offs=[-94, -92, -90, -88, -86, -84, -82, -80, -78, -76, -74, -72, -70, -68, -66, -64, -62, -60, -58, -56, -54, -52, -50, -48, -46, -44, -42, -40, -38, -36, -34, -32, -30, -24, -6, 4, 6, 8, 10, 12, 16, 22, 28, 30]
[436] sizes A=[42, 13, 124] B=[38, 83, 51] kills=[('B', 1, 44)] [0.2s]
      blk1 |S|=44 offs=[-94, -92, -90, -88, -86, -84, -82, -80, -78, -76, -74, -72, -70, -68, -66, -64, -62, -60, -58, -56, -54, -52, -50, -48, -46, -44, -42, -40, -38, -36, -34, -32, -30, -24, -18, -6, 4, 6, 8, 10, 12, 16, 22, 28]
[437] sizes A=[42, 14, 123] B=[38, 82, 52] kills=[('B', 1, 44)] [0.2s]
      blk1 |S|=44 offs=[-94, -92, -90, -88, -86, -84, -82, -80, -78, -76, -74, -72, -70, -68, -66, -64, -62, -60, -58, -56, -54, -52, -50, -48, -46, -44, -42, -40, -38, -36, -34, -32, -30, -24, -6, 4, 6, 8, 10, 12, 16, 22, 28, 46]
[438] sizes A=[42, 14, 123] B=[38, 82, 52] kills=[('B', 1, 44)] [0.1s]
      blk1 |S|=44 offs=[-94, -92, -90, -88, -86, -84, -82, -80, -78, -76, -74, -72, -70, -68, -66, -64, -62, -60, -58, -56, -54, -52, -50, -48, -46, -44, -42, -40, -38, -36, -34, -32, -30, -24, -6, 4, 6, 8, 10, 12, 14, 16, 22, 28]
[439] sizes A=[42, 14, 123] B=[38, 82, 52] kills=[('B', 1, 45)] [0.2s]
      blk1 |S|=45 offs=[-94, -92, -90, -88, -86, -84, -82, -80, -78, -76, -74, -72, -70, -68, -66, -64, -62, -60, -58, -56, -54, -52, -50, -48, -46, -44, -42, -40, -38, -36, -34, -32, -30, -24, -6, 4, 6, 8, 10, 12, 16, 22, 26, 28, 32]
[440] sizes A=[42, 14, 123] B=[38, 82, 52] kills=[('B', 1, 44)] [0.2s]
      blk1 |S|=44 offs=[-94, -92, -90, -88, -86, -84, -82, -80, -78, -76, -74, -72, -70, -68, -66, -64, -62, -60, -58, -56, -54, -52, -50, -48, -46, -44, -42, -40, -38, -36, -34, -32, -30, -24, -6, 4, 6, 8, 10, 12, 16, 22, 26, 28]
[441] sizes A=[42, 13, 124] B=[38, 83, 51] kills=[('B', 1, 45)] [0.2s]
      blk1 |S|=45 offs=[-94, -92, -90, -88, -86, -84, -82, -80, -78, -76, -74, -72, -70, -68, -66, -64, -62, -60, -58, -56, -54, -52, -50, -48, -46, -44, -42, -40, -38, -36, -34, -32, -30, -24, -22, -6, 4, 6, 8, 10, 12, 16, 22, 28, 78]
[442] sizes A=[42, 12, 125] B=[38, 84, 50] kills=[('B', 1, 46)] [0.2s]
      blk1 |S|=46 offs=[-94, -92, -90, -88, -86, -84, -82, -80, -78, -76, -74, -72, -70, -68, -66, -64, -62, -60, -58, -56, -54, -52, -50, -48, -46, -44, -42, -40, -38, -36, -34, -32, -30, -24, -22, -20, -6, 4, 6, 8, 10, 16, 22, 28, 52, 78]
[443] sizes A=[42, 12, 125] B=[38, 84, 50] kills=[('B', 1, 45)] [0.1s]
      blk1 |S|=45 offs=[-94, -92, -90, -88, -86, -84, -82, -80, -78, -76, -74, -72, -70, -68, -66, -64, -62, -60, -58, -56, -54, -52, -50, -48, -46, -44, -42, -40, -38, -36, -34, -32, -30, -24, -22, -20, -6, 4, 6, 8, 10, 16, 22, 52, 78]
[444] sizes A=[42, 13, 123] B=[38, 83, 52] kills=[('B', 1, 44)] [0.2s]
      blk1 |S|=44 offs=[-94, -92, -90, -88, -86, -84, -82, -80, -78, -76, -74, -72, -70, -68, -66, -64, -62, -60, -58, -56, -54, -52, -50, -48, -46, -44, -42, -40, -38, -36, -34, -32, -30, -24, -22, -6, 4, 6, 8, 10, 12, 16, 22, 78]
[445] sizes A=[42, 14, 122] B=[38, 82, 53] kills=[('B', 1, 45)] [0.2s]
      blk1 |S|=45 offs=[-94, -92, -90, -88, -86, -84, -82, -80, -78, -76, -74, -72, -70, -68, -66, -64, -62, -60, -58, -56, -54, -52, -50, -48, -46, -44, -42, -40, -38, -36, -34, -32, -30, -24, -6, 4, 6, 8, 10, 12, 16, 22, 26, 36, 70]
[446] sizes A=[42, 14, 122] B=[38, 82, 53] kills=[('B', 1, 45)] [0.2s]
      blk1 |S|=45 offs=[-94, -92, -90, -88, -86, -84, -82, -80, -78, -76, -74, -72, -70, -68, -66, -64, -62, -60, -58, -56, -54, -52, -50, -48, -46, -44, -42, -40, -38, -36, -34, -32, -30, -24, -6, 4, 6, 8, 10, 12, 16, 22, 26, 70, 78]
[447] sizes A=[42, 14, 122] B=[38, 82, 53] kills=[('B', 1, 45)] [0.2s]
      blk1 |S|=45 offs=[-94, -92, -90, -88, -86, -84, -82, -80, -78, -76, -74, -72, -70, -68, -66, -64, -62, -60, -58, -56, -54, -52, -50, -48, -46, -44, -42, -40, -38, -36, -34, -32, -30, -24, -6, 4, 6, 8, 10, 12, 14, 16, 22, 26, 78]
[448] sizes A=[42, 14, 123] B=[38, 82, 52] kills=[('B', 1, 44)] [0.2s]
      blk1 |S|=44 offs=[-94, -92, -90, -88, -86, -84, -82, -80, -78, -76, -74, -72, -70, -68, -66, -64, -62, -60, -58, -56, -54, -52, -50, -48, -46, -44, -42, -40, -38, -36, -34, -32, -30, -24, -6, 4, 6, 8, 10, 12, 14, 16, 22, 78]
[449] sizes A=[42, 15, 121] B=[38, 81, 54] kills=[('B', 1, 45)] [0.2s]
      blk1 |S|=45 offs=[-94, -92, -90, -88, -86, -84, -82, -80, -78, -76, -74, -72, -70, -68, -66, -64, -62, -60, -58, -56, -54, -52, -50, -48, -46, -44, -42, -40, -38, -36, -34, -32, -24, -6, 4, 6, 8, 10, 12, 16, 22, 26, 34, 36, 78]
[450] sizes A=[42, 15, 121] B=[38, 81, 54] kills=[('B', 1, 44)] [0.1s]
      blk1 |S|=44 offs=[-94, -92, -90, -88, -86, -84, -82, -80, -78, -76, -74, -72, -70, -68, -66, -64, -62, -60, -58, -56, -54, -52, -50, -48, -46, -44, -42, -40, -38, -36, -34, -32, -24, -6, 4, 6, 8, 10, 12, 16, 22, 26, 34, 78]
[451] sizes A=[42, 15, 121] B=[38, 81, 54] kills=[('B', 1, 43)] [0.2s]
      blk1 |S|=43 offs=[-94, -92, -90, -88, -86, -84, -82, -80, -78, -76, -74, -72, -70, -68, -66, -64, -62, -60, -58, -56, -54, -52, -50, -48, -46, -44, -42, -40, -38, -36, -34, -32, -24, -6, 4, 6, 8, 10, 12, 14, 16, 22, 78]
[452] sizes A=[42, 15, 121] B=[38, 81, 54] kills=[('B', 1, 45)] [0.2s]
      blk1 |S|=45 offs=[-94, -92, -90, -88, -86, -84, -82, -80, -78, -76, -74, -72, -70, -68, -66, -64, -62, -60, -58, -56, -54, -52, -50, -48, -46, -44, -42, -40, -38, -36, -34, -32, -24, -6, 4, 6, 8, 10, 12, 16, 22, 26, 34, 36, 70]
[453] sizes A=[42, 15, 121] B=[38, 81, 54] kills=[('B', 1, 45)] [0.1s]
      blk1 |S|=45 offs=[-94, -92, -90, -88, -86, -84, -82, -80, -78, -76, -74, -72, -70, -68, -66, -64, -62, -60, -58, -56, -54, -52, -50, -48, -46, -44, -42, -40, -38, -36, -34, -32, -24, -6, 4, 6, 8, 10, 12, 16, 22, 26, 30, 34, 70]
[454] sizes A=[42, 15, 121] B=[38, 81, 54] kills=[('B', 1, 43)] [0.1s]
      blk1 |S|=43 offs=[-94, -92, -90, -88, -86, -84, -82, -80, -78, -76, -74, -72, -70, -68, -66, -64, -62, -60, -58, -56, -54, -52, -50, -48, -46, -44, -42, -40, -38, -36, -34, -32, -24, -6, 4, 6, 8, 10, 12, 16, 22, 26, 46]
[455] sizes A=[42, 15, 121] B=[38, 81, 54] kills=[('B', 1, 45)] [0.1s]
      blk1 |S|=45 offs=[-94, -92, -90, -88, -86, -84, -82, -80, -78, -76, -74, -72, -70, -68, -66, -64, -62, -60, -58, -56, -54, -52, -50, -48, -46, -44, -42, -40, -38, -36, -34, -32, -24, -6, 4, 6, 8, 10, 12, 16, 22, 26, 30, 34, 42]
[456] sizes A=[42, 15, 121] B=[38, 81, 54] kills=[('B', 1, 44)] [0.1s]
      blk1 |S|=44 offs=[-94, -92, -90, -88, -86, -84, -82, -80, -78, -76, -74, -72, -70, -68, -66, -64, -62, -60, -58, -56, -54, -52, -50, -48, -46, -44, -42, -40, -38, -36, -34, -32, -24, -6, 4, 6, 8, 10, 12, 14, 16, 22, 26, 30]
[457] sizes A=[42, 15, 122] B=[38, 81, 53] kills=[('B', 1, 43)] [0.1s]
      blk1 |S|=43 offs=[-94, -92, -90, -88, -86, -84, -82, -80, -78, -76, -74, -72, -70, -68, -66, -64, -62, -60, -58, -56, -54, -52, -50, -48, -46, -44, -42, -40, -38, -36, -34, -32, -24, -6, 4, 6, 8, 10, 12, 14, 16, 22, 26]
[458] sizes A=[42, 15, 123] B=[38, 81, 52] kills=[('B', 1, 42)] [0.2s]
      blk1 |S|=42 offs=[-94, -92, -90, -88, -86, -84, -82, -80, -78, -76, -74, -72, -70, -68, -66, -64, -62, -60, -58, -56, -54, -52, -50, -48, -46, -44, -42, -40, -38, -36, -34, -32, -24, -6, 4, 6, 8, 10, 12, 14, 16, 22]
[459] sizes A=[42, 14, 122] B=[38, 82, 53] kills=[('B', 1, 46)] [0.2s]
      blk1 |S|=46 offs=[-94, -92, -90, -88, -86, -84, -82, -80, -78, -76, -74, -72, -70, -68, -66, -64, -62, -60, -58, -56, -54, -52, -50, -48, -46, -44, -42, -40, -38, -36, -34, -32, -30, -24, -6, 4, 6, 8, 10, 12, 16, 22, 30, 32, 36, 70]
[460] sizes A=[42, 14, 123] B=[38, 82, 52] kills=[('B', 1, 45)] [0.1s]
      blk1 |S|=45 offs=[-94, -92, -90, -88, -86, -84, -82, -80, -78, -76, -74, -72, -70, -68, -66, -64, -62, -60, -58, -56, -54, -52, -50, -48, -46, -44, -42, -40, -38, -36, -34, -32, -30, -24, -6, 4, 6, 8, 10, 12, 16, 22, 30, 36, 70]
[461] sizes A=[42, 13, 124] B=[38, 83, 51] kills=[('B', 1, 44)] [0.2s]
      blk1 |S|=44 offs=[-94, -92, -90, -88, -86, -84, -82, -80, -78, -76, -74, -72, -70, -68, -66, -64, -62, -60, -58, -56, -54, -52, -50, -48, -46, -44, -42, -40, -38, -36, -34, -32, -30, -24, -22, -6, 4, 6, 8, 10, 12, 16, 22, 30]
[462] sizes A=[42, 13, 124] B=[38, 83, 51] kills=[('B', 1, 46)] [0.1s]
      blk1 |S|=46 offs=[-94, -92, -90, -88, -86, -84, -82, -80, -78, -76, -74, -72, -70, -68, -66, -64, -62, -60, -58, -56, -54, -52, -50, -48, -46, -44, -42, -40, -38, -36, -34, -32, -30, -24, -18, -6, 4, 6, 8, 10, 12, 16, 22, 30, 50, 70]
[463] sizes A=[42, 13, 125] B=[38, 83, 50] kills=[('B', 1, 44)] [0.2s]
      blk1 |S|=44 offs=[-94, -92, -90, -88, -86, -84, -82, -80, -78, -76, -74, -72, -70, -68, -66, -64, -62, -60, -58, -56, -54, -52, -50, -48, -46, -44, -42, -40, -38, -36, -34, -32, -30, -24, -18, -6, 4, 6, 8, 10, 12, 16, 22, 70]
[464] sizes A=[42, 14, 123] B=[38, 82, 52] kills=[('B', 1, 45)] [0.1s]
      blk1 |S|=45 offs=[-94, -92, -90, -88, -86, -84, -82, -80, -78, -76, -74, -72, -70, -68, -66, -64, -62, -60, -58, -56, -54, -52, -50, -48, -46, -44, -42, -40, -38, -36, -34, -32, -30, -24, -6, 4, 6, 8, 10, 12, 16, 22, 36, 46, 70]
[465] sizes A=[42, 13, 124] B=[38, 83, 51] kills=[('B', 1, 44)] [0.2s]
      blk1 |S|=44 offs=[-94, -92, -90, -88, -86, -84, -82, -80, -78, -76, -74, -72, -70, -68, -66, -64, -62, -60, -58, -56, -54, -52, -50, -48, -46, -44, -42, -40, -38, -36, -34, -32, -30, -24, -22, -6, 4, 6, 8, 10, 12, 16, 22, 46]
[466] sizes A=[42, 14, 123] B=[38, 82, 52] kills=[('B', 1, 44)] [0.2s]
      blk1 |S|=44 offs=[-94, -92, -90, -88, -86, -84, -82, -80, -78, -76, -74, -72, -70, -68, -66, -64, -62, -60, -58, -56, -54, -52, -50, -48, -46, -44, -42, -40, -38, -36, -34, -32, -30, -24, -6, 4, 6, 8, 10, 12, 16, 22, 42, 46]
[467] sizes A=[42, 14, 123] B=[38, 82, 52] kills=[('B', 1, 44)] [0.2s]
      blk1 |S|=44 offs=[-94, -92, -90, -88, -86, -84, -82, -80, -78, -76, -74, -72, -70, -68, -66, -64, -62, -60, -58, -56, -54, -52, -50, -48, -46, -44, -42, -40, -38, -36, -34, -32, -30, -24, -6, 4, 6, 8, 10, 12, 16, 22, 30, 42]
[468] sizes A=[42, 13, 124] B=[38, 83, 51] kills=[('B', 1, 44)] [0.2s]
      blk1 |S|=44 offs=[-94, -92, -90, -88, -86, -84, -82, -80, -78, -76, -74, -72, -70, -68, -66, -64, -62, -60, -58, -56, -54, -52, -50, -48, -46, -44, -42, -40, -38, -36, -34, -32, -30, -24, -18, -6, 4, 6, 8, 10, 12, 16, 22, 42]
[469] sizes A=[42, 14, 122] B=[38, 82, 53] kills=[('B', 1, 46)] [0.1s]
      blk1 |S|=46 offs=[-94, -92, -90, -88, -86, -84, -82, -80, -78, -76, -74, -72, -70, -68, -66, -64, -62, -60, -58, -56, -54, -52, -50, -48, -46, -44, -42, -40, -38, -36, -34, -32, -30, -24, -6, 4, 6, 8, 10, 12, 16, 22, 26, 30, 32, 70]
[470] sizes A=[42, 14, 122] B=[38, 82, 53] kills=[('B', 1, 45)] [0.2s]
      blk1 |S|=45 offs=[-94, -92, -90, -88, -86, -84, -82, -80, -78, -76, -74, -72, -70, -68, -66, -64, -62, -60, -58, -56, -54, -52, -50, -48, -46, -44, -42, -40, -38, -36, -34, -32, -30, -24, -6, 4, 6, 8, 10, 12, 16, 22, 26, 30, 70]
[471] sizes A=[42, 12, 122] B=[38, 84, 53] kills=[('B', 1, 46)] [0.1s]
      blk1 |S|=46 offs=[-94, -92, -90, -88, -86, -84, -82, -80, -78, -76, -74, -72, -70, -68, -66, -64, -62, -60, -58, -56, -54, -52, -50, -48, -46, -44, -42, -40, -38, -36, -34, -32, -30, -24, -22, -20, -6, 4, 6, 8, 10, 16, 22, 26, 30, 68]
[472] sizes A=[42, 12, 123] B=[38, 84, 52] kills=[('B', 1, 45)] [0.2s]
      blk1 |S|=45 offs=[-94, -92, -90, -88, -86, -84, -82, -80, -78, -76, -74, -72, -70, -68, -66, -64, -62, -60, -58, -56, -54, -52, -50, -48, -46, -44, -42, -40, -38, -36, -34, -32, -30, -24, -22, -20, -6, 4, 6, 8, 10, 16, 22, 26, 30]
[473] sizes A=[42, 12, 123] B=[38, 84, 52] kills=[('B', 1, 45)] [0.1s]
      blk1 |S|=45 offs=[-94, -92, -90, -88, -86, -84, -82, -80, -78, -76, -74, -72, -70, -68, -66, -64, -62, -60, -58, -56, -54, -52, -50, -48, -46, -44, -42, -40, -38, -36, -34, -32, -30, -24, -22, -20, -6, 4, 6, 8, 10, 16, 22, 30, 68]
[474] sizes A=[42, 12, 124] B=[38, 84, 51] kills=[('B', 1, 45)] [0.2s]
      blk1 |S|=45 offs=[-94, -92, -90, -88, -86, -84, -82, -80, -78, -76, -74, -72, -70, -68, -66, -64, -62, -60, -58, -56, -54, -52, -50, -48, -46, -44, -42, -40, -38, -36, -34, -32, -30, -24, -22, -20, -6, 4, 6, 8, 10, 16, 22, 46, 68]
[475] sizes A=[42, 12, 124] B=[38, 84, 51] kills=[('B', 1, 46)] [0.1s]
      blk1 |S|=46 offs=[-94, -92, -90, -88, -86, -84, -82, -80, -78, -76, -74, -72, -70, -68, -66, -64, -62, -60, -58, -56, -54, -52, -50, -48, -46, -44, -42, -40, -38, -36, -34, -32, -30, -24, -22, -20, -6, 4, 6, 8, 10, 16, 22, 26, 46, 70]
[476] sizes A=[42, 12, 124] B=[38, 84, 51] kills=[('B', 1, 46)] [0.2s]
      blk1 |S|=46 offs=[-94, -92, -90, -88, -86, -84, -82, -80, -78, -76, -74, -72, -70, -68, -66, -64, -62, -60, -58, -56, -54, -52, -50, -48, -46, -44, -42, -40, -38, -36, -34, -32, -30, -24, -22, -20, -6, 4, 6, 8, 10, 16, 22, 42, 46, 52]
[477] sizes A=[42, 12, 124] B=[38, 84, 51] kills=[('B', 1, 47)] [0.2s]
      blk1 |S|=47 offs=[-94, -92, -90, -88, -86, -84, -82, -80, -78, -76, -74, -72, -70, -68, -66, -64, -62, -60, -58, -56, -54, -52, -50, -48, -46, -44, -42, -40, -38, -36, -34, -32, -30, -24, -22, -20, -6, 4, 6, 8, 10, 16, 22, 30, 40, 42, 52]
[478] sizes A=[42, 11, 125] B=[38, 85, 50] kills=[('B', 1, 45)] [0.2s]
      blk1 |S|=45 offs=[-94, -92, -90, -88, -86, -84, -82, -80, -78, -76, -74, -72, -70, -68, -66, -64, -62, -60, -58, -56, -54, -52, -50, -48, -46, -44, -42, -40, -38, -36, -34, -32, -30, -24, -22, -20, -14, -6, 4, 6, 8, 10, 16, 22, 30]
[479] sizes A=[42, 11, 125] B=[38, 85, 50] kills=[('B', 1, 46)] [0.2s]
      blk1 |S|=46 offs=[-94, -92, -90, -88, -86, -84, -82, -80, -78, -76, -74, -72, -70, -68, -66, -64, -62, -60, -58, -56, -54, -52, -50, -48, -46, -44, -42, -40, -38, -36, -34, -32, -30, -24, -22, -20, -14, -6, 4, 6, 8, 10, 16, 22, 46, 60]
[480] sizes A=[42, 11, 125] B=[38, 85, 50] kills=[('B', 1, 47)] [0.2s]
      blk1 |S|=47 offs=[-94, -92, -90, -88, -86, -84, -82, -80, -78, -76, -74, -72, -70, -68, -66, -64, -62, -60, -58, -56, -54, -52, -50, -48, -46, -44, -42, -40, -38, -36, -34, -32, -30, -24, -22, -20, -14, -6, 4, 6, 8, 10, 16, 22, 24, 46, 52]
[481] sizes A=[42, 11, 125] B=[38, 85, 50] kills=[('B', 1, 46)] [0.2s]
      blk1 |S|=46 offs=[-94, -92, -90, -88, -86, -84, -82, -80, -78, -76, -74, -72, -70, -68, -66, -64, -62, -60, -58, -56, -54, -52, -50, -48, -46, -44, -42, -40, -38, -36, -34, -32, -30, -24, -22, -20, -14, -6, 4, 6, 8, 10, 16, 22, 46, 52]
[482] sizes A=[42, 12, 125] B=[38, 84, 50] kills=[('B', 1, 45)] [0.2s]
      blk1 |S|=45 offs=[-94, -92, -90, -88, -86, -84, -82, -80, -78, -76, -74, -72, -70, -68, -66, -64, -62, -60, -58, -56, -54, -52, -50, -48, -46, -44, -42, -40, -38, -36, -34, -32, -24, -22, -20, -14, -6, 4, 6, 8, 10, 16, 22, 30, 52]
[483] sizes A=[42, 12, 125] B=[38, 84, 50] kills=[('B', 1, 45)] [0.2s]
      blk1 |S|=45 offs=[-94, -92, -90, -88, -86, -84, -82, -80, -78, -76, -74, -72, -70, -68, -66, -64, -62, -60, -58, -56, -54, -52, -50, -48, -46, -44, -42, -40, -38, -36, -34, -32, -24, -22, -20, -14, -6, 4, 6, 8, 10, 16, 22, 46, 52]
[484] sizes A=[42, 13, 124] B=[38, 83, 51] kills=[('B', 1, 29)] [0.2s]
      blk1 |S|=29 offs=[-94, -92, -90, -84, -82, -76, -74, -72, -70, -66, -58, -50, -44, -42, -40, -38, -34, -32, -24, -22, -6, 4, 6, 8, 10, 12, 22, 30, 36]
[485] sizes A=[42, 13, 125] B=[38, 83, 50] kills=[('B', 1, 41)] [0.3s]
      blk1 |S|=41 offs=[-94, -92, -90, -88, -86, -84, -82, -80, -78, -76, -74, -72, -70, -68, -66, -64, -60, -58, -54, -52, -48, -46, -44, -42, -40, -38, -36, -34, -32, -24, -22, -6, 4, 6, 8, 10, 12, 16, 22, 30, 40]
[486] sizes A=[42, 13, 126] B=[38, 83, 49] kills=[('B', 1, 41)] [0.3s]
      blk1 |S|=41 offs=[-94, -92, -90, -88, -86, -84, -82, -80, -78, -76, -74, -72, -70, -68, -66, -60, -58, -56, -54, -52, -50, -48, -46, -44, -42, -40, -38, -36, -34, -32, -24, -22, -6, 4, 6, 8, 10, 12, 16, 22, 30]
[487] sizes A=[42, 14, 125] B=[38, 82, 50] kills=[('B', 1, 36), ('B', 1, 39)] [0.3s]
      blk1 |S|=36 offs=[-94, -92, -90, -84, -82, -78, -76, -74, -72, -70, -68, -66, -64, -62, -60, -58, -56, -54, -52, -50, -46, -44, -42, -40, -38, -36, -34, -32, -24, 4, 6, 8, 10, 12, 16, 30]
      blk1 |S|=39 offs=[-94, -92, -90, -88, -86, -84, -82, -80, -78, -76, -74, -72, -70, -68, -66, -64, -62, -60, -58, -56, -54, -52, -50, -46, -44, -42, -40, -38, -36, -34, -32, -24, 4, 6, 8, 10, 12, 16, 30]
[488] sizes A=[42, 13, 126] B=[38, 83, 49] kills=[('B', 1, 39), ('B', 1, 38)] [0.3s]
      blk1 |S|=39 offs=[-94, -92, -90, -86, -84, -82, -80, -78, -76, -74, -72, -70, -68, -66, -64, -62, -60, -58, -52, -50, -46, -44, -42, -40, -38, -36, -34, -32, -24, -6, 4, 6, 8, 10, 12, 16, 22, 50, 52]
      blk1 |S|=38 offs=[-94, -92, -90, -86, -84, -82, -80, -78, -76, -74, -72, -70, -68, -66, -64, -62, -58, -52, -50, -46, -44, -42, -40, -38, -36, -34, -32, -24, -6, 4, 6, 8, 10, 12, 16, 22, 50, 52]
[489] sizes A=[42, 12, 127] B=[38, 84, 48] kills=[('B', 1, 36)] [0.3s]
      blk1 |S|=36 offs=[-94, -92, -90, -88, -84, -82, -80, -78, -76, -74, -72, -70, -68, -66, -64, -62, -60, -58, -52, -50, -46, -44, -42, -40, -38, -36, -34, -32, -24, -22, 4, 6, 8, 10, 12, 22]
[490] sizes A=[42, 14, 124] B=[38, 82, 51] kills=[('B', 1, 43)] [0.2s]
      blk1 |S|=43 offs=[-94, -92, -90, -88, -86, -84, -82, -80, -78, -76, -74, -72, -70, -68, -66, -64, -62, -60, -58, -56, -54, -52, -50, -48, -46, -44, -42, -40, -38, -36, -34, -32, -24, -14, -6, 4, 6, 8, 10, 12, 16, 22, 26]
[491] sizes A=[42, 12, 124] B=[38, 84, 51] kills=[('B', 1, 46)] [0.1s]
      blk1 |S|=46 offs=[-94, -92, -90, -88, -86, -84, -82, -80, -78, -76, -74, -72, -70, -68, -66, -64, -62, -60, -58, -56, -54, -52, -50, -48, -46, -44, -42, -40, -38, -36, -34, -32, -24, -22, -20, -14, -6, 4, 6, 8, 10, 16, 22, 24, 32, 52]
[492] sizes A=[42, 12, 125] B=[38, 84, 50] kills=[('B', 1, 31), ('B', 1, 32)] [0.3s]
      blk1 |S|=31 offs=[-94, -92, -90, -88, -84, -82, -78, -76, -74, -72, -70, -68, -66, -64, -58, -52, -50, -46, -44, -42, -40, -36, -34, -32, -24, -22, 4, 6, 8, 10, 22]
      blk1 |S|=32 offs=[-94, -92, -90, -88, -84, -82, -78, -76, -74, -72, -70, -68, -66, -64, -58, -54, -52, -50, -46, -44, -42, -40, -36, -34, -32, -24, -22, 4, 6, 8, 10, 22]
[493] sizes A=[42, 13, 123] B=[38, 83, 52] kills=[('B', 1, 46)] [0.1s]
      blk1 |S|=46 offs=[-94, -92, -90, -88, -86, -84, -82, -80, -78, -76, -74, -72, -70, -68, -66, -64, -62, -60, -58, -56, -54, -52, -50, -48, -46, -44, -42, -40, -38, -36, -34, -32, -22, -20, -14, -6, 4, 6, 8, 10, 12, 16, 22, 52, 54, 78]
[494] sizes A=[42, 12, 124] B=[38, 84, 51] kills=[('B', 1, 47)] [0.2s]
      blk1 |S|=47 offs=[-94, -92, -90, -88, -86, -84, -82, -80, -78, -76, -74, -72, -70, -68, -66, -64, -62, -60, -58, -56, -54, -52, -50, -48, -46, -44, -42, -40, -38, -36, -34, -32, -30, -22, -20, -14, -6, 4, 6, 8, 10, 12, 16, 22, 28, 52, 78]
[495] sizes A=[42, 14, 123] B=[38, 82, 52] kills=[('A', 1, 11), ('A', 1, 12), ('A', 1, 18), ('B', 1, 35), ('B', 1, 36), ('B', 1, 37), ('B', 1, 36)] [0.5s]
      blk1 |S|=11 offs=[-28, -24, -20, -18, -16, -12, -11, -8, -4, 2, 3]
      blk1 |S|=12 offs=[-24, -20, -18, -16, -12, -11, -8, -4, -2, 2, 3, 14]
      blk1 |S|=18 offs=[-30, -28, -24, -20, -18, -16, -12, -11, -10, -8, -4, -2, 0, 2, 7, 14, 20, 24]
      blk1 |S|=35 offs=[-94, -92, -90, -88, -86, -80, -78, -76, -74, -72, -70, -68, -66, -64, -60, -58, -56, -54, -52, -48, -44, -42, -40, -38, -36, -32, -22, -14, -6, 4, 6, 10, 16, 22, 60]
      blk1 |S|=36 offs=[-94, -92, -90, -88, -86, -84, -82, -80, -78, -76, -74, -72, -70, -68, -66, -64, -60, -58, -56, -54, -52, -48, -44, -42, -40, -38, -36, -32, -22, -6, 4, 6, 10, 16, 22, 60]
      blk1 |S|=37 offs=[-94, -92, -90, -88, -86, -84, -82, -80, -78, -76, -74, -72, -70, -68, -66, -64, -62, -60, -58, -56, -54, -50, -48, -44, -42, -40, -38, -36, -32, -22, -6, 4, 6, 10, 16, 22, 60]
      blk1 |S|=36 offs=[-94, -92, -90, -88, -86, -84, -82, -80, -78, -76, -74, -72, -70, -68, -66, -64, -62, -60, -58, -56, -54, -50, -48, -44, -42, -40, -38, -36, -22, -6, 4, 6, 10, 16, 22, 60]
[496] sizes A=[42, 13, 124] B=[38, 83, 51] kills=[('A', 1, 17), ('B', 1, 39)] [0.2s]
      blk1 |S|=17 offs=[-30, -28, -24, -20, -16, -12, -11, -10, -8, -4, -2, 0, 2, 7, 14, 20, 24]
      blk1 |S|=39 offs=[-94, -92, -90, -88, -86, -82, -80, -78, -76, -74, -72, -70, -68, -66, -64, -62, -60, -58, -56, -54, -52, -50, -48, -46, -44, -42, -38, -34, -32, -22, -18, -14, 4, 6, 10, 12, 16, 22, 54]
[497] sizes A=[42, 12, 124] B=[38, 84, 51] kills=[('B', 1, 46)] [0.2s]
      blk1 |S|=46 offs=[-94, -92, -90, -88, -86, -84, -82, -80, -78, -76, -74, -72, -70, -68, -66, -64, -62, -60, -58, -56, -54, -52, -50, -48, -46, -44, -42, -40, -38, -36, -34, -32, -30, -22, -18, -14, -6, 4, 6, 8, 10, 12, 16, 22, 28, 78]
[498] sizes A=[42, 13, 123] B=[38, 83, 52] kills=[('B', 1, 45)] [0.2s]
      blk1 |S|=45 offs=[-94, -92, -90, -88, -86, -84, -82, -80, -78, -76, -74, -72, -70, -68, -66, -64, -62, -60, -58, -56, -54, -52, -50, -48, -46, -44, -42, -40, -38, -36, -34, -32, -22, -20, -14, -6, 4, 6, 8, 10, 16, 22, 24, 52, 54]
[499] sizes A=[42, 13, 123] B=[38, 83, 52] kills=[('B', 1, 45)] [0.2s]
      blk1 |S|=45 offs=[-94, -92, -90, -88, -86, -84, -82, -80, -78, -76, -74, -72, -70, -68, -66, -64, -62, -60, -58, -56, -54, -52, -50, -48, -46, -44, -42, -40, -38, -36, -34, -32, -22, -20, -14, -6, 4, 6, 8, 10, 16, 22, 40, 52, 54]
[500] sizes A=[42, 13, 124] B=[38, 83, 51] kills=[('B', 1, 45)] [0.1s]
      blk1 |S|=45 offs=[-94, -92, -90, -88, -86, -84, -82, -80, -78, -76, -74, -72, -70, -68, -66, -64, -62, -60, -58, -56, -54, -52, -50, -48, -46, -44, -42, -40, -38, -36, -34, -32, -22, -20, -14, -6, 4, 6, 8, 10, 16, 22, 52, 54, 78]
[501] sizes A=[42, 12, 125] B=[38, 84, 50] kills=[('B', 1, 46)] [0.2s]
      blk1 |S|=46 offs=[-94, -92, -90, -88, -86, -84, -82, -80, -78, -76, -74, -72, -70, -68, -66, -64, -62, -60, -58, -56, -54, -52, -50, -48, -46, -44, -42, -40, -38, -36, -34, -32, -30, -22, -20, -14, -6, 4, 6, 8, 10, 16, 22, 28, 52, 78]
[502] sizes A=[42, 13, 124] B=[38, 83, 51] kills=[('B', 1, 45)] [0.2s]
      blk1 |S|=45 offs=[-94, -92, -90, -88, -86, -84, -82, -80, -78, -76, -74, -72, -70, -68, -66, -64, -62, -60, -58, -56, -54, -52, -50, -48, -46, -44, -42, -40, -38, -36, -34, -32, -22, -20, -14, -6, 4, 6, 8, 10, 16, 22, 46, 52, 54]
[503] sizes A=[42, 12, 125] B=[38, 84, 50] kills=[('B', 1, 46)] [0.2s]
      blk1 |S|=46 offs=[-94, -92, -90, -88, -86, -84, -82, -80, -78, -76, -74, -72, -70, -68, -66, -64, -62, -60, -58, -56, -54, -52, -50, -48, -46, -44, -42, -40, -38, -36, -34, -32, -30, -22, -20, -14, -6, 4, 6, 8, 10, 16, 22, 30, 52, 54]
[504] sizes A=[42, 12, 126] B=[38, 84, 49] kills=[('B', 1, 46)] [0.2s]
      blk1 |S|=46 offs=[-94, -92, -90, -88, -86, -84, -82, -80, -78, -76, -74, -72, -70, -68, -66, -64, -62, -60, -58, -56, -54, -52, -50, -48, -46, -44, -42, -40, -38, -36, -34, -32, -30, -22, -20, -14, -6, 4, 6, 8, 10, 16, 22, 28, 30, 52]
[505] sizes A=[42, 12, 126] B=[38, 84, 49] kills=[('B', 1, 46)] [0.2s]
      blk1 |S|=46 offs=[-94, -92, -90, -88, -86, -84, -82, -80, -78, -76, -74, -72, -70, -68, -66, -64, -62, -60, -58, -56, -54, -52, -50, -48, -46, -44, -42, -40, -38, -36, -34, -32, -30, -22, -20, -14, -6, 4, 6, 8, 10, 16, 22, 28, 46, 52]
[506] sizes A=[42, 12, 125] B=[38, 84, 50] kills=[('B', 1, 45)] [0.2s]
      blk1 |S|=45 offs=[-94, -92, -90, -88, -86, -84, -82, -80, -78, -76, -74, -72, -70, -68, -66, -64, -62, -60, -58, -56, -54, -52, -50, -48, -46, -44, -42, -40, -38, -36, -34, -32, -30, -22, -18, -14, -6, 4, 6, 8, 10, 12, 16, 22, 28]
[507] sizes A=[42, 13, 123] B=[38, 83, 52] kills=[('A', 1, 13), ('B', 1, 29)] [0.2s]
      blk1 |S|=13 offs=[-28, -24, -20, -16, -12, -11, -8, -2, 0, 2, 6, 7, 20]
      blk1 |S|=29 offs=[-94, -92, -88, -82, -80, -76, -74, -72, -70, -68, -64, -60, -58, -56, -54, -52, -48, -46, -44, -36, -34, -32, -14, 4, 10, 22, 40, 52, 54]
[508] sizes A=[42, 13, 122] B=[38, 83, 53] kills=[('A', 1, 17), ('B', 1, 33), ('B', 1, 34)] [0.3s]
      blk1 |S|=17 offs=[-30, -28, -24, -20, -16, -12, -11, -10, -8, -4, -2, 0, 2, 6, 7, 11, 14]
      blk1 |S|=33 offs=[-94, -92, -90, -88, -86, -84, -78, -76, -74, -72, -70, -68, -66, -64, -60, -56, -54, -52, -48, -44, -42, -38, -36, -34, -32, -18, -14, 4, 8, 10, 16, 22, 36]
      blk1 |S|=34 offs=[-94, -92, -90, -88, -86, -84, -80, -78, -76, -74, -72, -70, -68, -66, -64, -60, -56, -54, -52, -48, -44, -42, -38, -36, -34, -32, -18, -14, 4, 8, 10, 16, 22, 36]
[509] sizes A=[42, 12, 123] B=[38, 84, 52] kills=[('A', 1, 15), ('A', 1, 14), ('B', 1, 32)] [0.2s]
      blk1 |S|=15 offs=[-28, -24, -20, -16, -12, -11, -10, -8, -4, -2, 0, 2, 6, 7, 11]
      blk1 |S|=14 offs=[-28, -24, -20, -16, -12, -11, -10, -8, -4, -2, 0, 2, 6, 7]
      blk1 |S|=32 offs=[-90, -86, -84, -80, -76, -70, -68, -66, -62, -60, -58, -54, -48, -46, -42, -40, -38, -36, -34, -32, -30, -22, -18, -14, -6, 4, 8, 10, 16, 22, 24, 54]
[510] sizes A=[42, 11, 124] B=[38, 85, 51] kills=[('B', 1, 22)] [0.2s]
      blk1 |S|=22 offs=[-94, -92, -90, -86, -80, -74, -68, -62, -56, -50, -44, -38, -32, -22, -20, -18, -14, 4, 10, 12, 22, 54]
[511] sizes A=[42, 11, 124] B=[38, 85, 51] kills=[('B', 1, 30), ('B', 1, 28)] [0.3s]
      blk1 |S|=30 offs=[-94, -92, -90, -88, -86, -80, -78, -74, -70, -68, -62, -56, -54, -50, -46, -44, -42, -38, -36, -34, -32, -30, -22, -20, -14, 8, 10, 16, 20, 22]
      blk1 |S|=28 offs=[-94, -92, -90, -88, -86, -80, -78, -74, -70, -68, -62, -56, -54, -50, -46, -44, -42, -38, -36, -34, -32, -30, -22, -20, 8, 10, 16, 20]
[512] sizes A=[42, 11, 125] B=[38, 85, 50] kills=[('B', 1, 28)] [0.2s]
      blk1 |S|=28 offs=[-94, -92, -86, -82, -80, -78, -76, -74, -70, -68, -62, -56, -54, -50, -46, -44, -42, -38, -32, -30, -22, -20, -14, -6, 8, 10, 16, 22]
[513] sizes A=[42, 11, 124] B=[38, 85, 51] kills=[('B', 1, 25)] [0.2s]
      blk1 |S|=25 offs=[-92, -86, -84, -80, -76, -74, -68, -62, -60, -56, -52, -50, -44, -40, -38, -36, -32, -18, -14, 4, 8, 10, 12, 16, 22]
[514] sizes A=[42, 10, 125] B=[38, 86, 50] kills=[('A', 1, 6), ('A', 1, 12), ('B', 1, 48)] [0.2s]
      blk1 |S|=6 offs=[-8, -4, -2, 0, 2, 4]
      blk1 |S|=12 offs=[-30, -28, -16, -12, -8, -4, -2, 0, 2, 4, 14, 24]
      blk1 |S|=48 offs=[-94, -92, -90, -88, -86, -84, -82, -80, -78, -76, -74, -72, -70, -68, -66, -64, -62, -60, -58, -56, -54, -52, -50, -48, -46, -44, -42, -40, -38, -36, -34, -32, -26, -24, -22, -20, -18, -14, -6, 8, 10, 12, 16, 22, 40, 42, 52, 68]
[515] sizes A=[42, 10, 125] B=[38, 86, 50] kills=[('B', 1, 36)] [0.3s]
      blk1 |S|=36 offs=[-94, -92, -90, -88, -86, -84, -82, -80, -78, -76, -74, -72, -68, -64, -62, -60, -58, -56, -54, -52, -50, -48, -46, -44, -42, -40, -38, -36, -34, -32, -24, -16, 4, 8, 10, 22]
[516] sizes A=[42, 11, 124] B=[38, 85, 51] kills=[('B', 1, 49)] [0.2s]
      blk1 |S|=49 offs=[-94, -92, -90, -88, -86, -84, -82, -80, -78, -76, -74, -72, -70, -68, -66, -64, -62, -60, -58, -56, -54, -52, -50, -48, -46, -44, -42, -40, -38, -36, -34, -32, -26, -22, -18, -16, -14, -6, 4, 8, 10, 16, 22, 24, 44, 52, 54, 68, 74]
[517] sizes A=[42, 12, 124] B=[38, 84, 51] kills=[('B', 1, 49)] [0.2s]
      blk1 |S|=49 offs=[-94, -92, -90, -88, -86, -84, -82, -80, -78, -76, -74, -72, -70, -68, -66, -64, -62, -60, -58, -56, -54, -52, -50, -48, -46, -44, -42, -40, -38, -36, -34, -32, -22, -18, -16, -14, -6, 4, 8, 10, 16, 22, 24, 44, 52, 54, 60, 68, 74]
[518] sizes A=[42, 12, 124] B=[38, 84, 51] kills=[('B', 1, 37)] [0.2s]
      blk1 |S|=37 offs=[-94, -92, -90, -86, -82, -76, -74, -68, -66, -64, -60, -58, -56, -54, -52, -50, -48, -46, -44, -42, -40, -38, -36, -34, -32, -22, -18, -16, -14, -6, 4, 10, 16, 22, 24, 52, 54]
[519] sizes A=[42, 12, 124] B=[38, 84, 51] kills=[('B', 1, 32)] [0.2s]
      blk1 |S|=32 offs=[-94, -92, -86, -82, -80, -78, -76, -74, -68, -66, -60, -58, -54, -50, -48, -46, -42, -38, -36, -34, -32, -22, -18, -16, -14, -6, 4, 8, 10, 16, 22, 54]
[520] sizes A=[42, 11, 125] B=[38, 85, 50] kills=[('B', 1, 24)] [0.2s]
      blk1 |S|=24 offs=[-86, -80, -78, -76, -72, -70, -66, -58, -54, -46, -42, -38, -36, -34, -32, -30, -22, -18, -14, -6, 4, 10, 22, 28]
[521] sizes A=[42, 12, 120] B=[38, 84, 55] kills=[('A', 1, 15), ('A', 1, 14), ('A', 1, 17), ('B', 1, 43), ('B', 1, 42)] [0.3s]
      blk1 |S|=15 offs=[-30, -24, -22, -20, -12, -10, -8, -4, -2, 0, 2, 6, 12, 14, 20]
      blk1 |S|=14 offs=[-24, -22, -12, -11, -10, -8, -4, -2, 0, 2, 3, 6, 12, 20]
      blk1 |S|=17 offs=[-30, -28, -24, -22, -20, -12, -11, -10, -8, -4, -2, 0, 2, 6, 7, 12, 20]
      blk1 |S|=43 offs=[-94, -92, -90, -88, -86, -84, -80, -78, -76, -74, -72, -70, -68, -66, -64, -62, -60, -58, -56, -54, -52, -50, -48, -46, -44, -42, -40, -38, -36, -34, -32, -26, -18, -16, -14, -6, 4, 8, 10, 16, 22, 38, 62]
      blk1 |S|=42 offs=[-94, -92, -90, -88, -86, -84, -80, -78, -76, -74, -72, -70, -68, -66, -64, -62, -60, -58, -56, -54, -52, -50, -48, -46, -44, -42, -40, -38, -36, -34, -32, -26, -18, -16, -14, -6, 4, 8, 10, 16, 22, 62]
[522] sizes A=[42, 12, 120] B=[38, 84, 55] kills=[('A', 1, 9), ('A', 1, 10), ('A', 1, 15), ('A', 1, 14), ('B', 1, 50)] [0.2s]
      blk1 |S|=9 offs=[-24, -22, -12, -11, -10, 0, 2, 11, 12]
      blk1 |S|=10 offs=[-24, -22, -20, -11, -10, -2, 0, 2, 6, 11]
      blk1 |S|=15 offs=[-24, -22, -20, -12, -11, -10, -8, -4, -2, 0, 2, 6, 7, 11, 12]
      blk1 |S|=14 offs=[-24, -22, -20, -12, -11, -10, -8, -4, -2, 0, 2, 6, 7, 12]
      blk1 |S|=50 offs=[-94, -92, -90, -88, -86, -84, -82, -80, -78, -76, -74, -72, -70, -68, -66, -64, -62, -60, -58, -56, -54, -52, -50, -48, -46, -44, -42, -40, -38, -36, -34, -32, -26, -18, -16, -14, -6, 4, 8, 10, 16, 20, 22, 26, 38, 52, 54, 60, 76, 78]
[523] sizes A=[42, 11, 119] B=[38, 85, 56] kills=[('A', 1, 15), ('B', 1, 53)] [0.2s]
      blk1 |S|=15 offs=[-28, -24, -20, -12, -11, -10, -8, -4, -2, 0, 2, 3, 7, 8, 12]
      blk1 |S|=53 offs=[-94, -92, -90, -88, -86, -84, -82, -80, -78, -76, -74, -72, -70, -68, -66, -64, -62, -60, -58, -56, -54, -52, -50, -48, -46, -44, -42, -40, -38, -36, -34, -32, -26, -22, -18, -16, -14, -6, 4, 10, 16, 22, 26, 38, 48, 52, 54, 60, 68, 72, 74, 76, 78]
[524] sizes A=[42, 11, 119] B=[38, 85, 56] kills=[('B', 1, 35)] [0.3s]
      blk1 |S|=35 offs=[-92, -90, -88, -86, -84, -80, -78, -76, -74, -72, -68, -64, -62, -60, -56, -54, -50, -48, -44, -42, -40, -38, -36, -34, -32, -20, -16, -14, 4, 10, 16, 22, 38, 48, 60]
[525] sizes A=[42, 11, 120] B=[38, 85, 55] kills=[('B', 1, 28)] [0.2s]
      blk1 |S|=28 offs=[-92, -88, -86, -82, -80, -74, -72, -68, -64, -62, -56, -52, -50, -48, -44, -42, -40, -38, -32, -20, -14, -6, 4, 10, 16, 22, 54, 68]
[526] sizes A=[42, 11, 121] B=[38, 85, 54] kills=[('B', 1, 26), ('B', 1, 24)] [0.3s]
      blk1 |S|=26 offs=[-92, -88, -86, -80, -74, -72, -68, -64, -62, -60, -56, -52, -50, -48, -44, -42, -40, -38, -32, -20, -16, -14, 4, 10, 16, 22]
      blk1 |S|=24 offs=[-92, -88, -86, -80, -74, -72, -68, -64, -62, -60, -56, -52, -50, -48, -44, -42, -40, -38, -32, -20, -16, 4, 10, 16]
[527] sizes A=[42, 12, 120] B=[38, 84, 55] kills=[('A', 1, 16), ('A', 1, 15), ('B', 1, 38), ('B', 1, 38)] [0.3s]
      blk1 |S|=16 offs=[-28, -24, -20, -12, -11, -10, -8, -4, -2, 0, 2, 3, 6, 7, 8, 20]
      blk1 |S|=15 offs=[-28, -24, -20, -12, -11, -10, -8, -4, -2, 0, 2, 6, 7, 8, 20]
      blk1 |S|=38 offs=[-94, -92, -90, -88, -86, -80, -76, -74, -72, -70, -68, -66, -64, -62, -60, -58, -56, -54, -52, -50, -46, -44, -42, -40, -38, -36, -34, -32, -22, -18, -16, -6, 4, 10, 12, 22, 54, 60]
      blk1 |S|=38 offs=[-94, -92, -90, -88, -86, -84, -82, -80, -78, -76, -74, -72, -70, -68, -66, -64, -62, -60, -58, -56, -54, -52, -50, -46, -44, -42, -40, -38, -36, -32, -22, -18, -16, 4, 10, 12, 22, 54]
[528] sizes A=[42, 12, 120] B=[38, 84, 55] kills=[('A', 1, 15), ('A', 1, 12), ('A', 1, 12), ('A', 1, 14), ('B', 1, 38)] [0.2s]
      blk1 |S|=15 offs=[-24, -22, -20, -12, -11, -10, -8, -4, -2, 0, 2, 3, 8, 14, 20]
      blk1 |S|=12 offs=[-24, -22, -12, -11, -10, -8, -4, -2, 0, 2, 3, 8]
      blk1 |S|=12 offs=[-26, -24, -22, -12, -11, -8, -4, -2, 0, 2, 3, 8]
      blk1 |S|=14 offs=[-26, -24, -22, -20, -12, -11, -4, -2, 0, 2, 7, 8, 14, 20]
      blk1 |S|=38 offs=[-94, -90, -88, -86, -84, -82, -80, -78, -76, -74, -66, -64, -62, -58, -54, -52, -50, -48, -46, -44, -42, -40, -38, -34, -32, -30, -16, -14, -6, 4, 6, 10, 12, 16, 22, 26, 54, 74]
[529] sizes A=[42, 10, 123] B=[38, 86, 52] kills=[('B', 1, 49)] [0.2s]
      blk1 |S|=49 offs=[-94, -92, -90, -88, -86, -84, -82, -80, -78, -76, -74, -72, -70, -68, -66, -64, -62, -60, -58, -56, -54, -52, -50, -48, -46, -44, -42, -40, -38, -36, -34, -32, -30, -24, -22, -18, -16, -14, -6, 4, 10, 12, 16, 18, 22, 26, 72, 74, 76]
[530] sizes A=[42, 10, 124] B=[38, 86, 51] kills=[('B', 1, 47)] [0.2s]
      blk1 |S|=47 offs=[-94, -92, -90, -88, -86, -84, -82, -80, -78, -76, -74, -72, -70, -68, -66, -64, -62, -60, -58, -56, -54, -52, -50, -48, -46, -44, -42, -40, -38, -36, -34, -32, -30, -24, -22, -18, -16, -6, 4, 10, 12, 16, 18, 22, 26, 74, 78]
[531] sizes A=[42, 10, 125] B=[38, 86, 50] kills=[('B', 1, 47)] [0.2s]
      blk1 |S|=47 offs=[-94, -92, -90, -88, -86, -84, -82, -80, -78, -76, -74, -72, -70, -68, -66, -64, -62, -60, -58, -56, -54, -52, -50, -48, -46, -44, -42, -40, -38, -36, -34, -32, -30, -24, -22, -18, -16, -14, -6, 4, 10, 12, 16, 18, 22, 26, 74]
[532] sizes A=[42, 10, 125] B=[38, 86, 50] kills=[('B', 1, 36), ('B', 1, 32), ('B', 1, 33), ('B', 1, 38)] [0.4s]
      blk1 |S|=36 offs=[-92, -90, -88, -86, -84, -82, -80, -76, -74, -72, -70, -68, -66, -64, -62, -60, -58, -54, -52, -50, -46, -44, -42, -40, -38, -34, -32, -30, -22, -18, -6, 4, 10, 12, 16, 22]
      blk1 |S|=32 offs=[-92, -90, -88, -86, -84, -82, -76, -74, -70, -66, -64, -62, -58, -54, -52, -50, -46, -44, -42, -40, -38, -34, -32, -30, -22, -18, -6, 4, 10, 12, 16, 22]
      blk1 |S|=33 offs=[-94, -92, -90, -88, -86, -84, -82, -76, -74, -70, -66, -64, -62, -58, -54, -52, -50, -46, -44, -42, -40, -38, -34, -32, -30, -22, -18, -6, 4, 10, 12, 16, 22]
      blk1 |S|=38 offs=[-94, -92, -90, -88, -86, -84, -82, -80, -78, -76, -74, -72, -70, -68, -66, -64, -62, -60, -58, -54, -52, -50, -46, -44, -42, -40, -38, -34, -32, -30, -22, -18, -6, 4, 10, 12, 16, 22]
[533] sizes A=[42, 10, 125] B=[38, 86, 50] kills=[('B', 1, 50)] [0.1s]
      blk1 |S|=50 offs=[-94, -92, -90, -88, -86, -84, -82, -80, -78, -76, -74, -72, -70, -68, -66, -64, -62, -60, -58, -56, -54, -52, -50, -48, -46, -44, -42, -40, -38, -36, -34, -32, -30, -24, -22, -18, -16, -14, -6, 4, 10, 16, 18, 22, 26, 52, 58, 60, 74, 76]
[534] sizes A=[42, 10, 125] B=[38, 86, 50] kills=[('B', 1, 49)] [0.2s]
      blk1 |S|=49 offs=[-94, -92, -90, -88, -86, -84, -82, -80, -78, -76, -74, -72, -70, -68, -66, -64, -62, -60, -58, -56, -54, -52, -50, -48, -46, -44, -42, -40, -38, -36, -34, -32, -30, -24, -22, -18, -16, -14, -6, 4, 10, 16, 18, 22, 26, 52, 58, 74, 76]
[535] sizes A=[42, 10, 126] B=[38, 86, 49] kills=[('B', 1, 47)] [0.2s]
      blk1 |S|=47 offs=[-94, -92, -90, -88, -86, -84, -82, -80, -78, -76, -74, -72, -70, -68, -66, -64, -62, -60, -58, -56, -54, -52, -50, -48, -46, -44, -42, -40, -38, -36, -34, -32, -30, -24, -22, -18, -14, -6, 4, 10, 16, 18, 22, 26, 52, 74, 76]
[536] sizes A=[42, 10, 126] B=[38, 86, 49] kills=[('B', 1, 49)] [0.2s]
      blk1 |S|=49 offs=[-94, -92, -90, -88, -86, -84, -82, -80, -78, -76, -74, -72, -70, -68, -66, -64, -62, -60, -58, -56, -54, -52, -50, -48, -46, -44, -42, -40, -38, -36, -34, -32, -30, -24, -22, -18, -16, -14, -6, 4, 10, 16, 22, 26, 36, 48, 52, 72, 76]
[537] sizes A=[42, 10, 126] B=[38, 86, 49] kills=[('B', 1, 49)] [0.2s]
      blk1 |S|=49 offs=[-94, -92, -90, -88, -86, -84, -82, -80, -78, -76, -74, -72, -70, -68, -66, -64, -62, -60, -58, -56, -54, -52, -50, -48, -46, -44, -42, -40, -38, -36, -34, -32, -30, -24, -22, -18, -16, -14, -6, 4, 10, 16, 22, 26, 48, 52, 72, 74, 76]
[538] sizes A=[42, 10, 127] B=[38, 86, 48] kills=[('B', 1, 48)] [0.2s]
      blk1 |S|=48 offs=[-94, -92, -90, -88, -86, -84, -82, -80, -78, -76, -74, -72, -70, -68, -66, -64, -62, -60, -58, -56, -54, -52, -50, -48, -46, -44, -42, -40, -38, -36, -34, -32, -30, -24, -22, -18, -16, -14, -6, 4, 10, 16, 22, 26, 48, 52, 74, 76]
[539] sizes A=[42, 10, 128] B=[38, 86, 47] kills=[('B', 1, 48)] [0.2s]
      blk1 |S|=48 offs=[-94, -92, -90, -88, -86, -84, -82, -80, -78, -76, -74, -72, -70, -68, -66, -64, -62, -60, -58, -56, -54, -52, -50, -48, -46, -44, -42, -40, -38, -36, -34, -32, -30, -24, -22, -18, -16, -14, -6, 4, 10, 16, 22, 26, 44, 48, 52, 74]
[540] sizes A=[42, 10, 128] B=[38, 86, 47] kills=[('B', 1, 48)] [0.2s]
      blk1 |S|=48 offs=[-94, -92, -90, -88, -86, -84, -82, -80, -78, -76, -74, -72, -70, -68, -66, -64, -62, -60, -58, -56, -54, -52, -50, -48, -46, -44, -42, -40, -38, -36, -34, -32, -30, -24, -22, -18, -16, -14, -6, 4, 10, 16, 22, 26, 40, 44, 48, 52]
[541] sizes A=[42, 10, 128] B=[38, 86, 47] kills=[('B', 1, 48)] [0.2s]
      blk1 |S|=48 offs=[-94, -92, -90, -88, -86, -84, -82, -80, -78, -76, -74, -72, -70, -68, -66, -64, -62, -60, -58, -56, -54, -52, -50, -48, -46, -44, -42, -40, -38, -36, -34, -32, -30, -24, -22, -18, -16, -14, -6, 4, 10, 16, 18, 22, 26, 44, 52, 60]
[542] sizes A=[42, 10, 128] B=[38, 86, 47] kills=[('B', 1, 47)] [0.2s]
      blk1 |S|=47 offs=[-94, -92, -90, -88, -86, -84, -82, -80, -78, -76, -74, -72, -70, -68, -66, -64, -62, -60, -58, -56, -54, -52, -50, -48, -46, -44, -42, -40, -38, -36, -34, -32, -30, -24, -22, -18, -16, -14, -6, 4, 10, 16, 18, 22, 26, 44, 74]
[543] sizes A=[42, 10, 128] B=[38, 86, 47] kills=[('B', 1, 47)] [0.2s]
      blk1 |S|=47 offs=[-94, -92, -90, -88, -86, -84, -82, -80, -78, -76, -74, -72, -70, -68, -66, -64, -62, -60, -58, -56, -54, -52, -50, -48, -46, -44, -42, -40, -38, -36, -34, -32, -30, -24, -22, -18, -16, -14, -6, 4, 10, 16, 18, 22, 26, 40, 44]
[544] sizes A=[42, 11, 125] B=[38, 85, 50] kills=[('B', 1, 38), ('B', 1, 39)] [0.3s]
      blk1 |S|=38 offs=[-94, -92, -90, -88, -86, -84, -82, -80, -78, -74, -68, -66, -62, -58, -56, -54, -52, -50, -44, -42, -40, -38, -36, -34, -32, -24, -22, -18, -16, -14, -6, 4, 10, 18, 24, 36, 46, 74]
      blk1 |S|=39 offs=[-94, -92, -90, -88, -86, -84, -82, -80, -78, -74, -70, -68, -66, -62, -58, -56, -54, -52, -50, -44, -42, -40, -38, -36, -34, -32, -24, -22, -18, -16, -14, -6, 4, 10, 18, 24, 36, 46, 74]
[545] sizes A=[42, 11, 126] B=[38, 85, 49] kills=[('B', 1, 48)] [0.2s]
      blk1 |S|=48 offs=[-94, -92, -90, -88, -86, -84, -82, -80, -78, -76, -74, -72, -70, -68, -66, -64, -62, -60, -58, -56, -54, -52, -50, -48, -46, -44, -42, -40, -38, -36, -34, -32, -24, -22, -18, -14, -6, 4, 10, 16, 18, 22, 24, 26, 44, 46, 52, 74]
[546] sizes A=[42, 11, 126] B=[38, 85, 49] kills=[('B', 1, 29)] [0.3s]
      blk1 |S|=29 offs=[-94, -92, -90, -86, -84, -82, -78, -76, -74, -72, -70, -66, -64, -62, -58, -54, -50, -44, -42, -40, -38, -36, -34, -32, -24, 4, 10, 16, 22]
[547] sizes A=[42, 13, 122] B=[38, 83, 53] kills=[('A', 1, 12), ('A', 1, 12), ('A', 1, 16), ('A', 1, 17), ('B', 1, 49)] [0.1s]
      blk1 |S|=12 offs=[-28, -26, -24, -18, -12, -11, -10, -8, -4, 2, 3, 8]
      blk1 |S|=12 offs=[-30, -28, -26, -24, -18, -11, -10, -8, -4, 2, 3, 8]
      blk1 |S|=16 offs=[-30, -28, -24, -20, -18, -12, -11, -10, -8, -4, -2, 0, 2, 3, 8, 20]
      blk1 |S|=17 offs=[-30, -28, -24, -20, -18, -12, -11, -10, -8, -4, -2, 0, 2, 3, 8, 20, 24]
      blk1 |S|=49 offs=[-94, -92, -90, -88, -86, -84, -82, -80, -78, -76, -74, -72, -70, -68, -66, -64, -62, -60, -58, -56, -54, -52, -50, -48, -46, -44, -42, -40, -38, -36, -34, -32, -22, -16, -14, -6, 4, 6, 10, 12, 16, 22, 26, 48, 52, 54, 72, 74, 78]
[548] sizes A=[42, 11, 123] B=[38, 85, 52] kills=[('A', 1, 13), ('A', 1, 15), ('A', 1, 11), ('A', 1, 16), ('B', 1, 49)] [0.2s]
      blk1 |S|=13 offs=[-28, -24, -18, -12, -11, -10, -8, -4, 0, 2, 3, 8, 28]
      blk1 |S|=15 offs=[-28, -24, -20, -18, -12, -11, -10, -8, -4, -2, 0, 2, 3, 8, 20]
      blk1 |S|=11 offs=[-28, -24, -18, -12, -11, -10, -8, -4, 2, 3, 8]
      blk1 |S|=16 offs=[-28, -24, -20, -18, -12, -11, -10, -8, -4, -2, 0, 2, 7, 8, 20, 28]
      blk1 |S|=49 offs=[-94, -92, -90, -88, -86, -84, -82, -80, -78, -76, -74, -72, -70, -68, -66, -64, -62, -60, -58, -56, -54, -52, -50, -48, -46, -44, -42, -40, -38, -36, -34, -32, -30, -26, -22, -16, -14, -6, 4, 6, 10, 12, 16, 22, 26, 48, 54, 76, 78]
[549] sizes A=[42, 12, 122] B=[38, 84, 53] kills=[('B', 1, 48)] [0.2s]
      blk1 |S|=48 offs=[-94, -92, -90, -88, -86, -84, -82, -80, -78, -76, -74, -72, -70, -68, -66, -64, -62, -60, -58, -56, -54, -52, -50, -48, -46, -44, -42, -40, -38, -36, -34, -32, -30, -22, -16, -14, -6, 4, 6, 8, 10, 12, 16, 22, 26, 48, 76, 78]
[550] sizes A=[42, 12, 123] B=[38, 84, 52] kills=[('B', 1, 47)] [0.2s]
      blk1 |S|=47 offs=[-94, -92, -90, -88, -86, -84, -82, -80, -78, -76, -74, -72, -70, -68, -66, -64, -62, -60, -58, -56, -54, -52, -50, -48, -46, -44, -42, -40, -38, -36, -34, -32, -30, -22, -16, -14, -6, 4, 6, 8, 10, 12, 16, 22, 26, 76, 78]
[551] sizes A=[42, 12, 124] B=[38, 84, 51] kills=[('B', 1, 46)] [0.2s]
      blk1 |S|=46 offs=[-94, -92, -90, -88, -86, -84, -82, -80, -78, -76, -74, -72, -70, -68, -66, -64, -62, -60, -58, -56, -54, -52, -50, -48, -46, -44, -42, -40, -38, -36, -34, -32, -30, -22, -16, -14, -6, 4, 6, 8, 10, 12, 16, 22, 26, 78]
[552] sizes A=[42, 12, 123] B=[38, 84, 52] kills=[('B', 1, 46)] [0.2s]
      blk1 |S|=46 offs=[-94, -92, -90, -88, -86, -84, -82, -80, -78, -76, -74, -72, -70, -68, -66, -64, -62, -60, -58, -56, -54, -52, -50, -48, -46, -44, -42, -40, -38, -36, -34, -32, -30, -22, -16, -14, -6, 4, 6, 8, 10, 16, 22, 26, 76, 78]
[553] sizes A=[42, 12, 124] B=[38, 84, 51] kills=[('B', 1, 46)] [0.2s]
      blk1 |S|=46 offs=[-94, -92, -90, -88, -86, -84, -82, -80, -78, -76, -74, -72, -70, -68, -66, -64, -62, -60, -58, -56, -54, -52, -50, -48, -46, -44, -42, -40, -38, -36, -34, -32, -30, -22, -16, -14, -6, 4, 6, 8, 10, 16, 22, 26, 30, 76]
[554] sizes A=[42, 12, 124] B=[38, 84, 51] kills=[('B', 1, 49)] [0.2s]
      blk1 |S|=49 offs=[-94, -92, -90, -88, -86, -84, -82, -80, -78, -76, -74, -72, -70, -68, -66, -64, -62, -60, -58, -56, -54, -52, -50, -48, -46, -44, -42, -40, -38, -36, -34, -32, -30, -22, -16, -14, -6, 4, 6, 8, 10, 12, 16, 22, 26, 30, 52, 54, 72]
[555] sizes A=[42, 12, 125] B=[38, 84, 50] kills=[('B', 1, 46)] [0.2s]
      blk1 |S|=46 offs=[-94, -92, -90, -88, -86, -84, -82, -80, -78, -76, -74, -72, -70, -68, -66, -64, -62, -60, -58, -56, -54, -52, -50, -48, -46, -44, -42, -40, -38, -36, -34, -32, -30, -22, -16, -14, -6, 4, 6, 8, 10, 12, 16, 22, 26, 30]
[556] sizes A=[42, 12, 126] B=[38, 84, 49] kills=[('B', 1, 45)] [0.2s]
      blk1 |S|=45 offs=[-94, -92, -90, -88, -86, -84, -82, -80, -78, -76, -74, -72, -70, -68, -66, -64, -62, -60, -58, -56, -54, -52, -50, -48, -46, -44, -42, -40, -38, -36, -34, -32, -30, -22, -16, -14, -6, 4, 6, 8, 10, 12, 16, 22, 26]
[557] sizes A=[42, 12, 126] B=[38, 84, 49] kills=[('B', 1, 47)] [0.2s]
      blk1 |S|=47 offs=[-94, -92, -90, -88, -86, -84, -82, -80, -78, -76, -74, -72, -70, -68, -66, -64, -62, -60, -58, -56, -54, -52, -50, -48, -46, -44, -42, -40, -38, -36, -34, -32, -30, -22, -16, -14, -6, 4, 6, 8, 10, 16, 22, 26, 44, 46, 54]
[558] sizes A=[42, 12, 126] B=[38, 84, 49] kills=[('B', 1, 47)] [0.2s]
      blk1 |S|=47 offs=[-94, -92, -90, -88, -86, -84, -82, -80, -78, -76, -74, -72, -70, -68, -66, -64, -62, -60, -58, -56, -54, -52, -50, -48, -46, -44, -42, -40, -38, -36, -34, -32, -30, -22, -16, -14, -6, 4, 6, 8, 10, 16, 22, 26, 30, 44, 54]
[559] sizes A=[42, 12, 126] B=[38, 84, 49] kills=[('B', 1, 46)] [0.2s]
      blk1 |S|=46 offs=[-94, -92, -90, -88, -86, -84, -82, -80, -78, -76, -74, -72, -70, -68, -66, -64, -62, -60, -58, -56, -54, -52, -50, -48, -46, -44, -42, -40, -38, -36, -34, -32, -30, -22, -16, -14, -6, 4, 6, 8, 10, 16, 22, 26, 44, 54]
[560] sizes A=[42, 12, 127] B=[38, 84, 48] kills=[('B', 1, 46)] [0.2s]
      blk1 |S|=46 offs=[-94, -92, -90, -88, -86, -84, -82, -80, -78, -76, -74, -72, -70, -68, -66, -64, -62, -60, -58, -56, -54, -52, -50, -48, -46, -44, -42, -40, -38, -36, -34, -32, -30, -22, -16, -14, -6, 4, 6, 8, 10, 16, 22, 44, 54, 78]
[561] sizes A=[42, 12, 127] B=[38, 84, 48] kills=[('B', 1, 46)] [0.2s]
      blk1 |S|=46 offs=[-94, -92, -90, -88, -86, -84, -82, -80, -78, -76, -74, -72, -70, -68, -66, -64, -62, -60, -58, -56, -54, -52, -50, -48, -46, -44, -42, -40, -38, -36, -34, -32, -30, -22, -16, -14, -6, 4, 6, 8, 10, 16, 22, 30, 44, 54]
[562] sizes A=[42, 12, 127] B=[38, 84, 48] kills=[('B', 1, 46)] [0.2s]
      blk1 |S|=46 offs=[-94, -92, -90, -88, -86, -84, -82, -80, -78, -76, -74, -72, -70, -68, -66, -64, -62, -60, -58, -56, -54, -52, -50, -48, -46, -44, -42, -40, -38, -36, -34, -32, -30, -22, -16, -14, -6, 4, 6, 8, 10, 16, 22, 44, 46, 54]
[563] sizes A=[42, 12, 127] B=[38, 84, 48] kills=[('B', 1, 45)] [0.2s]
      blk1 |S|=45 offs=[-94, -92, -90, -88, -86, -84, -82, -80, -78, -76, -74, -72, -70, -68, -66, -64, -62, -60, -58, -56, -54, -52, -50, -48, -46, -44, -42, -40, -38, -36, -34, -32, -30, -22, -16, -14, -6, 4, 6, 8, 10, 16, 22, 30, 76]
[564] sizes A=[42, 12, 127] B=[38, 84, 48] kills=[('B', 1, 45)] [0.2s]
      blk1 |S|=45 offs=[-94, -92, -90, -88, -86, -84, -82, -80, -78, -76, -74, -72, -70, -68, -66, -64, -62, -60, -58, -56, -54, -52, -50, -48, -46, -44, -42, -40, -38, -36, -34, -32, -30, -22, -16, -14, -6, 4, 6, 8, 10, 12, 16, 22, 30]
[565] sizes A=[42, 12, 127] B=[38, 84, 48] kills=[('B', 1, 45)] [0.1s]
      blk1 |S|=45 offs=[-94, -92, -90, -88, -86, -84, -82, -80, -78, -76, -74, -72, -70, -68, -66, -64, -62, -60, -58, -56, -54, -52, -50, -48, -46, -44, -42, -40, -38, -36, -34, -32, -30, -22, -16, -14, -6, 4, 6, 8, 10, 12, 16, 22, 46]
[566] sizes A=[42, 12, 127] B=[38, 84, 48] kills=[('B', 1, 45)] [0.2s]
      blk1 |S|=45 offs=[-94, -92, -90, -88, -86, -84, -82, -80, -78, -76, -74, -72, -70, -68, -66, -64, -62, -60, -58, -56, -54, -52, -50, -48, -46, -44, -42, -40, -38, -36, -34, -32, -30, -22, -16, -14, -6, 4, 6, 8, 10, 16, 22, 76, 78]
[567] sizes A=[42, 12, 127] B=[38, 84, 48] kills=[('B', 1, 44)] [0.2s]
      blk1 |S|=44 offs=[-94, -92, -90, -88, -86, -84, -82, -80, -78, -76, -74, -72, -70, -68, -66, -64, -62, -60, -58, -56, -54, -52, -50, -48, -46, -44, -42, -40, -38, -36, -34, -32, -30, -22, -16, -14, -6, 4, 6, 8, 10, 12, 16, 22]
[568] sizes A=[42, 12, 123] B=[38, 84, 52] kills=[('A', 1, 13), ('A', 1, 14), ('A', 1, 13), ('A', 1, 11), ('B', 1, 47)] [0.2s]
      blk1 |S|=13 offs=[-28, -24, -22, -18, -12, -11, -10, -8, -4, 0, 2, 3, 28]
      blk1 |S|=14 offs=[-28, -24, -22, -20, -18, -12, -11, -8, -4, 0, 2, 3, 20, 28]
      blk1 |S|=13 offs=[-28, -24, -22, -20, -18, -12, -11, -8, -4, 0, 2, 3, 20]
      blk1 |S|=11 offs=[-24, -22, -18, -12, -11, -10, -4, 0, 2, 3, 18]
      blk1 |S|=47 offs=[-94, -92, -90, -88, -86, -84, -82, -80, -78, -76, -74, -72, -70, -68, -66, -64, -62, -60, -58, -56, -54, -52, -50, -48, -46, -44, -42, -40, -38, -36, -34, -32, -30, -26, -16, -14, -6, 4, 6, 8, 10, 12, 16, 22, 26, 38, 78]
[569] sizes A=[42, 12, 123] B=[38, 84, 52] kills=[('B', 1, 51)] [0.1s]
      blk1 |S|=51 offs=[-94, -92, -90, -88, -86, -84, -82, -80, -78, -76, -74, -72, -70, -68, -66, -64, -62, -60, -58, -56, -54, -52, -50, -48, -46, -44, -42, -40, -38, -36, -34, -32, -26, -22, -16, -14, -6, 4, 6, 8, 10, 12, 16, 22, 26, 36, 38, 52, 54, 76, 78]
[570] sizes A=[42, 13, 123] B=[38, 83, 52] kills=[('B', 1, 48)] [0.2s]
      blk1 |S|=48 offs=[-94, -92, -90, -88, -86, -84, -82, -80, -78, -76, -74, -72, -70, -68, -66, -64, -62, -60, -58, -56, -54, -52, -50, -48, -46, -44, -42, -40, -38, -36, -34, -32, -22, -16, -14, -6, 4, 6, 8, 10, 12, 16, 22, 26, 38, 52, 54, 78]
[571] sizes A=[42, 13, 124] B=[38, 83, 51] kills=[('B', 1, 38)] [0.2s]
      blk1 |S|=38 offs=[-94, -92, -90, -88, -86, -84, -82, -80, -78, -76, -74, -72, -70, -68, -66, -64, -58, -56, -50, -44, -42, -40, -38, -36, -34, -32, -22, -16, -14, -6, 4, 6, 8, 10, 12, 22, 36, 52]
[572] sizes A=[42, 13, 125] B=[38, 83, 50] kills=[('B', 1, 35), ('B', 1, 28)] [0.3s]
      blk1 |S|=35 offs=[-94, -92, -90, -88, -84, -82, -80, -78, -76, -74, -72, -70, -68, -66, -64, -58, -56, -48, -46, -44, -42, -40, -38, -36, -34, -32, -22, -6, 4, 6, 8, 10, 12, 16, 22]
      blk1 |S|=28 offs=[-94, -92, -88, -84, -82, -80, -76, -72, -70, -68, -66, -64, -58, -56, -48, -46, -40, -38, -34, -32, -22, -6, 4, 6, 12, 16, 22, 26]
[573] sizes A=[42, 13, 125] B=[38, 83, 50] kills=[('B', 1, 25)] [0.2s]
      blk1 |S|=25 offs=[-94, -86, -76, -74, -70, -66, -64, -54, -50, -46, -44, -42, -38, -34, -32, -22, -14, -6, 6, 8, 10, 22, 26, 36, 54]
[574] sizes A=[42, 13, 125] B=[38, 83, 50] kills=[('B', 1, 33), ('B', 1, 35)] [0.4s]
      blk1 |S|=33 offs=[-92, -90, -88, -84, -82, -76, -74, -72, -70, -68, -66, -64, -62, -60, -58, -54, -52, -50, -48, -46, -44, -42, -40, -38, -36, -34, -32, -22, -14, -6, 4, 8, 10]
      blk1 |S|=35 offs=[-94, -92, -90, -88, -86, -84, -82, -80, -78, -76, -74, -72, -70, -68, -66, -64, -62, -58, -54, -52, -50, -48, -46, -44, -42, -40, -38, -36, -34, -32, -22, -6, 4, 8, 10]
[575] sizes A=[42, 13, 120] B=[38, 83, 55] kills=[('A', 1, 16), ('B', 1, 46)] [0.2s]
      blk1 |S|=16 offs=[-30, -28, -24, -22, -20, -18, -12, -11, -8, -4, -2, 0, 3, 6, 14, 20]
      blk1 |S|=46 offs=[-94, -92, -90, -88, -86, -84, -82, -80, -78, -76, -74, -72, -70, -68, -66, -64, -62, -60, -58, -56, -54, -52, -50, -48, -46, -44, -42, -40, -38, -36, -34, -32, -26, -16, -14, -6, 2, 4, 8, 10, 12, 16, 22, 24, 26, 34]
[576] sizes A=[42, 12, 121] B=[38, 84, 54] kills=[('B', 1, 48)] [0.2s]
      blk1 |S|=48 offs=[-94, -92, -90, -88, -86, -84, -82, -80, -78, -76, -74, -72, -70, -68, -66, -64, -62, -60, -58, -56, -54, -52, -50, -48, -46, -44, -42, -40, -38, -36, -34, -32, -26, -18, -16, -14, -6, 2, 4, 8, 10, 16, 22, 24, 26, 34, 54, 78]
[577] sizes A=[42, 13, 121] B=[38, 83, 54] kills=[('B', 1, 49)] [0.2s]
      blk1 |S|=49 offs=[-94, -92, -90, -88, -86, -84, -82, -80, -78, -76, -74, -72, -70, -68, -66, -64, -62, -60, -58, -56, -54, -52, -50, -48, -46, -44, -42, -40, -38, -36, -34, -32, -18, -16, -14, -6, 2, 4, 8, 10, 16, 22, 24, 26, 52, 54, 74, 76, 78]
[578] sizes A=[42, 13, 122] B=[38, 83, 53] kills=[('B', 1, 48)] [0.2s]
      blk1 |S|=48 offs=[-94, -92, -90, -88, -86, -84, -82, -80, -78, -76, -74, -72, -70, -68, -66, -64, -62, -60, -58, -56, -54, -52, -50, -48, -46, -44, -42, -40, -38, -36, -34, -32, -18, -16, -14, -6, 2, 4, 8, 10, 16, 22, 24, 52, 54, 74, 76, 78]
[579] sizes A=[42, 13, 123] B=[38, 83, 52] kills=[('B', 1, 47)] [0.2s]
      blk1 |S|=47 offs=[-94, -92, -90, -88, -86, -84, -82, -80, -78, -76, -74, -72, -70, -68, -66, -64, -62, -60, -58, -56, -54, -52, -50, -48, -46, -44, -42, -40, -38, -36, -34, -32, -18, -16, -14, -6, 2, 4, 8, 10, 16, 22, 24, 52, 54, 74, 76]
[580] sizes A=[42, 13, 123] B=[38, 83, 52] kills=[('B', 1, 46)] [0.1s]
      blk1 |S|=46 offs=[-94, -92, -90, -88, -86, -84, -82, -80, -78, -76, -74, -72, -70, -68, -66, -64, -62, -60, -58, -56, -54, -52, -50, -48, -46, -44, -42, -40, -38, -36, -34, -32, -18, -16, -14, -6, 2, 4, 8, 10, 16, 22, 24, 52, 74, 76]
[581] sizes A=[42, 13, 122] B=[38, 83, 53] kills=[('B', 1, 45)] [0.2s]
      blk1 |S|=45 offs=[-94, -92, -90, -88, -86, -84, -82, -80, -78, -76, -74, -72, -70, -68, -66, -64, -62, -60, -58, -56, -54, -52, -50, -48, -46, -44, -42, -40, -38, -36, -34, -32, -18, -16, -14, -6, 2, 4, 8, 10, 16, 22, 60, 62, 76]
[582] sizes A=[42, 13, 122] B=[38, 83, 53] kills=[('B', 1, 44)] [0.2s]
      blk1 |S|=44 offs=[-94, -92, -90, -88, -86, -84, -82, -80, -78, -76, -74, -72, -70, -68, -66, -64, -62, -60, -58, -56, -54, -52, -50, -48, -46, -44, -42, -40, -38, -36, -34, -32, -18, -16, -14, -6, 2, 4, 8, 10, 16, 22, 24, 52]
[583] sizes A=[42, 13, 122] B=[38, 83, 53] kills=[('B', 1, 47)] [0.2s]
      blk1 |S|=47 offs=[-94, -92, -90, -88, -86, -84, -82, -80, -78, -76, -74, -72, -70, -68, -66, -64, -62, -60, -58, -56, -54, -52, -50, -48, -46, -44, -42, -40, -38, -36, -34, -32, -18, -16, -14, -6, 2, 4, 8, 10, 16, 22, 52, 58, 60, 62, 74]
[584] sizes A=[42, 13, 122] B=[38, 83, 53] kills=[('B', 1, 48)] [0.2s]
      blk1 |S|=48 offs=[-94, -92, -90, -88, -86, -84, -82, -80, -78, -76, -74, -72, -70, -68, -66, -64, -62, -60, -58, -56, -54, -52, -50, -48, -46, -44, -42, -40, -38, -36, -34, -32, -18, -16, -14, -6, 2, 4, 8, 10, 16, 18, 22, 50, 52, 60, 62, 74]
[585] sizes A=[42, 13, 122] B=[38, 83, 53] kills=[('B', 1, 41), ('B', 1, 40)] [0.4s]
      blk1 |S|=41 offs=[-94, -92, -90, -88, -86, -84, -82, -80, -78, -76, -74, -72, -70, -68, -66, -64, -62, -60, -58, -56, -54, -52, -48, -46, -44, -42, -40, -38, -36, -34, -32, -16, -14, 2, 4, 10, 16, 22, 50, 60, 62]
      blk1 |S|=40 offs=[-94, -92, -90, -88, -86, -84, -82, -80, -78, -76, -74, -72, -70, -68, -64, -62, -60, -58, -56, -54, -52, -48, -46, -44, -42, -40, -38, -36, -34, -32, -16, -14, 2, 4, 10, 16, 22, 50, 60, 62]
[586] sizes A=[42, 13, 122] B=[38, 83, 53] kills=[('B', 1, 36), ('B', 1, 34), ('B', 1, 28), ('B', 1, 30)] [0.4s]
      blk1 |S|=36 offs=[-94, -92, -90, -88, -84, -82, -80, -76, -74, -72, -70, -68, -66, -64, -62, -60, -56, -54, -52, -48, -44, -42, -40, -38, -36, -34, -32, -18, -16, -14, 2, 4, 8, 10, 44, 62]
      blk1 |S|=34 offs=[-94, -92, -90, -88, -84, -80, -76, -74, -72, -70, -68, -66, -64, -60, -56, -54, -52, -48, -44, -42, -40, -38, -36, -34, -32, -18, -16, -14, 2, 4, 8, 10, 44, 62]
      blk1 |S|=28 offs=[-94, -92, -90, -84, -80, -76, -74, -72, -70, -68, -66, -64, -60, -56, -54, -48, -44, -36, -34, -32, -18, -16, -14, 2, 10, 16, 44, 62]
      blk1 |S|=30 offs=[-94, -90, -84, -82, -80, -76, -74, -72, -70, -68, -66, -64, -62, -60, -58, -56, -54, -52, -50, -48, -46, -44, -42, -34, -18, -16, -14, 2, 16, 62]
[587] sizes A=[42, 14, 121] B=[38, 82, 54] kills=[('A', 1, 15), ('A', 1, 18), ('A', 1, 17), ('B', 1, 29), ('B', 1, 28)] [0.2s]
      blk1 |S|=15 offs=[-30, -28, -24, -22, -18, -12, -11, -8, -4, -2, 0, 3, 6, 12, 20]
      blk1 |S|=18 offs=[-30, -28, -26, -24, -22, -20, -18, -12, -11, -10, -8, -4, -2, 0, 3, 6, 12, 20]
      blk1 |S|=17 offs=[-30, -28, -26, -24, -22, -20, -18, -12, -11, -10, -8, -4, -2, 0, 3, 6, 18]
      blk1 |S|=29 offs=[-94, -92, -90, -88, -80, -76, -74, -72, -68, -64, -60, -56, -54, -52, -48, -44, -42, -38, -36, -34, -32, -16, -14, 2, 4, 8, 10, 16, 62]
      blk1 |S|=28 offs=[-94, -92, -90, -88, -80, -76, -74, -72, -68, -64, -60, -56, -54, -52, -48, -44, -42, -38, -36, -34, -32, -16, -14, 2, 4, 8, 10, 16]
[588] sizes A=[42, 13, 119] B=[38, 83, 56] kills=[('A', 1, 15), ('A', 1, 13), ('A', 1, 12), ('B', 1, 47)] [0.2s]
      blk1 |S|=15 offs=[-30, -28, -24, -22, -18, -12, -11, -8, -4, -2, 0, 3, 6, 8, 18]
      blk1 |S|=13 offs=[-30, -28, -24, -22, -18, -12, -10, -8, -2, 0, 6, 8, 18]
      blk1 |S|=12 offs=[-30, -28, -24, -18, -12, -10, -8, -2, 0, 6, 8, 18]
      blk1 |S|=47 offs=[-94, -92, -90, -88, -86, -84, -82, -80, -78, -76, -74, -72, -70, -68, -66, -64, -62, -60, -58, -56, -54, -52, -50, -48, -46, -44, -42, -40, -38, -36, -34, -32, -26, -16, -14, -6, 2, 4, 10, 12, 14, 16, 22, 40, 42, 60, 62]
[589] sizes A=[42, 14, 118] B=[38, 82, 57] kills=[('A', 1, 16), ('A', 1, 17), ('A', 1, 17), ('B', 1, 49)] [0.2s]
      blk1 |S|=16 offs=[-30, -28, -26, -24, -22, -18, -12, -11, -8, -4, -2, 0, 3, 6, 8, 26]
      blk1 |S|=17 offs=[-30, -28, -26, -24, -22, -20, -18, -12, -11, -10, -8, -4, -2, 0, 3, 6, 8]
      blk1 |S|=17 offs=[-30, -28, -26, -24, -22, -20, -18, -12, -11, -10, -8, -4, -2, 0, 6, 7, 8]
      blk1 |S|=49 offs=[-94, -92, -90, -88, -86, -84, -82, -80, -78, -76, -74, -72, -70, -68, -66, -64, -62, -60, -58, -56, -54, -52, -50, -48, -46, -44, -42, -40, -38, -36, -34, -32, -16, -14, -6, 2, 4, 10, 12, 14, 16, 18, 22, 42, 44, 46, 48, 52, 62]
[590] sizes A=[42, 13, 118] B=[38, 83, 57] kills=[('A', 1, 16), ('A', 1, 17), ('A', 1, 16), ('A', 1, 16), ('B', 1, 49)] [0.2s]
      blk1 |S|=16 offs=[-30, -28, -24, -22, -20, -18, -12, -11, -8, -4, -2, 0, 3, 6, 8, 20]
      blk1 |S|=17 offs=[-30, -28, -24, -22, -20, -18, -12, -11, -10, -8, -4, -2, 0, 3, 6, 8, 20]
      blk1 |S|=16 offs=[-30, -28, -24, -22, -20, -18, -12, -11, -10, -8, -4, -2, 0, 3, 6, 8]
      blk1 |S|=16 offs=[-30, -28, -24, -22, -20, -18, -12, -11, -10, -8, -4, -2, 0, 6, 7, 8]
      blk1 |S|=49 offs=[-94, -92, -90, -88, -86, -84, -82, -80, -78, -76, -74, -72, -70, -68, -66, -64, -62, -60, -58, -56, -54, -52, -50, -48, -46, -44, -42, -40, -38, -36, -34, -32, -26, -16, -14, -6, 2, 4, 10, 12, 14, 16, 18, 22, 26, 42, 60, 62, 74]
[591] sizes A=[42, 12, 119] B=[38, 84, 56] kills=[('B', 1, 51)] [0.2s]
      blk1 |S|=51 offs=[-94, -92, -90, -88, -86, -84, -82, -80, -78, -76, -74, -72, -70, -68, -66, -64, -62, -60, -58, -56, -54, -52, -50, -48, -46, -44, -42, -40, -38, -36, -34, -32, -26, -18, -16, -14, -6, 2, 4, 10, 12, 14, 16, 22, 26, 34, 38, 40, 42, 52, 60]
[592] sizes A=[42, 13, 119] B=[38, 83, 56] kills=[('B', 1, 45)] [0.1s]
      blk1 |S|=45 offs=[-94, -92, -90, -88, -86, -84, -82, -80, -78, -76, -74, -72, -70, -68, -66, -64, -62, -60, -58, -56, -54, -52, -50, -48, -46, -44, -42, -40, -38, -36, -34, -32, -18, -16, -14, -6, 2, 4, 10, 12, 14, 16, 22, 26, 60]
[593] sizes A=[42, 13, 119] B=[38, 83, 56] kills=[('B', 1, 28), ('B', 1, 15)] [0.2s]
      blk1 |S|=28 offs=[-94, -92, -88, -80, -76, -74, -72, -68, -64, -60, -56, -54, -52, -48, -44, -40, -38, -36, -34, -32, -16, -14, 2, 4, 10, 12, 16, 52]
      blk1 |S|=15 offs=[-92, -76, -74, -68, -60, -56, -52, -44, -36, -32, -14, 2, 4, 10, 16]
[594] sizes A=[42, 12, 118] B=[38, 84, 57] kills=[('B', 1, 48)] [0.2s]
      blk1 |S|=48 offs=[-94, -92, -90, -88, -86, -84, -82, -80, -78, -76, -74, -72, -70, -68, -66, -64, -62, -60, -58, -56, -54, -52, -50, -48, -46, -44, -42, -40, -38, -36, -34, -32, -20, -18, -16, -14, -6, 2, 10, 12, 14, 16, 22, 26, 48, 52, 72, 74]
[595] sizes A=[42, 12, 118] B=[38, 84, 57] kills=[('B', 1, 49)] [0.2s]
      blk1 |S|=49 offs=[-94, -92, -90, -88, -86, -84, -82, -80, -78, -76, -74, -72, -70, -68, -66, -64, -62, -60, -58, -56, -54, -52, -50, -48, -46, -44, -42, -40, -38, -36, -34, -32, -20, -18, -16, -14, -6, 2, 10, 12, 14, 16, 22, 28, 32, 34, 52, 68, 74]
[596] sizes A=[42, 12, 118] B=[38, 84, 57] kills=[('B', 1, 46)] [0.1s]
      blk1 |S|=46 offs=[-94, -92, -90, -88, -86, -84, -82, -80, -78, -76, -74, -72, -70, -68, -66, -64, -62, -60, -58, -56, -54, -52, -50, -48, -46, -44, -42, -40, -38, -36, -34, -32, -20, -18, -16, -14, -6, 2, 10, 12, 14, 16, 22, 28, 52, 80]
[597] sizes A=[42, 12, 118] B=[38, 84, 57] kills=[('B', 1, 46)] [0.2s]
      blk1 |S|=46 offs=[-94, -92, -90, -88, -86, -84, -82, -80, -78, -76, -74, -72, -70, -68, -66, -64, -62, -60, -58, -56, -54, -52, -50, -48, -46, -44, -42, -40, -38, -36, -34, -32, -20, -18, -16, -14, -6, 2, 10, 12, 14, 16, 22, 26, 28, 52]
[598] sizes A=[42, 12, 118] B=[38, 84, 57] kills=[('B', 1, 49)] [0.2s]
      blk1 |S|=49 offs=[-94, -92, -90, -88, -86, -84, -82, -80, -78, -76, -74, -72, -70, -68, -66, -64, -62, -60, -58, -56, -54, -52, -50, -48, -46, -44, -42, -40, -38, -36, -34, -32, -20, -18, -16, -14, -6, 2, 10, 12, 14, 16, 22, 26, 40, 42, 48, 52, 74]
[599] sizes A=[42, 12, 119] B=[38, 84, 56] kills=[('B', 1, 48)] [0.2s]
      blk1 |S|=48 offs=[-94, -92, -90, -88, -86, -84, -82, -80, -78, -76, -74, -72, -70, -68, -66, -64, -62, -60, -58, -56, -54, -52, -50, -48, -46, -44, -42, -40, -38, -36, -34, -32, -20, -18, -16, -14, -6, 2, 10, 12, 14, 16, 22, 26, 40, 42, 48, 52]
[600] sizes A=[42, 12, 119] B=[38, 84, 56] kills=[('B', 1, 48)] [0.2s]
      blk1 |S|=48 offs=[-94, -92, -90, -88, -86, -84, -82, -80, -78, -76, -74, -72, -70, -68, -66, -64, -62, -60, -58, -56, -54, -52, -50, -48, -46, -44, -42, -40, -38, -36, -34, -32, -20, -18, -16, -14, -6, 2, 10, 12, 14, 16, 22, 40, 42, 44, 48, 52]
[601] sizes A=[42, 12, 119] B=[38, 84, 56] kills=[('B', 1, 46)] [0.1s]
      blk1 |S|=46 offs=[-94, -92, -90, -88, -86, -84, -82, -80, -78, -76, -74, -72, -70, -68, -66, -64, -62, -60, -58, -56, -54, -52, -50, -48, -46, -44, -42, -40, -38, -36, -34, -32, -20, -18, -16, -14, -6, 2, 10, 12, 14, 16, 22, 24, 48, 52]
[602] sizes A=[42, 12, 119] B=[38, 84, 56] kills=[('B', 1, 43)] [0.3s]
      blk1 |S|=43 offs=[-94, -92, -86, -84, -80, -78, -76, -74, -72, -70, -68, -66, -64, -62, -60, -58, -56, -52, -50, -46, -44, -42, -40, -38, -36, -34, -32, -20, -18, -16, -14, -6, 2, 10, 12, 16, 22, 28, 34, 36, 40, 42, 52]
[603] sizes A=[42, 12, 119] B=[38, 84, 56] kills=[('B', 1, 47)] [0.1s]
      blk1 |S|=47 offs=[-94, -92, -90, -88, -86, -84, -82, -80, -78, -76, -74, -72, -70, -68, -66, -64, -62, -60, -58, -56, -54, -52, -50, -48, -46, -44, -42, -40, -38, -36, -34, -32, -20, -18, -16, -14, -6, 2, 10, 12, 14, 16, 22, 24, 28, 44, 52]
[604] sizes A=[42, 11, 120] B=[38, 85, 55] kills=[('B', 1, 49)] [0.2s]
      blk1 |S|=49 offs=[-94, -92, -90, -88, -86, -84, -82, -80, -78, -76, -74, -72, -70, -68, -66, -64, -62, -60, -58, -56, -54, -52, -50, -48, -46, -44, -42, -40, -38, -36, -34, -32, -24, -20, -18, -16, -14, -6, 2, 10, 12, 14, 16, 22, 26, 42, 46, 52, 74]
[605] sizes A=[42, 12, 120] B=[38, 84, 55] kills=[('B', 1, 48)] [0.2s]
      blk1 |S|=48 offs=[-94, -92, -90, -88, -86, -84, -82, -80, -78, -76, -74, -72, -70, -68, -66, -64, -62, -60, -58, -56, -54, -52, -50, -48, -46, -44, -42, -40, -38, -36, -34, -32, -24, -18, -16, -14, -6, 2, 10, 12, 14, 16, 22, 26, 40, 42, 46, 52]
[606] sizes A=[42, 12, 120] B=[38, 84, 55] kills=[('B', 1, 48)] [0.2s]
      blk1 |S|=48 offs=[-94, -92, -90, -88, -86, -84, -82, -80, -78, -76, -74, -72, -70, -68, -66, -64, -62, -60, -58, -56, -54, -52, -50, -48, -46, -44, -42, -40, -38, -36, -34, -32, -24, -18, -16, -14, -6, 2, 10, 12, 14, 16, 22, 26, 42, 46, 52, 74]
[607] sizes A=[42, 12, 120] B=[38, 84, 55] kills=[('B', 1, 48)] [0.2s]
      blk1 |S|=48 offs=[-94, -92, -90, -88, -86, -84, -82, -80, -78, -76, -74, -72, -70, -68, -66, -64, -62, -60, -58, -56, -54, -52, -50, -48, -46, -44, -42, -40, -38, -36, -34, -32, -24, -18, -16, -14, -6, 2, 10, 12, 14, 16, 22, 24, 26, 40, 46, 52]
[608] sizes A=[42, 12, 120] B=[38, 84, 55] kills=[('B', 1, 48)] [0.2s]
      blk1 |S|=48 offs=[-94, -92, -90, -88, -86, -84, -82, -80, -78, -76, -74, -72, -70, -68, -66, -64, -62, -60, -58, -56, -54, -52, -50, -48, -46, -44, -42, -40, -38, -36, -34, -32, -24, -18, -16, -14, -6, 2, 10, 12, 14, 16, 22, 24, 26, 28, 40, 52]
[609] sizes A=[42, 12, 120] B=[38, 84, 55] kills=[('B', 1, 48)] [0.2s]
      blk1 |S|=48 offs=[-94, -92, -90, -88, -86, -84, -82, -80, -78, -76, -74, -72, -70, -68, -66, -64, -62, -60, -58, -56, -54, -52, -50, -48, -46, -44, -42, -40, -38, -36, -34, -32, -24, -18, -16, -14, -6, 2, 10, 12, 14, 16, 22, 24, 28, 40, 52, 80]
[610] sizes A=[42, 12, 120] B=[38, 84, 55] kills=[('B', 1, 47)] [0.2s]
      blk1 |S|=47 offs=[-94, -92, -90, -88, -86, -84, -82, -80, -78, -76, -74, -72, -70, -68, -66, -64, -62, -60, -58, -56, -54, -52, -50, -48, -46, -44, -42, -40, -38, -36, -34, -32, -24, -18, -16, -14, -6, 2, 10, 12, 14, 16, 22, 24, 28, 52, 74]
[611] sizes A=[42, 12, 120] B=[38, 84, 55] kills=[('B', 1, 48)] [0.2s]
      blk1 |S|=48 offs=[-94, -92, -90, -88, -86, -84, -82, -80, -78, -76, -74, -72, -70, -68, -66, -64, -62, -60, -58, -56, -54, -52, -50, -48, -46, -44, -42, -40, -38, -36, -34, -32, -24, -18, -16, -14, -6, 2, 10, 12, 14, 16, 22, 24, 26, 46, 52, 74]
[612] sizes A=[42, 12, 120] B=[38, 84, 55] kills=[('B', 1, 41), ('B', 1, 40)] [0.4s]
      blk1 |S|=41 offs=[-94, -92, -90, -88, -84, -82, -80, -78, -76, -74, -72, -70, -64, -62, -60, -58, -56, -54, -52, -50, -48, -46, -44, -42, -40, -38, -36, -34, -24, -18, -16, -6, 2, 10, 12, 14, 16, 22, 28, 36, 52]
      blk1 |S|=40 offs=[-94, -92, -90, -88, -84, -82, -80, -78, -76, -74, -72, -70, -64, -62, -60, -58, -56, -54, -52, -50, -48, -46, -44, -42, -40, -38, -36, -34, -24, -18, -16, -6, 2, 10, 12, 16, 22, 28, 36, 52]
[613] sizes A=[42, 12, 120] B=[38, 84, 55] kills=[('B', 1, 48)] [0.2s]
      blk1 |S|=48 offs=[-94, -92, -90, -88, -86, -84, -82, -80, -78, -76, -74, -72, -70, -68, -66, -64, -62, -60, -58, -56, -54, -52, -50, -48, -46, -44, -42, -40, -38, -36, -34, -32, -24, -18, -16, -14, -6, 2, 10, 12, 14, 16, 22, 26, 28, 42, 52, 74]
[614] sizes A=[42, 12, 120] B=[38, 84, 55] kills=[('B', 1, 40), ('B', 1, 37)] [0.4s]
      blk1 |S|=40 offs=[-94, -92, -90, -88, -84, -82, -80, -78, -76, -74, -72, -70, -64, -62, -58, -56, -54, -52, -50, -48, -46, -44, -42, -40, -38, -36, -34, -24, -18, -16, -6, 2, 10, 12, 16, 22, 26, 28, 34, 52]
      blk1 |S|=37 offs=[-92, -90, -88, -84, -82, -80, -78, -76, -74, -70, -64, -62, -60, -58, -56, -54, -52, -50, -48, -46, -44, -42, -40, -38, -34, -32, -24, -18, -16, -6, 10, 12, 16, 22, 26, 28, 52]
[615] sizes A=[42, 12, 120] B=[38, 84, 55] kills=[('B', 1, 42), ('B', 1, 38)] [0.4s]
      blk1 |S|=42 offs=[-94, -92, -90, -88, -84, -82, -80, -78, -76, -74, -72, -70, -68, -64, -62, -60, -58, -56, -54, -52, -50, -48, -46, -44, -42, -40, -38, -36, -34, -32, -24, -18, -16, -6, 2, 10, 12, 16, 22, 28, 32, 34]
      blk1 |S|=38 offs=[-94, -92, -90, -88, -84, -82, -80, -78, -76, -74, -72, -70, -64, -62, -60, -58, -56, -54, -52, -50, -48, -46, -44, -42, -40, -38, -36, -34, -24, -18, -6, 2, 10, 12, 16, 22, 28, 34]
[616] sizes A=[42, 12, 120] B=[38, 84, 55] kills=[('B', 1, 48)] [0.2s]
      blk1 |S|=48 offs=[-94, -92, -90, -88, -86, -84, -82, -80, -78, -76, -74, -72, -70, -68, -66, -64, -62, -60, -58, -56, -54, -52, -50, -48, -46, -44, -42, -40, -38, -36, -34, -32, -24, -18, -16, -14, -6, 2, 10, 12, 14, 16, 22, 40, 42, 44, 46, 52]
[617] sizes A=[42, 12, 120] B=[38, 84, 55] kills=[('B', 1, 48)] [0.2s]
      blk1 |S|=48 offs=[-94, -92, -90, -88, -86, -84, -82, -80, -78, -76, -74, -72, -70, -68, -66, -64, -62, -60, -58, -56, -54, -52, -50, -48, -46, -44, -42, -40, -38, -36, -34, -32, -24, -18, -16, -14, -6, 2, 10, 12, 14, 16, 22, 24, 40, 44, 46, 52]
[618] sizes A=[42, 13, 119] B=[38, 83, 56] kills=[('A', 1, 14), ('A', 1, 14), ('A', 1, 16), ('B', 1, 47)] [0.2s]
      blk1 |S|=14 offs=[-30, -28, -26, -22, -20, -18, -12, -10, -8, -4, -2, 4, 6, 8]
      blk1 |S|=14 offs=[-30, -28, -26, -22, -20, -18, -12, -11, -10, -8, -4, 3, 4, 6]
      blk1 |S|=16 offs=[-30, -28, -26, -22, -20, -18, -12, -11, -10, -8, -4, -2, 3, 4, 6, 8]
      blk1 |S|=47 offs=[-94, -92, -90, -88, -86, -84, -82, -80, -78, -76, -74, -72, -70, -68, -66, -64, -62, -60, -58, -56, -54, -52, -50, -48, -46, -44, -42, -40, -38, -36, -34, -32, -24, -16, -14, -6, 2, 10, 12, 14, 16, 22, 24, 30, 40, 44, 46]
[619] sizes A=[42, 12, 119] B=[38, 84, 56] kills=[('B', 1, 47)] [0.2s]
      blk1 |S|=47 offs=[-94, -92, -90, -88, -86, -84, -82, -80, -78, -76, -74, -72, -70, -68, -66, -64, -62, -60, -58, -56, -54, -52, -50, -48, -46, -44, -42, -40, -38, -36, -34, -32, -26, -24, -16, -14, -6, 2, 10, 12, 14, 16, 22, 24, 40, 44, 46]
[620] sizes A=[42, 12, 119] B=[38, 84, 56] kills=[('A', 1, 14), ('A', 1, 14), ('B', 1, 48)] [0.2s]
      blk1 |S|=14 offs=[-28, -26, -22, -18, -12, -11, -8, -4, -2, 0, 3, 4, 6, 8]
      blk1 |S|=14 offs=[-28, -26, -22, -18, -12, -11, -10, -8, -4, -2, 3, 4, 6, 8]
      blk1 |S|=48 offs=[-94, -92, -90, -88, -86, -84, -82, -80, -78, -76, -74, -72, -70, -68, -66, -64, -62, -60, -58, -56, -54, -52, -50, -48, -46, -44, -42, -40, -38, -36, -34, -32, -24, -20, -16, -14, -6, 2, 10, 12, 14, 16, 22, 24, 40, 44, 46, 52]
[621] sizes A=[42, 11, 119] B=[38, 85, 56] kills=[('B', 1, 50)] [0.2s]
      blk1 |S|=50 offs=[-94, -92, -90, -88, -86, -84, -82, -80, -78, -76, -74, -72, -70, -68, -66, -64, -62, -60, -58, -56, -54, -52, -50, -48, -46, -44, -42, -40, -38, -36, -34, -32, -26, -24, -20, -16, -14, -6, 2, 10, 12, 14, 16, 22, 24, 28, 30, 36, 38, 40]
[622] sizes A=[42, 11, 119] B=[38, 85, 56] kills=[('B', 1, 51)] [0.2s]
      blk1 |S|=51 offs=[-94, -92, -90, -88, -86, -84, -82, -80, -78, -76, -74, -72, -70, -68, -66, -64, -62, -60, -58, -56, -54, -52, -50, -48, -46, -44, -42, -40, -38, -36, -34, -32, -26, -24, -20, -16, -14, -6, 2, 10, 12, 14, 16, 22, 24, 28, 30, 36, 40, 44, 52]
[623] sizes A=[42, 12, 119] B=[38, 84, 56] kills=[('B', 1, 48)] [0.2s]
      blk1 |S|=48 offs=[-94, -92, -90, -88, -86, -84, -82, -80, -78, -76, -74, -72, -70, -68, -66, -64, -62, -60, -58, -56, -54, -52, -50, -48, -46, -44, -42, -40, -38, -36, -34, -32, -26, -24, -16, -14, -6, 2, 10, 12, 14, 16, 22, 24, 28, 30, 40, 44]
[624] sizes A=[42, 12, 119] B=[38, 84, 56] kills=[('B', 1, 48)] [0.2s]
      blk1 |S|=48 offs=[-94, -92, -90, -88, -86, -84, -82, -80, -78, -76, -74, -72, -70, -68, -66, -64, -62, -60, -58, -56, -54, -52, -50, -48, -46, -44, -42, -40, -38, -36, -34, -32, -26, -24, -16, -14, -6, 2, 10, 12, 14, 16, 22, 24, 28, 30, 40, 80]
[625] sizes A=[42, 12, 119] B=[38, 84, 56] kills=[('B', 1, 49)] [0.2s]
      blk1 |S|=49 offs=[-94, -92, -90, -88, -86, -84, -82, -80, -78, -76, -74, -72, -70, -68, -66, -64, -62, -60, -58, -56, -54, -52, -50, -48, -46, -44, -42, -40, -38, -36, -34, -32, -26, -24, -16, -14, -6, 2, 10, 12, 14, 16, 22, 24, 26, 28, 30, 36, 40]
[626] sizes A=[42, 12, 119] B=[38, 84, 56] kills=[('B', 1, 48)] [0.2s]
      blk1 |S|=48 offs=[-94, -92, -90, -88, -86, -84, -82, -80, -78, -76, -74, -72, -70, -68, -66, -64, -62, -60, -58, -56, -54, -52, -50, -48, -46, -44, -42, -40, -38, -36, -34, -32, -26, -24, -16, -14, -6, 2, 10, 12, 14, 16, 22, 24, 28, 30, 36, 80]
[627] sizes A=[42, 12, 119] B=[38, 84, 56] kills=[('B', 1, 48)] [0.2s]
      blk1 |S|=48 offs=[-94, -92, -90, -88, -86, -84, -82, -80, -78, -76, -74, -72, -70, -68, -66, -64, -62, -60, -58, -56, -54, -52, -50, -48, -46, -44, -42, -40, -38, -36, -34, -32, -26, -24, -16, -14, -6, 2, 10, 12, 14, 16, 22, 24, 26, 28, 30, 36]
[628] sizes A=[42, 12, 119] B=[38, 84, 56] kills=[('B', 1, 48)] [0.2s]
      blk1 |S|=48 offs=[-94, -92, -90, -88, -86, -84, -82, -80, -78, -76, -74, -72, -70, -68, -66, -64, -62, -60, -58, -56, -54, -52, -50, -48, -46, -44, -42, -40, -38, -36, -34, -32, -26, -24, -16, -14, -6, 2, 10, 12, 14, 16, 22, 24, 26, 30, 36, 46]
[629] sizes A=[42, 12, 119] B=[38, 84, 56] kills=[('B', 1, 29)] [0.2s]
      blk1 |S|=29 offs=[-94, -92, -82, -76, -74, -68, -66, -62, -60, -58, -56, -54, -52, -50, -48, -46, -44, -42, -40, -38, -36, -34, -26, -16, -6, 2, 14, 16, 24]
[630] sizes A=[42, 12, 119] B=[38, 84, 56] kills=[('B', 1, 41)] [0.3s]
      blk1 |S|=41 offs=[-94, -92, -90, -88, -86, -84, -82, -80, -78, -76, -74, -68, -66, -64, -62, -60, -58, -56, -54, -52, -50, -48, -46, -44, -42, -40, -38, -36, -34, -32, -26, -24, -16, -14, -6, 2, 10, 12, 16, 22, 48]
[631] sizes A=[42, 12, 119] B=[38, 84, 56] kills=[('B', 1, 50)] [0.2s]
      blk1 |S|=50 offs=[-94, -92, -90, -88, -86, -84, -82, -80, -78, -76, -74, -72, -70, -68, -66, -64, -62, -60, -58, -56, -54, -52, -50, -48, -46, -44, -42, -40, -38, -36, -34, -32, -26, -24, -16, -14, -6, 2, 10, 12, 14, 16, 22, 26, 28, 30, 36, 42, 46, 74]
[632] sizes A=[42, 12, 119] B=[38, 84, 56] kills=[('B', 1, 50)] [0.2s]
      blk1 |S|=50 offs=[-94, -92, -90, -88, -86, -84, -82, -80, -78, -76, -74, -72, -70, -68, -66, -64, -62, -60, -58, -56, -54, -52, -50, -48, -46, -44, -42, -40, -38, -36, -34, -32, -26, -24, -16, -14, -6, 2, 10, 12, 14, 16, 22, 26, 28, 30, 34, 36, 46, 74]
[633] sizes A=[42, 12, 120] B=[38, 84, 55] kills=[('B', 1, 51)] [0.2s]
      blk1 |S|=51 offs=[-94, -92, -90, -88, -86, -84, -82, -80, -78, -76, -74, -72, -70, -68, -66, -64, -62, -60, -58, -56, -54, -52, -50, -48, -46, -44, -42, -40, -38, -36, -34, -32, -26, -24, -16, -14, -6, 2, 10, 12, 14, 16, 22, 26, 28, 30, 34, 36, 40, 42, 46]
[634] sizes A=[42, 12, 120] B=[38, 84, 55] kills=[('B', 1, 50)] [0.2s]
      blk1 |S|=50 offs=[-94, -92, -90, -88, -86, -84, -82, -80, -78, -76, -74, -72, -70, -68, -66, -64, -62, -60, -58, -56, -54, -52, -50, -48, -46, -44, -42, -40, -38, -36, -34, -32, -26, -24, -16, -14, -6, 2, 10, 12, 14, 16, 22, 26, 28, 30, 34, 36, 40, 42]
[635] sizes A=[42, 12, 120] B=[38, 84, 55] kills=[('B', 1, 50)] [0.2s]
      blk1 |S|=50 offs=[-94, -92, -90, -88, -86, -84, -82, -80, -78, -76, -74, -72, -70, -68, -66, -64, -62, -60, -58, -56, -54, -52, -50, -48, -46, -44, -42, -40, -38, -36, -34, -32, -26, -24, -16, -14, -6, 2, 10, 12, 14, 16, 22, 26, 28, 30, 34, 36, 42, 74]
[636] sizes A=[42, 12, 120] B=[38, 84, 55] kills=[('B', 1, 49)] [0.2s]
      blk1 |S|=49 offs=[-94, -92, -90, -88, -86, -84, -82, -80, -78, -76, -74, -72, -70, -68, -66, -64, -62, -60, -58, -56, -54, -52, -50, -48, -46, -44, -42, -40, -38, -36, -34, -32, -26, -24, -16, -14, -6, 2, 10, 12, 14, 16, 22, 26, 28, 30, 34, 36, 74]
[637] sizes A=[42, 12, 120] B=[38, 84, 55] kills=[('B', 1, 49)] [0.2s]
      blk1 |S|=49 offs=[-94, -92, -90, -88, -86, -84, -82, -80, -78, -76, -74, -72, -70, -68, -66, -64, -62, -60, -58, -56, -54, -52, -50, -48, -46, -44, -42, -40, -38, -36, -34, -32, -26, -24, -16, -14, -6, 2, 10, 12, 14, 16, 22, 28, 30, 36, 40, 42, 80]
[638] sizes A=[42, 12, 120] B=[38, 84, 55] kills=[('B', 1, 50)] [0.2s]
      blk1 |S|=50 offs=[-94, -92, -90, -88, -86, -84, -82, -80, -78, -76, -74, -72, -70, -68, -66, -64, -62, -60, -58, -56, -54, -52, -50, -48, -46, -44, -42, -40, -38, -36, -34, -32, -26, -24, -16, -14, -6, 2, 10, 12, 14, 16, 22, 28, 30, 34, 36, 42, 74, 80]
[639] sizes A=[42, 12, 120] B=[38, 84, 55] kills=[('B', 1, 49)] [0.2s]
      blk1 |S|=49 offs=[-94, -92, -90, -88, -86, -84, -82, -80, -78, -76, -74, -72, -70, -68, -66, -64, -62, -60, -58, -56, -54, -52, -50, -48, -46, -44, -42, -40, -38, -36, -34, -32, -26, -24, -16, -14, -6, 2, 10, 12, 14, 16, 22, 28, 30, 34, 36, 74, 80]
[640] sizes A=[42, 12, 120] B=[38, 84, 55] kills=[('B', 1, 49)] [0.2s]
      blk1 |S|=49 offs=[-94, -92, -90, -88, -86, -84, -82, -80, -78, -76, -74, -72, -70, -68, -66, -64, -62, -60, -58, -56, -54, -52, -50, -48, -46, -44, -42, -40, -38, -36, -34, -32, -26, -24, -16, -14, -6, 2, 10, 12, 14, 16, 22, 28, 30, 36, 40, 42, 44]
[641] sizes A=[42, 11, 121] B=[38, 85, 54] kills=[('B', 1, 50)] [0.2s]
      blk1 |S|=50 offs=[-94, -92, -90, -88, -86, -84, -82, -80, -78, -76, -74, -72, -70, -68, -66, -64, -62, -60, -58, -56, -54, -52, -50, -48, -46, -44, -42, -40, -38, -36, -34, -32, -28, -26, -24, -16, -14, -6, 2, 10, 12, 14, 16, 22, 28, 30, 34, 36, 42, 44]
[642] sizes A=[42, 11, 122] B=[38, 85, 53] kills=[('B', 1, 49)] [0.2s]
      blk1 |S|=49 offs=[-94, -92, -90, -88, -86, -84, -82, -80, -78, -76, -74, -72, -70, -68, -66, -64, -62, -60, -58, -56, -54, -52, -50, -48, -46, -44, -42, -40, -38, -36, -34, -32, -28, -26, -24, -16, -14, -6, 2, 10, 12, 14, 16, 22, 28, 30, 34, 36, 42]
[643] sizes A=[42, 11, 122] B=[38, 85, 53] kills=[('B', 1, 48)] [0.1s]
      blk1 |S|=48 offs=[-94, -92, -90, -88, -86, -84, -82, -80, -78, -76, -74, -72, -70, -68, -66, -64, -62, -60, -58, -56, -54, -52, -50, -48, -46, -44, -42, -40, -38, -36, -34, -32, -28, -26, -24, -16, -14, -6, 2, 10, 12, 14, 16, 22, 28, 30, 34, 36]
[644] sizes A=[42, 12, 122] B=[38, 84, 53] kills=[('B', 1, 39)] [0.3s]
      blk1 |S|=39 offs=[-94, -92, -90, -88, -86, -84, -82, -78, -76, -74, -72, -70, -68, -66, -64, -62, -58, -54, -52, -50, -48, -46, -44, -42, -40, -38, -36, -34, -32, -28, -24, -16, -14, 2, 10, 12, 16, 36, 48]
[645] sizes A=[42, 12, 122] B=[38, 84, 53] kills=[('B', 1, 48)] [0.2s]
      blk1 |S|=48 offs=[-94, -92, -90, -88, -86, -84, -82, -80, -78, -76, -74, -72, -70, -68, -66, -64, -62, -60, -58, -56, -54, -52, -50, -48, -46, -44, -42, -40, -38, -36, -34, -32, -28, -24, -16, -14, -6, 2, 10, 12, 14, 16, 22, 28, 30, 34, 36, 46]
[646] sizes A=[42, 12, 122] B=[38, 84, 53] kills=[('B', 1, 47)] [0.2s]
      blk1 |S|=47 offs=[-94, -92, -90, -88, -86, -84, -82, -80, -78, -76, -74, -72, -70, -68, -66, -64, -62, -60, -58, -56, -54, -52, -50, -48, -46, -44, -42, -40, -38, -36, -34, -32, -28, -24, -16, -14, -6, 2, 10, 12, 14, 16, 22, 28, 30, 34, 36]
[647] sizes A=[42, 12, 122] B=[38, 84, 53] kills=[('B', 1, 31)] [0.2s]
      blk1 |S|=31 offs=[-94, -90, -88, -86, -84, -82, -80, -78, -76, -74, -70, -66, -64, -62, -58, -54, -52, -46, -42, -40, -38, -36, -34, -16, -14, 2, 10, 12, 22, 48, 52]
[648] sizes A=[42, 11, 123] B=[38, 85, 52] kills=[('B', 1, 50)] [0.2s]
      blk1 |S|=50 offs=[-94, -92, -90, -88, -86, -84, -82, -80, -78, -76, -74, -72, -70, -68, -66, -64, -62, -60, -58, -56, -54, -52, -50, -48, -46, -44, -42, -40, -38, -36, -34, -32, -28, -26, -24, -16, -14, -6, 2, 10, 12, 14, 16, 18, 22, 28, 30, 46, 62, 78]
[649] sizes A=[42, 11, 123] B=[38, 85, 52] kills=[('B', 1, 49)] [0.2s]
      blk1 |S|=49 offs=[-94, -92, -90, -88, -86, -84, -82, -80, -78, -76, -74, -72, -70, -68, -66, -64, -62, -60, -58, -56, -54, -52, -50, -48, -46, -44, -42, -40, -38, -36, -34, -32, -28, -26, -24, -16, -14, -6, 2, 10, 12, 14, 16, 18, 22, 28, 30, 62, 78]
[650] sizes A=[42, 11, 123] B=[38, 85, 52] kills=[('B', 1, 49)] [0.2s]
      blk1 |S|=49 offs=[-94, -92, -90, -88, -86, -84, -82, -80, -78, -76, -74, -72, -70, -68, -66, -64, -62, -60, -58, -56, -54, -52, -50, -48, -46, -44, -42, -40, -38, -36, -34, -32, -28, -26, -24, -16, -14, -6, 2, 10, 12, 14, 16, 18, 22, 28, 30, 42, 62]
[651] sizes A=[42, 11, 124] B=[38, 85, 51] kills=[('B', 1, 48)] [0.2s]
      blk1 |S|=48 offs=[-94, -92, -90, -88, -86, -84, -82, -80, -78, -76, -74, -72, -70, -68, -66, -64, -62, -60, -58, -56, -54, -52, -50, -48, -46, -44, -42, -40, -38, -36, -34, -32, -28, -26, -24, -16, -14, -6, 2, 10, 12, 14, 16, 18, 22, 28, 42, 62]
[652] sizes A=[42, 11, 124] B=[38, 85, 51] kills=[('B', 1, 39), ('B', 1, 34), ('B', 1, 32)] [0.4s]
      blk1 |S|=39 offs=[-94, -92, -90, -86, -84, -82, -80, -78, -76, -74, -72, -70, -68, -66, -64, -62, -60, -58, -56, -54, -52, -50, -46, -44, -42, -40, -38, -36, -34, -32, -28, -26, -16, -14, -6, 2, 10, 16, 28]
      blk1 |S|=34 offs=[-94, -92, -90, -86, -84, -82, -80, -78, -76, -74, -70, -68, -66, -62, -58, -56, -54, -50, -46, -44, -42, -40, -38, -36, -34, -32, -26, -16, -14, -6, 2, 10, 16, 28]
      blk1 |S|=32 offs=[-94, -92, -90, -86, -84, -82, -80, -78, -76, -74, -70, -68, -66, -62, -60, -58, -56, -54, -50, -46, -44, -42, -38, -36, -34, -26, -16, -6, 2, 10, 16, 28]
[653] sizes A=[42, 12, 124] B=[38, 84, 51] kills=[('B', 1, 34), ('B', 1, 34)] [0.3s]
      blk1 |S|=34 offs=[-94, -92, -90, -88, -84, -82, -80, -78, -76, -74, -72, -70, -66, -64, -62, -58, -54, -46, -44, -42, -40, -38, -34, -28, -24, -16, -14, 2, 10, 12, 16, 18, 52, 64]
      blk1 |S|=34 offs=[-94, -92, -90, -88, -86, -84, -82, -80, -78, -76, -74, -70, -66, -64, -62, -58, -54, -46, -44, -42, -40, -38, -34, -28, -24, -16, -14, 2, 10, 12, 16, 18, 52, 64]
[654] sizes A=[42, 12, 123] B=[38, 84, 52] kills=[('A', 1, 16), ('A', 1, 13), ('A', 1, 16), ('B', 1, 35)] [0.3s]
      blk1 |S|=16 offs=[-30, -26, -24, -22, -18, -12, -11, -10, -8, -4, -2, 0, 3, 4, 6, 8]
      blk1 |S|=13 offs=[-30, -24, -22, -18, -12, -10, -8, -4, -2, 0, 4, 6, 8]
      blk1 |S|=16 offs=[-30, -26, -24, -22, -18, -12, -11, -10, -8, -4, -2, 0, 3, 4, 6, 7]
      blk1 |S|=35 offs=[-94, -92, -90, -88, -86, -82, -80, -78, -76, -74, -72, -70, -66, -64, -62, -60, -58, -56, -54, -52, -50, -48, -46, -44, -42, -40, -38, -34, -32, -28, 2, 10, 12, 16, 18]
[655] sizes A=[42, 11, 123] B=[38, 85, 52] kills=[('B', 1, 44), ('B', 1, 43)] [0.5s]
      blk1 |S|=44 offs=[-94, -92, -90, -88, -86, -84, -82, -80, -78, -76, -74, -72, -70, -68, -66, -64, -62, -60, -58, -56, -54, -52, -50, -48, -46, -44, -42, -40, -38, -36, -34, -32, -28, -20, -18, -14, -6, 2, 10, 12, 14, 16, 22, 72]
      blk1 |S|=43 offs=[-94, -92, -90, -88, -86, -84, -82, -80, -78, -76, -74, -72, -70, -68, -66, -64, -62, -60, -58, -56, -54, -52, -50, -46, -44, -42, -40, -38, -36, -34, -32, -20, -18, -16, -14, -6, 2, 10, 12, 14, 16, 22, 72]
[656] sizes A=[42, 11, 123] B=[38, 85, 52] kills=[('B', 1, 48)] [0.2s]
      blk1 |S|=48 offs=[-94, -92, -90, -88, -86, -84, -82, -80, -78, -76, -74, -72, -70, -68, -66, -64, -62, -60, -58, -56, -54, -52, -50, -48, -46, -44, -42, -40, -38, -36, -34, -32, -28, -20, -18, -16, -14, -6, 2, 10, 12, 14, 16, 22, 28, 32, 34, 52]
[657] sizes A=[42, 11, 122] B=[38, 85, 53] kills=[('B', 1, 41)] [0.3s]
      blk1 |S|=41 offs=[-94, -92, -90, -88, -86, -82, -80, -78, -76, -74, -72, -70, -68, -66, -64, -62, -60, -58, -56, -54, -52, -50, -48, -46, -44, -42, -40, -38, -36, -34, -32, -26, -24, -16, -6, 2, 10, 12, 16, 22, 60]
[658] sizes A=[42, 11, 123] B=[38, 85, 52] kills=[('B', 1, 35)] [0.3s]
      blk1 |S|=35 offs=[-94, -90, -88, -82, -80, -74, -72, -70, -68, -66, -64, -62, -60, -58, -56, -54, -52, -50, -48, -46, -44, -42, -40, -38, -34, -32, -26, -24, -16, 2, 10, 12, 16, 18, 22]
[659] sizes A=[42, 12, 122] B=[38, 84, 53] kills=[('B', 1, 31), ('B', 1, 32), ('B', 1, 33)] [0.4s]
      blk1 |S|=31 offs=[-94, -92, -90, -88, -82, -80, -78, -76, -74, -72, -70, -68, -66, -64, -60, -56, -54, -50, -48, -44, -40, -38, -36, -34, -32, -20, 2, 12, 16, 22, 28]
      blk1 |S|=32 offs=[-94, -92, -90, -88, -82, -80, -78, -76, -74, -72, -70, -68, -66, -64, -60, -56, -54, -52, -50, -48, -44, -40, -38, -36, -34, -32, -20, 2, 12, 16, 22, 28]
      blk1 |S|=33 offs=[-94, -92, -90, -88, -84, -82, -80, -78, -76, -74, -72, -70, -68, -66, -64, -62, -60, -58, -56, -54, -50, -48, -44, -42, -40, -38, -36, -34, -20, 2, 12, 16, 22]
[660] sizes A=[42, 12, 121] B=[38, 84, 54] kills=[('B', 1, 38), ('B', 1, 37)] [0.4s]
      blk1 |S|=38 offs=[-94, -92, -90, -88, -86, -84, -82, -80, -76, -74, -72, -70, -68, -66, -64, -60, -58, -56, -54, -52, -50, -48, -46, -44, -42, -40, -38, -36, -34, -32, -28, -24, -16, 2, 12, 22, 24, 30]
      blk1 |S|=37 offs=[-94, -92, -90, -88, -86, -84, -82, -80, -74, -72, -70, -68, -66, -64, -60, -58, -56, -54, -52, -50, -48, -46, -44, -42, -40, -38, -36, -34, -32, -28, -24, -16, 2, 12, 22, 24, 30]
[661] sizes A=[42, 12, 121] B=[38, 84, 54] kills=[('B', 1, 26)] [0.2s]
      blk1 |S|=26 offs=[-94, -88, -84, -80, -76, -72, -68, -66, -64, -60, -58, -56, -52, -48, -46, -44, -40, -38, -34, -32, -28, -24, -16, 2, 12, 16]
[662] sizes A=[42, 11, 122] B=[38, 85, 53] kills=[('B', 1, 42), ('B', 1, 38)] [0.5s]
      blk1 |S|=42 offs=[-94, -92, -90, -88, -86, -82, -80, -78, -74, -72, -70, -68, -66, -64, -62, -60, -58, -56, -54, -52, -50, -48, -46, -44, -42, -40, -38, -34, -32, -30, -28, -18, -16, -14, -6, 2, 10, 12, 22, 28, 30, 38]
      blk1 |S|=38 offs=[-94, -90, -88, -82, -80, -78, -74, -72, -70, -68, -66, -64, -62, -60, -58, -56, -54, -52, -50, -48, -46, -44, -42, -40, -38, -34, -30, -28, -18, -16, -14, -6, 2, 10, 12, 28, 30, 38]
[663] sizes A=[42, 11, 123] B=[38, 85, 52] kills=[('B', 1, 36), ('B', 1, 38)] [0.3s]
      blk1 |S|=36 offs=[-94, -90, -88, -82, -80, -78, -76, -74, -72, -70, -66, -64, -62, -60, -58, -56, -54, -52, -50, -48, -46, -44, -42, -40, -38, -34, -30, -28, -18, -14, -6, 2, 10, 12, 28, 38]
      blk1 |S|=38 offs=[-94, -90, -88, -86, -84, -82, -80, -78, -76, -74, -72, -70, -66, -64, -62, -60, -58, -56, -54, -52, -50, -48, -46, -44, -42, -40, -38, -34, -30, -28, -18, -14, -6, 2, 10, 12, 28, 38]
[664] sizes A=[42, 11, 123] B=[38, 85, 52] kills=[('B', 1, 34), ('B', 1, 33), ('B', 1, 32)] [0.3s]
      blk1 |S|=34 offs=[-94, -90, -88, -86, -82, -78, -76, -74, -72, -70, -68, -66, -64, -62, -58, -54, -52, -50, -48, -46, -44, -42, -38, -36, -34, -30, -18, -14, -6, 2, 10, 12, 22, 28]
      blk1 |S|=33 offs=[-94, -92, -90, -88, -86, -82, -78, -74, -72, -70, -68, -66, -62, -58, -54, -52, -50, -48, -46, -44, -42, -38, -36, -34, -30, -18, -14, -6, 2, 10, 12, 22, 28]
      blk1 |S|=32 offs=[-94, -90, -88, -86, -82, -78, -76, -74, -70, -66, -64, -62, -58, -54, -52, -50, -48, -46, -44, -42, -38, -36, -34, -30, -18, -14, -6, 2, 10, 12, 22, 28]
[665] sizes A=[42, 12, 122] B=[38, 84, 53] kills=[('B', 1, 33), ('B', 1, 29), ('B', 1, 28)] [0.4s]
      blk1 |S|=33 offs=[-94, -92, -90, -88, -86, -82, -78, -76, -74, -72, -70, -66, -62, -58, -54, -52, -50, -48, -46, -44, -42, -40, -38, -36, -34, -32, -30, -14, 2, 10, 16, 18, 32]
      blk1 |S|=29 offs=[-94, -92, -90, -86, -82, -78, -74, -72, -70, -66, -62, -58, -54, -52, -50, -48, -46, -44, -42, -40, -38, -36, -34, -30, -14, 2, 10, 18, 32]
      blk1 |S|=28 offs=[-94, -92, -86, -84, -82, -78, -74, -72, -70, -68, -66, -62, -58, -56, -54, -52, -50, -46, -42, -40, -38, -34, -30, -14, 2, 10, 18, 32]
[666] sizes A=[42, 12, 122] B=[38, 84, 53] kills=[('B', 1, 40), ('B', 1, 39), ('B', 1, 36)] [0.5s]
      blk1 |S|=40 offs=[-94, -92, -90, -88, -86, -84, -82, -80, -78, -76, -74, -72, -70, -68, -66, -64, -62, -60, -58, -56, -54, -52, -50, -48, -46, -44, -42, -40, -38, -34, -32, -30, -26, -16, -14, -6, 2, 10, 12, 80]
      blk1 |S|=39 offs=[-94, -92, -90, -88, -86, -84, -82, -80, -78, -76, -74, -72, -70, -68, -66, -64, -62, -60, -58, -56, -54, -52, -50, -48, -46, -44, -42, -40, -38, -34, -32, -26, -16, -14, -6, 2, 10, 12, 80]
      blk1 |S|=36 offs=[-94, -92, -90, -88, -86, -84, -82, -80, -78, -76, -74, -72, -70, -68, -66, -64, -62, -60, -58, -54, -52, -50, -46, -44, -42, -40, -38, -34, -32, -26, -16, -6, 2, 10, 12, 80]
[667] sizes A=[42, 12, 122] B=[38, 84, 53] kills=[('B', 1, 26), ('B', 1, 29)] [0.3s]
      blk1 |S|=26 offs=[-94, -92, -90, -86, -82, -78, -70, -66, -62, -58, -54, -50, -46, -44, -42, -40, -38, -34, -30, -26, -14, -6, 2, 10, 16, 18]
      blk1 |S|=29 offs=[-94, -92, -90, -86, -82, -78, -72, -70, -66, -62, -58, -54, -52, -50, -48, -46, -44, -42, -40, -38, -34, -30, -26, -14, -6, 2, 10, 16, 18]
[668] sizes A=[42, 12, 123] B=[38, 84, 52] kills=[('B', 1, 26), ('B', 1, 27)] [0.2s]
      blk1 |S|=26 offs=[-94, -90, -86, -82, -80, -78, -70, -66, -62, -60, -58, -54, -50, -46, -44, -42, -40, -38, -34, -30, -14, -6, 2, 10, 18, 20]
      blk1 |S|=27 offs=[-94, -90, -86, -82, -80, -78, -74, -70, -66, -62, -60, -58, -54, -50, -46, -44, -42, -40, -38, -34, -30, -14, -6, 2, 10, 18, 20]
[669] sizes A=[42, 12, 123] B=[38, 84, 52] kills=[('B', 1, 29)] [0.2s]
      blk1 |S|=29 offs=[-94, -92, -90, -86, -82, -80, -78, -70, -62, -60, -54, -50, -46, -44, -42, -40, -38, -34, -32, -30, -18, -14, -6, 2, 10, 20, 22, 32, 50]
[670] sizes A=[42, 12, 124] B=[38, 84, 51] kills=[('B', 1, 35)] [0.2s]
      blk1 |S|=35 offs=[-94, -92, -90, -88, -86, -82, -80, -78, -70, -66, -64, -62, -60, -58, -54, -52, -50, -46, -44, -42, -40, -38, -36, -34, -32, -30, -18, -14, -6, 2, 10, 20, 22, 28, 32]
[671] sizes A=[42, 12, 123] B=[38, 84, 52] kills=[('B', 1, 26), ('B', 1, 25)] [0.3s]
      blk1 |S|=26 offs=[-94, -90, -86, -82, -80, -78, -70, -62, -60, -54, -50, -46, -44, -42, -40, -38, -34, -30, -18, -14, -6, 2, 10, 20, 22, 50]
      blk1 |S|=25 offs=[-94, -90, -86, -82, -80, -78, -70, -62, -60, -54, -50, -46, -44, -42, -40, -38, -34, -30, -18, -14, -6, 2, 10, 20, 50]
[672] sizes A=[42, 12, 123] B=[38, 84, 52] kills=[('B', 1, 32)] [0.2s]
      blk1 |S|=32 offs=[-94, -90, -88, -86, -82, -80, -78, -70, -66, -64, -62, -60, -58, -54, -52, -50, -46, -44, -42, -40, -38, -36, -34, -30, -18, -14, -6, 2, 10, 20, 22, 28]
[673] sizes A=[42, 12, 123] B=[38, 84, 52] kills=[('A', 1, 13), ('A', 1, 11), ('B', 1, 31)] [0.2s]
      blk1 |S|=13 offs=[-28, -24, -20, -18, -12, -10, -8, -4, -2, 0, 4, 6, 18]
      blk1 |S|=11 offs=[-24, -20, -18, -12, -10, -8, -2, 0, 4, 6, 18]
      blk1 |S|=31 offs=[-94, -90, -86, -82, -80, -78, -76, -72, -70, -68, -66, -64, -62, -60, -58, -54, -46, -44, -42, -40, -38, -36, -34, -30, -26, -14, -6, 2, 10, 20, 22]
[674] sizes A=[42, 12, 123] B=[38, 84, 52] kills=[('B', 1, 28), ('B', 1, 19), ('B', 1, 11)] [0.3s]
      blk1 |S|=28 offs=[-94, -90, -86, -82, -80, -78, -70, -66, -62, -60, -58, -54, -50, -46, -44, -42, -40, -38, -34, -32, -30, -18, -14, -6, 2, 10, 20, 22]
      blk1 |S|=19 offs=[-94, -90, -86, -80, -78, -70, -62, -54, -46, -44, -42, -38, -34, -30, -14, -6, 2, 10, 20]
      blk1 |S|=11 offs=[-94, -86, -78, -70, -62, -54, -46, -38, -30, 2, 10]
[675] sizes A=[42, 12, 123] B=[38, 84, 52] kills=[('B', 1, 50)] [0.2s]
      blk1 |S|=50 offs=[-94, -92, -90, -88, -86, -84, -82, -80, -78, -76, -74, -72, -70, -68, -66, -64, -62, -60, -58, -56, -54, -52, -50, -48, -46, -44, -42, -40, -38, -36, -34, -32, -24, -18, -16, -14, -6, 2, 6, 10, 12, 16, 18, 22, 26, 46, 50, 52, 60, 68]
[676] sizes A=[42, 12, 123] B=[38, 84, 52] kills=[('B', 1, 51)] [0.2s]
      blk1 |S|=51 offs=[-94, -92, -90, -88, -86, -84, -82, -80, -78, -76, -74, -72, -70, -68, -66, -64, -62, -60, -58, -56, -54, -52, -50, -48, -46, -44, -42, -40, -38, -36, -34, -32, -24, -18, -16, -14, -6, 2, 6, 10, 12, 16, 18, 22, 44, 46, 50, 52, 60, 64, 68]
[677] sizes A=[42, 12, 123] B=[38, 84, 52] kills=[('B', 1, 42)] [0.3s]
      blk1 |S|=42 offs=[-94, -92, -90, -88, -86, -84, -82, -80, -78, -76, -74, -72, -70, -68, -66, -64, -62, -60, -58, -52, -50, -46, -44, -40, -38, -36, -34, -32, -24, -18, -16, -14, -6, 2, 10, 12, 16, 18, 22, 32, 52, 60]
[678] sizes A=[42, 12, 124] B=[38, 84, 51] kills=[('B', 1, 50)] [0.2s]
      blk1 |S|=50 offs=[-94, -92, -90, -88, -86, -84, -82, -80, -78, -76, -74, -72, -70, -68, -66, -64, -62, -60, -58, -56, -54, -52, -50, -48, -46, -44, -42, -40, -38, -36, -34, -32, -24, -18, -16, -14, -6, 2, 6, 10, 12, 16, 18, 22, 26, 46, 50, 52, 64, 68]
[679] sizes A=[42, 12, 124] B=[38, 84, 51] kills=[('B', 1, 50)] [0.2s]
      blk1 |S|=50 offs=[-94, -92, -90, -88, -86, -84, -82, -80, -78, -76, -74, -72, -70, -68, -66, -64, -62, -60, -58, -56, -54, -52, -50, -48, -46, -44, -42, -40, -38, -36, -34, -32, -24, -18, -16, -14, -6, 2, 6, 10, 12, 16, 18, 22, 44, 46, 50, 52, 64, 68]
[680] sizes A=[42, 12, 124] B=[38, 84, 51] kills=[('B', 1, 48)] [0.1s]
      blk1 |S|=48 offs=[-94, -92, -90, -88, -86, -84, -82, -80, -78, -76, -74, -72, -70, -68, -66, -64, -62, -60, -58, -56, -54, -52, -50, -48, -46, -44, -42, -40, -38, -36, -34, -32, -24, -18, -16, -14, -6, 2, 6, 10, 12, 16, 18, 22, 26, 46, 52, 64]
[681] sizes A=[42, 12, 124] B=[38, 84, 51] kills=[('B', 1, 41), ('B', 1, 40)] [0.4s]
      blk1 |S|=41 offs=[-94, -92, -90, -88, -84, -82, -80, -78, -76, -74, -70, -68, -66, -64, -62, -60, -58, -54, -52, -50, -46, -44, -42, -40, -38, -36, -34, -32, -24, -18, -16, -14, -6, 2, 10, 12, 16, 18, 22, 32, 52]
      blk1 |S|=40 offs=[-94, -92, -90, -88, -86, -84, -82, -80, -78, -76, -74, -72, -70, -68, -66, -64, -62, -60, -58, -54, -52, -50, -44, -42, -40, -38, -36, -34, -32, -24, -18, -14, -6, 2, 10, 12, 16, 22, 32, 52]
[682] sizes A=[42, 12, 124] B=[38, 84, 51] kills=[('B', 1, 35), ('B', 1, 38)] [0.3s]
      blk1 |S|=35 offs=[-94, -92, -90, -88, -86, -84, -82, -80, -78, -76, -74, -72, -70, -68, -64, -62, -60, -56, -54, -52, -50, -48, -44, -40, -38, -36, -34, -32, -24, -16, -14, 6, 10, 12, 22]
      blk1 |S|=38 offs=[-94, -92, -90, -88, -86, -84, -80, -78, -76, -74, -72, -70, -68, -66, -64, -62, -60, -58, -56, -54, -52, -50, -48, -46, -44, -42, -40, -38, -36, -34, -32, -24, -16, -14, 6, 10, 12, 22]
[683] sizes A=[42, 13, 122] B=[38, 83, 53] kills=[('A', 1, 15), ('A', 1, 17), ('B', 1, 37)] [0.2s]
      blk1 |S|=15 offs=[-28, -26, -22, -20, -18, -12, -11, -10, -8, -4, 0, 3, 4, 8, 14]
      blk1 |S|=17 offs=[-30, -28, -26, -22, -20, -18, -12, -11, -10, -8, -4, -2, 0, 3, 4, 8, 14]
      blk1 |S|=37 offs=[-94, -92, -90, -86, -84, -82, -80, -78, -76, -74, -72, -70, -66, -64, -62, -58, -56, -54, -52, -50, -48, -46, -44, -42, -40, -36, -34, -32, -24, -16, -14, -6, 2, 6, 16, 24, 52]
[684] sizes A=[42, 12, 122] B=[38, 84, 53] kills=[('A', 1, 13), ('A', 1, 13), ('B', 1, 50)] [0.2s]
      blk1 |S|=13 offs=[-28, -26, -22, -18, -11, -10, -8, -4, 0, 3, 4, 8, 14]
      blk1 |S|=13 offs=[-28, -26, -22, -18, -11, -10, -8, -4, 0, 4, 8, 11, 14]
      blk1 |S|=50 offs=[-94, -92, -90, -88, -86, -84, -82, -80, -78, -76, -74, -72, -70, -68, -66, -64, -62, -60, -58, -56, -54, -52, -50, -48, -46, -44, -42, -40, -38, -36, -34, -32, -24, -20, -16, -14, -6, 2, 6, 10, 16, 18, 20, 22, 44, 46, 50, 52, 64, 68]
[685] sizes A=[42, 11, 121] B=[38, 85, 54] kills=[('B', 1, 52)] [0.2s]
      blk1 |S|=52 offs=[-94, -92, -90, -88, -86, -84, -82, -80, -78, -76, -74, -72, -70, -68, -66, -64, -62, -60, -58, -56, -54, -52, -50, -48, -46, -44, -42, -40, -38, -36, -34, -32, -26, -24, -20, -16, -14, -6, 2, 10, 16, 18, 20, 22, 24, 44, 46, 50, 52, 60, 68, 74]
[686] sizes A=[42, 11, 122] B=[38, 85, 53] kills=[('B', 1, 52)] [0.2s]
      blk1 |S|=52 offs=[-94, -92, -90, -88, -86, -84, -82, -80, -78, -76, -74, -72, -70, -68, -66, -64, -62, -60, -58, -56, -54, -52, -50, -48, -46, -44, -42, -40, -38, -36, -34, -32, -26, -24, -20, -16, -14, -6, 2, 10, 16, 18, 20, 22, 24, 40, 44, 46, 50, 52, 64, 68]
[687] sizes A=[42, 11, 122] B=[38, 85, 53] kills=[('B', 1, 52)] [0.2s]
      blk1 |S|=52 offs=[-94, -92, -90, -88, -86, -84, -82, -80, -78, -76, -74, -72, -70, -68, -66, -64, -62, -60, -58, -56, -54, -52, -50, -48, -46, -44, -42, -40, -38, -36, -34, -32, -26, -24, -20, -16, -14, -6, 2, 10, 16, 18, 20, 22, 24, 44, 46, 50, 52, 64, 68, 74]
[688] sizes A=[42, 11, 122] B=[38, 85, 53] kills=[('B', 1, 52)] [0.2s]
      blk1 |S|=52 offs=[-94, -92, -90, -88, -86, -84, -82, -80, -78, -76, -74, -72, -70, -68, -66, -64, -62, -60, -58, -56, -54, -52, -50, -48, -46, -44, -42, -40, -38, -36, -34, -32, -26, -24, -20, -16, -14, -6, 2, 10, 16, 18, 20, 22, 24, 30, 40, 44, 50, 52, 64, 68]
[689] sizes A=[42, 11, 122] B=[38, 85, 53] kills=[('B', 1, 52)] [0.2s]
      blk1 |S|=52 offs=[-94, -92, -90, -88, -86, -84, -82, -80, -78, -76, -74, -72, -70, -68, -66, -64, -62, -60, -58, -56, -54, -52, -50, -48, -46, -44, -42, -40, -38, -36, -34, -32, -26, -24, -20, -16, -14, -6, 2, 10, 16, 18, 20, 22, 24, 30, 44, 50, 52, 64, 68, 74]
[690] sizes A=[42, 11, 122] B=[38, 85, 53] kills=[('B', 1, 52)] [0.2s]
      blk1 |S|=52 offs=[-94, -92, -90, -88, -86, -84, -82, -80, -78, -76, -74, -72, -70, -68, -66, -64, -62, -60, -58, -56, -54, -52, -50, -48, -46, -44, -42, -40, -38, -36, -34, -32, -26, -24, -20, -16, -14, -6, 2, 10, 16, 18, 20, 22, 24, 30, 40, 50, 52, 64, 68, 80]
[691] sizes A=[42, 11, 122] B=[38, 85, 53] kills=[('B', 1, 51)] [0.2s]
      blk1 |S|=51 offs=[-94, -92, -90, -88, -86, -84, -82, -80, -78, -76, -74, -72, -70, -68, -66, -64, -62, -60, -58, -56, -54, -52, -50, -48, -46, -44, -42, -40, -38, -36, -34, -32, -26, -24, -20, -16, -14, -6, 2, 10, 16, 18, 20, 22, 24, 26, 30, 40, 50, 52, 68]
[692] sizes A=[42, 11, 122] B=[38, 85, 53] kills=[('B', 1, 37), ('B', 1, 34)] [0.5s]
      blk1 |S|=37 offs=[-94, -92, -90, -88, -86, -82, -80, -78, -76, -74, -72, -70, -68, -66, -64, -62, -60, -58, -56, -54, -52, -48, -46, -42, -40, -38, -36, -34, -32, -26, -24, 2, 10, 16, 20, 24, 30]
      blk1 |S|=34 offs=[-94, -92, -90, -88, -86, -82, -80, -78, -76, -74, -72, -70, -68, -66, -64, -62, -60, -58, -56, -54, -52, -46, -42, -40, -38, -36, -26, -24, -16, 2, 10, 16, 24, 30]
[693] sizes A=[42, 11, 122] B=[38, 85, 53] kills=[('B', 1, 51)] [0.2s]
      blk1 |S|=51 offs=[-94, -92, -90, -88, -86, -84, -82, -80, -78, -76, -74, -72, -70, -68, -66, -64, -62, -60, -58, -56, -54, -52, -50, -48, -46, -44, -42, -40, -38, -36, -34, -32, -26, -24, -20, -16, -14, -6, 2, 10, 16, 18, 20, 22, 24, 46, 50, 52, 68, 74, 80]
[694] sizes A=[42, 11, 122] B=[38, 85, 53] kills=[('B', 1, 51)] [0.2s]
      blk1 |S|=51 offs=[-94, -92, -90, -88, -86, -84, -82, -80, -78, -76, -74, -72, -70, -68, -66, -64, -62, -60, -58, -56, -54, -52, -50, -48, -46, -44, -42, -40, -38, -36, -34, -32, -26, -24, -20, -16, -14, -6, 2, 10, 16, 18, 20, 22, 24, 26, 46, 50, 52, 68, 74]
[695] sizes A=[42, 11, 122] B=[38, 85, 53] kills=[('B', 1, 52)] [0.2s]
      blk1 |S|=52 offs=[-94, -92, -90, -88, -86, -84, -82, -80, -78, -76, -74, -72, -70, -68, -66, -64, -62, -60, -58, -56, -54, -52, -50, -48, -46, -44, -42, -40, -38, -36, -34, -32, -26, -24, -20, -16, -14, -6, 2, 10, 16, 18, 20, 22, 24, 40, 46, 50, 52, 64, 68, 80]
[696] sizes A=[42, 11, 122] B=[38, 85, 53] kills=[('B', 1, 51)] [0.2s]
      blk1 |S|=51 offs=[-94, -92, -90, -88, -86, -84, -82, -80, -78, -76, -74, -72, -70, -68, -66, -64, -62, -60, -58, -56, -54, -52, -50, -48, -46, -44, -42, -40, -38, -36, -34, -32, -26, -24, -20, -16, -14, -6, 2, 10, 16, 18, 20, 22, 24, 26, 40, 46, 50, 52, 68]
[697] sizes A=[42, 11, 123] B=[38, 85, 52] kills=[('B', 1, 51)] [0.2s]
      blk1 |S|=51 offs=[-94, -92, -90, -88, -86, -84, -82, -80, -78, -76, -74, -72, -70, -68, -66, -64, -62, -60, -58, -56, -54, -52, -50, -48, -46, -44, -42, -40, -38, -36, -34, -32, -26, -24, -20, -16, -14, -6, 2, 10, 16, 18, 20, 22, 24, 40, 46, 50, 52, 64, 80]
[698] sizes A=[42, 11, 123] B=[38, 85, 52] kills=[('B', 1, 51)] [0.2s]
      blk1 |S|=51 offs=[-94, -92, -90, -88, -86, -84, -82, -80, -78, -76, -74, -72, -70, -68, -66, -64, -62, -60, -58, -56, -54, -52, -50, -48, -46, -44, -42, -40, -38, -36, -34, -32, -26, -24, -20, -16, -14, -6, 2, 10, 16, 18, 20, 22, 24, 26, 40, 46, 50, 52, 64]
[699] sizes A=[42, 11, 123] B=[38, 85, 52] kills=[('B', 1, 50)] [0.2s]
      blk1 |S|=50 offs=[-94, -92, -90, -88, -86, -84, -82, -80, -78, -76, -74, -72, -70, -68, -66, -64, -62, -60, -58, -56, -54, -52, -50, -48, -46, -44, -42, -40, -38, -36, -34, -32, -26, -24, -20, -16, -14, -6, 2, 10, 16, 18, 20, 22, 24, 46, 50, 52, 74, 80]
[700] sizes A=[42, 11, 123] B=[38, 85, 52] kills=[('B', 1, 50)] [0.2s]
      blk1 |S|=50 offs=[-94, -92, -90, -88, -86, -84, -82, -80, -78, -76, -74, -72, -70, -68, -66, -64, -62, -60, -58, -56, -54, -52, -50, -48, -46, -44, -42, -40, -38, -36, -34, -32, -26, -24, -20, -16, -14, -6, 2, 10, 16, 18, 20, 22, 24, 26, 46, 50, 52, 74]
[701] sizes A=[42, 11, 123] B=[38, 85, 52] kills=[('B', 1, 51)] [0.2s]
      blk1 |S|=51 offs=[-94, -92, -90, -88, -86, -84, -82, -80, -78, -76, -74, -72, -70, -68, -66, -64, -62, -60, -58, -56, -54, -52, -50, -48, -46, -44, -42, -40, -38, -36, -34, -32, -26, -24, -20, -16, -14, -6, 2, 10, 16, 18, 20, 22, 24, 44, 46, 50, 52, 64, 74]
[702] sizes A=[42, 11, 123] B=[38, 85, 52] kills=[('B', 1, 51)] [0.2s]
      blk1 |S|=51 offs=[-94, -92, -90, -88, -86, -84, -82, -80, -78, -76, -74, -72, -70, -68, -66, -64, -62, -60, -58, -56, -54, -52, -50, -48, -46, -44, -42, -40, -38, -36, -34, -32, -26, -24, -20, -16, -14, -6, 2, 10, 16, 18, 20, 22, 24, 40, 44, 46, 50, 52, 64]
[703] sizes A=[42, 11, 123] B=[38, 85, 52] kills=[('B', 1, 51)] [0.2s]
      blk1 |S|=51 offs=[-94, -92, -90, -88, -86, -84, -82, -80, -78, -76, -74, -72, -70, -68, -66, -64, -62, -60, -58, -56, -54, -52, -50, -48, -46, -44, -42, -40, -38, -36, -34, -32, -26, -24, -20, -16, -14, -6, 2, 10, 16, 18, 20, 22, 24, 32, 40, 44, 46, 52, 64]
[704] sizes A=[42, 11, 123] B=[38, 85, 52] kills=[('B', 1, 18)] [0.2s]
      blk1 |S|=18 offs=[-90, -82, -80, -74, -66, -58, -50, -42, -40, -36, -34, -32, -14, -6, 10, 16, 18, 20]
[705] sizes A=[42, 11, 122] B=[38, 85, 53] kills=[('B', 1, 52)] [0.2s]
      blk1 |S|=52 offs=[-94, -92, -90, -88, -86, -84, -82, -80, -78, -76, -74, -72, -70, -68, -66, -64, -62, -60, -58, -56, -54, -52, -50, -48, -46, -44, -42, -40, -38, -36, -34, -32, -26, -24, -20, -16, -14, -6, 2, 10, 16, 20, 22, 24, 32, 44, 46, 52, 54, 58, 64, 74]
[706] sizes A=[42, 11, 122] B=[38, 85, 53] kills=[('B', 1, 50)] [0.2s]
      blk1 |S|=50 offs=[-94, -92, -90, -88, -86, -84, -82, -80, -78, -76, -74, -72, -70, -68, -66, -64, -62, -60, -58, -56, -54, -52, -50, -48, -46, -44, -42, -40, -38, -36, -34, -32, -26, -24, -20, -16, -14, -6, 2, 10, 16, 20, 22, 24, 32, 38, 40, 52, 54, 64]
[707] sizes A=[42, 11, 122] B=[38, 85, 53] kills=[('B', 1, 53)] [0.2s]
      blk1 |S|=53 offs=[-94, -92, -90, -88, -86, -84, -82, -80, -78, -76, -74, -72, -70, -68, -66, -64, -62, -60, -58, -56, -54, -52, -50, -48, -46, -44, -42, -40, -38, -36, -34, -32, -26, -24, -20, -16, -14, -6, 2, 10, 16, 20, 22, 24, 32, 40, 44, 46, 48, 52, 54, 58, 64]
[708] sizes A=[42, 11, 122] B=[38, 85, 53] kills=[('B', 1, 37)] [0.3s]
      blk1 |S|=37 offs=[-94, -92, -90, -88, -86, -84, -82, -80, -78, -76, -74, -72, -70, -68, -66, -64, -60, -58, -56, -54, -52, -50, -48, -44, -42, -40, -36, -34, -32, -24, -20, -6, 2, 10, 16, 20, 22]
[709] sizes A=[42, 12, 121] B=[38, 84, 54] kills=[('B', 1, 52)] [0.1s]
      blk1 |S|=52 offs=[-94, -92, -90, -88, -86, -84, -82, -80, -78, -76, -74, -72, -70, -68, -66, -64, -62, -60, -58, -56, -54, -52, -50, -48, -46, -44, -42, -40, -38, -36, -34, -32, -26, -24, -16, -14, -6, 2, 10, 16, 20, 22, 24, 26, 32, 40, 44, 48, 52, 54, 58, 64]
[710] sizes A=[42, 12, 122] B=[38, 84, 53] kills=[('B', 1, 52)] [0.2s]
      blk1 |S|=52 offs=[-94, -92, -90, -88, -86, -84, -82, -80, -78, -76, -74, -72, -70, -68, -66, -64, -62, -60, -58, -56, -54, -52, -50, -48, -46, -44, -42, -40, -38, -36, -34, -32, -26, -24, -16, -14, -6, 2, 10, 16, 20, 22, 24, 32, 40, 44, 46, 48, 52, 54, 58, 64]
[711] sizes A=[42, 12, 122] B=[38, 84, 53] kills=[('B', 1, 51)] [0.1s]
      blk1 |S|=51 offs=[-94, -92, -90, -88, -86, -84, -82, -80, -78, -76, -74, -72, -70, -68, -66, -64, -62, -60, -58, -56, -54, -52, -50, -48, -46, -44, -42, -40, -38, -36, -34, -32, -26, -24, -16, -14, -6, 2, 10, 16, 20, 22, 24, 32, 38, 40, 44, 46, 52, 54, 64]
[712] sizes A=[42, 12, 122] B=[38, 84, 53] kills=[('B', 1, 51)] [0.2s]
      blk1 |S|=51 offs=[-94, -92, -90, -88, -86, -84, -82, -80, -78, -76, -74, -72, -70, -68, -66, -64, -62, -60, -58, -56, -54, -52, -50, -48, -46, -44, -42, -40, -38, -36, -34, -32, -26, -24, -16, -14, -6, 2, 10, 16, 20, 22, 24, 32, 44, 46, 52, 54, 58, 64, 74]
[713] sizes A=[42, 12, 122] B=[38, 84, 53] kills=[('B', 1, 51)] [0.2s]
      blk1 |S|=51 offs=[-94, -92, -90, -88, -86, -84, -82, -80, -78, -76, -74, -72, -70, -68, -66, -64, -62, -60, -58, -56, -54, -52, -50, -48, -46, -44, -42, -40, -38, -36, -34, -32, -26, -24, -16, -14, -6, 2, 10, 16, 20, 22, 24, 44, 46, 50, 52, 54, 58, 64, 74]
[714] sizes A=[42, 12, 122] B=[38, 84, 53] kills=[('B', 1, 50)] [0.2s]
      blk1 |S|=50 offs=[-94, -92, -90, -88, -86, -84, -82, -80, -78, -76, -74, -72, -70, -68, -66, -64, -62, -60, -58, -56, -54, -52, -50, -48, -46, -44, -42, -40, -38, -36, -34, -32, -26, -24, -16, -14, -6, 2, 10, 16, 20, 22, 24, 44, 46, 48, 50, 52, 54, 74]
[715] sizes A=[42, 12, 122] B=[38, 84, 53] kills=[('B', 1, 50)] [0.2s]
      blk1 |S|=50 offs=[-94, -92, -90, -88, -86, -84, -82, -80, -78, -76, -74, -72, -70, -68, -66, -64, -62, -60, -58, -56, -54, -52, -50, -48, -46, -44, -42, -40, -38, -36, -34, -32, -26, -24, -16, -14, -6, 2, 10, 16, 20, 22, 24, 40, 44, 46, 48, 52, 54, 64]
[716] sizes A=[42, 12, 123] B=[38, 84, 52] kills=[('B', 1, 35), ('B', 1, 36)] [0.3s]
      blk1 |S|=35 offs=[-94, -92, -90, -86, -84, -80, -76, -74, -72, -68, -66, -64, -62, -60, -58, -56, -54, -50, -48, -46, -44, -42, -38, -36, -34, -32, -26, -24, -14, -6, 2, 16, 20, 22, 24]
      blk1 |S|=36 offs=[-94, -92, -90, -86, -84, -80, -76, -74, -72, -68, -66, -64, -62, -60, -58, -56, -54, -50, -48, -46, -44, -42, -38, -36, -34, -32, -26, -24, -14, -6, 2, 16, 20, 22, 24, 54]
[717] sizes A=[42, 12, 122] B=[38, 84, 53] kills=[('B', 1, 41)] [0.4s]
      blk1 |S|=41 offs=[-94, -92, -90, -88, -84, -82, -80, -76, -74, -72, -70, -68, -66, -64, -62, -60, -58, -56, -54, -52, -50, -48, -46, -44, -42, -40, -38, -36, -34, -32, -26, -24, -16, -14, 2, 10, 16, 22, 36, 40, 44]
[718] sizes A=[42, 12, 122] B=[38, 84, 53] kills=[('B', 1, 52)] [0.2s]
      blk1 |S|=52 offs=[-94, -92, -90, -88, -86, -84, -82, -80, -78, -76, -74, -72, -70, -68, -66, -64, -62, -60, -58, -56, -54, -52, -50, -48, -46, -44, -42, -40, -38, -36, -34, -32, -26, -24, -16, -14, -6, 2, 10, 16, 20, 22, 38, 40, 42, 44, 46, 48, 50, 52, 54, 60]
[719] sizes A=[42, 12, 122] B=[38, 84, 53] kills=[('B', 1, 50)] [0.2s]
      blk1 |S|=50 offs=[-94, -92, -90, -88, -86, -84, -82, -80, -78, -76, -74, -72, -70, -68, -66, -64, -62, -60, -58, -56, -54, -52, -50, -48, -46, -44, -42, -40, -38, -36, -34, -32, -26, -24, -16, -14, -6, 2, 10, 16, 20, 22, 40, 42, 44, 46, 52, 54, 58, 60]
[720] sizes A=[42, 12, 122] B=[38, 84, 53] kills=[('B', 1, 48)] [0.2s]
      blk1 |S|=48 offs=[-94, -92, -90, -88, -86, -84, -82, -80, -78, -76, -74, -72, -70, -68, -66, -64, -62, -60, -58, -56, -54, -52, -50, -48, -46, -44, -42, -40, -38, -36, -34, -32, -26, -24, -16, -14, -6, 2, 10, 14, 16, 20, 22, 40, 42, 44, 46, 60]
[721] sizes A=[42, 12, 122] B=[38, 84, 53] kills=[('B', 1, 50)] [0.1s]
      blk1 |S|=50 offs=[-94, -92, -90, -88, -86, -84, -82, -80, -78, -76, -74, -72, -70, -68, -66, -64, -62, -60, -58, -56, -54, -52, -50, -48, -46, -44, -42, -40, -38, -36, -34, -32, -26, -24, -16, -14, -6, 2, 10, 16, 20, 22, 38, 40, 42, 44, 48, 50, 52, 60]
[722] sizes A=[42, 12, 122] B=[38, 84, 53] kills=[('B', 1, 51)] [0.2s]
      blk1 |S|=51 offs=[-94, -92, -90, -88, -86, -84, -82, -80, -78, -76, -74, -72, -70, -68, -66, -64, -62, -60, -58, -56, -54, -52, -50, -48, -46, -44, -42, -40, -38, -36, -34, -32, -26, -24, -16, -14, -6, 2, 10, 16, 20, 22, 40, 42, 44, 46, 48, 50, 52, 58, 60]
[723] sizes A=[42, 12, 122] B=[38, 84, 53] kills=[('B', 1, 51)] [0.2s]
      blk1 |S|=51 offs=[-94, -92, -90, -88, -86, -84, -82, -80, -78, -76, -74, -72, -70, -68, -66, -64, -62, -60, -58, -56, -54, -52, -50, -48, -46, -44, -42, -40, -38, -36, -34, -32, -26, -24, -16, -14, -6, 2, 10, 16, 20, 22, 42, 44, 46, 48, 50, 52, 54, 60, 74]
[724] sizes A=[42, 12, 122] B=[38, 84, 53] kills=[('B', 1, 50)] [0.2s]
      blk1 |S|=50 offs=[-94, -92, -90, -88, -86, -84, -82, -80, -78, -76, -74, -72, -70, -68, -66, -64, -62, -60, -58, -56, -54, -52, -50, -48, -46, -44, -42, -40, -38, -36, -34, -32, -26, -24, -16, -14, -6, 2, 10, 16, 20, 22, 36, 42, 44, 46, 48, 50, 52, 74]
[725] sizes A=[42, 12, 122] B=[38, 84, 53] kills=[('B', 1, 51)] [0.2s]
      blk1 |S|=51 offs=[-94, -92, -90, -88, -86, -84, -82, -80, -78, -76, -74, -72, -70, -68, -66, -64, -62, -60, -58, -56, -54, -52, -50, -48, -46, -44, -42, -40, -38, -36, -34, -32, -26, -24, -16, -14, -6, 2, 10, 16, 20, 22, 32, 42, 44, 46, 52, 54, 58, 60, 74]
[726] sizes A=[42, 12, 122] B=[38, 84, 53] kills=[('B', 1, 52)] [0.2s]
      blk1 |S|=52 offs=[-94, -92, -90, -88, -86, -84, -82, -80, -78, -76, -74, -72, -70, -68, -66, -64, -62, -60, -58, -56, -54, -52, -50, -48, -46, -44, -42, -40, -38, -36, -34, -32, -26, -24, -16, -14, -6, 2, 10, 16, 20, 22, 32, 36, 42, 44, 46, 48, 52, 54, 58, 74]
[727] sizes A=[42, 12, 122] B=[38, 84, 53] kills=[('B', 1, 50)] [0.2s]
      blk1 |S|=50 offs=[-94, -92, -90, -88, -86, -84, -82, -80, -78, -76, -74, -72, -70, -68, -66, -64, -62, -60, -58, -56, -54, -52, -50, -48, -46, -44, -42, -40, -38, -36, -34, -32, -26, -24, -16, -14, -6, 2, 10, 16, 20, 22, 30, 32, 36, 42, 44, 46, 48, 52]
[728] sizes A=[42, 12, 122] B=[38, 84, 53] kills=[('B', 1, 49)] [0.2s]
      blk1 |S|=49 offs=[-94, -92, -90, -88, -86, -84, -82, -80, -78, -76, -74, -72, -70, -68, -66, -64, -62, -60, -58, -56, -54, -52, -50, -48, -46, -44, -42, -40, -38, -36, -34, -32, -26, -24, -16, -14, -6, 2, 10, 16, 20, 22, 32, 36, 42, 44, 46, 48, 52]
[729] sizes A=[42, 12, 122] B=[38, 84, 53] kills=[('B', 1, 51)] [0.2s]
      blk1 |S|=51 offs=[-94, -92, -90, -88, -86, -84, -82, -80, -78, -76, -74, -72, -70, -68, -66, -64, -62, -60, -58, -56, -54, -52, -50, -48, -46, -44, -42, -40, -38, -36, -34, -32, -26, -24, -16, -14, -6, 2, 10, 16, 20, 22, 32, 38, 40, 42, 44, 46, 48, 52, 60]
[730] sizes A=[42, 12, 122] B=[38, 84, 53] kills=[('B', 1, 48)] [0.2s]
      blk1 |S|=48 offs=[-94, -92, -90, -88, -86, -84, -82, -80, -78, -76, -74, -72, -70, -68, -66, -64, -62, -60, -58, -56, -54, -52, -50, -48, -46, -44, -42, -40, -38, -36, -34, -32, -26, -24, -14, -6, 2, 10, 16, 20, 22, 32, 40, 42, 46, 52, 58, 60]
[731] sizes A=[42, 12, 121] B=[38, 84, 54] kills=[('B', 1, 48)] [0.2s]
      blk1 |S|=48 offs=[-94, -92, -90, -88, -86, -84, -82, -80, -78, -76, -74, -72, -70, -68, -66, -64, -62, -60, -58, -56, -54, -52, -50, -48, -46, -44, -42, -40, -38, -36, -34, -32, -26, -24, -16, -14, -6, 2, 10, 14, 16, 20, 22, 38, 40, 42, 44, 60]
[732] sizes A=[42, 12, 121] B=[38, 84, 54] kills=[('B', 1, 48)] [0.2s]
      blk1 |S|=48 offs=[-94, -92, -90, -88, -86, -84, -82, -80, -78, -76, -74, -72, -70, -68, -66, -64, -62, -60, -58, -56, -54, -52, -50, -48, -46, -44, -42, -40, -38, -36, -34, -32, -26, -24, -16, -14, -6, 2, 10, 14, 16, 20, 22, 40, 42, 44, 58, 60]
[733] sizes A=[42, 12, 121] B=[38, 84, 54] kills=[('B', 1, 52)] [0.2s]
      blk1 |S|=52 offs=[-94, -92, -90, -88, -86, -84, -82, -80, -78, -76, -74, -72, -70, -68, -66, -64, -62, -60, -58, -56, -54, -52, -50, -48, -46, -44, -42, -40, -38, -36, -34, -32, -26, -24, -16, -14, -6, 2, 10, 16, 20, 22, 30, 32, 38, 40, 42, 44, 48, 52, 54, 60]
[734] sizes A=[42, 12, 122] B=[38, 84, 53] kills=[('B', 1, 50)] [0.2s]
      blk1 |S|=50 offs=[-94, -92, -90, -88, -86, -84, -82, -80, -78, -76, -74, -72, -70, -68, -66, -64, -62, -60, -58, -56, -54, -52, -50, -48, -46, -44, -42, -40, -38, -36, -34, -32, -26, -24, -16, -14, -6, 2, 10, 16, 20, 22, 30, 36, 42, 44, 48, 50, 52, 74]
[735] sizes A=[42, 12, 122] B=[38, 84, 53] kills=[('B', 1, 49)] [0.1s]
      blk1 |S|=49 offs=[-94, -92, -90, -88, -86, -84, -82, -80, -78, -76, -74, -72, -70, -68, -66, -64, -62, -60, -58, -56, -54, -52, -50, -48, -46, -44, -42, -40, -38, -36, -34, -32, -26, -24, -16, -14, -6, 2, 10, 16, 20, 22, 30, 32, 36, 42, 44, 48, 52]
[736] sizes A=[42, 12, 121] B=[38, 84, 54] kills=[('B', 1, 50)] [0.2s]
      blk1 |S|=50 offs=[-94, -92, -90, -88, -86, -84, -82, -80, -78, -76, -74, -72, -70, -68, -66, -64, -62, -60, -58, -56, -54, -52, -50, -48, -46, -44, -42, -40, -38, -36, -34, -32, -26, -24, -16, -14, -6, 2, 10, 16, 20, 22, 26, 30, 32, 36, 42, 48, 52, 76]
[737] sizes A=[42, 12, 121] B=[38, 84, 54] kills=[('B', 1, 49)] [0.2s]
      blk1 |S|=49 offs=[-94, -92, -90, -88, -86, -84, -82, -80, -78, -76, -74, -72, -70, -68, -66, -64, -62, -60, -58, -56, -54, -52, -50, -48, -46, -44, -42, -40, -38, -36, -34, -32, -26, -24, -16, -14, -6, 2, 10, 16, 20, 22, 26, 30, 36, 42, 48, 52, 76]
[738] sizes A=[42, 12, 120] B=[38, 84, 55] kills=[('B', 1, 50)] [0.2s]
      blk1 |S|=50 offs=[-94, -92, -90, -88, -86, -84, -82, -80, -78, -76, -74, -72, -70, -68, -66, -64, -62, -60, -58, -56, -54, -52, -50, -48, -46, -44, -42, -40, -38, -36, -34, -32, -26, -24, -16, -14, -6, 2, 10, 14, 16, 20, 22, 26, 36, 42, 52, 54, 74, 76]
[739] sizes A=[42, 12, 120] B=[38, 84, 55] kills=[('B', 1, 50)] [0.2s]
      blk1 |S|=50 offs=[-94, -92, -90, -88, -86, -84, -82, -80, -78, -76, -74, -72, -70, -68, -66, -64, -62, -60, -58, -56, -54, -52, -50, -48, -46, -44, -42, -40, -38, -36, -34, -32, -26, -24, -16, -14, -6, 2, 10, 14, 16, 20, 22, 26, 36, 40, 42, 52, 54, 76]
[740] sizes A=[42, 12, 120] B=[38, 84, 55] kills=[('B', 1, 50)] [0.2s]
      blk1 |S|=50 offs=[-94, -92, -90, -88, -86, -84, -82, -80, -78, -76, -74, -72, -70, -68, -66, -64, -62, -60, -58, -56, -54, -52, -50, -48, -46, -44, -42, -40, -38, -36, -34, -32, -26, -24, -16, -14, -6, 2, 10, 14, 16, 20, 22, 26, 36, 48, 52, 74, 76, 78]
[741] sizes A=[42, 12, 121] B=[38, 84, 54] kills=[('B', 1, 50)] [0.2s]
      blk1 |S|=50 offs=[-94, -92, -90, -88, -86, -84, -82, -80, -78, -76, -74, -72, -70, -68, -66, -64, -62, -60, -58, -56, -54, -52, -50, -48, -46, -44, -42, -40, -38, -36, -34, -32, -26, -24, -16, -14, -6, 2, 10, 16, 20, 22, 26, 36, 48, 52, 54, 74, 76, 78]
[742] sizes A=[42, 12, 121] B=[38, 84, 54] kills=[('B', 1, 49)] [0.2s]
      blk1 |S|=49 offs=[-94, -92, -90, -88, -86, -84, -82, -80, -78, -76, -74, -72, -70, -68, -66, -64, -62, -60, -58, -56, -54, -52, -50, -48, -46, -44, -42, -40, -38, -36, -34, -32, -26, -24, -16, -14, -6, 2, 10, 16, 20, 22, 26, 36, 48, 52, 74, 76, 78]
[743] sizes A=[42, 12, 121] B=[38, 84, 54] kills=[('B', 1, 48)] [0.2s]
      blk1 |S|=48 offs=[-94, -92, -90, -88, -86, -84, -82, -80, -78, -76, -74, -72, -70, -68, -66, -64, -62, -60, -58, -56, -54, -52, -50, -48, -46, -44, -42, -40, -38, -36, -34, -32, -26, -24, -16, -14, -6, 2, 10, 16, 20, 22, 26, 48, 54, 74, 76, 78]
[744] sizes A=[42, 12, 120] B=[38, 84, 55] kills=[('B', 1, 49)] [0.2s]
      blk1 |S|=49 offs=[-94, -92, -90, -88, -86, -84, -82, -80, -78, -76, -74, -72, -70, -68, -66, -64, -62, -60, -58, -56, -54, -52, -50, -48, -46, -44, -42, -40, -38, -36, -34, -32, -26, -24, -16, -14, -6, 2, 10, 14, 16, 20, 22, 26, 38, 40, 42, 60, 76]
[745] sizes A=[42, 12, 120] B=[38, 84, 55] kills=[('B', 1, 50)] [0.2s]
      blk1 |S|=50 offs=[-94, -92, -90, -88, -86, -84, -82, -80, -78, -76, -74, -72, -70, -68, -66, -64, -62, -60, -58, -56, -54, -52, -50, -48, -46, -44, -42, -40, -38, -36, -34, -32, -26, -24, -16, -14, -6, 2, 10, 16, 20, 22, 30, 38, 40, 42, 52, 54, 60, 76]
[746] sizes A=[42, 11, 121] B=[38, 85, 54] kills=[('B', 1, 51)] [0.2s]
      blk1 |S|=51 offs=[-94, -92, -90, -88, -86, -84, -82, -80, -78, -76, -74, -72, -70, -68, -66, -64, -62, -60, -58, -56, -54, -52, -50, -48, -46, -44, -42, -40, -38, -36, -34, -32, -26, -24, -18, -16, -14, -6, 2, 10, 16, 20, 22, 38, 40, 42, 48, 52, 54, 60, 76]
[747] sizes A=[42, 11, 122] B=[38, 85, 53] kills=[('B', 1, 51)] [0.2s]
      blk1 |S|=51 offs=[-94, -92, -90, -88, -86, -84, -82, -80, -78, -76, -74, -72, -70, -68, -66, -64, -62, -60, -58, -56, -54, -52, -50, -48, -46, -44, -42, -40, -38, -36, -34, -32, -26, -24, -18, -16, -14, -6, 2, 10, 16, 20, 22, 26, 38, 40, 42, 48, 52, 60, 76]
[748] sizes A=[42, 11, 122] B=[38, 85, 53] kills=[('B', 1, 50)] [0.2s]
      blk1 |S|=50 offs=[-94, -92, -90, -88, -86, -84, -82, -80, -78, -76, -74, -72, -70, -68, -66, -64, -62, -60, -58, -56, -54, -52, -50, -48, -46, -44, -42, -40, -38, -36, -34, -32, -26, -24, -18, -16, -14, -6, 2, 10, 16, 20, 22, 26, 48, 52, 58, 74, 76, 78]
[749] sizes A=[42, 11, 122] B=[38, 85, 53] kills=[('B', 1, 51)] [0.2s]
      blk1 |S|=51 offs=[-94, -92, -90, -88, -86, -84, -82, -80, -78, -76, -74, -72, -70, -68, -66, -64, -62, -60, -58, -56, -54, -52, -50, -48, -46, -44, -42, -40, -38, -36, -34, -32, -26, -24, -18, -16, -14, -6, 2, 10, 16, 20, 22, 26, 36, 38, 40, 42, 48, 52, 76]
[750] sizes A=[42, 11, 122] B=[38, 85, 53] kills=[('B', 1, 50)] [0.2s]
      blk1 |S|=50 offs=[-94, -92, -90, -88, -86, -84, -82, -80, -78, -76, -74, -72, -70, -68, -66, -64, -62, -60, -58, -56, -54, -52, -50, -48, -46, -44, -42, -40, -38, -36, -34, -32, -26, -24, -18, -16, -14, -6, 2, 10, 16, 20, 22, 26, 36, 40, 42, 48, 52, 76]
[751] sizes A=[42, 11, 122] B=[38, 85, 53] kills=[('B', 1, 47)] [0.2s]
      blk1 |S|=47 offs=[-94, -92, -90, -88, -86, -84, -82, -80, -78, -76, -74, -72, -70, -68, -66, -64, -62, -60, -58, -56, -54, -52, -50, -48, -46, -44, -42, -40, -38, -36, -34, -32, -26, -24, -18, -16, -14, 2, 10, 16, 20, 22, 26, 36, 42, 48, 52]
[752] sizes A=[42, 11, 122] B=[38, 85, 53] kills=[('B', 1, 51)] [0.2s]
      blk1 |S|=51 offs=[-94, -92, -90, -88, -86, -84, -82, -80, -78, -76, -74, -72, -70, -68, -66, -64, -62, -60, -58, -56, -54, -52, -50, -48, -46, -44, -42, -40, -38, -36, -34, -32, -26, -24, -18, -16, -14, -6, 2, 10, 16, 20, 22, 32, 36, 42, 44, 48, 52, 74, 76]
[753] sizes A=[42, 11, 123] B=[38, 85, 52] kills=[('B', 1, 50)] [0.2s]
      blk1 |S|=50 offs=[-94, -92, -90, -88, -86, -84, -82, -80, -78, -76, -74, -72, -70, -68, -66, -64, -62, -60, -58, -56, -54, -52, -50, -48, -46, -44, -42, -40, -38, -36, -34, -32, -26, -24, -18, -16, -14, -6, 2, 10, 16, 20, 22, 32, 36, 42, 44, 48, 52, 74]
[754] sizes A=[42, 11, 123] B=[38, 85, 52] kills=[('B', 1, 51)] [0.2s]
      blk1 |S|=51 offs=[-94, -92, -90, -88, -86, -84, -82, -80, -78, -76, -74, -72, -70, -68, -66, -64, -62, -60, -58, -56, -54, -52, -50, -48, -46, -44, -42, -40, -38, -36, -34, -32, -26, -24, -18, -16, -14, -6, 2, 10, 16, 20, 22, 32, 42, 44, 48, 52, 58, 60, 74]
[755] sizes A=[42, 11, 123] B=[38, 85, 52] kills=[('B', 1, 51)] [0.2s]
      blk1 |S|=51 offs=[-94, -92, -90, -88, -86, -84, -82, -80, -78, -76, -74, -72, -70, -68, -66, -64, -62, -60, -58, -56, -54, -52, -50, -48, -46, -44, -42, -40, -38, -36, -34, -32, -26, -24, -18, -16, -14, -6, 2, 10, 16, 20, 22, 42, 44, 46, 48, 50, 52, 60, 74]
[756] sizes A=[42, 11, 123] B=[38, 85, 52] kills=[('B', 1, 51)] [0.2s]
      blk1 |S|=51 offs=[-94, -92, -90, -88, -86, -84, -82, -80, -78, -76, -74, -72, -70, -68, -66, -64, -62, -60, -58, -56, -54, -52, -50, -48, -46, -44, -42, -40, -38, -36, -34, -32, -26, -24, -18, -16, -14, -6, 2, 10, 16, 20, 22, 32, 40, 42, 44, 48, 52, 58, 60]
