resume: +4733 patterns from previous run
ADV(80) bounds=(2, 2, 2): straddle=6368 seed patterns=4381+4733
[1] sizes A=[73, 2, 160] B=[7, 94, 15] kills=[('B', 1, 25), ('B', 1, 23), ('B', 1, 26)] [0.3s]
      blk1 |S|=25 offs=[-94, -90, -86, -84, -82, -78, -66, -62, -58, -54, -46, -44, -42, -40, -38, -34, -30, -26, -22, -14, -8, -2, 2, 24, 26]
      blk1 |S|=23 offs=[-94, -90, -86, -84, -82, -66, -62, -54, -46, -44, -42, -40, -38, -34, -30, -26, -22, -14, -8, -6, 2, 24, 26]
      blk1 |S|=26 offs=[-94, -90, -86, -84, -82, -78, -66, -62, -58, -54, -46, -44, -42, -40, -38, -34, -30, -26, -22, -14, -8, -6, -2, 2, 24, 26]
[2] sizes A=[73, 2, 161] B=[7, 94, 14] kills=[('B', 1, 13)] [0.3s]
      blk1 |S|=13 offs=[-94, -86, -78, -70, -62, -54, -46, -38, -30, -22, -14, 2, 26]
[3] sizes A=[73, 2, 162] B=[7, 94, 13] kills=[('B', 1, 54)] [0.3s]
      blk1 |S|=54 offs=[-173, -171, -169, -167, -165, -163, -161, -95, -93, -91, -89, -87, -85, -83, -81, -79, -77, -75, -73, -71, -69, -67, -65, -63, -61, -59, -57, -55, -53, -51, -49, -47, -45, -43, -41, -39, -37, -35, -33, -31, -29, -27, -25, -23, -21, -19, -17, -15, -13, -11, -9, -7, -5, -3]
[4] sizes A=[74, 2, 161] B=[6, 94, 14] kills=[('B', 1, 53)] [0.3s]
      blk1 |S|=53 offs=[-171, -169, -167, -165, -163, -161, -95, -93, -91, -89, -87, -85, -83, -81, -79, -77, -75, -73, -71, -69, -67, -65, -63, -61, -59, -57, -55, -53, -51, -49, -47, -45, -43, -41, -39, -37, -35, -33, -31, -29, -27, -25, -23, -21, -19, -17, -15, -13, -11, -9, -7, -5, -3]
[5] sizes A=[75, 2, 160] B=[5, 94, 15] kills=[('B', 1, 52)] [0.3s]
      blk1 |S|=52 offs=[-169, -167, -165, -163, -161, -95, -93, -91, -89, -87, -85, -83, -81, -79, -77, -75, -73, -71, -69, -67, -65, -63, -61, -59, -57, -55, -53, -51, -49, -47, -45, -43, -41, -39, -37, -35, -33, -31, -29, -27, -25, -23, -21, -19, -17, -15, -13, -11, -9, -7, -5, -3]
[6] sizes A=[76, 2, 159] B=[4, 94, 16] kills=[('B', 1, 50)] [0.3s]
      blk1 |S|=50 offs=[-167, -163, -161, -95, -93, -91, -89, -87, -85, -83, -81, -79, -77, -75, -73, -71, -69, -67, -65, -63, -61, -59, -57, -55, -53, -51, -49, -47, -45, -43, -41, -39, -37, -35, -33, -31, -29, -27, -25, -23, -21, -19, -17, -15, -13, -11, -9, -7, -5, -3]
[7] sizes A=[77, 2, 158] B=[3, 94, 17] kills=[('B', 1, 49)] [0.3s]
      blk1 |S|=49 offs=[-163, -161, -95, -93, -91, -89, -87, -85, -83, -81, -79, -77, -75, -73, -71, -69, -67, -65, -63, -61, -59, -57, -55, -53, -51, -49, -47, -45, -43, -41, -39, -37, -35, -33, -31, -29, -27, -25, -23, -21, -19, -17, -15, -13, -11, -9, -7, -5, -3]
[8] sizes A=[78, 2, 157] B=[2, 94, 18] kills=[('B', 1, 49)] [0.3s]
      blk1 |S|=49 offs=[-162, -160, -94, -92, -90, -88, -86, -84, -82, -80, -78, -76, -74, -72, -70, -68, -66, -64, -62, -60, -58, -56, -54, -52, -50, -48, -46, -44, -42, -40, -38, -36, -34, -32, -30, -28, -26, -24, -22, -20, -18, -16, -14, -12, -10, -8, -6, -4, -2]
[9] sizes A=[46, 2, 131] B=[34, 94, 44] kills=[('B', 1, 18)] [0.3s]
      blk1 |S|=18 offs=[-91, -83, -75, -71, -59, -51, -43, -39, -35, -31, -27, -19, -15, -11, -7, 5, 49, 61]
[10] sizes A=[46, 2, 132] B=[34, 94, 43] kills=[('B', 1, 17)] [0.3s]
      blk1 |S|=17 offs=[-91, -83, -75, -71, -59, -51, -43, -39, -35, -31, -27, -19, -15, -11, 5, 49, 53]
[11] sizes A=[46, 2, 133] B=[34, 94, 42] kills=[('B', 1, 17)] [0.3s]
      blk1 |S|=17 offs=[-91, -83, -75, -71, -67, -59, -51, -47, -43, -39, -35, -31, -27, -23, -11, 5, 49]
[12] sizes A=[46, 2, 134] B=[34, 94, 41] kills=[('B', 1, 62)] [0.2s]
      blk1 |S|=62 offs=[-188, -186, -184, -182, -180, -178, -176, -174, -172, -170, -168, -166, -164, -162, -160, -94, -92, -90, -88, -86, -84, -82, -80, -78, -76, -74, -72, -70, -68, -66, -64, -62, -60, -58, -56, -54, -52, -50, -48, -46, -44, -42, -40, -38, -36, -34, -32, -30, -28, -24, -22, -20, -18, -16, -14, -12, -10, -8, -6, -4, -2, 0]
[13] sizes A=[46, 2, 132] B=[34, 94, 43] kills=[('B', 1, 62)] [0.2s]
      blk1 |S|=62 offs=[-188, -186, -184, -182, -180, -178, -176, -174, -172, -170, -168, -166, -164, -162, -160, -94, -92, -90, -88, -86, -84, -82, -80, -78, -76, -74, -72, -70, -68, -66, -64, -62, -60, -58, -56, -54, -52, -50, -48, -46, -44, -42, -40, -38, -36, -34, -32, -30, -28, -26, -24, -20, -18, -16, -14, -12, -10, -8, -6, -4, -2, 0]
[14] sizes A=[40, 47, 87] B=[40, 49, 88] kills=[('A', 1, 50), ('B', 1, 51)] [0.1s]
      blk1 |S|=50 offs=[-189, -177, -173, -167, -165, -163, -161, -95, -85, -83, -79, -77, -75, -73, -71, -69, -67, -65, -63, -61, -59, -57, -55, -53, -51, -49, -47, -45, -43, -41, -39, -37, -35, -33, -31, -29, -27, -25, -23, -21, -19, -17, -15, -13, -11, -9, -7, -5, -3, -1]
      blk1 |S|=51 offs=[-176, -172, -170, -166, -164, -162, -160, -94, -88, -86, -80, -78, -76, -74, -72, -70, -68, -66, -64, -62, -60, -58, -56, -54, -52, -50, -48, -46, -44, -42, -40, -38, -36, -34, -32, -30, -28, -26, -24, -22, -20, -18, -16, -14, -12, -10, -8, -6, -4, -2, 0]
[15] sizes A=[40, 48, 87] B=[40, 48, 88] kills=[('A', 1, 53)] [0.1s]
      blk1 |S|=53 offs=[-189, -185, -183, -181, -179, -175, -169, -167, -163, -161, -95, -93, -83, -79, -77, -75, -73, -71, -69, -67, -65, -63, -61, -59, -57, -55, -53, -51, -49, -47, -45, -43, -41, -39, -37, -35, -33, -31, -29, -27, -25, -23, -21, -19, -17, -15, -13, -11, -9, -7, -5, -3, -1]
[16] sizes A=[40, 48, 87] B=[40, 48, 88] kills=[('A', 1, 52)] [0.1s]
      blk1 |S|=52 offs=[-189, -177, -175, -173, -171, -167, -165, -163, -161, -95, -89, -83, -79, -77, -75, -73, -71, -69, -67, -65, -63, -61, -59, -57, -55, -53, -51, -49, -47, -45, -43, -41, -39, -37, -35, -33, -31, -29, -27, -25, -23, -21, -19, -17, -15, -13, -11, -9, -7, -5, -3, -1]
[17] sizes A=[40, 48, 87] B=[40, 48, 88] kills=[('A', 2, 92), ('B', 2, 70)] [0.5s]
      blk2 |S|=92 offs=[-92, -90, -88, -84, -82, 2, 4, 6, 8, 10, 12, 14, 16, 18, 20, 22, 24, 26, 28, 30, 32, 34, 36, 38, 40, 42, 44, 46, 48, 50, 52, 54, 56, 58, 60, 62, 64, 66, 68, 70, 72, 74, 76, 78, 80, 82, 84, 86, 88, 90, 92, 94, 96, 98, 100, 102, 104, 106, 108, 110, 112, 114, 116, 118, 120, 122, 124, 126, 128, 130, 132, 134, 136, 138, 140, 142, 144, 146, 148, 150, 152, 154, 156, 158, 160, 162, 164, 166, 168, 170, 172, 174]
      blk2 |S|=70 offs=[-93, -89, -87, -85, -81, 1, 3, 7, 9, 11, 13, 15, 17, 19, 21, 23, 25, 27, 29, 31, 33, 35, 37, 39, 43, 45, 47, 49, 51, 55, 57, 59, 61, 63, 67, 71, 73, 75, 83, 87, 89, 93, 95, 99, 101, 103, 105, 107, 111, 115, 119, 123, 125, 127, 131, 133, 135, 137, 139, 141, 143, 147, 151, 155, 157, 159, 165, 167, 171, 175]
[18] sizes A=[40, 49, 87] B=[40, 47, 88] kills=[('A', 0, 44), ('A', 1, 60), ('B', 1, 56)] [0.1s]
      blk0 |S|=44 offs=[1, 3, 5, 7, 9, 11, 13, 15, 17, 19, 21, 23, 25, 27, 29, 31, 33, 35, 37, 39, 41, 43, 45, 47, 49, 51, 53, 55, 57, 59, 61, 63, 65, 67, 69, 71, 73, 75, 77, 79, 145, 147, 151, 153]
      blk1 |S|=60 offs=[-189, -185, -183, -181, -179, -177, -175, -173, -171, -169, -167, -165, -163, -161, -95, -93, -89, -87, -85, -81, -79, -77, -75, -73, -71, -69, -67, -65, -63, -61, -59, -57, -55, -53, -51, -49, -47, -45, -43, -41, -39, -37, -35, -33, -31, -29, -27, -25, -23, -21, -19, -17, -15, -13, -11, -9, -7, -5, -3, -1]
      blk1 |S|=56 offs=[-184, -182, -178, -176, -172, -170, -168, -166, -164, -162, -160, -92, -88, -86, -84, -80, -78, -76, -74, -72, -70, -68, -66, -64, -62, -60, -58, -56, -54, -52, -50, -48, -46, -44, -42, -40, -38, -36, -34, -32, -30, -28, -26, -24, -22, -20, -18, -16, -14, -12, -10, -8, -6, -4, -2, 0]
[19] sizes A=[40, 49, 87] B=[40, 47, 88] kills=[('A', 1, 56), ('B', 1, 53)] [0.1s]
      blk1 |S|=56 offs=[-185, -183, -179, -177, -173, -171, -169, -167, -165, -163, -161, -93, -89, -87, -85, -81, -79, -77, -75, -73, -71, -69, -67, -65, -63, -61, -59, -57, -55, -53, -51, -49, -47, -45, -43, -41, -39, -37, -35, -33, -31, -29, -27, -25, -23, -21, -19, -17, -15, -13, -11, -9, -7, -5, -3, -1]
      blk1 |S|=53 offs=[-176, -174, -172, -170, -168, -166, -164, -162, -160, -88, -86, -84, -80, -78, -76, -74, -72, -70, -68, -66, -64, -62, -60, -58, -56, -54, -52, -50, -48, -46, -44, -42, -40, -38, -36, -34, -32, -30, -28, -26, -24, -22, -20, -18, -16, -14, -12, -10, -8, -6, -4, -2, 0]
[20] sizes A=[40, 49, 87] B=[40, 47, 88] kills=[('A', 1, 53), ('B', 1, 49)] [0.1s]
      blk1 |S|=53 offs=[-185, -183, -173, -171, -169, -167, -165, -163, -161, -93, -87, -85, -81, -79, -77, -75, -73, -71, -69, -67, -65, -63, -61, -59, -57, -55, -53, -51, -49, -47, -45, -43, -41, -39, -37, -35, -33, -31, -29, -27, -25, -23, -21, -19, -17, -15, -13, -11, -9, -7, -5, -3, -1]
      blk1 |S|=49 offs=[-172, -168, -166, -164, -162, -160, -86, -84, -80, -78, -76, -74, -72, -70, -68, -66, -64, -62, -60, -58, -56, -54, -52, -50, -48, -46, -44, -42, -40, -38, -36, -34, -32, -30, -28, -26, -24, -22, -20, -18, -16, -14, -12, -10, -8, -6, -4, -2, 0]
[21] sizes A=[40, 49, 87] B=[40, 47, 88] kills=[('A', 1, 49)] [0.1s]
      blk1 |S|=49 offs=[-173, -169, -167, -165, -163, -161, -87, -85, -81, -79, -77, -75, -73, -71, -69, -67, -65, -63, -61, -59, -57, -55, -53, -51, -49, -47, -45, -43, -41, -39, -37, -35, -33, -31, -29, -27, -25, -23, -21, -19, -17, -15, -13, -11, -9, -7, -5, -3, -1]
[22] sizes A=[40, 51, 87] B=[40, 45, 88] kills=[('A', 0, 43), ('A', 1, 52)] [0.1s]
      blk0 |S|=43 offs=[1, 3, 5, 7, 9, 11, 13, 15, 17, 19, 21, 23, 25, 27, 29, 31, 33, 35, 37, 39, 41, 43, 45, 47, 49, 51, 53, 55, 57, 59, 61, 63, 65, 67, 69, 71, 73, 75, 77, 79, 145, 147, 151]
      blk1 |S|=52 offs=[-181, -173, -169, -167, -165, -163, -161, -95, -93, -89, -85, -81, -79, -77, -75, -73, -71, -69, -67, -65, -63, -61, -59, -57, -55, -53, -51, -49, -47, -45, -43, -41, -39, -37, -35, -33, -31, -29, -27, -25, -23, -21, -19, -17, -15, -13, -11, -9, -7, -5, -3, -1]
[23] sizes A=[40, 50, 87] B=[40, 46, 88] kills=[('A', 1, 27), ('A', 1, 27)] [0.2s]
      blk1 |S|=27 offs=[-173, -165, -161, -93, -89, -85, -81, -77, -73, -69, -65, -61, -57, -53, -49, -45, -41, -37, -33, -29, -25, -21, -17, -13, -9, -5, -1]
      blk1 |S|=27 offs=[-173, -169, -165, -161, -93, -89, -85, -81, -77, -73, -69, -65, -61, -57, -53, -49, -45, -41, -37, -33, -29, -25, -21, -17, -13, -5, -1]
[24] sizes A=[40, 49, 87] B=[40, 47, 88] kills=[('A', 2, 89), ('B', 2, 88)] [0.5s]
      blk2 |S|=89 offs=[-94, -92, -90, -88, -86, -82, 2, 4, 6, 8, 10, 12, 14, 16, 18, 20, 22, 24, 26, 28, 30, 32, 34, 36, 38, 40, 42, 44, 46, 48, 50, 54, 56, 58, 60, 62, 64, 66, 68, 70, 74, 76, 78, 82, 86, 88, 90, 92, 94, 96, 98, 100, 102, 104, 106, 108, 110, 112, 114, 116, 118, 120, 122, 124, 126, 128, 130, 132, 134, 136, 138, 140, 142, 144, 146, 148, 150, 152, 154, 156, 158, 160, 162, 164, 166, 168, 170, 172, 174]
      blk2 |S|=88 offs=[-95, -91, -89, -87, -83, 1, 5, 7, 9, 13, 15, 17, 19, 21, 23, 25, 27, 29, 31, 33, 35, 37, 39, 41, 43, 45, 47, 49, 51, 53, 55, 57, 59, 61, 63, 65, 67, 69, 71, 73, 77, 79, 81, 85, 87, 89, 91, 93, 95, 97, 99, 101, 103, 105, 107, 109, 111, 113, 115, 117, 119, 121, 123, 125, 127, 129, 131, 133, 135, 137, 139, 141, 143, 145, 147, 149, 151, 153, 155, 157, 159, 161, 163, 165, 169, 171, 173, 175]
[25] sizes A=[40, 49, 87] B=[40, 47, 88] kills=[('A', 1, 51)] [0.1s]
      blk1 |S|=51 offs=[-183, -173, -169, -167, -165, -163, -161, -95, -93, -85, -81, -79, -77, -75, -73, -71, -69, -67, -65, -63, -61, -59, -57, -55, -53, -51, -49, -47, -45, -43, -41, -39, -37, -35, -33, -31, -29, -27, -25, -23, -21, -19, -17, -15, -13, -11, -9, -7, -5, -3, -1]
[26] sizes A=[40, 48, 87] B=[40, 48, 88] kills=[('A', 1, 49)] [0.1s]
      blk1 |S|=49 offs=[-173, -169, -167, -165, -163, -161, -95, -85, -81, -79, -77, -75, -73, -71, -69, -67, -65, -63, -61, -59, -57, -55, -53, -51, -49, -47, -45, -43, -41, -39, -37, -35, -33, -31, -29, -27, -25, -23, -21, -19, -17, -15, -13, -11, -9, -7, -5, -3, -1]
[27] sizes A=[40, 48, 87] B=[40, 48, 88] kills=[('A', 2, 89), ('B', 2, 80)] [0.5s]
      blk2 |S|=89 offs=[-94, -90, -88, -86, -82, 2, 4, 6, 8, 10, 14, 16, 18, 20, 22, 24, 26, 28, 30, 32, 34, 36, 38, 40, 42, 44, 46, 48, 50, 52, 54, 56, 58, 60, 62, 64, 66, 68, 70, 72, 74, 78, 80, 82, 86, 88, 90, 92, 94, 96, 98, 100, 102, 104, 106, 108, 110, 112, 114, 116, 118, 120, 122, 124, 126, 128, 130, 132, 134, 136, 138, 140, 142, 144, 146, 148, 150, 152, 154, 156, 158, 160, 162, 164, 166, 168, 170, 172, 174]
      blk2 |S|=80 offs=[-95, -93, -91, -87, -83, 1, 3, 5, 7, 9, 11, 13, 17, 19, 21, 23, 25, 27, 29, 31, 33, 35, 37, 39, 41, 43, 45, 47, 49, 51, 53, 55, 57, 61, 65, 67, 69, 73, 75, 77, 79, 81, 85, 87, 89, 91, 93, 95, 97, 103, 105, 107, 109, 115, 121, 127, 129, 131, 133, 135, 137, 139, 141, 143, 145, 147, 149, 151, 153, 155, 157, 159, 161, 163, 165, 167, 169, 171, 173, 175]
[28] sizes A=[40, 48, 87] B=[40, 48, 88] kills=[('A', 1, 49), ('B', 1, 51)] [0.1s]
      blk1 |S|=49 offs=[-177, -169, -165, -163, -161, -89, -85, -83, -81, -79, -77, -75, -73, -71, -69, -67, -65, -63, -61, -59, -57, -55, -53, -51, -49, -47, -45, -43, -41, -39, -37, -35, -33, -31, -29, -27, -25, -23, -21, -19, -17, -15, -13, -11, -9, -7, -5, -3, -1]
      blk1 |S|=51 offs=[-182, -172, -168, -166, -164, -162, -160, -94, -92, -84, -80, -78, -76, -74, -72, -70, -68, -66, -64, -62, -60, -58, -56, -54, -52, -50, -48, -46, -44, -42, -40, -38, -36, -34, -32, -30, -28, -26, -24, -22, -20, -18, -16, -14, -12, -10, -8, -6, -4, -2, 0]
[29] sizes A=[40, 48, 87] B=[40, 48, 88] kills=[('A', 1, 48), ('B', 1, 49)] [0.1s]
      blk1 |S|=48 offs=[-169, -167, -165, -163, -161, -85, -83, -81, -79, -77, -75, -73, -71, -69, -67, -65, -63, -61, -59, -57, -55, -53, -51, -49, -47, -45, -43, -41, -39, -37, -35, -33, -31, -29, -27, -25, -23, -21, -19, -17, -15, -13, -11, -9, -7, -5, -3, -1]
      blk1 |S|=49 offs=[-172, -168, -166, -164, -162, -160, -94, -84, -80, -78, -76, -74, -72, -70, -68, -66, -64, -62, -60, -58, -56, -54, -52, -50, -48, -46, -44, -42, -40, -38, -36, -34, -32, -30, -28, -26, -24, -22, -20, -18, -16, -14, -12, -10, -8, -6, -4, -2, 0]
[30] sizes A=[40, 49, 87] B=[40, 47, 88] kills=[('A', 1, 54)] [0.1s]
      blk1 |S|=54 offs=[-183, -177, -175, -173, -171, -169, -167, -165, -163, -161, -93, -89, -83, -81, -79, -77, -75, -73, -71, -69, -67, -65, -63, -61, -59, -57, -55, -53, -51, -49, -47, -45, -43, -41, -39, -37, -35, -33, -31, -29, -27, -25, -23, -21, -19, -17, -15, -13, -11, -9, -7, -5, -3, -1]
[31] sizes A=[40, 48, 87] B=[40, 48, 88] kills=[('A', 1, 51)] [0.1s]
      blk1 |S|=51 offs=[-183, -179, -177, -175, -167, -165, -163, -161, -93, -83, -81, -79, -77, -75, -73, -71, -69, -67, -65, -63, -61, -59, -57, -55, -53, -51, -49, -47, -45, -43, -41, -39, -37, -35, -33, -31, -29, -27, -25, -23, -21, -19, -17, -15, -13, -11, -9, -7, -5, -3, -1]
[32] sizes A=[40, 48, 87] B=[40, 48, 88] kills=[('A', 1, 47)] [0.1s]
      blk1 |S|=47 offs=[-175, -171, -167, -165, -163, -161, -89, -83, -79, -77, -75, -73, -69, -67, -65, -63, -61, -59, -57, -55, -53, -51, -49, -47, -45, -43, -41, -39, -37, -35, -33, -31, -29, -27, -25, -23, -21, -19, -17, -15, -13, -11, -9, -7, -5, -3, -1]
[33] sizes A=[41, 5, 136] B=[39, 91, 39] kills=[('B', 0, 46), ('B', 1, 38)] [0.3s]
      blk0 |S|=46 offs=[2, 4, 6, 8, 10, 12, 14, 16, 18, 20, 22, 24, 26, 28, 30, 32, 34, 36, 38, 40, 42, 44, 46, 48, 52, 54, 56, 58, 60, 62, 64, 66, 68, 70, 72, 74, 76, 78, 80, 146, 148, 150, 152, 154, 156, 158]
      blk1 |S|=38 offs=[-95, -93, -91, -89, -87, -85, -83, -79, -77, -75, -71, -67, -65, -63, -61, -59, -57, -55, -53, -51, -49, -47, -45, -43, -39, -37, -31, -27, -23, -15, -11, -9, 1, 3, 5, 7, 9, 31]
[34] sizes A=[42, 5, 137] B=[38, 91, 38] kills=[('B', 0, 45), ('B', 1, 55)] [0.2s]
      blk0 |S|=45 offs=[2, 4, 6, 8, 10, 14, 16, 18, 20, 22, 24, 26, 28, 30, 32, 34, 36, 38, 40, 42, 44, 46, 48, 52, 54, 56, 58, 60, 62, 64, 66, 68, 70, 72, 74, 76, 78, 80, 146, 148, 150, 152, 154, 156, 158]
      blk1 |S|=55 offs=[-95, -93, -91, -89, -87, -85, -83, -81, -79, -77, -75, -73, -71, -69, -67, -65, -63, -61, -59, -57, -55, -53, -51, -49, -47, -45, -43, -41, -39, -37, -33, -31, -29, -27, -23, -21, -19, -17, -15, -13, -11, -9, 1, 3, 5, 7, 9, 29, 33, 35, 37, 41, 51, 53, 55]
[35] sizes A=[43, 5, 138] B=[37, 91, 37] kills=[('B', 0, 44), ('B', 1, 33), ('B', 1, 30), ('B', 1, 33)] [0.5s]
      blk0 |S|=44 offs=[2, 4, 6, 8, 10, 14, 18, 20, 22, 24, 26, 28, 30, 32, 34, 36, 38, 40, 42, 44, 46, 48, 52, 54, 56, 58, 60, 62, 64, 66, 68, 70, 72, 74, 76, 78, 80, 146, 148, 150, 152, 154, 156, 158]
      blk1 |S|=33 offs=[-95, -93, -91, -89, -87, -85, -83, -79, -75, -71, -67, -65, -63, -59, -55, -53, -51, -49, -47, -45, -43, -41, -39, -37, -31, -27, -23, -15, -9, 1, 3, 5, 7]
      blk1 |S|=30 offs=[-95, -93, -91, -89, -87, -85, -83, -79, -75, -71, -67, -65, -63, -59, -55, -53, -51, -47, -45, -43, -41, -39, -37, -31, -23, -15, 1, 3, 5, 7]
      blk1 |S|=33 offs=[-95, -93, -91, -89, -87, -85, -83, -81, -79, -77, -75, -73, -71, -67, -65, -63, -59, -55, -53, -51, -47, -45, -43, -41, -39, -37, -31, -23, -15, 1, 3, 5, 7]
[36] sizes A=[44, 5, 139] B=[36, 91, 36] kills=[('B', 0, 35), ('B', 0, 37), ('B', 0, 36), ('B', 1, 33), ('B', 1, 25)] [0.4s]
      blk0 |S|=35 offs=[2, 4, 6, 8, 10, 18, 26, 28, 32, 34, 36, 38, 40, 42, 44, 46, 48, 52, 54, 56, 58, 60, 62, 64, 66, 68, 72, 74, 76, 78, 80, 146, 148, 150, 152]
      blk0 |S|=37 offs=[4, 6, 8, 10, 18, 20, 24, 26, 28, 32, 34, 36, 38, 40, 42, 44, 46, 48, 52, 54, 56, 58, 60, 62, 64, 66, 68, 70, 72, 74, 76, 78, 80, 146, 148, 150, 152]
      blk0 |S|=36 offs=[4, 6, 8, 10, 18, 20, 24, 26, 28, 32, 34, 36, 38, 40, 42, 44, 46, 48, 52, 54, 56, 58, 60, 62, 64, 66, 68, 70, 74, 76, 78, 80, 146, 148, 150, 152]
      blk1 |S|=33 offs=[-95, -91, -87, -85, -83, -81, -79, -77, -75, -73, -71, -69, -65, -63, -61, -57, -55, -53, -51, -49, -47, -45, -43, -41, -39, -31, -27, -23, -15, 1, 3, 5, 29]
      blk1 |S|=25 offs=[-95, -91, -87, -85, -83, -81, -79, -75, -71, -65, -63, -55, -51, -47, -45, -43, -39, -31, -27, -23, -15, 1, 3, 5, 29]
[37] sizes A=[45, 5, 140] B=[35, 91, 35] kills=[('B', 0, 38), ('B', 1, 45)] [0.4s]
      blk0 |S|=38 offs=[2, 4, 6, 8, 10, 14, 18, 20, 22, 24, 26, 32, 34, 36, 38, 40, 42, 44, 46, 48, 52, 54, 56, 58, 60, 62, 64, 66, 68, 72, 74, 76, 78, 80, 146, 148, 150, 152]
      blk1 |S|=45 offs=[-95, -93, -91, -89, -87, -85, -83, -81, -79, -77, -75, -73, -71, -69, -67, -65, -63, -61, -59, -57, -55, -53, -51, -49, -47, -45, -43, -41, -39, -37, -35, -33, -31, -27, -23, -19, -15, 1, 3, 5, 9, 39, 43, 51, 55]
[38] sizes A=[46, 5, 141] B=[34, 91, 34] kills=[('B', 0, 36), ('B', 1, 51)] [0.3s]
      blk0 |S|=36 offs=[2, 4, 6, 8, 10, 18, 22, 24, 26, 32, 34, 36, 38, 40, 42, 44, 46, 48, 52, 54, 56, 58, 60, 62, 64, 66, 68, 72, 74, 76, 78, 80, 146, 148, 150, 152]
      blk1 |S|=51 offs=[-95, -93, -91, -89, -87, -85, -83, -81, -79, -77, -75, -73, -71, -69, -67, -65, -63, -61, -59, -57, -55, -53, -51, -49, -47, -45, -43, -41, -39, -37, -35, -33, -31, -27, -25, -23, -21, -19, -15, -11, -9, 1, 3, 5, 9, 33, 37, 39, 43, 45, 51]
[39] sizes A=[47, 5, 142] B=[33, 91, 33] kills=[('B', 0, 35), ('B', 0, 34), ('B', 0, 36), ('B', 0, 37), ('B', 1, 42)] [0.4s]
      blk0 |S|=35 offs=[2, 4, 6, 8, 10, 18, 22, 24, 32, 34, 36, 38, 40, 42, 44, 46, 48, 52, 54, 56, 58, 60, 62, 64, 68, 70, 72, 74, 76, 78, 80, 146, 148, 150, 152]
      blk0 |S|=34 offs=[2, 4, 6, 8, 10, 18, 22, 24, 32, 34, 36, 38, 40, 42, 44, 46, 48, 52, 54, 56, 58, 60, 62, 68, 70, 72, 74, 76, 78, 80, 146, 148, 150, 152]
      blk0 |S|=36 offs=[2, 4, 6, 8, 10, 14, 18, 22, 24, 32, 34, 36, 38, 40, 42, 44, 46, 48, 52, 54, 56, 58, 60, 62, 66, 68, 70, 72, 74, 76, 78, 80, 146, 148, 150, 152]
      blk0 |S|=37 offs=[2, 4, 6, 8, 10, 14, 18, 22, 24, 32, 34, 36, 38, 40, 42, 44, 46, 48, 52, 54, 56, 58, 60, 62, 64, 66, 68, 70, 72, 74, 76, 78, 80, 146, 148, 152, 158]
      blk1 |S|=42 offs=[-95, -91, -89, -87, -85, -83, -81, -79, -77, -75, -73, -71, -67, -65, -63, -59, -57, -55, -53, -49, -47, -45, -43, -41, -39, -37, -35, -33, -31, -27, -25, -23, -21, -19, -17, -15, -13, 3, 5, 9, 39, 51]
[40] sizes A=[48, 5, 143] B=[32, 91, 32] kills=[('B', 1, 32)] [0.3s]
      blk1 |S|=32 offs=[-95, -91, -87, -83, -81, -79, -77, -75, -71, -67, -63, -59, -55, -53, -51, -47, -45, -43, -41, -39, -35, -33, -31, -27, -23, -19, -15, -11, 1, 3, 5, 33]
[41] sizes A=[48, 5, 143] B=[32, 91, 32] kills=[('B', 1, 34), ('B', 1, 29)] [0.3s]
      blk1 |S|=34 offs=[-95, -93, -89, -85, -83, -77, -75, -71, -69, -67, -65, -61, -57, -55, -53, -49, -45, -43, -41, -39, -37, -35, -33, -29, -25, -21, -17, -13, -9, 3, 5, 7, 37, 41]
      blk1 |S|=29 offs=[-95, -93, -85, -77, -75, -71, -69, -67, -65, -61, -57, -55, -53, -49, -45, -43, -39, -37, -35, -33, -29, -25, -21, -17, -9, 3, 5, 7, 37]
[42] sizes A=[48, 5, 143] B=[32, 91, 32] kills=[('B', 1, 31)] [0.3s]
      blk1 |S|=31 offs=[-93, -91, -89, -87, -85, -83, -81, -77, -69, -67, -65, -61, -57, -53, -47, -45, -41, -39, -37, -35, -29, -27, -21, -17, -13, -9, 3, 13, 33, 35, 51]
[43] sizes A=[48, 5, 144] B=[32, 91, 31] kills=[('B', 1, 51)] [0.2s]
      blk1 |S|=51 offs=[-95, -93, -91, -89, -87, -85, -83, -81, -79, -77, -75, -73, -71, -69, -67, -65, -63, -61, -59, -57, -55, -53, -49, -47, -45, -43, -41, -39, -37, -35, -33, -31, -29, -27, -25, -23, -21, -19, -17, -15, -13, -9, 3, 5, 13, 33, 37, 39, 41, 43, 51]
[44] sizes A=[48, 5, 145] B=[32, 91, 30] kills=[('B', 1, 39), ('B', 1, 33)] [0.4s]
      blk1 |S|=39 offs=[-95, -93, -91, -89, -87, -85, -81, -77, -73, -69, -67, -65, -61, -59, -57, -55, -53, -49, -47, -45, -43, -41, -39, -37, -35, -33, -31, -29, -27, -25, -23, -21, -19, -17, -13, 3, 5, 33, 39]
      blk1 |S|=33 offs=[-95, -93, -91, -89, -87, -85, -77, -73, -69, -67, -65, -61, -57, -53, -49, -47, -45, -43, -41, -39, -37, -35, -33, -31, -29, -27, -21, -17, -13, 3, 5, 33, 39]
[45] sizes A=[48, 5, 146] B=[32, 91, 29] kills=[('B', 1, 33), ('B', 1, 25)] [0.3s]
      blk1 |S|=33 offs=[-95, -89, -87, -85, -77, -75, -73, -71, -65, -61, -55, -53, -51, -49, -45, -43, -41, -37, -35, -33, -31, -29, -27, -21, -17, -13, -11, 3, 5, 13, 33, 43, 51]
      blk1 |S|=25 offs=[-95, -87, -85, -77, -73, -65, -61, -53, -49, -45, -41, -37, -35, -33, -29, -27, -21, -17, -13, -11, 3, 5, 33, 43, 51]
[46] sizes A=[48, 5, 146] B=[32, 91, 29] kills=[('B', 1, 29), ('B', 1, 23)] [0.3s]
      blk1 |S|=29 offs=[-95, -91, -87, -83, -81, -79, -75, -71, -69, -67, -63, -59, -57, -55, -51, -47, -45, -43, -39, -35, -31, -27, -23, -19, -11, 5, 11, 13, 33]
      blk1 |S|=23 offs=[-95, -91, -87, -83, -81, -75, -67, -63, -59, -55, -51, -47, -45, -43, -39, -35, -27, -19, -11, 5, 11, 13, 33]
[47] sizes A=[48, 5, 146] B=[32, 91, 29] kills=[('B', 1, 33)] [0.3s]
      blk1 |S|=33 offs=[-95, -93, -91, -89, -87, -85, -83, -81, -77, -73, -71, -65, -63, -61, -53, -45, -43, -41, -39, -37, -35, -29, -27, -21, -19, -17, -13, -9, 5, 7, 13, 33, 43]
[48] sizes A=[48, 5, 146] B=[32, 91, 29] kills=[('B', 1, 50)] [0.2s]
      blk1 |S|=50 offs=[-95, -93, -91, -89, -87, -85, -83, -81, -79, -77, -75, -73, -71, -69, -67, -65, -63, -61, -59, -55, -53, -51, -49, -47, -45, -43, -41, -39, -37, -35, -33, -31, -29, -27, -25, -23, -21, -19, -17, -15, -13, -11, -9, 5, 13, 19, 33, 37, 43, 51]
[49] sizes A=[48, 4, 147] B=[32, 92, 28] kills=[('B', 1, 24)] [0.2s]
      blk1 |S|=24 offs=[-95, -91, -87, -83, -79, -75, -71, -67, -63, -59, -55, -51, -47, -43, -39, -35, -31, -27, -23, -19, -11, 5, 13, 33]
[50] sizes A=[48, 4, 146] B=[32, 92, 29] kills=[('B', 1, 35), ('B', 1, 34)] [0.4s]
      blk1 |S|=35 offs=[-95, -91, -89, -87, -85, -81, -77, -69, -67, -63, -61, -59, -57, -53, -51, -49, -47, -45, -43, -41, -39, -37, -35, -31, -29, -27, -25, -21, -19, -17, -13, 5, 7, 23, 37]
      blk1 |S|=34 offs=[-95, -93, -91, -89, -87, -85, -83, -81, -79, -77, -75, -69, -65, -63, -61, -53, -51, -47, -45, -43, -41, -39, -37, -35, -31, -29, -27, -25, -21, -17, -13, 5, 7, 23]
[51] sizes A=[48, 4, 146] B=[32, 92, 29] kills=[('B', 1, 36)] [0.3s]
      blk1 |S|=36 offs=[-95, -93, -91, -89, -87, -83, -81, -79, -75, -73, -71, -67, -65, -63, -59, -57, -55, -53, -51, -49, -47, -45, -43, -41, -39, -35, -33, -31, -27, -23, -15, -11, 1, 5, 23, 51]
[52] sizes A=[48, 3, 147] B=[32, 93, 28] kills=[('B', 1, 44), ('B', 1, 37), ('B', 1, 40)] [0.6s]
      blk1 |S|=44 offs=[-95, -93, -91, -89, -87, -85, -83, -81, -77, -75, -73, -71, -69, -67, -65, -63, -61, -59, -57, -55, -53, -51, -49, -47, -45, -43, -41, -39, -37, -35, -31, -29, -27, -23, -21, -13, -11, -9, -1, 5, 7, 33, 37, 43]
      blk1 |S|=37 offs=[-95, -93, -89, -87, -85, -81, -77, -75, -73, -71, -69, -67, -61, -59, -57, -55, -53, -51, -49, -47, -45, -43, -41, -39, -37, -35, -29, -27, -23, -21, -13, -9, -1, 5, 7, 33, 43]
      blk1 |S|=40 offs=[-95, -93, -91, -89, -87, -85, -83, -81, -79, -77, -75, -73, -71, -69, -67, -61, -59, -57, -55, -53, -51, -49, -47, -45, -43, -41, -39, -37, -35, -29, -27, -23, -21, -13, -9, -1, 5, 7, 33, 43]
[53] sizes A=[48, 4, 147] B=[32, 92, 28] kills=[('B', 1, 46)] [0.3s]
      blk1 |S|=46 offs=[-95, -93, -91, -89, -87, -85, -83, -81, -79, -77, -75, -73, -67, -63, -61, -59, -57, -55, -53, -51, -49, -45, -43, -41, -39, -37, -35, -33, -31, -29, -27, -25, -23, -21, -19, -17, -15, -13, -11, -9, -7, 5, 7, 33, 43, 51]
[54] sizes A=[48, 4, 146] B=[32, 92, 29] kills=[('B', 1, 38), ('B', 1, 37)] [0.3s]
      blk1 |S|=38 offs=[-95, -91, -89, -87, -83, -81, -79, -77, -75, -73, -71, -67, -63, -61, -59, -57, -55, -51, -47, -45, -43, -39, -37, -33, -31, -27, -23, -19, -17, -15, -11, -7, 1, 5, 11, 37, 43, 51]
      blk1 |S|=37 offs=[-95, -89, -87, -83, -81, -79, -77, -75, -73, -71, -67, -63, -61, -59, -57, -55, -51, -47, -45, -43, -39, -37, -33, -31, -27, -23, -19, -17, -15, -11, -7, 1, 5, 11, 37, 43, 51]
[55] sizes A=[48, 3, 147] B=[32, 93, 28] kills=[('B', 1, 30)] [0.3s]
      blk1 |S|=30 offs=[-95, -89, -87, -83, -81, -79, -75, -71, -69, -67, -63, -55, -51, -47, -45, -43, -39, -35, -33, -31, -27, -23, -19, -15, -13, -7, 1, 5, 43, 51]
[56] sizes A=[48, 2, 148] B=[32, 94, 27] kills=[('B', 1, 38), ('B', 1, 36)] [0.4s]
      blk1 |S|=38 offs=[-95, -91, -87, -83, -81, -79, -75, -73, -71, -69, -67, -65, -63, -59, -57, -53, -51, -49, -47, -45, -43, -41, -39, -35, -33, -31, -27, -23, -19, -17, -15, -13, -11, 5, 33, 37, 43, 51]
      blk1 |S|=36 offs=[-95, -91, -87, -83, -81, -79, -77, -75, -73, -71, -69, -65, -63, -59, -57, -53, -51, -49, -47, -45, -43, -41, -39, -35, -27, -23, -19, -17, -15, -13, -11, 5, 33, 37, 43, 51]
[57] sizes A=[48, 2, 149] B=[32, 94, 26] kills=[('B', 1, 25), ('B', 1, 28)] [0.3s]
      blk1 |S|=25 offs=[-95, -91, -87, -83, -81, -79, -75, -67, -63, -59, -51, -45, -43, -39, -35, -31, -27, -23, -19, -15, -11, 5, 33, 37, 51]
      blk1 |S|=28 offs=[-95, -91, -87, -83, -81, -79, -77, -75, -73, -71, -67, -63, -59, -51, -45, -43, -39, -35, -31, -27, -23, -19, -15, -11, 5, 33, 37, 51]
[58] sizes A=[48, 2, 150] B=[32, 94, 25] kills=[('B', 1, 25), ('B', 1, 27), ('B', 1, 27)] [0.4s]
      blk1 |S|=25 offs=[-95, -91, -87, -83, -75, -73, -63, -59, -55, -53, -51, -47, -43, -41, -39, -35, -31, -29, -27, -19, -11, -7, 5, 37, 51]
      blk1 |S|=27 offs=[-95, -91, -87, -83, -79, -75, -73, -71, -67, -63, -59, -53, -51, -47, -43, -41, -39, -35, -31, -29, -27, -19, -11, -7, 5, 37, 51]
      blk1 |S|=27 offs=[-95, -91, -87, -85, -83, -79, -75, -73, -67, -63, -59, -53, -51, -47, -43, -41, -39, -35, -31, -29, -27, -19, -11, -7, 5, 37, 51]
[59] sizes A=[48, 3, 149] B=[32, 93, 26] kills=[('B', 1, 29), ('B', 1, 35)] [0.4s]
      blk1 |S|=29 offs=[-95, -91, -89, -87, -85, -83, -81, -79, -77, -75, -63, -59, -51, -45, -43, -41, -39, -37, -35, -33, -31, -29, -27, -25, -23, -19, -11, 5, 23]
      blk1 |S|=35 offs=[-95, -93, -91, -89, -87, -85, -83, -81, -79, -77, -75, -73, -71, -69, -67, -65, -63, -61, -59, -53, -51, -45, -43, -41, -39, -37, -35, -31, -29, -27, -23, -19, -11, 5, 23]
[60] sizes A=[48, 3, 149] B=[32, 93, 26] kills=[('B', 1, 24)] [0.3s]
      blk1 |S|=24 offs=[-95, -91, -83, -79, -75, -73, -67, -59, -55, -51, -43, -41, -39, -37, -35, -31, -27, -19, -15, -13, -11, 5, 13, 51]
[61] sizes A=[48, 3, 149] B=[32, 93, 26] kills=[('B', 1, 33)] [0.2s]
      blk1 |S|=33 offs=[-95, -91, -89, -85, -81, -77, -71, -69, -67, -65, -63, -61, -57, -55, -53, -49, -45, -43, -41, -39, -37, -31, -29, -27, -21, -17, -15, -13, -9, 3, 5, 37, 51]
[62] sizes A=[48, 3, 150] B=[32, 93, 25] kills=[('B', 1, 11), ('B', 1, 12), ('B', 1, 9)] [0.2s]
      blk1 |S|=11 offs=[-91, -75, -67, -59, -51, -43, -35, -27, -11, 5, 13]
      blk1 |S|=12 offs=[-91, -75, -67, -59, -51, -43, -35, -27, -11, 5, 13, 37]
      blk1 |S|=9 offs=[-91, -75, -59, -43, -35, -11, 5, 13, 37]
[63] sizes A=[48, 3, 150] B=[32, 93, 25] kills=[('B', 1, 37), ('B', 1, 32)] [0.5s]
      blk1 |S|=37 offs=[-95, -91, -87, -85, -83, -81, -79, -77, -75, -73, -71, -69, -67, -65, -63, -61, -59, -57, -55, -53, -51, -49, -47, -45, -41, -39, -37, -33, -31, -29, -21, -17, -15, -13, 3, 5, 37]
      blk1 |S|=32 offs=[-95, -93, -87, -81, -79, -77, -75, -73, -71, -69, -67, -65, -63, -61, -59, -57, -55, -53, -49, -45, -39, -37, -33, -31, -29, -21, -15, -13, -9, 3, 5, 37]
[64] sizes A=[48, 2, 151] B=[32, 94, 24] kills=[('B', 1, 61)] [0.2s]
      blk1 |S|=61 offs=[-188, -184, -182, -180, -178, -176, -174, -172, -170, -168, -166, -164, -162, -160, -94, -92, -90, -88, -86, -84, -82, -80, -78, -76, -74, -72, -70, -68, -66, -64, -62, -60, -58, -56, -54, -52, -50, -48, -46, -44, -42, -40, -38, -36, -34, -32, -30, -28, -26, -24, -22, -20, -18, -16, -14, -12, -10, -8, -6, -4, 0]
[65] sizes A=[49, 2, 151] B=[31, 94, 24] kills=[('B', 1, 60)] [0.2s]
      blk1 |S|=60 offs=[-188, -184, -180, -178, -176, -174, -172, -170, -168, -166, -164, -162, -160, -94, -92, -90, -88, -86, -84, -82, -80, -78, -76, -74, -72, -70, -68, -66, -64, -62, -60, -58, -56, -54, -52, -50, -48, -46, -44, -42, -40, -38, -36, -34, -32, -30, -28, -26, -24, -22, -20, -18, -16, -14, -12, -10, -8, -6, -4, 0]
[66] sizes A=[50, 2, 151] B=[30, 94, 24] kills=[('B', 1, 59)] [0.2s]
      blk1 |S|=59 offs=[-184, -180, -178, -176, -174, -172, -170, -168, -166, -164, -162, -160, -94, -92, -90, -88, -86, -84, -82, -80, -78, -76, -74, -72, -70, -68, -66, -64, -62, -60, -58, -56, -54, -52, -50, -48, -46, -44, -42, -40, -38, -36, -34, -32, -30, -28, -26, -24, -22, -20, -18, -16, -14, -12, -10, -8, -6, -4, 0]
[67] sizes A=[51, 2, 151] B=[29, 94, 24] kills=[('B', 1, 58)] [0.2s]
      blk1 |S|=58 offs=[-180, -178, -176, -174, -172, -170, -168, -166, -164, -162, -160, -94, -92, -90, -88, -86, -84, -82, -80, -78, -76, -74, -72, -70, -68, -66, -64, -62, -60, -58, -56, -54, -52, -50, -48, -46, -44, -42, -40, -38, -36, -34, -32, -30, -28, -26, -24, -22, -20, -18, -16, -14, -12, -10, -8, -6, -4, 0]
[68] sizes A=[40, 47, 87] B=[40, 49, 88] kills=[('A', 1, 52), ('B', 1, 56)] [0.1s]
      blk1 |S|=52 offs=[-183, -181, -173, -171, -169, -167, -163, -161, -93, -91, -85, -81, -79, -77, -75, -73, -71, -69, -67, -65, -63, -61, -59, -57, -55, -53, -51, -49, -47, -45, -43, -41, -39, -37, -35, -33, -31, -29, -27, -25, -23, -21, -19, -17, -15, -13, -11, -9, -7, -5, -3, -1]
      blk1 |S|=56 offs=[-184, -182, -180, -178, -174, -170, -168, -166, -164, -162, -160, -94, -92, -86, -84, -82, -78, -76, -74, -72, -70, -68, -66, -64, -62, -60, -58, -56, -54, -52, -50, -48, -46, -44, -42, -40, -38, -36, -34, -32, -30, -28, -26, -24, -22, -20, -18, -16, -14, -12, -10, -8, -6, -4, -2, 0]
[69] sizes A=[40, 47, 87] B=[40, 49, 88] kills=[('A', 1, 51), ('B', 1, 53)] [0.1s]
      blk1 |S|=51 offs=[-177, -175, -173, -169, -167, -165, -163, -161, -91, -85, -81, -79, -77, -75, -73, -71, -69, -67, -65, -63, -61, -59, -57, -55, -53, -51, -49, -47, -45, -43, -41, -39, -37, -35, -33, -31, -29, -27, -25, -23, -21, -19, -17, -15, -13, -11, -9, -7, -5, -3, -1]
      blk1 |S|=53 offs=[-188, -184, -174, -172, -168, -166, -164, -162, -160, -94, -86, -84, -82, -78, -76, -74, -72, -70, -68, -66, -64, -62, -60, -58, -56, -54, -52, -50, -48, -46, -44, -42, -40, -38, -36, -34, -32, -30, -28, -26, -24, -22, -20, -18, -16, -14, -12, -10, -8, -6, -4, -2, 0]
[70] sizes A=[40, 48, 87] B=[40, 48, 88] kills=[('B', 1, 57)] [0.1s]
      blk1 |S|=57 offs=[-188, -184, -182, -180, -178, -176, -174, -170, -168, -166, -164, -162, -160, -94, -92, -86, -80, -78, -76, -74, -72, -70, -68, -66, -64, -62, -60, -58, -56, -54, -52, -50, -48, -46, -44, -42, -40, -38, -36, -34, -32, -30, -28, -26, -24, -22, -20, -18, -16, -14, -12, -10, -8, -6, -4, -2, 0]
[71] sizes A=[40, 48, 87] B=[40, 48, 88] kills=[('A', 2, 88), ('B', 2, 79)] [0.6s]
      blk2 |S|=88 offs=[-92, -90, -88, -84, 2, 4, 8, 10, 16, 18, 20, 22, 24, 26, 28, 30, 32, 34, 36, 38, 40, 42, 44, 46, 48, 50, 52, 54, 56, 58, 60, 62, 64, 66, 68, 70, 72, 74, 76, 78, 80, 82, 84, 86, 88, 90, 92, 94, 96, 98, 100, 102, 104, 106, 108, 110, 112, 114, 116, 118, 120, 122, 124, 126, 128, 130, 132, 134, 136, 138, 140, 142, 144, 146, 148, 150, 152, 154, 156, 158, 160, 162, 164, 166, 168, 170, 172, 174]
      blk2 |S|=79 offs=[-93, -89, -87, -85, 1, 3, 5, 7, 9, 17, 19, 21, 23, 25, 27, 29, 33, 35, 37, 39, 43, 45, 47, 49, 59, 61, 63, 67, 69, 75, 79, 81, 83, 85, 87, 89, 91, 93, 95, 97, 99, 101, 103, 105, 107, 109, 111, 113, 115, 117, 119, 121, 123, 125, 127, 129, 131, 133, 135, 137, 139, 141, 143, 145, 147, 149, 151, 153, 155, 157, 159, 161, 163, 165, 167, 169, 171, 173, 175]
[72] sizes A=[70, 2, 123] B=[10, 94, 52] kills=[('B', 1, 23), ('B', 1, 14), ('B', 1, 14)] [0.4s]
      blk1 |S|=23 offs=[-91, -83, -81, -75, -71, -67, -63, -59, -55, -51, -47, -43, -39, -37, -35, -27, -19, -15, -11, -3, 5, 9, 75]
      blk1 |S|=14 offs=[-83, -75, -67, -63, -59, -51, -43, -39, -35, -27, -19, -11, 5, 9]
      blk1 |S|=14 offs=[-91, -83, -75, -63, -59, -51, -43, -39, -35, -27, -19, -11, 5, 9]
[73] sizes A=[70, 2, 124] B=[10, 94, 51] kills=[('B', 1, 22), ('B', 1, 27)] [0.3s]
      blk1 |S|=22 offs=[-95, -91, -89, -83, -79, -75, -63, -59, -51, -43, -39, -37, -35, -27, -19, -15, -11, -7, -3, 5, 73, 75]
      blk1 |S|=27 offs=[-95, -91, -89, -83, -79, -77, -75, -71, -67, -65, -63, -59, -53, -51, -43, -39, -37, -35, -27, -19, -15, -11, -7, -3, 5, 73, 75]
[74] sizes A=[70, 2, 125] B=[10, 94, 50] kills=[('B', 1, 22), ('B', 1, 27), ('B', 1, 35)] [0.4s]
      blk1 |S|=22 offs=[-95, -91, -89, -83, -79, -75, -63, -59, -51, -43, -39, -37, -35, -27, -19, -15, -11, -7, -3, 5, 73, 83]
      blk1 |S|=27 offs=[-95, -91, -89, -83, -79, -77, -75, -71, -67, -65, -63, -59, -53, -51, -43, -39, -37, -35, -27, -19, -15, -11, -7, -3, 5, 73, 83]
      blk1 |S|=35 offs=[-95, -93, -91, -89, -87, -85, -83, -81, -79, -77, -75, -71, -69, -67, -65, -63, -61, -59, -55, -53, -51, -45, -43, -39, -37, -35, -27, -19, -15, -11, -7, -3, 5, 73, 83]
[75] sizes A=[70, 2, 125] B=[10, 94, 50] kills=[('B', 1, 25)] [0.3s]
      blk1 |S|=25 offs=[-95, -93, -87, -85, -81, -77, -65, -61, -59, -53, -49, -45, -41, -39, -37, -31, -29, -21, -17, -13, -5, -3, 3, 77, 85]
[76] sizes A=[70, 2, 126] B=[10, 94, 49] kills=[('B', 1, 27)] [0.3s]
      blk1 |S|=27 offs=[-93, -87, -85, -83, -81, -77, -65, -61, -59, -53, -49, -45, -41, -39, -37, -35, -33, -31, -29, -21, -17, -13, -11, -5, 3, 73, 77]
[77] sizes A=[70, 2, 127] B=[10, 94, 48] kills=[('B', 1, 23)] [0.3s]
      blk1 |S|=23 offs=[-95, -91, -85, -83, -79, -75, -59, -51, -43, -39, -37, -35, -31, -27, -19, -17, -15, -11, -7, -3, 5, 73, 79]
[78] sizes A=[70, 2, 128] B=[10, 94, 47] kills=[('B', 1, 21)] [0.3s]
      blk1 |S|=21 offs=[-95, -91, -83, -79, -75, -63, -59, -55, -51, -43, -39, -35, -31, -27, -19, -15, -11, -7, -3, 5, 73]
[79] sizes A=[70, 2, 128] B=[10, 94, 47] kills=[('B', 1, 57)] [0.3s]
      blk1 |S|=57 offs=[-178, -176, -174, -172, -170, -168, -166, -164, -162, -160, -94, -92, -90, -88, -86, -84, -82, -80, -78, -76, -74, -72, -70, -68, -66, -64, -62, -60, -58, -56, -54, -52, -50, -48, -46, -44, -42, -40, -38, -36, -34, -32, -30, -28, -26, -24, -22, -20, -18, -16, -14, -12, -10, -8, -6, -4, 0]
[80] sizes A=[55, 2, 115] B=[25, 94, 60] kills=[('B', 1, 64)] [0.3s]
      blk1 |S|=64 offs=[-95, -93, -91, -89, -87, -85, -83, -81, -79, -77, -75, -73, -71, -69, -67, -65, -63, -61, -59, -57, -55, -53, -51, -49, -47, -45, -43, -41, -39, -37, -35, -33, -31, -29, -27, -25, -23, -21, -19, -17, -15, -13, -11, -9, -7, -3, -1, 7, 11, 15, 19, 25, 29, 31, 33, 35, 37, 39, 41, 49, 51, 61, 69, 77]
[81] sizes A=[55, 2, 116] B=[25, 94, 59] kills=[('B', 1, 69)] [0.3s]
      blk1 |S|=69 offs=[-95, -93, -91, -89, -87, -85, -83, -81, -79, -77, -75, -73, -71, -69, -67, -65, -63, -61, -59, -57, -55, -53, -51, -49, -47, -45, -43, -41, -39, -37, -35, -33, -31, -29, -27, -25, -23, -21, -19, -17, -15, -13, -11, -9, -7, -3, -1, 7, 11, 15, 19, 25, 29, 33, 35, 37, 39, 41, 43, 45, 47, 49, 51, 55, 61, 63, 65, 73, 77]
[82] sizes A=[55, 2, 117] B=[25, 94, 58] kills=[('B', 1, 70)] [0.3s]
      blk1 |S|=70 offs=[-95, -93, -91, -89, -87, -85, -83, -81, -79, -77, -75, -73, -71, -69, -67, -65, -63, -61, -59, -57, -55, -53, -51, -49, -47, -45, -43, -41, -39, -37, -35, -33, -31, -29, -27, -25, -23, -21, -19, -17, -15, -13, -11, -9, -7, -3, -1, 7, 11, 15, 19, 25, 27, 29, 35, 37, 39, 41, 43, 45, 47, 49, 51, 55, 61, 63, 65, 69, 73, 77]
[83] sizes A=[55, 2, 118] B=[25, 94, 57] kills=[('B', 1, 46), ('B', 1, 47), ('B', 1, 45), ('B', 1, 40)] [0.7s]
      blk1 |S|=46 offs=[-95, -93, -91, -89, -87, -85, -81, -77, -73, -71, -69, -65, -61, -57, -55, -53, -51, -49, -47, -45, -43, -41, -39, -37, -35, -33, -31, -29, -27, -23, -21, -19, -17, -13, -11, -9, -7, -3, -1, 7, 15, 19, 25, 29, 49, 77]
      blk1 |S|=47 offs=[-95, -93, -91, -89, -87, -85, -83, -81, -77, -73, -71, -69, -65, -61, -57, -55, -53, -51, -49, -47, -45, -43, -41, -39, -37, -35, -33, -31, -29, -27, -23, -21, -19, -17, -13, -11, -9, -7, -3, -1, 7, 15, 19, 25, 29, 49, 77]
      blk1 |S|=45 offs=[-95, -93, -91, -89, -87, -85, -81, -73, -71, -69, -65, -61, -57, -55, -53, -51, -49, -47, -45, -43, -41, -39, -37, -35, -33, -31, -29, -27, -23, -21, -19, -17, -13, -11, -9, -7, -3, -1, 7, 15, 19, 25, 29, 49, 77]
      blk1 |S|=40 offs=[-95, -93, -91, -89, -85, -83, -81, -77, -73, -71, -69, -65, -61, -57, -55, -53, -51, -49, -47, -45, -43, -41, -39, -37, -35, -33, -31, -29, -27, -23, -21, -19, -17, -13, -11, -3, -1, 7, 15, 25]
[84] sizes A=[55, 2, 119] B=[25, 94, 56] kills=[('B', 1, 58)] [0.2s]
      blk1 |S|=58 offs=[-95, -93, -91, -89, -87, -85, -83, -81, -79, -77, -75, -73, -71, -69, -67, -65, -63, -61, -59, -57, -55, -53, -51, -49, -47, -45, -43, -41, -39, -37, -35, -33, -31, -29, -27, -25, -23, -21, -19, -17, -13, -11, -9, -7, -1, 7, 11, 15, 19, 27, 29, 35, 41, 47, 49, 51, 63, 77]
[85] sizes A=[55, 2, 120] B=[25, 94, 55] kills=[('B', 1, 44)] [0.5s]
      blk1 |S|=44 offs=[-95, -93, -91, -89, -87, -85, -83, -81, -77, -73, -71, -69, -67, -65, -63, -61, -59, -53, -51, -47, -45, -43, -41, -39, -37, -35, -33, -31, -29, -25, -23, -21, -17, -13, -11, -9, -7, -3, 7, 11, 29, 41, 49, 77]
[86] sizes A=[55, 2, 121] B=[25, 94, 54] kills=[('B', 1, 44), ('B', 1, 45)] [0.6s]
      blk1 |S|=44 offs=[-95, -93, -91, -89, -87, -85, -83, -81, -77, -73, -71, -69, -67, -65, -63, -61, -59, -57, -55, -53, -51, -47, -45, -43, -41, -39, -37, -35, -33, -31, -29, -23, -21, -17, -13, -11, -9, -7, 7, 11, 19, 29, 49, 73]
      blk1 |S|=45 offs=[-95, -93, -91, -89, -87, -85, -83, -81, -77, -73, -71, -69, -67, -65, -63, -61, -59, -57, -55, -53, -51, -49, -47, -45, -43, -41, -39, -37, -35, -33, -31, -29, -23, -21, -17, -13, -11, -9, -7, 7, 11, 19, 29, 49, 73]
[87] sizes A=[55, 2, 122] B=[25, 94, 53] kills=[('B', 1, 46)] [0.4s]
      blk1 |S|=46 offs=[-95, -93, -91, -89, -87, -85, -83, -81, -77, -73, -71, -69, -65, -63, -61, -59, -57, -53, -51, -49, -47, -45, -43, -41, -37, -35, -33, -31, -29, -25, -23, -21, -17, -13, -11, -9, -7, -3, -1, 7, 19, 27, 29, 41, 45, 49]
[88] sizes A=[55, 2, 123] B=[25, 94, 52] kills=[('B', 1, 41), ('B', 1, 40)] [0.5s]
      blk1 |S|=41 offs=[-95, -93, -91, -89, -87, -85, -83, -81, -77, -75, -73, -71, -69, -67, -65, -61, -59, -57, -53, -51, -47, -45, -43, -41, -39, -37, -35, -33, -31, -29, -23, -21, -17, -15, -13, -11, -9, 7, 11, 29, 49]
      blk1 |S|=40 offs=[-95, -93, -91, -89, -87, -83, -81, -77, -75, -73, -71, -69, -67, -65, -61, -59, -57, -53, -51, -47, -45, -43, -41, -39, -37, -35, -33, -31, -29, -23, -21, -17, -15, -13, -11, -9, 7, 11, 29, 49]
[89] sizes A=[55, 2, 124] B=[25, 94, 51] kills=[('B', 1, 28), ('B', 1, 30), ('B', 1, 34), ('B', 1, 31)] [0.4s]
      blk1 |S|=28 offs=[-95, -93, -89, -85, -81, -77, -73, -69, -67, -65, -61, -57, -53, -45, -43, -41, -39, -37, -33, -29, -21, -17, -13, 7, 15, 27, 29, 63]
      blk1 |S|=30 offs=[-95, -93, -89, -85, -81, -79, -77, -73, -69, -67, -65, -61, -57, -53, -51, -45, -43, -41, -39, -37, -33, -29, -21, -17, -13, 7, 15, 27, 29, 63]
      blk1 |S|=34 offs=[-95, -93, -89, -87, -85, -83, -81, -79, -77, -75, -73, -71, -69, -67, -65, -63, -61, -57, -53, -51, -45, -43, -41, -39, -37, -33, -29, -17, -13, 7, 15, 27, 29, 63]
      blk1 |S|=31 offs=[-95, -93, -89, -87, -85, -83, -81, -79, -77, -75, -73, -71, -69, -67, -65, -63, -61, -53, -51, -45, -41, -39, -37, -33, -29, -17, -13, 15, 19, 29, 63]
[90] sizes A=[55, 2, 125] B=[25, 94, 50] kills=[('B', 1, 37)] [0.3s]
      blk1 |S|=37 offs=[-95, -93, -91, -89, -85, -83, -81, -77, -75, -73, -71, -69, -67, -65, -63, -61, -59, -57, -53, -51, -45, -43, -41, -37, -33, -31, -29, -21, -17, -13, -11, 7, 19, 27, 29, 49, 69]
[91] sizes A=[55, 2, 126] B=[25, 94, 49] kills=[('B', 1, 45), ('B', 1, 44), ('B', 1, 43)] [0.6s]
      blk1 |S|=45 offs=[-95, -93, -91, -89, -87, -85, -83, -81, -77, -75, -73, -71, -69, -67, -65, -63, -61, -59, -55, -53, -51, -49, -47, -45, -43, -41, -39, -37, -35, -33, -31, -29, -23, -21, -17, -15, -13, -11, -9, -1, 7, 19, 27, 29, 49]
      blk1 |S|=44 offs=[-95, -93, -91, -89, -87, -85, -83, -81, -77, -75, -73, -71, -69, -67, -65, -63, -61, -59, -55, -53, -51, -49, -47, -45, -43, -41, -39, -37, -35, -33, -31, -29, -23, -21, -15, -13, -11, -9, -1, 7, 19, 27, 29, 49]
      blk1 |S|=43 offs=[-95, -93, -91, -89, -87, -85, -83, -77, -75, -73, -71, -69, -67, -65, -63, -61, -59, -55, -53, -51, -49, -47, -45, -43, -41, -37, -35, -33, -31, -29, -23, -21, -17, -15, -13, -11, -9, -1, 7, 19, 27, 29, 49]
[92] sizes A=[55, 2, 127] B=[25, 94, 48] kills=[('B', 1, 40), ('B', 1, 37)] [0.5s]
      blk1 |S|=40 offs=[-95, -93, -91, -89, -87, -85, -83, -81, -77, -75, -71, -69, -67, -61, -59, -57, -53, -51, -49, -47, -45, -41, -39, -37, -35, -33, -31, -29, -23, -21, -17, -15, -13, -11, -1, 7, 15, 27, 29, 49]
      blk1 |S|=37 offs=[-95, -93, -91, -89, -87, -85, -83, -81, -77, -75, -71, -69, -67, -61, -59, -53, -51, -47, -45, -41, -39, -37, -35, -33, -31, -29, -23, -21, -17, -15, -13, -11, 7, 15, 27, 29, 49]
[93] sizes A=[55, 2, 128] B=[25, 94, 47] kills=[('B', 1, 44)] [0.4s]
      blk1 |S|=44 offs=[-95, -93, -91, -89, -87, -85, -83, -81, -79, -77, -75, -73, -71, -69, -67, -65, -61, -59, -53, -51, -49, -47, -45, -41, -39, -37, -33, -31, -29, -23, -21, -19, -17, -15, -13, -11, -1, 7, 27, 29, 47, 49, 55, 61]
[94] sizes A=[55, 2, 129] B=[25, 94, 46] kills=[('B', 1, 43)] [0.5s]
      blk1 |S|=43 offs=[-95, -93, -91, -89, -87, -85, -83, -81, -77, -75, -73, -71, -69, -67, -65, -61, -59, -57, -53, -51, -49, -47, -45, -41, -39, -37, -35, -33, -31, -29, -23, -21, -17, -15, -13, -11, -1, 7, 27, 29, 47, 49, 59]
[95] sizes A=[55, 2, 130] B=[25, 94, 45] kills=[('B', 1, 60)] [0.2s]
      blk1 |S|=60 offs=[-95, -93, -91, -89, -87, -85, -83, -81, -79, -77, -75, -73, -71, -69, -67, -65, -63, -61, -59, -57, -55, -53, -51, -49, -47, -45, -43, -41, -39, -37, -35, -33, -31, -29, -27, -25, -23, -21, -19, -17, -15, -13, -11, -9, -7, -3, -1, 27, 29, 39, 41, 43, 47, 49, 51, 57, 59, 61, 65, 85]
[96] sizes A=[55, 2, 131] B=[25, 94, 44] kills=[('B', 1, 60)] [0.2s]
      blk1 |S|=60 offs=[-95, -93, -91, -89, -87, -85, -83, -81, -79, -77, -75, -73, -71, -69, -67, -65, -63, -61, -59, -57, -55, -53, -51, -49, -47, -45, -43, -41, -39, -37, -35, -33, -31, -29, -27, -25, -23, -21, -19, -17, -15, -13, -11, -9, -7, -3, -1, 27, 29, 39, 41, 43, 47, 49, 51, 57, 59, 61, 65, 81]
[97] sizes A=[55, 2, 132] B=[25, 94, 43] kills=[('B', 1, 59)] [0.2s]
      blk1 |S|=59 offs=[-95, -93, -91, -89, -87, -85, -83, -81, -79, -77, -75, -73, -71, -69, -67, -65, -63, -61, -59, -57, -55, -53, -51, -49, -47, -45, -43, -41, -39, -37, -35, -33, -31, -29, -27, -25, -23, -21, -19, -17, -15, -13, -11, -9, -7, -3, -1, 27, 29, 39, 41, 43, 47, 49, 51, 57, 59, 61, 81]
[98] sizes A=[55, 2, 133] B=[25, 94, 42] kills=[('B', 1, 58)] [0.2s]
      blk1 |S|=58 offs=[-95, -93, -91, -89, -87, -85, -83, -81, -79, -77, -75, -73, -71, -69, -67, -65, -63, -61, -59, -57, -55, -53, -51, -49, -47, -45, -43, -41, -39, -37, -35, -33, -31, -29, -27, -25, -23, -21, -19, -17, -15, -13, -11, -9, -7, -3, -1, 27, 29, 39, 41, 47, 49, 51, 57, 59, 61, 81]
[99] sizes A=[55, 2, 134] B=[25, 94, 41] kills=[('B', 1, 57)] [0.2s]
      blk1 |S|=57 offs=[-95, -93, -91, -89, -87, -85, -83, -81, -79, -77, -75, -73, -71, -69, -67, -65, -63, -61, -59, -57, -55, -53, -51, -49, -47, -45, -43, -41, -39, -37, -35, -33, -31, -29, -27, -25, -23, -21, -19, -17, -15, -13, -11, -9, -7, -3, -1, 27, 29, 39, 41, 47, 49, 51, 57, 59, 81]
[100] sizes A=[55, 2, 135] B=[25, 94, 40] kills=[('B', 1, 56)] [0.2s]
      blk1 |S|=56 offs=[-95, -93, -91, -89, -87, -85, -83, -81, -79, -77, -75, -73, -71, -69, -67, -65, -63, -61, -59, -57, -55, -53, -51, -49, -47, -45, -43, -41, -39, -37, -35, -33, -31, -29, -27, -25, -23, -21, -19, -17, -15, -13, -11, -9, -7, -3, -1, 27, 29, 39, 41, 47, 49, 51, 59, 81]
[101] sizes A=[55, 2, 136] B=[25, 94, 39] kills=[('B', 1, 55)] [0.2s]
      blk1 |S|=55 offs=[-95, -93, -91, -89, -87, -85, -83, -81, -79, -77, -75, -73, -71, -69, -67, -65, -63, -61, -59, -57, -55, -53, -51, -49, -47, -45, -43, -41, -39, -37, -35, -33, -31, -29, -27, -25, -23, -21, -19, -17, -15, -13, -11, -9, -7, -3, -1, 27, 29, 39, 41, 47, 49, 59, 81]
[102] sizes A=[55, 2, 137] B=[25, 94, 38] kills=[('B', 1, 54)] [0.2s]
      blk1 |S|=54 offs=[-95, -93, -91, -89, -87, -85, -83, -81, -79, -77, -75, -73, -71, -69, -67, -65, -63, -61, -59, -57, -55, -53, -51, -49, -47, -45, -43, -41, -39, -37, -35, -33, -31, -29, -27, -25, -23, -21, -19, -17, -15, -13, -11, -9, -7, -3, -1, 27, 39, 41, 47, 49, 59, 81]
[103] sizes A=[55, 2, 138] B=[25, 94, 37] kills=[('B', 1, 43)] [0.3s]
      blk1 |S|=43 offs=[-95, -91, -87, -85, -81, -79, -75, -73, -71, -69, -67, -65, -63, -61, -55, -53, -51, -49, -47, -45, -43, -41, -39, -37, -35, -31, -27, -25, -23, -21, -19, -15, -13, -11, -9, -7, -3, 39, 41, 47, 49, 59, 81]
[104] sizes A=[55, 2, 139] B=[25, 94, 36] kills=[('B', 1, 46)] [0.7s]
      blk1 |S|=46 offs=[-95, -93, -91, -89, -87, -85, -83, -81, -79, -77, -73, -71, -69, -67, -65, -63, -61, -59, -57, -55, -53, -49, -47, -45, -43, -41, -39, -37, -35, -31, -29, -27, -25, -23, -21, -19, -17, -15, -13, -11, -7, -3, -1, 41, 47, 59]
[105] sizes A=[55, 2, 140] B=[25, 94, 35] kills=[('B', 1, 36)] [0.3s]
      blk1 |S|=36 offs=[-95, -91, -89, -87, -85, -83, -81, -79, -73, -71, -69, -67, -63, -59, -55, -51, -47, -45, -43, -41, -39, -37, -35, -31, -27, -25, -23, -21, -19, -15, -13, -11, -7, 39, 41, 59]
[106] sizes A=[55, 2, 141] B=[25, 94, 34] kills=[('B', 1, 45), ('B', 1, 39)] [0.6s]
      blk1 |S|=45 offs=[-95, -93, -91, -87, -85, -83, -81, -79, -77, -73, -71, -69, -67, -65, -63, -61, -59, -57, -55, -53, -51, -49, -47, -45, -43, -39, -37, -35, -31, -29, -27, -25, -23, -21, -19, -17, -15, -11, -9, -7, -3, -1, 39, 41, 81]
      blk1 |S|=39 offs=[-95, -93, -91, -87, -85, -83, -79, -75, -71, -69, -67, -63, -61, -59, -57, -55, -53, -51, -49, -47, -45, -43, -39, -37, -35, -31, -29, -27, -25, -23, -21, -15, -11, -9, -7, -3, 39, 41, 81]
[107] sizes A=[55, 2, 141] B=[25, 94, 34] kills=[('B', 1, 40), ('B', 1, 36), ('B', 1, 31)] [0.6s]
      blk1 |S|=40 offs=[-95, -93, -89, -87, -85, -83, -81, -79, -75, -73, -71, -69, -67, -65, -63, -61, -59, -57, -55, -53, -51, -49, -47, -45, -43, -41, -39, -37, -33, -27, -25, -23, -21, -15, -9, -7, -3, -1, 39, 81]
      blk1 |S|=36 offs=[-95, -93, -89, -87, -85, -83, -81, -79, -75, -73, -71, -69, -67, -65, -63, -61, -57, -55, -53, -45, -43, -41, -39, -37, -33, -27, -25, -23, -21, -15, -9, -7, -3, -1, 39, 81]
      blk1 |S|=31 offs=[-95, -89, -87, -85, -83, -81, -79, -75, -71, -69, -65, -63, -61, -57, -55, -53, -51, -49, -47, -45, -43, -41, -37, -25, -21, -15, -7, -3, -1, 39, 81]
[108] sizes A=[55, 2, 142] B=[25, 94, 33] kills=[('B', 1, 60)] [0.2s]
      blk1 |S|=60 offs=[-186, -182, -180, -178, -176, -174, -172, -170, -168, -166, -164, -162, -160, -94, -92, -90, -88, -86, -84, -82, -80, -78, -76, -74, -72, -70, -68, -66, -64, -62, -60, -58, -56, -54, -52, -50, -48, -46, -44, -42, -40, -38, -36, -34, -32, -30, -28, -26, -24, -22, -20, -18, -16, -14, -12, -10, -8, -4, -2, 0]
[109] sizes A=[43, 2, 112] B=[37, 94, 63] kills=[('B', 0, 42), ('B', 1, 36)] [0.3s]
      blk0 |S|=42 offs=[4, 6, 8, 10, 14, 16, 18, 22, 24, 26, 28, 30, 32, 34, 36, 38, 40, 42, 44, 46, 48, 50, 52, 54, 56, 58, 60, 62, 64, 66, 68, 70, 72, 74, 76, 78, 80, 146, 148, 150, 152, 154]
      blk1 |S|=36 offs=[-93, -91, -89, -87, -85, -83, -81, -79, -77, -75, -67, -65, -61, -59, -55, -53, -49, -45, -43, -41, -37, -33, -29, -25, -21, -17, -13, -11, -9, -5, 3, 53, 55, 57, 59, 61]
[110] sizes A=[44, 2, 113] B=[36, 94, 62] kills=[('B', 0, 42), ('B', 1, 34), ('B', 1, 29)] [0.3s]
      blk0 |S|=42 offs=[4, 6, 8, 10, 14, 18, 22, 24, 26, 28, 30, 32, 34, 36, 38, 40, 42, 44, 46, 48, 50, 52, 54, 56, 58, 60, 62, 64, 66, 68, 70, 72, 74, 76, 78, 80, 146, 148, 150, 152, 154, 156]
      blk1 |S|=34 offs=[-95, -93, -89, -87, -85, -81, -79, -77, -75, -65, -61, -55, -53, -49, -45, -43, -41, -37, -35, -33, -29, -25, -21, -17, -13, -11, -9, -5, 3, 53, 55, 59, 61, 69]
      blk1 |S|=29 offs=[-93, -89, -87, -85, -81, -79, -77, -73, -69, -65, -61, -53, -49, -45, -43, -41, -37, -33, -29, -25, -21, -17, -13, -9, -5, 3, 53, 55, 61]
[111] sizes A=[45, 2, 114] B=[35, 94, 61] kills=[('B', 0, 40), ('B', 1, 33)] [0.3s]
      blk0 |S|=40 offs=[4, 6, 8, 10, 18, 22, 24, 26, 28, 30, 32, 34, 36, 38, 40, 42, 44, 46, 48, 50, 52, 54, 56, 58, 60, 62, 64, 66, 68, 70, 72, 74, 76, 78, 80, 146, 148, 150, 152, 154]
      blk1 |S|=33 offs=[-93, -91, -89, -85, -81, -79, -77, -75, -71, -69, -67, -65, -63, -61, -59, -57, -53, -45, -43, -41, -39, -37, -29, -25, -21, -13, -11, -9, -5, 3, 53, 59, 65]
[112] sizes A=[46, 2, 115] B=[34, 94, 60] kills=[('B', 0, 39), ('B', 1, 33)] [0.3s]
      blk0 |S|=39 offs=[4, 6, 8, 10, 18, 22, 24, 28, 30, 32, 34, 36, 38, 40, 42, 44, 46, 48, 50, 52, 54, 56, 58, 60, 62, 64, 66, 68, 70, 72, 74, 76, 78, 80, 146, 148, 150, 152, 154]
      blk1 |S|=33 offs=[-95, -93, -91, -89, -87, -85, -83, -81, -79, -77, -75, -65, -61, -55, -53, -45, -43, -41, -39, -37, -35, -29, -25, -21, -13, -11, -9, -5, 3, 33, 53, 59, 69]
[113] sizes A=[47, 2, 116] B=[33, 94, 59] kills=[('B', 0, 38), ('B', 1, 58)] [0.2s]
      blk0 |S|=38 offs=[4, 6, 8, 10, 18, 22, 24, 28, 32, 34, 36, 38, 40, 42, 44, 46, 48, 50, 52, 54, 56, 58, 60, 62, 64, 66, 68, 70, 72, 74, 76, 78, 80, 146, 148, 150, 152, 154]
      blk1 |S|=58 offs=[-95, -93, -91, -89, -87, -85, -83, -81, -79, -77, -75, -73, -71, -69, -67, -65, -63, -61, -59, -57, -55, -53, -51, -49, -47, -45, -43, -41, -39, -37, -35, -33, -31, -29, -27, -25, -23, -21, -17, -15, -13, -11, -9, -7, -5, -1, 3, 11, 35, 39, 43, 53, 63, 69, 73, 79, 81, 85]
[114] sizes A=[48, 2, 117] B=[32, 94, 58] kills=[('B', 0, 38), ('B', 1, 57)] [0.2s]
      blk0 |S|=38 offs=[4, 6, 8, 10, 18, 24, 28, 32, 34, 36, 38, 40, 42, 44, 46, 48, 50, 52, 54, 56, 58, 60, 62, 64, 66, 68, 70, 72, 74, 76, 78, 80, 146, 148, 150, 152, 154, 156]
      blk1 |S|=57 offs=[-95, -93, -91, -89, -87, -85, -83, -81, -79, -77, -75, -73, -71, -69, -67, -65, -63, -61, -59, -57, -55, -53, -51, -49, -47, -45, -43, -41, -39, -37, -35, -33, -31, -29, -27, -25, -23, -21, -17, -15, -13, -11, -9, -7, -5, -1, 3, 11, 35, 39, 43, 53, 63, 69, 79, 85, 89]
[115] sizes A=[49, 2, 118] B=[31, 94, 57] kills=[('B', 1, 57)] [0.2s]
      blk1 |S|=57 offs=[-95, -93, -91, -89, -87, -85, -83, -81, -79, -77, -75, -73, -71, -69, -67, -65, -63, -61, -59, -57, -55, -53, -51, -49, -47, -45, -43, -41, -39, -37, -35, -33, -31, -29, -27, -25, -23, -21, -17, -15, -13, -11, -9, -7, -5, -1, 3, 11, 35, 39, 43, 53, 63, 73, 79, 85, 89]
[116] sizes A=[49, 2, 119] B=[31, 94, 56] kills=[('B', 1, 32), ('B', 1, 30), ('B', 1, 27)] [0.4s]
      blk1 |S|=32 offs=[-93, -89, -87, -85, -77, -73, -69, -65, -61, -59, -53, -49, -45, -43, -41, -37, -33, -31, -29, -25, -21, -17, -13, -9, -5, -1, 3, 11, 53, 63, 79, 85]
      blk1 |S|=30 offs=[-93, -89, -87, -85, -81, -77, -73, -69, -65, -61, -57, -53, -45, -43, -41, -37, -33, -29, -21, -17, -13, -9, -5, -1, 3, 11, 53, 63, 79, 85]
      blk1 |S|=27 offs=[-93, -89, -87, -85, -81, -77, -73, -69, -65, -61, -57, -53, -45, -43, -41, -33, -21, -17, -13, -9, -5, -1, 3, 43, 53, 63, 79]
[117] sizes A=[49, 2, 120] B=[31, 94, 55] kills=[('B', 1, 22), ('B', 1, 20)] [0.3s]
      blk1 |S|=22 offs=[-93, -89, -85, -81, -77, -69, -65, -61, -53, -45, -41, -37, -29, -25, -21, -17, -13, -5, 3, 11, 39, 55]
      blk1 |S|=20 offs=[-93, -89, -85, -81, -77, -69, -65, -61, -53, -45, -41, -29, -25, -17, -13, -5, 3, 35, 39, 55]
[118] sizes A=[49, 2, 121] B=[31, 94, 54] kills=[('B', 1, 23), ('B', 1, 27), ('B', 1, 27)] [0.4s]
      blk1 |S|=23 offs=[-93, -89, -85, -79, -77, -69, -65, -61, -53, -45, -43, -41, -37, -33, -29, -27, -17, -13, -5, 3, 11, 35, 53]
      blk1 |S|=27 offs=[-93, -89, -85, -81, -79, -77, -73, -69, -65, -61, -57, -53, -49, -45, -43, -41, -37, -33, -29, -27, -17, -13, -5, 3, 11, 35, 53]
      blk1 |S|=27 offs=[-93, -89, -85, -81, -79, -77, -73, -69, -65, -61, -57, -53, -51, -49, -47, -45, -43, -41, -37, -33, -29, -17, -13, -5, 3, 11, 53]
[119] sizes A=[49, 2, 122] B=[31, 94, 53] kills=[('B', 1, 22), ('B', 1, 21), ('B', 1, 20)] [0.3s]
      blk1 |S|=22 offs=[-93, -89, -85, -81, -77, -69, -65, -61, -53, -45, -41, -37, -29, -25, -21, -17, -13, -5, 3, 11, 39, 59]
      blk1 |S|=21 offs=[-93, -89, -85, -81, -77, -69, -65, -61, -53, -45, -41, -37, -29, -25, -21, -17, -13, 3, 11, 39, 59]
      blk1 |S|=20 offs=[-93, -89, -85, -81, -77, -69, -65, -61, -53, -45, -41, -37, -29, -25, -21, -17, -13, 3, 39, 59]
[120] sizes A=[49, 2, 123] B=[31, 94, 52] kills=[('B', 1, 38), ('B', 1, 40)] [0.4s]
      blk1 |S|=38 offs=[-95, -93, -91, -87, -85, -81, -77, -69, -67, -63, -61, -59, -57, -53, -51, -49, -47, -45, -41, -39, -37, -35, -33, -29, -27, -23, -21, -13, -7, -5, -1, 3, 11, 35, 43, 71, 85, 89]
      blk1 |S|=40 offs=[-95, -93, -91, -87, -85, -81, -79, -77, -69, -67, -65, -63, -61, -59, -57, -53, -51, -49, -47, -45, -41, -39, -37, -35, -33, -29, -27, -23, -21, -13, -7, -5, -1, 3, 11, 35, 43, 71, 85, 89]
[121] sizes A=[49, 2, 124] B=[31, 94, 51] kills=[('B', 1, 43)] [0.3s]
      blk1 |S|=43 offs=[-95, -93, -91, -89, -85, -81, -77, -71, -69, -67, -63, -61, -57, -53, -51, -49, -47, -45, -41, -39, -37, -35, -33, -31, -29, -25, -23, -21, -19, -17, -13, -11, -9, -7, -5, -1, 3, 11, 35, 43, 79, 85, 89]
[122] sizes A=[49, 2, 125] B=[31, 94, 50] kills=[('B', 1, 18)] [0.2s]
      blk1 |S|=18 offs=[-93, -89, -85, -77, -69, -61, -53, -45, -41, -37, -33, -29, -13, -5, 3, 11, 59, 79]
[123] sizes A=[49, 2, 126] B=[31, 94, 49] kills=[('B', 1, 11), ('B', 1, 12), ('B', 1, 9)] [0.3s]
      blk1 |S|=11 offs=[-93, -77, -69, -61, -53, -45, -37, -29, -13, 3, 11]
      blk1 |S|=12 offs=[-93, -77, -69, -61, -53, -45, -37, -29, -13, 3, 11, 35]
      blk1 |S|=9 offs=[-93, -77, -61, -45, -37, -13, 3, 11, 35]
[124] sizes A=[49, 2, 126] B=[31, 94, 49] kills=[('B', 1, 19)] [0.2s]
      blk1 |S|=19 offs=[-93, -85, -77, -73, -69, -65, -61, -53, -45, -41, -37, -29, -21, -17, -13, -9, 3, 15, 59]
[125] sizes A=[49, 2, 126] B=[31, 94, 49] kills=[('B', 1, 38), ('B', 1, 37), ('B', 1, 32)] [0.5s]
      blk1 |S|=38 offs=[-95, -93, -89, -87, -85, -83, -81, -79, -77, -73, -71, -69, -67, -65, -63, -61, -59, -57, -55, -53, -51, -49, -47, -45, -43, -41, -39, -33, -31, -27, -21, -15, -9, -3, 3, 5, 43, 87]
      blk1 |S|=37 offs=[-95, -93, -89, -87, -85, -83, -81, -79, -77, -75, -73, -71, -69, -67, -65, -63, -61, -59, -57, -55, -51, -47, -45, -43, -41, -39, -33, -31, -27, -21, -15, -9, -3, 3, 5, 43, 87]
      blk1 |S|=32 offs=[-95, -93, -89, -87, -85, -83, -81, -79, -77, -75, -73, -71, -69, -67, -65, -63, -61, -59, -57, -55, -51, -47, -45, -43, -39, -33, -31, -21, -3, 3, 5, 87]
[126] sizes A=[49, 2, 128] B=[31, 94, 47] kills=[('B', 1, 22)] [0.3s]
      blk1 |S|=22 offs=[-93, -85, -83, -81, -77, -61, -59, -53, -49, -45, -41, -39, -37, -29, -23, -21, -17, -13, -1, 3, 25, 91]
[127] sizes A=[49, 2, 129] B=[31, 94, 46] kills=[('B', 1, 23)] [0.3s]
      blk1 |S|=23 offs=[-93, -85, -83, -81, -77, -61, -59, -53, -49, -45, -41, -39, -37, -29, -25, -23, -21, -17, -13, -1, 3, 25, 43]
[128] sizes A=[49, 2, 129] B=[31, 94, 46] kills=[('B', 1, 37)] [0.3s]
      blk1 |S|=37 offs=[-95, -93, -91, -89, -87, -81, -79, -77, -73, -71, -69, -67, -65, -63, -61, -59, -57, -55, -51, -47, -45, -43, -41, -39, -37, -35, -33, -31, -27, -21, -15, -9, -3, 3, 5, 35, 43]
[129] sizes A=[49, 2, 129] B=[31, 94, 46] kills=[('B', 1, 30), ('B', 1, 28), ('B', 1, 30)] [0.4s]
      blk1 |S|=30 offs=[-93, -89, -85, -81, -79, -77, -69, -65, -61, -59, -53, -49, -47, -45, -43, -41, -39, -37, -33, -29, -25, -21, -19, -17, -13, -11, -5, 3, 43, 53]
      blk1 |S|=28 offs=[-93, -89, -85, -81, -79, -77, -69, -61, -59, -53, -49, -47, -45, -43, -41, -39, -37, -33, -29, -25, -21, -19, -13, -11, -5, 3, 43, 53]
      blk1 |S|=30 offs=[-93, -91, -89, -85, -83, -81, -79, -77, -75, -71, -69, -67, -61, -59, -53, -47, -45, -43, -39, -37, -33, -29, -25, -19, -13, -11, -5, 3, 43, 53]
[130] sizes A=[49, 3, 128] B=[31, 93, 47] kills=[('B', 1, 25), ('B', 1, 23)] [0.3s]
      blk1 |S|=25 offs=[-93, -85, -81, -79, -77, -73, -69, -65, -61, -53, -49, -45, -43, -41, -37, -33, -31, -29, -25, -17, -13, 3, 15, 53, 59]
      blk1 |S|=23 offs=[-93, -85, -81, -79, -77, -73, -69, -65, -61, -53, -49, -45, -43, -41, -37, -33, -31, -29, -25, -13, 3, 15, 53]
[131] sizes A=[49, 3, 128] B=[31, 93, 47] kills=[('B', 1, 53)] [0.2s]
      blk1 |S|=53 offs=[-95, -93, -91, -89, -87, -85, -83, -81, -79, -77, -75, -73, -71, -69, -67, -65, -63, -61, -59, -57, -55, -53, -51, -49, -47, -45, -43, -41, -39, -37, -35, -33, -31, -29, -27, -25, -23, -21, -19, -17, -15, -13, -11, -7, -3, -1, 3, 5, 17, 35, 43, 53, 59]
[132] sizes A=[49, 3, 129] B=[31, 93, 46] kills=[('B', 1, 42)] [0.3s]
      blk1 |S|=42 offs=[-95, -93, -89, -87, -83, -81, -79, -77, -75, -73, -71, -69, -67, -65, -63, -59, -57, -55, -53, -51, -47, -45, -43, -41, -39, -37, -33, -31, -29, -25, -23, -21, -19, -17, -15, -13, -11, -3, 3, 5, 35, 53]
[133] sizes A=[49, 4, 128] B=[31, 92, 47] kills=[('B', 1, 37)] [0.3s]
      blk1 |S|=37 offs=[-95, -93, -89, -87, -85, -83, -81, -79, -77, -75, -73, -71, -69, -65, -63, -61, -59, -57, -53, -51, -47, -45, -43, -41, -39, -37, -35, -29, -27, -25, -21, -1, 3, 5, 17, 35, 53]
[134] sizes A=[49, 5, 127] B=[31, 91, 48] kills=[('B', 1, 35)] [0.3s]
      blk1 |S|=35 offs=[-95, -93, -89, -85, -83, -81, -77, -75, -73, -71, -69, -67, -65, -63, -61, -59, -57, -53, -49, -45, -39, -37, -33, -29, -27, -21, -17, -15, -7, 3, 5, 17, 35, 43, 59]
[135] sizes A=[49, 4, 128] B=[31, 92, 47] kills=[('B', 1, 42)] [0.4s]
      blk1 |S|=42 offs=[-95, -93, -91, -89, -87, -85, -83, -81, -79, -77, -75, -73, -69, -67, -65, -61, -59, -57, -55, -53, -51, -49, -47, -45, -43, -41, -39, -37, -35, -33, -29, -25, -21, -19, -17, -15, -5, 3, 17, 39, 43, 53]
[136] sizes A=[49, 3, 129] B=[31, 93, 46] kills=[('B', 1, 37)] [0.3s]
      blk1 |S|=37 offs=[-95, -93, -91, -89, -87, -85, -81, -79, -77, -75, -73, -69, -67, -65, -61, -57, -55, -53, -51, -47, -45, -43, -41, -37, -35, -33, -29, -21, -19, -17, -15, -11, -5, -1, 3, 17, 59]
[137] sizes A=[49, 6, 126] B=[31, 90, 49] kills=[('B', 1, 32)] [0.3s]
      blk1 |S|=32 offs=[-93, -91, -89, -85, -83, -81, -77, -69, -65, -63, -61, -57, -53, -49, -47, -45, -43, -41, -39, -37, -35, -33, -29, -25, -21, -7, -5, 3, 11, 17, 23, 43]
[138] sizes A=[49, 6, 126] B=[31, 90, 49] kills=[('B', 1, 50)] [0.2s]
      blk1 |S|=50 offs=[-95, -93, -91, -89, -87, -85, -83, -81, -79, -77, -75, -73, -71, -69, -67, -65, -63, -61, -59, -57, -55, -53, -51, -49, -47, -45, -43, -41, -39, -37, -35, -33, -31, -29, -27, -25, -23, -21, -19, -15, -11, -7, -5, 3, 7, 11, 17, 35, 47, 53]
[139] sizes A=[49, 6, 126] B=[31, 90, 49] kills=[('B', 1, 49)] [0.2s]
      blk1 |S|=49 offs=[-95, -93, -91, -89, -87, -85, -83, -81, -77, -75, -73, -71, -69, -67, -65, -63, -61, -59, -57, -55, -53, -51, -49, -47, -45, -43, -41, -39, -37, -35, -33, -31, -29, -27, -25, -21, -19, -15, -11, -7, -5, 3, 11, 17, 35, 39, 43, 47, 53]
[140] sizes A=[49, 6, 126] B=[31, 90, 49] kills=[('B', 1, 51)] [0.2s]
      blk1 |S|=51 offs=[-95, -93, -91, -89, -87, -85, -83, -81, -79, -77, -75, -73, -71, -69, -67, -65, -63, -61, -59, -57, -55, -53, -51, -49, -47, -45, -43, -41, -39, -37, -35, -33, -31, -29, -27, -25, -23, -21, -19, -15, -11, -7, -5, 3, 11, 17, 35, 39, 43, 53, 79]
[141] sizes A=[49, 5, 127] B=[31, 91, 48] kills=[('B', 1, 49)] [0.2s]
      blk1 |S|=49 offs=[-95, -93, -91, -89, -87, -85, -83, -81, -77, -75, -73, -71, -69, -67, -65, -63, -61, -59, -57, -55, -53, -51, -49, -47, -45, -43, -41, -39, -37, -35, -33, -31, -29, -27, -25, -23, -21, -19, -15, -11, -7, -5, 3, 11, 17, 35, 39, 43, 53]
[142] sizes A=[49, 5, 127] B=[31, 91, 48] kills=[('B', 1, 27)] [0.3s]
      blk1 |S|=27 offs=[-93, -89, -85, -81, -77, -75, -69, -63, -61, -57, -53, -51, -47, -45, -41, -39, -37, -33, -29, -25, -21, -19, -5, 3, 11, 17, 43]
[143] sizes A=[49, 4, 128] B=[31, 92, 47] kills=[('B', 1, 30)] [0.3s]
      blk1 |S|=30 offs=[-95, -93, -91, -85, -83, -81, -77, -75, -73, -69, -65, -61, -57, -55, -53, -49, -47, -45, -41, -39, -37, -35, -33, -29, -25, -15, -11, 3, 17, 63]
[144] sizes A=[49, 4, 128] B=[31, 92, 47] kills=[('B', 1, 39)] [0.3s]
      blk1 |S|=39 offs=[-95, -93, -91, -89, -87, -85, -83, -81, -79, -77, -71, -67, -63, -59, -55, -51, -47, -45, -43, -41, -39, -37, -35, -33, -31, -27, -25, -23, -19, -11, -7, -5, -3, -1, 3, 17, 23, 35, 43]
[145] sizes A=[49, 4, 128] B=[31, 92, 47] kills=[('B', 1, 33)] [0.3s]
      blk1 |S|=33 offs=[-93, -91, -89, -85, -83, -81, -79, -75, -73, -67, -65, -61, -57, -55, -49, -45, -43, -41, -39, -37, -33, -29, -25, -23, -11, -7, -5, -1, 3, 7, 17, 43, 59]
[146] sizes A=[49, 4, 128] B=[31, 92, 47] kills=[('B', 1, 43), ('B', 1, 34), ('B', 1, 29)] [0.4s]
      blk1 |S|=43 offs=[-95, -93, -91, -89, -87, -85, -83, -81, -79, -77, -75, -73, -71, -69, -67, -65, -63, -61, -57, -55, -53, -51, -49, -47, -45, -43, -41, -37, -35, -33, -29, -25, -23, -19, -15, -11, -5, -1, 3, 17, 39, 53, 59]
      blk1 |S|=34 offs=[-95, -93, -89, -85, -83, -81, -77, -75, -73, -69, -65, -63, -61, -57, -55, -53, -49, -45, -43, -41, -37, -35, -29, -25, -23, -15, -11, -5, -1, 3, 17, 39, 53, 59]
      blk1 |S|=29 offs=[-95, -93, -89, -85, -81, -77, -75, -73, -69, -65, -63, -61, -55, -53, -49, -45, -43, -37, -35, -29, -25, -23, -11, -5, -1, 3, 17, 39, 59]
[147] sizes A=[49, 5, 127] B=[31, 91, 48] kills=[('B', 1, 37)] [0.3s]
      blk1 |S|=37 offs=[-93, -91, -89, -85, -83, -81, -79, -77, -75, -73, -69, -65, -63, -61, -57, -53, -47, -45, -43, -41, -39, -37, -33, -31, -29, -25, -21, -15, -11, -5, 3, 17, 23, 35, 47, 53, 59]
[148] sizes A=[49, 5, 127] B=[31, 91, 48] kills=[('B', 1, 34), ('B', 1, 33)] [0.3s]
      blk1 |S|=34 offs=[-95, -93, -91, -89, -85, -83, -81, -79, -77, -75, -73, -69, -65, -61, -57, -49, -45, -43, -41, -39, -37, -33, -31, -29, -27, -25, -15, -11, -5, 3, 17, 23, 43, 59]
      blk1 |S|=33 offs=[-95, -93, -91, -89, -87, -85, -81, -79, -77, -75, -73, -69, -65, -61, -59, -57, -49, -45, -43, -41, -37, -33, -31, -29, -25, -15, -11, -5, 3, 17, 23, 43, 59]
[149] sizes A=[49, 5, 127] B=[31, 91, 48] kills=[('B', 1, 42), ('B', 1, 39)] [0.4s]
      blk1 |S|=42 offs=[-95, -93, -91, -89, -87, -85, -83, -81, -79, -77, -75, -73, -69, -67, -65, -61, -57, -55, -53, -51, -49, -47, -45, -43, -41, -39, -37, -35, -33, -29, -25, -23, -19, -11, -7, -5, 3, 7, 17, 35, 47, 59]
      blk1 |S|=39 offs=[-95, -93, -91, -89, -87, -85, -83, -81, -79, -77, -75, -73, -69, -67, -65, -61, -57, -55, -53, -51, -49, -47, -45, -43, -41, -39, -37, -35, -33, -29, -25, -19, -11, -7, -5, 3, 7, 17, 47]
[150] sizes A=[49, 5, 127] B=[31, 91, 48] kills=[('B', 1, 40), ('B', 1, 39), ('B', 1, 40), ('B', 1, 38)] [0.5s]
      blk1 |S|=40 offs=[-95, -93, -91, -89, -87, -85, -81, -79, -77, -75, -73, -69, -67, -65, -61, -59, -57, -55, -53, -51, -49, -47, -45, -43, -41, -39, -37, -35, -33, -31, -29, -23, -19, -11, -5, 3, 17, 39, 43, 59]
      blk1 |S|=39 offs=[-95, -93, -91, -89, -87, -85, -81, -79, -77, -75, -73, -69, -67, -65, -61, -59, -57, -55, -53, -49, -47, -45, -43, -41, -39, -37, -35, -33, -31, -29, -23, -19, -11, -5, 3, 17, 39, 43, 59]
      blk1 |S|=40 offs=[-95, -93, -91, -89, -87, -85, -83, -81, -79, -77, -75, -69, -67, -65, -61, -59, -57, -55, -53, -51, -49, -47, -45, -43, -41, -39, -37, -35, -33, -31, -29, -23, -19, -11, -5, 3, 17, 39, 43, 59]
      blk1 |S|=38 offs=[-95, -93, -91, -89, -87, -85, -83, -81, -79, -77, -75, -73, -69, -67, -65, -63, -61, -59, -57, -55, -53, -51, -49, -47, -45, -43, -41, -37, -35, -33, -29, -19, -11, -5, 3, 17, 39, 59]
[151] sizes A=[49, 6, 126] B=[31, 90, 49] kills=[('B', 1, 50)] [0.2s]
      blk1 |S|=50 offs=[-95, -93, -91, -89, -87, -85, -83, -81, -79, -77, -75, -73, -71, -69, -67, -65, -63, -61, -59, -57, -55, -53, -51, -49, -47, -45, -43, -41, -39, -37, -35, -33, -31, -29, -27, -25, -23, -21, -19, -11, -7, -3, 3, 7, 17, 25, 35, 43, 47, 53]
[152] sizes A=[49, 6, 126] B=[31, 90, 49] kills=[('B', 1, 52)] [0.2s]
      blk1 |S|=52 offs=[-95, -93, -91, -89, -87, -85, -83, -81, -79, -77, -75, -73, -71, -69, -67, -65, -63, -61, -59, -57, -55, -53, -51, -49, -47, -45, -43, -41, -39, -37, -35, -33, -31, -29, -27, -25, -23, -21, -19, -15, -11, -7, -3, 3, 5, 7, 17, 35, 43, 47, 53, 59]
[153] sizes A=[49, 6, 125] B=[31, 90, 50] kills=[('B', 1, 33), ('B', 1, 31), ('B', 1, 30)] [0.3s]
      blk1 |S|=33 offs=[-95, -93, -89, -85, -83, -79, -77, -75, -73, -71, -69, -65, -61, -59, -53, -47, -45, -43, -41, -39, -37, -33, -29, -27, -25, -23, -11, -7, 3, 17, 25, 55, 59]
      blk1 |S|=31 offs=[-95, -93, -89, -85, -83, -81, -79, -77, -75, -73, -71, -69, -65, -61, -53, -45, -43, -39, -37, -33, -29, -27, -25, -23, -11, -7, 3, 17, 25, 55, 59]
      blk1 |S|=30 offs=[-95, -93, -89, -85, -83, -81, -79, -77, -75, -73, -71, -69, -65, -61, -53, -45, -43, -39, -37, -33, -29, -27, -23, -11, -7, 3, 17, 25, 55, 59]
[154] sizes A=[49, 6, 125] B=[31, 90, 50] kills=[('B', 1, 36)] [0.3s]
      blk1 |S|=36 offs=[-95, -93, -89, -85, -77, -75, -73, -71, -69, -67, -65, -63, -61, -59, -57, -55, -53, -51, -49, -47, -45, -43, -41, -37, -33, -29, -27, -19, -15, 3, 5, 17, 35, 39, 43, 55]
[155] sizes A=[49, 5, 127] B=[31, 91, 48] kills=[('B', 1, 52)] [0.2s]
      blk1 |S|=52 offs=[-95, -93, -91, -89, -87, -85, -83, -81, -79, -77, -75, -73, -71, -69, -67, -65, -63, -61, -59, -57, -55, -53, -51, -49, -47, -45, -43, -41, -39, -37, -35, -33, -31, -29, -27, -25, -23, -21, -19, -15, -11, -7, -3, -1, 3, 7, 17, 25, 35, 43, 53, 59]
[156] sizes A=[49, 6, 126] B=[31, 90, 49] kills=[('B', 1, 50)] [0.2s]
      blk1 |S|=50 offs=[-95, -93, -91, -89, -87, -85, -83, -81, -79, -77, -75, -73, -71, -69, -67, -65, -63, -61, -59, -57, -55, -53, -51, -49, -47, -45, -43, -41, -39, -37, -35, -33, -31, -29, -27, -25, -23, -21, -19, -15, -7, -1, 3, 7, 11, 17, 25, 35, 43, 53]
[157] sizes A=[49, 7, 125] B=[31, 89, 50] kills=[('B', 1, 50)] [0.2s]
      blk1 |S|=50 offs=[-95, -93, -91, -89, -87, -85, -83, -81, -79, -77, -75, -73, -71, -69, -67, -65, -63, -61, -59, -57, -55, -53, -51, -49, -47, -45, -43, -41, -39, -37, -35, -33, -31, -29, -27, -25, -23, -21, -19, -15, -11, -7, 3, 7, 11, 17, 25, 35, 43, 53]
[158] sizes A=[49, 7, 125] B=[31, 89, 50] kills=[('B', 1, 50)] [0.2s]
      blk1 |S|=50 offs=[-95, -93, -91, -89, -87, -85, -83, -81, -79, -77, -75, -73, -71, -69, -67, -65, -63, -61, -59, -57, -55, -53, -51, -49, -47, -45, -43, -41, -39, -37, -35, -33, -31, -29, -27, -25, -23, -21, -19, -15, -11, -7, 3, 5, 7, 11, 17, 35, 43, 47]
[159] sizes A=[49, 4, 127] B=[31, 92, 48] kills=[('B', 1, 37), ('B', 1, 37), ('B', 1, 37), ('B', 1, 36)] [0.5s]
      blk1 |S|=37 offs=[-95, -93, -91, -89, -85, -83, -81, -79, -77, -75, -71, -69, -67, -65, -61, -59, -57, -53, -51, -49, -45, -43, -41, -39, -37, -33, -29, -27, -25, -21, -11, -7, -5, 3, 17, 25, 59]
      blk1 |S|=37 offs=[-95, -93, -91, -89, -87, -85, -83, -81, -79, -77, -75, -71, -69, -67, -65, -61, -59, -57, -53, -49, -45, -43, -41, -39, -37, -33, -29, -27, -25, -21, -11, -7, -5, 3, 17, 25, 59]
      blk1 |S|=37 offs=[-95, -93, -91, -89, -87, -85, -83, -81, -79, -77, -75, -73, -71, -69, -67, -65, -61, -59, -57, -53, -49, -45, -43, -41, -39, -37, -33, -29, -27, -25, -11, -7, -5, 3, 17, 25, 59]
      blk1 |S|=36 offs=[-95, -93, -91, -89, -87, -85, -83, -81, -79, -77, -75, -73, -71, -69, -67, -65, -61, -59, -57, -53, -49, -45, -43, -41, -39, -33, -29, -27, -25, -11, -7, -5, 3, 17, 25, 59]
[160] sizes A=[49, 4, 128] B=[31, 92, 47] kills=[('B', 1, 46), ('B', 1, 41)] [0.4s]
      blk1 |S|=46 offs=[-95, -93, -91, -89, -87, -85, -83, -81, -79, -77, -75, -73, -71, -69, -67, -63, -61, -59, -57, -51, -47, -45, -43, -41, -39, -37, -35, -33, -31, -29, -27, -25, -23, -21, -19, -15, -11, -9, -7, -5, 3, 17, 35, 47, 53, 59]
      blk1 |S|=41 offs=[-93, -91, -89, -87, -85, -83, -81, -79, -77, -75, -73, -71, -69, -67, -63, -61, -59, -57, -51, -47, -45, -43, -41, -39, -37, -35, -33, -31, -29, -27, -23, -19, -11, -9, -7, -5, 3, 17, 47, 53, 59]
[161] sizes A=[49, 4, 128] B=[31, 92, 47] kills=[('B', 1, 49), ('B', 1, 46)] [0.5s]
      blk1 |S|=49 offs=[-95, -93, -89, -87, -85, -83, -81, -79, -77, -75, -73, -71, -69, -67, -65, -63, -61, -59, -57, -55, -53, -51, -49, -47, -45, -43, -41, -39, -37, -35, -33, -31, -29, -25, -23, -21, -19, -15, -11, -9, -7, -5, 3, 17, 35, 43, 53, 59, 79]
      blk1 |S|=46 offs=[-95, -93, -89, -87, -85, -83, -81, -79, -77, -75, -73, -71, -69, -67, -65, -63, -61, -57, -55, -53, -51, -49, -47, -45, -43, -41, -39, -37, -35, -33, -29, -25, -23, -21, -19, -15, -11, -9, -7, -5, 3, 17, 35, 43, 53, 59]
[162] sizes A=[49, 5, 128] B=[31, 91, 47] kills=[('B', 1, 34), ('B', 1, 32), ('B', 1, 32)] [0.5s]
      blk1 |S|=34 offs=[-95, -93, -91, -89, -87, -85, -81, -79, -77, -75, -73, -69, -67, -65, -61, -57, -53, -51, -49, -47, -45, -43, -41, -39, -37, -35, -33, -29, -25, -19, -9, -5, 3, 17]
      blk1 |S|=32 offs=[-95, -93, -91, -89, -85, -81, -79, -77, -75, -73, -69, -67, -65, -63, -61, -59, -57, -53, -49, -47, -45, -43, -41, -39, -37, -33, -29, -25, -19, -5, 3, 17]
      blk1 |S|=32 offs=[-95, -93, -91, -89, -87, -85, -83, -81, -79, -77, -75, -73, -71, -69, -67, -65, -63, -61, -59, -57, -53, -49, -45, -43, -41, -37, -33, -29, -25, -5, 3, 17]
[163] sizes A=[49, 6, 126] B=[31, 90, 49] kills=[('B', 1, 37), ('B', 1, 37)] [0.3s]
      blk1 |S|=37 offs=[-95, -93, -89, -87, -85, -83, -81, -79, -77, -75, -67, -65, -63, -61, -53, -51, -49, -45, -43, -41, -39, -37, -35, -33, -29, -27, -25, -23, -21, -15, -11, -9, 3, 17, 25, 35, 53]
      blk1 |S|=37 offs=[-95, -93, -89, -85, -83, -81, -79, -77, -75, -73, -67, -65, -63, -61, -53, -51, -49, -45, -43, -41, -39, -37, -35, -33, -29, -27, -25, -23, -21, -15, -11, -9, 3, 17, 25, 35, 53]
[164] sizes A=[49, 7, 126] B=[31, 89, 49] kills=[('B', 1, 50)] [0.2s]
      blk1 |S|=50 offs=[-95, -93, -91, -89, -87, -85, -83, -81, -79, -77, -75, -73, -71, -69, -67, -65, -63, -61, -59, -57, -55, -53, -51, -49, -47, -45, -43, -41, -39, -37, -35, -33, -31, -29, -27, -25, -23, -21, -19, -15, -11, -9, 3, 11, 17, 25, 35, 43, 55, 59]
[165] sizes A=[49, 7, 126] B=[31, 89, 49] kills=[('B', 1, 49)] [0.2s]
      blk1 |S|=49 offs=[-95, -93, -91, -89, -87, -85, -83, -81, -79, -77, -75, -73, -71, -69, -67, -65, -63, -61, -59, -57, -55, -53, -51, -49, -47, -45, -43, -41, -39, -37, -35, -33, -31, -29, -27, -25, -23, -21, -19, -15, -9, 3, 7, 11, 17, 25, 35, 43, 59]
[166] sizes A=[49, 8, 124] B=[31, 88, 51] kills=[('B', 1, 52)] [0.3s]
      blk1 |S|=52 offs=[-95, -93, -91, -89, -87, -85, -83, -81, -79, -77, -75, -73, -71, -69, -67, -65, -63, -61, -59, -57, -55, -53, -51, -49, -47, -45, -43, -41, -39, -37, -35, -33, -31, -29, -27, -25, -23, -21, -19, -15, -9, 3, 11, 13, 17, 25, 29, 35, 43, 47, 55, 59]
[167] sizes A=[49, 8, 124] B=[31, 88, 51] kills=[('B', 1, 51)] [0.3s]
      blk1 |S|=51 offs=[-95, -93, -91, -89, -87, -85, -83, -81, -79, -77, -75, -73, -71, -69, -67, -65, -63, -61, -59, -57, -55, -53, -51, -49, -47, -45, -43, -41, -39, -37, -35, -33, -31, -29, -27, -25, -23, -21, -19, -15, -9, 3, 11, 13, 17, 25, 35, 43, 47, 55, 59]
[168] sizes A=[49, 8, 124] B=[31, 88, 51] kills=[('B', 1, 28), ('B', 1, 27), ('B', 1, 26)] [0.6s]
      blk1 |S|=28 offs=[-95, -93, -91, -89, -85, -81, -77, -69, -67, -65, -63, -61, -53, -49, -47, -45, -43, -41, -39, -37, -35, -33, -29, -21, 3, 11, 17, 37]
      blk1 |S|=27 offs=[-95, -93, -91, -89, -85, -77, -73, -69, -65, -63, -61, -55, -53, -49, -47, -45, -43, -41, -37, -35, -33, -29, -21, 3, 11, 17, 37]
      blk1 |S|=26 offs=[-95, -93, -91, -89, -85, -77, -73, -69, -65, -61, -55, -53, -49, -47, -45, -43, -41, -37, -35, -33, -29, -21, 3, 11, 17, 37]
[169] sizes A=[49, 8, 124] B=[31, 88, 51] kills=[('B', 1, 50)] [0.2s]
      blk1 |S|=50 offs=[-95, -93, -91, -89, -87, -85, -83, -81, -79, -77, -75, -73, -71, -69, -67, -65, -63, -61, -59, -57, -55, -53, -51, -49, -47, -45, -43, -41, -39, -37, -35, -33, -31, -29, -27, -25, -23, -21, -19, -15, -9, 3, 11, 13, 17, 25, 35, 43, 55, 59]
[170] sizes A=[49, 8, 126] B=[31, 88, 49] kills=[('B', 1, 48)] [0.2s]
      blk1 |S|=48 offs=[-95, -93, -91, -89, -87, -85, -83, -81, -79, -77, -75, -73, -71, -69, -67, -65, -63, -61, -59, -57, -55, -53, -51, -49, -47, -45, -43, -41, -39, -37, -35, -33, -31, -29, -27, -25, -21, -19, -15, -9, 3, 11, 13, 17, 25, 31, 35, 43]
[171] sizes A=[49, 7, 126] B=[31, 89, 49] kills=[('B', 1, 50)] [0.2s]
      blk1 |S|=50 offs=[-95, -93, -91, -89, -87, -85, -83, -81, -79, -77, -75, -73, -71, -69, -67, -65, -63, -61, -59, -57, -55, -53, -51, -49, -47, -45, -43, -41, -39, -37, -35, -33, -31, -29, -27, -25, -23, -21, -19, -15, -9, -3, 3, 11, 17, 25, 35, 49, 55, 59]
[172] sizes A=[49, 7, 126] B=[31, 89, 49] kills=[('B', 1, 50)] [0.2s]
      blk1 |S|=50 offs=[-95, -93, -91, -89, -87, -85, -83, -81, -79, -77, -75, -73, -71, -69, -67, -65, -63, -61, -59, -57, -55, -53, -51, -49, -47, -45, -43, -41, -39, -37, -35, -33, -31, -29, -27, -25, -23, -21, -19, -15, -9, -3, 3, 9, 11, 17, 25, 35, 43, 55]
[173] sizes A=[49, 7, 126] B=[31, 89, 49] kills=[('B', 1, 48)] [0.2s]
      blk1 |S|=48 offs=[-95, -93, -91, -89, -87, -85, -83, -81, -79, -77, -75, -73, -71, -69, -67, -65, -63, -61, -59, -57, -55, -53, -51, -49, -47, -45, -43, -41, -39, -37, -35, -33, -29, -27, -25, -21, -19, -15, -9, -3, 3, 11, 17, 25, 29, 35, 55, 59]
[174] sizes A=[49, 6, 127] B=[31, 90, 48] kills=[('B', 1, 50)] [0.2s]
      blk1 |S|=50 offs=[-95, -93, -91, -89, -87, -85, -83, -81, -79, -77, -75, -73, -71, -69, -67, -65, -63, -61, -59, -57, -55, -53, -51, -49, -47, -45, -43, -41, -39, -37, -35, -33, -31, -29, -27, -25, -23, -21, -19, -15, -3, -1, 3, 11, 17, 25, 35, 43, 55, 59]
[175] sizes A=[49, 7, 126] B=[31, 89, 49] kills=[('B', 1, 51)] [0.2s]
      blk1 |S|=51 offs=[-95, -93, -91, -89, -87, -85, -83, -81, -79, -77, -75, -73, -71, -69, -67, -65, -63, -61, -59, -57, -55, -53, -51, -49, -47, -45, -43, -41, -39, -37, -35, -33, -31, -29, -27, -25, -23, -21, -19, -15, -9, -3, 3, 9, 11, 17, 25, 31, 35, 43, 73]
[176] sizes A=[49, 7, 127] B=[31, 89, 48] kills=[('B', 1, 50)] [0.2s]
      blk1 |S|=50 offs=[-95, -93, -91, -89, -87, -85, -83, -81, -79, -77, -75, -73, -71, -69, -67, -65, -63, -61, -59, -57, -55, -53, -51, -49, -47, -45, -43, -41, -39, -37, -35, -33, -31, -29, -27, -25, -23, -21, -19, -15, -9, -3, 3, 9, 11, 17, 25, 31, 35, 43]
[177] sizes A=[49, 7, 127] B=[31, 89, 48] kills=[('B', 1, 48)] [0.2s]
      blk1 |S|=48 offs=[-95, -93, -91, -89, -87, -85, -83, -81, -79, -77, -75, -73, -71, -69, -67, -65, -63, -61, -59, -57, -55, -53, -51, -49, -47, -45, -43, -41, -39, -37, -35, -33, -31, -29, -27, -25, -23, -21, -15, -9, -3, 3, 11, 17, 25, 29, 31, 35]
[178] sizes A=[49, 7, 127] B=[31, 89, 48] kills=[('B', 1, 49)] [0.2s]
      blk1 |S|=49 offs=[-95, -93, -91, -89, -87, -85, -83, -81, -79, -77, -75, -73, -71, -69, -67, -65, -63, -61, -59, -57, -55, -53, -51, -49, -47, -45, -43, -41, -39, -37, -35, -33, -31, -29, -27, -25, -23, -21, -19, -15, -9, -3, 3, 11, 17, 25, 31, 35, 49]
[179] sizes A=[49, 6, 128] B=[31, 90, 47] kills=[('B', 1, 50)] [0.2s]
      blk1 |S|=50 offs=[-95, -93, -91, -89, -87, -85, -83, -81, -79, -77, -75, -73, -71, -69, -67, -65, -63, -61, -59, -57, -55, -53, -51, -49, -47, -45, -43, -41, -39, -37, -35, -33, -31, -29, -27, -25, -23, -21, -19, -15, -9, -3, -1, 3, 11, 17, 25, 31, 35, 43]
[180] sizes A=[49, 7, 128] B=[31, 89, 47] kills=[('B', 1, 36), ('B', 1, 44), ('B', 1, 41), ('B', 1, 38)] [0.6s]
      blk1 |S|=36 offs=[-95, -93, -91, -89, -83, -81, -77, -75, -71, -69, -67, -63, -61, -57, -53, -51, -45, -43, -41, -39, -37, -35, -33, -31, -29, -27, -23, -19, -15, -9, -3, 3, 9, 25, 31, 53]
      blk1 |S|=44 offs=[-95, -93, -91, -89, -87, -85, -83, -81, -79, -77, -75, -73, -71, -69, -67, -65, -63, -61, -59, -57, -55, -53, -51, -47, -45, -43, -41, -39, -37, -35, -33, -31, -29, -27, -23, -19, -15, -9, -3, 3, 9, 25, 31, 53]
      blk1 |S|=41 offs=[-95, -93, -91, -89, -87, -85, -83, -81, -79, -77, -75, -73, -71, -69, -67, -65, -63, -61, -59, -57, -55, -53, -51, -45, -43, -41, -39, -37, -35, -33, -31, -29, -27, -23, -19, -9, -3, 3, 9, 25, 31]
      blk1 |S|=38 offs=[-93, -91, -89, -87, -85, -83, -81, -79, -77, -75, -73, -71, -69, -67, -65, -63, -61, -59, -57, -55, -53, -51, -45, -43, -41, -39, -37, -35, -33, -29, -27, -23, -19, -9, -3, 3, 9, 25]
[181] sizes A=[49, 7, 128] B=[31, 89, 47] kills=[('B', 1, 42)] [0.3s]
      blk1 |S|=42 offs=[-95, -93, -91, -89, -87, -85, -81, -79, -77, -75, -73, -69, -65, -61, -57, -55, -53, -49, -47, -45, -43, -41, -39, -37, -35, -33, -29, -27, -25, -21, -19, -15, -9, -3, 3, 17, 25, 29, 31, 43, 59, 79]
[182] sizes A=[49, 7, 129] B=[31, 89, 46] kills=[('B', 1, 28), ('B', 1, 30), ('B', 1, 32), ('B', 1, 33)] [0.3s]
      blk1 |S|=28 offs=[-95, -93, -89, -87, -85, -79, -77, -73, -69, -61, -53, -49, -45, -43, -41, -37, -35, -33, -29, -27, -25, -21, -9, 3, 25, 29, 31, 59]
      blk1 |S|=30 offs=[-95, -93, -89, -87, -85, -81, -79, -77, -73, -69, -65, -61, -57, -53, -49, -45, -43, -41, -37, -35, -33, -29, -27, -25, -9, 3, 25, 29, 31, 59]
      blk1 |S|=32 offs=[-95, -93, -89, -85, -81, -79, -77, -75, -73, -71, -69, -65, -61, -57, -53, -49, -45, -43, -41, -37, -35, -33, -29, -27, -25, -21, -9, 3, 25, 29, 31, 59]
      blk1 |S|=33 offs=[-95, -93, -91, -89, -87, -85, -83, -81, -79, -77, -75, -73, -71, -69, -65, -61, -57, -53, -49, -47, -45, -43, -41, -37, -35, -33, -29, -21, -9, 3, 29, 31, 59]
[183] sizes A=[49, 7, 129] B=[31, 89, 46] kills=[('B', 1, 33), ('B', 1, 19)] [0.3s]
      blk1 |S|=33 offs=[-95, -93, -91, -89, -85, -83, -81, -77, -73, -71, -69, -65, -61, -57, -53, -51, -47, -45, -43, -41, -39, -37, -33, -31, -29, -27, -25, -19, 3, 17, 25, 31, 35]
      blk1 |S|=19 offs=[-93, -89, -83, -81, -77, -69, -65, -61, -57, -47, -45, -43, -33, -29, -25, -21, 3, 25, 31]
[184] sizes A=[49, 7, 127] B=[31, 89, 48] kills=[('B', 1, 45)] [0.4s]
      blk1 |S|=45 offs=[-95, -93, -91, -89, -87, -85, -83, -81, -79, -77, -75, -71, -69, -67, -65, -63, -61, -59, -57, -55, -53, -49, -47, -45, -43, -41, -39, -37, -35, -33, -31, -29, -27, -25, -23, -21, -19, -15, -9, 3, 17, 25, 35, 49, 53]
[185] sizes A=[49, 7, 127] B=[31, 89, 48] kills=[('B', 1, 52)] [0.2s]
      blk1 |S|=52 offs=[-95, -93, -91, -89, -87, -85, -83, -81, -79, -77, -75, -73, -71, -69, -67, -65, -63, -61, -59, -57, -55, -53, -51, -49, -47, -45, -43, -41, -39, -37, -35, -33, -31, -29, -27, -25, -23, -21, -19, -15, -9, -3, 3, 17, 25, 29, 35, 43, 47, 55, 59, 73]
[186] sizes A=[49, 7, 127] B=[31, 89, 48] kills=[('B', 1, 40)] [0.4s]
      blk1 |S|=40 offs=[-95, -93, -91, -89, -87, -85, -83, -79, -77, -75, -73, -71, -67, -65, -63, -61, -59, -57, -55, -53, -51, -49, -47, -45, -43, -41, -39, -37, -35, -33, -29, -27, -25, -21, -9, -3, 3, 17, 25, 29]
[187] sizes A=[49, 6, 128] B=[31, 90, 47] kills=[('B', 1, 42)] [0.3s]
      blk1 |S|=42 offs=[-95, -93, -91, -89, -85, -83, -81, -79, -77, -75, -73, -69, -67, -65, -63, -61, -59, -57, -53, -51, -49, -47, -45, -43, -41, -39, -37, -35, -33, -31, -29, -27, -25, -23, -21, -15, -1, 3, 17, 25, 35, 47]
[188] sizes A=[49, 6, 129] B=[31, 90, 46] kills=[('B', 1, 34), ('B', 1, 30)] [0.4s]
      blk1 |S|=34 offs=[-95, -93, -91, -89, -87, -85, -83, -77, -75, -73, -69, -65, -61, -53, -47, -45, -43, -41, -39, -37, -33, -31, -29, -27, -21, -19, -15, -9, -1, 3, 17, 25, 35, 59]
      blk1 |S|=30 offs=[-95, -93, -89, -85, -83, -77, -75, -73, -69, -65, -61, -53, -47, -45, -41, -39, -37, -33, -29, -27, -21, -19, -15, -9, -1, 3, 17, 25, 35, 59]
[189] sizes A=[49, 8, 126] B=[31, 88, 49] kills=[('B', 1, 38), ('B', 1, 37), ('B', 1, 13)] [0.5s]
      blk1 |S|=38 offs=[-95, -93, -91, -89, -87, -85, -83, -81, -77, -75, -73, -69, -67, -63, -61, -59, -57, -55, -53, -51, -49, -47, -45, -43, -41, -39, -37, -35, -33, -29, -27, -23, -19, -3, 3, 9, 23, 35]
      blk1 |S|=37 offs=[-95, -93, -91, -89, -87, -85, -83, -81, -77, -75, -73, -69, -67, -63, -61, -59, -57, -53, -51, -49, -47, -45, -43, -41, -39, -37, -35, -33, -29, -27, -23, -19, -15, -3, 3, 9, 35]
      blk1 |S|=13 offs=[-81, -75, -69, -63, -57, -51, -45, -39, -33, -15, -3, 3, 9]
[190] sizes A=[49, 8, 126] B=[31, 88, 49] kills=[('B', 1, 40), ('B', 1, 12)] [0.3s]
      blk1 |S|=40 offs=[-95, -93, -91, -89, -87, -85, -81, -79, -77, -75, -73, -71, -69, -67, -65, -61, -59, -57, -53, -51, -49, -47, -45, -43, -41, -39, -37, -35, -33, -29, -27, -25, -19, -3, 3, 17, 23, 25, 29, 55]
      blk1 |S|=12 offs=[-93, -81, -77, -69, -61, -57, -45, -33, -29, -21, 3, 23]
[191] sizes A=[49, 8, 126] B=[31, 88, 49] kills=[('B', 1, 29)] [0.3s]
      blk1 |S|=29 offs=[-95, -93, -89, -87, -85, -81, -77, -75, -73, -69, -65, -61, -53, -49, -45, -41, -37, -35, -33, -29, -27, -15, 3, 17, 25, 29, 35, 43, 59]
[192] sizes A=[49, 8, 126] B=[31, 88, 49] kills=[('B', 1, 30)] [0.3s]
      blk1 |S|=30 offs=[-95, -93, -89, -85, -83, -81, -77, -75, -73, -69, -65, -61, -53, -49, -47, -45, -41, -39, -37, -33, -29, -27, -19, -15, 3, 17, 25, 35, 43, 59]
[193] sizes A=[49, 8, 127] B=[31, 88, 48] kills=[('B', 1, 37)] [0.2s]
      blk1 |S|=37 offs=[-95, -93, -89, -85, -83, -81, -79, -77, -75, -71, -69, -67, -65, -63, -61, -59, -55, -53, -51, -49, -47, -45, -41, -39, -37, -33, -31, -29, -27, -21, -15, 3, 5, 17, 31, 35, 49]
[194] sizes A=[49, 8, 126] B=[31, 88, 49] kills=[('B', 1, 51)] [0.2s]
      blk1 |S|=51 offs=[-95, -93, -91, -89, -87, -85, -83, -81, -79, -77, -75, -73, -71, -69, -67, -65, -63, -61, -59, -57, -55, -53, -51, -49, -47, -45, -43, -41, -39, -37, -35, -33, -31, -29, -27, -25, -23, -21, -19, -15, -3, 3, 5, 7, 13, 17, 35, 43, 47, 55, 59]
[195] sizes A=[49, 8, 127] B=[31, 88, 48] kills=[('B', 1, 52)] [0.2s]
      blk1 |S|=52 offs=[-95, -93, -91, -89, -87, -85, -83, -81, -79, -77, -75, -73, -71, -69, -67, -65, -63, -61, -59, -57, -55, -53, -51, -49, -47, -45, -43, -41, -39, -37, -35, -33, -31, -29, -27, -25, -23, -21, -19, -15, -3, 3, 5, 7, 17, 35, 43, 47, 49, 53, 55, 59]
[196] sizes A=[49, 8, 128] B=[31, 88, 47] kills=[('B', 1, 51)] [0.2s]
      blk1 |S|=51 offs=[-95, -93, -91, -89, -87, -85, -83, -81, -79, -77, -75, -73, -71, -69, -67, -65, -63, -61, -59, -57, -55, -53, -51, -49, -47, -45, -43, -41, -39, -37, -35, -33, -31, -29, -27, -25, -23, -21, -19, -15, -3, 3, 5, 7, 17, 35, 43, 47, 49, 53, 59]
[197] sizes A=[49, 8, 128] B=[31, 88, 47] kills=[('B', 1, 51)] [0.2s]
      blk1 |S|=51 offs=[-95, -93, -91, -89, -87, -85, -83, -81, -79, -77, -75, -73, -71, -69, -67, -65, -63, -61, -59, -57, -55, -53, -51, -49, -47, -45, -43, -41, -39, -37, -35, -33, -31, -29, -27, -25, -23, -21, -19, -15, -3, 3, 5, 7, 17, 29, 35, 43, 47, 53, 59]
[198] sizes A=[49, 7, 129] B=[31, 89, 46] kills=[('B', 1, 51)] [0.2s]
      blk1 |S|=51 offs=[-95, -93, -91, -89, -87, -85, -83, -81, -79, -77, -75, -73, -71, -69, -67, -65, -63, -61, -59, -57, -55, -53, -51, -49, -47, -45, -43, -41, -39, -37, -35, -33, -31, -29, -27, -25, -23, -21, -19, -15, -11, -3, 3, 5, 7, 17, 35, 43, 47, 53, 59]
[199] sizes A=[49, 8, 128] B=[31, 88, 47] kills=[('B', 1, 50)] [0.2s]
      blk1 |S|=50 offs=[-95, -93, -91, -89, -87, -85, -83, -81, -79, -77, -75, -73, -71, -69, -67, -65, -63, -61, -59, -57, -55, -53, -51, -49, -47, -45, -43, -41, -39, -37, -35, -33, -31, -29, -27, -25, -23, -21, -19, -15, -3, 3, 5, 7, 17, 29, 31, 35, 43, 53]
[200] sizes A=[49, 9, 126] B=[31, 87, 49] kills=[('B', 1, 50)] [0.2s]
      blk1 |S|=50 offs=[-95, -93, -91, -89, -87, -85, -83, -81, -79, -77, -75, -73, -71, -69, -67, -65, -63, -61, -59, -57, -55, -53, -51, -49, -47, -45, -43, -41, -39, -37, -35, -33, -31, -29, -27, -25, -23, -21, -19, -15, 3, 5, 11, 13, 17, 29, 31, 35, 39, 43]
[201] sizes A=[49, 9, 126] B=[31, 87, 49] kills=[('B', 1, 50)] [0.2s]
      blk1 |S|=50 offs=[-95, -93, -91, -89, -87, -85, -83, -81, -79, -77, -75, -73, -71, -69, -67, -65, -63, -61, -59, -57, -55, -53, -51, -49, -47, -45, -43, -41, -39, -37, -35, -33, -31, -29, -27, -25, -23, -21, -19, -15, 3, 5, 9, 11, 13, 17, 31, 35, 39, 43]
[202] sizes A=[49, 9, 126] B=[31, 87, 49] kills=[('B', 1, 49)] [0.2s]
      blk1 |S|=49 offs=[-95, -93, -91, -89, -87, -85, -83, -81, -79, -77, -75, -73, -71, -69, -67, -65, -63, -61, -59, -57, -55, -53, -51, -49, -47, -45, -43, -41, -39, -37, -35, -33, -31, -29, -27, -25, -23, -21, -19, -15, 3, 5, 7, 9, 11, 13, 17, 31, 53]
[203] sizes A=[49, 9, 127] B=[31, 87, 48] kills=[('B', 1, 49)] [0.2s]
      blk1 |S|=49 offs=[-95, -93, -91, -89, -87, -85, -83, -81, -79, -77, -75, -73, -71, -69, -67, -65, -63, -61, -59, -57, -55, -53, -51, -49, -47, -45, -43, -41, -39, -37, -35, -33, -31, -29, -27, -25, -23, -21, -19, -15, 3, 5, 7, 9, 11, 17, 31, 35, 43]
[204] sizes A=[49, 9, 127] B=[31, 87, 48] kills=[('B', 1, 35)] [0.3s]
      blk1 |S|=35 offs=[-95, -93, -91, -89, -87, -85, -83, -81, -77, -75, -73, -71, -69, -65, -63, -61, -57, -55, -53, -51, -49, -45, -43, -41, -39, -37, -33, -29, -27, -21, 5, 7, 11, 17, 29]
[205] sizes A=[49, 8, 128] B=[31, 88, 47] kills=[('B', 1, 49)] [0.2s]
      blk1 |S|=49 offs=[-95, -93, -91, -89, -87, -85, -83, -81, -79, -77, -75, -73, -71, -69, -67, -65, -63, -61, -59, -57, -55, -53, -51, -49, -47, -45, -43, -41, -39, -37, -35, -33, -31, -29, -27, -25, -23, -21, -19, -15, -11, 3, 5, 7, 11, 17, 35, 43, 47]
[206] sizes A=[49, 9, 127] B=[31, 87, 48] kills=[('B', 1, 48)] [0.2s]
      blk1 |S|=48 offs=[-95, -93, -91, -89, -87, -85, -83, -81, -79, -77, -75, -73, -71, -69, -67, -65, -63, -61, -59, -57, -55, -53, -51, -49, -47, -45, -43, -41, -39, -37, -35, -33, -31, -29, -27, -25, -23, -21, -19, -15, 3, 5, 7, 11, 17, 35, 43, 47]
[207] sizes A=[49, 6, 130] B=[31, 90, 45] kills=[('B', 1, 35)] [0.3s]
      blk1 |S|=35 offs=[-93, -91, -89, -87, -85, -83, -81, -79, -77, -73, -69, -65, -61, -59, -57, -53, -51, -49, -47, -45, -43, -41, -39, -37, -33, -29, -25, -23, -21, -13, -1, 3, 5, 7, 43]
[208] sizes A=[49, 6, 128] B=[31, 90, 47] kills=[('B', 1, 37), ('B', 1, 32)] [0.3s]
      blk1 |S|=37 offs=[-95, -93, -89, -85, -81, -77, -75, -73, -71, -69, -67, -63, -61, -59, -53, -51, -49, -45, -43, -41, -37, -33, -31, -29, -27, -21, -19, -15, -13, -3, -1, 3, 5, 13, 35, 55, 63]
      blk1 |S|=32 offs=[-95, -93, -91, -85, -81, -79, -77, -73, -71, -69, -67, -63, -61, -53, -49, -45, -41, -37, -33, -29, -27, -21, -19, -15, -13, -3, -1, 3, 5, 35, 55, 63]
[209] sizes A=[49, 6, 128] B=[31, 90, 47] kills=[('B', 1, 42)] [0.3s]
      blk1 |S|=42 offs=[-95, -93, -91, -89, -85, -81, -77, -75, -71, -69, -67, -65, -63, -61, -59, -57, -55, -53, -51, -49, -45, -43, -41, -39, -37, -35, -33, -31, -29, -27, -21, -19, -15, -13, -3, -1, 3, 5, 13, 39, 49, 55]
[210] sizes A=[49, 6, 129] B=[31, 90, 46] kills=[('B', 1, 28)] [0.3s]
      blk1 |S|=28 offs=[-95, -93, -85, -81, -77, -71, -69, -63, -61, -57, -53, -51, -49, -45, -41, -37, -33, -31, -29, -27, -21, -19, -13, -3, 3, 5, 31, 43]
[211] sizes A=[49, 6, 130] B=[31, 90, 45] kills=[('B', 1, 51)] [0.2s]
      blk1 |S|=51 offs=[-95, -93, -91, -89, -87, -85, -83, -81, -79, -77, -75, -73, -71, -69, -67, -65, -63, -61, -59, -57, -55, -53, -51, -49, -47, -45, -43, -41, -39, -37, -35, -33, -31, -29, -27, -25, -21, -19, -15, -13, -3, -1, 3, 5, 13, 35, 39, 43, 53, 55, 59]
[212] sizes A=[49, 5, 131] B=[31, 91, 44] kills=[('B', 1, 34)] [0.3s]
      blk1 |S|=34 offs=[-93, -89, -85, -81, -79, -77, -75, -73, -71, -69, -67, -65, -63, -61, -59, -57, -55, -53, -51, -49, -47, -45, -43, -41, -37, -29, -25, -21, -15, -13, -1, 3, 5, 55]
[213] sizes A=[49, 5, 131] B=[31, 91, 44] kills=[('B', 1, 23)] [0.3s]
      blk1 |S|=23 offs=[-93, -89, -85, -81, -79, -77, -65, -61, -53, -45, -43, -41, -39, -37, -29, -25, -21, -13, -11, 3, 53, 55, 59]
[214] sizes A=[49, 5, 130] B=[31, 91, 45] kills=[('B', 1, 37), ('B', 1, 32)] [0.4s]
      blk1 |S|=37 offs=[-95, -93, -89, -87, -85, -83, -81, -77, -73, -69, -65, -61, -59, -53, -51, -45, -43, -41, -37, -33, -31, -29, -25, -23, -21, -19, -15, -13, -7, -1, 3, 25, 39, 53, 55, 59, 73]
      blk1 |S|=32 offs=[-95, -93, -91, -89, -87, -85, -83, -81, -77, -73, -69, -65, -61, -59, -53, -45, -43, -41, -37, -31, -29, -25, -23, -21, -19, -13, -1, 3, 25, 39, 53, 55]
[215] sizes A=[49, 5, 130] B=[31, 91, 45] kills=[('B', 1, 30), ('B', 1, 28), ('B', 1, 32)] [0.3s]
      blk1 |S|=30 offs=[-93, -91, -89, -85, -83, -81, -79, -77, -69, -61, -59, -57, -53, -49, -45, -41, -39, -37, -33, -29, -27, -21, -13, -7, 3, 25, 35, 53, 55, 63]
      blk1 |S|=28 offs=[-93, -91, -89, -83, -81, -79, -77, -69, -61, -59, -57, -53, -49, -45, -39, -37, -33, -29, -27, -21, -13, -7, 3, 25, 35, 53, 55, 63]
      blk1 |S|=32 offs=[-93, -91, -89, -83, -81, -79, -77, -69, -65, -61, -59, -57, -53, -49, -45, -43, -41, -39, -37, -33, -29, -27, -25, -21, -13, -7, 3, 25, 35, 53, 55, 63]
[216] sizes A=[49, 6, 129] B=[31, 90, 46] kills=[('B', 1, 30)] [0.3s]
      blk1 |S|=30 offs=[-95, -93, -87, -85, -81, -79, -77, -69, -61, -59, -57, -53, -49, -45, -41, -39, -37, -33, -29, -21, -15, -13, -3, -1, 3, 29, 53, 55, 63, 73]
[217] sizes A=[49, 6, 129] B=[31, 90, 46] kills=[('B', 1, 30)] [0.3s]
      blk1 |S|=30 offs=[-95, -93, -89, -87, -85, -81, -77, -69, -61, -59, -57, -53, -49, -45, -43, -41, -37, -33, -29, -23, -21, -15, -13, -3, -1, 3, 29, 53, 55, 63]
[218] sizes A=[49, 5, 131] B=[31, 91, 44] kills=[('B', 1, 37)] [0.4s]
      blk1 |S|=37 offs=[-95, -93, -89, -85, -83, -81, -79, -77, -75, -73, -71, -69, -67, -65, -63, -61, -59, -57, -55, -53, -51, -49, -47, -45, -43, -41, -37, -33, -29, -21, -13, -7, -1, 3, 7, 25, 53]
[219] sizes A=[49, 6, 130] B=[31, 90, 45] kills=[('B', 1, 50)] [0.2s]
      blk1 |S|=50 offs=[-95, -93, -91, -89, -87, -85, -83, -81, -79, -77, -75, -73, -71, -69, -67, -65, -63, -61, -59, -57, -55, -53, -51, -49, -47, -45, -43, -41, -39, -37, -35, -33, -31, -29, -27, -25, -23, -21, -19, -15, -13, -3, -1, 3, 7, 25, 29, 35, 53, 59]
[220] sizes A=[49, 6, 130] B=[31, 90, 45] kills=[('B', 1, 41), ('B', 1, 24)] [0.3s]
      blk1 |S|=41 offs=[-95, -89, -87, -85, -83, -81, -79, -77, -73, -69, -67, -65, -63, -61, -57, -55, -53, -51, -49, -47, -45, -43, -41, -39, -37, -35, -33, -31, -29, -25, -23, -21, -19, -15, 1, 3, 7, 25, 35, 53, 55]
      blk1 |S|=24 offs=[-95, -93, -91, -89, -87, -83, -79, -75, -71, -67, -65, -63, -55, -47, -43, -39, -31, -23, -21, -15, 1, 3, 25, 53]
[221] sizes A=[49, 5, 132] B=[31, 91, 43] kills=[('B', 1, 38), ('B', 1, 39), ('B', 1, 34)] [0.6s]
      blk1 |S|=38 offs=[-95, -93, -91, -89, -85, -83, -81, -79, -77, -73, -71, -69, -65, -63, -61, -59, -57, -53, -49, -47, -45, -43, -41, -37, -35, -33, -29, -25, -23, -21, -13, -11, 3, 7, 25, 43, 53, 59]
      blk1 |S|=39 offs=[-95, -93, -91, -89, -87, -85, -83, -81, -79, -77, -75, -73, -71, -69, -65, -63, -61, -59, -57, -53, -49, -47, -45, -43, -41, -37, -35, -33, -29, -25, -23, -13, -11, 3, 7, 25, 43, 53, 59]
      blk1 |S|=34 offs=[-95, -93, -91, -89, -87, -85, -83, -81, -79, -77, -73, -71, -69, -65, -63, -61, -59, -53, -49, -47, -45, -43, -41, -37, -35, -33, -29, -23, -11, 3, 7, 25, 43, 59]
[222] sizes A=[49, 4, 132] B=[31, 92, 43] kills=[('B', 1, 33)] [0.3s]
      blk1 |S|=33 offs=[-93, -91, -89, -85, -83, -81, -79, -77, -75, -67, -65, -61, -59, -55, -53, -47, -45, -43, -41, -39, -37, -35, -29, -25, -23, -21, -15, -13, -5, 3, 25, 43, 53]
[223] sizes A=[49, 4, 133] B=[31, 92, 42] kills=[('B', 1, 28), ('B', 1, 28), ('B', 1, 28)] [0.4s]
      blk1 |S|=28 offs=[-93, -89, -85, -81, -79, -77, -73, -69, -65, -61, -59, -53, -51, -49, -45, -43, -41, -39, -37, -33, -29, -23, -21, -19, -13, 3, 35, 53]
      blk1 |S|=28 offs=[-95, -93, -91, -89, -85, -81, -79, -77, -75, -73, -69, -65, -61, -59, -53, -49, -45, -43, -41, -39, -37, -29, -21, -19, -13, 3, 35, 53]
      blk1 |S|=28 offs=[-95, -93, -89, -85, -81, -79, -77, -75, -73, -69, -65, -61, -53, -51, -49, -47, -45, -43, -41, -37, -33, -29, -25, -21, -13, 3, 35, 53]
[224] sizes A=[49, 2, 135] B=[31, 94, 40] kills=[('B', 1, 12)] [0.2s]
      blk1 |S|=12 offs=[-93, -77, -69, -61, -53, -45, -37, -29, -13, -5, 3, 43]
[225] sizes A=[49, 7, 129] B=[31, 89, 46] kills=[('B', 1, 34)] [0.3s]
      blk1 |S|=34 offs=[-95, -93, -89, -85, -81, -79, -77, -75, -73, -69, -65, -61, -59, -57, -53, -49, -45, -41, -39, -37, -35, -33, -29, -27, -21, -17, -15, 3, 5, 13, 17, 35, 43, 59]
[226] sizes A=[49, 6, 131] B=[31, 90, 44] kills=[('B', 1, 40)] [0.3s]
      blk1 |S|=40 offs=[-95, -93, -89, -85, -83, -81, -79, -77, -75, -73, -69, -65, -61, -59, -57, -55, -53, -49, -47, -45, -43, -41, -39, -37, -35, -33, -31, -29, -27, -21, -19, -17, -15, 3, 5, 17, 35, 39, 43, 59]
[227] sizes A=[49, 7, 130] B=[31, 89, 45] kills=[('B', 1, 51)] [0.2s]
      blk1 |S|=51 offs=[-95, -93, -91, -89, -87, -85, -83, -81, -79, -77, -75, -73, -71, -69, -67, -65, -63, -61, -59, -57, -55, -53, -51, -49, -47, -45, -43, -41, -39, -37, -35, -33, -31, -29, -27, -25, -23, -21, -19, -17, -11, -3, 3, 5, 7, 17, 35, 43, 53, 59, 69]
[228] sizes A=[49, 7, 130] B=[31, 89, 45] kills=[('B', 1, 51)] [0.2s]
      blk1 |S|=51 offs=[-95, -93, -91, -89, -87, -85, -83, -81, -79, -77, -75, -73, -71, -69, -67, -65, -63, -61, -59, -57, -55, -53, -51, -49, -47, -45, -43, -41, -39, -37, -35, -33, -31, -29, -27, -25, -23, -21, -19, -17, -11, -3, 3, 5, 7, 17, 35, 41, 43, 53, 59]
[229] sizes A=[49, 8, 129] B=[31, 88, 46] kills=[('B', 1, 50)] [0.2s]
      blk1 |S|=50 offs=[-95, -93, -91, -89, -87, -85, -83, -81, -79, -77, -75, -73, -71, -69, -67, -65, -63, -61, -59, -57, -55, -53, -51, -49, -47, -45, -43, -41, -39, -37, -35, -33, -31, -29, -27, -25, -23, -21, -19, -17, -3, 3, 5, 7, 17, 35, 43, 49, 53, 59]
[230] sizes A=[49, 8, 129] B=[31, 88, 46] kills=[('B', 1, 50)] [0.2s]
      blk1 |S|=50 offs=[-95, -93, -91, -89, -87, -85, -83, -81, -79, -77, -75, -73, -71, -69, -67, -65, -63, -61, -59, -57, -55, -53, -51, -49, -47, -45, -43, -41, -39, -37, -35, -33, -31, -29, -27, -25, -23, -21, -19, -17, -3, 3, 5, 7, 9, 17, 35, 43, 53, 59]
[231] sizes A=[49, 8, 129] B=[31, 88, 46] kills=[('B', 1, 50)] [0.2s]
      blk1 |S|=50 offs=[-95, -93, -91, -89, -87, -85, -83, -81, -79, -77, -75, -73, -71, -69, -67, -65, -63, -61, -59, -57, -55, -53, -51, -49, -47, -45, -43, -41, -39, -37, -35, -33, -31, -29, -27, -25, -23, -21, -19, -17, -3, 3, 5, 7, 17, 29, 35, 43, 53, 59]
[232] sizes A=[49, 9, 127] B=[31, 87, 48] kills=[('B', 1, 46)] [0.2s]
      blk1 |S|=46 offs=[-95, -93, -91, -89, -87, -85, -83, -81, -79, -77, -75, -73, -71, -69, -67, -65, -63, -61, -59, -57, -55, -53, -51, -49, -47, -45, -43, -41, -39, -37, -35, -33, -31, -29, -27, -25, -23, -21, -17, 3, 5, 7, 11, 17, 35, 43]
[233] sizes A=[49, 9, 126] B=[31, 87, 49] kills=[('B', 1, 53)] [0.2s]
      blk1 |S|=53 offs=[-95, -93, -91, -89, -87, -85, -83, -81, -79, -77, -75, -73, -71, -69, -67, -65, -63, -61, -59, -57, -55, -53, -51, -49, -47, -45, -43, -41, -39, -37, -35, -33, -31, -29, -27, -25, -23, -21, -19, -17, 1, 3, 5, 11, 17, 35, 39, 41, 43, 49, 53, 57, 59]
[234] sizes A=[49, 9, 126] B=[31, 87, 49] kills=[('B', 1, 53)] [0.2s]
      blk1 |S|=53 offs=[-95, -93, -91, -89, -87, -85, -83, -81, -79, -77, -75, -73, -71, -69, -67, -65, -63, -61, -59, -57, -55, -53, -51, -49, -47, -45, -43, -41, -39, -37, -35, -33, -31, -29, -27, -25, -23, -21, -19, -17, 1, 3, 5, 11, 17, 33, 35, 39, 41, 43, 49, 53, 59]
[235] sizes A=[49, 9, 126] B=[31, 87, 49] kills=[('B', 1, 53)] [0.2s]
      blk1 |S|=53 offs=[-95, -93, -91, -89, -87, -85, -83, -81, -79, -77, -75, -73, -71, -69, -67, -65, -63, -61, -59, -57, -55, -53, -51, -49, -47, -45, -43, -41, -39, -37, -35, -33, -31, -29, -27, -25, -23, -21, -19, -17, 1, 3, 5, 11, 17, 21, 35, 39, 41, 43, 49, 53, 59]
[236] sizes A=[49, 9, 126] B=[31, 87, 49] kills=[('B', 1, 49)] [0.2s]
      blk1 |S|=49 offs=[-95, -93, -91, -89, -87, -85, -83, -81, -79, -77, -75, -73, -71, -69, -67, -65, -63, -61, -59, -57, -55, -53, -51, -49, -47, -45, -43, -41, -39, -37, -35, -33, -31, -29, -27, -25, -21, -17, 3, 5, 11, 13, 17, 33, 35, 39, 41, 43, 59]
[237] sizes A=[49, 9, 126] B=[31, 87, 49] kills=[('B', 1, 51)] [0.2s]
      blk1 |S|=51 offs=[-95, -93, -91, -89, -87, -85, -83, -81, -79, -77, -75, -73, -71, -69, -67, -65, -63, -61, -59, -57, -55, -53, -51, -49, -47, -45, -43, -41, -39, -37, -35, -33, -31, -29, -27, -25, -23, -21, -19, -17, 3, 5, 11, 13, 17, 35, 39, 41, 43, 49, 57]
[238] sizes A=[49, 9, 126] B=[31, 87, 49] kills=[('B', 1, 53)] [0.1s]
      blk1 |S|=53 offs=[-95, -93, -91, -89, -87, -85, -83, -81, -79, -77, -75, -73, -71, -69, -67, -65, -63, -61, -59, -57, -55, -53, -51, -49, -47, -45, -43, -41, -39, -37, -35, -33, -31, -29, -27, -25, -23, -21, -19, -17, 3, 5, 11, 13, 17, 21, 35, 39, 41, 43, 49, 53, 59]
[239] sizes A=[49, 9, 127] B=[31, 87, 48] kills=[('B', 1, 52)] [0.2s]
      blk1 |S|=52 offs=[-95, -93, -91, -89, -87, -85, -83, -81, -79, -77, -75, -73, -71, -69, -67, -65, -63, -61, -59, -57, -55, -53, -51, -49, -47, -45, -43, -41, -39, -37, -35, -33, -31, -29, -27, -25, -23, -21, -19, -17, 3, 5, 11, 13, 17, 33, 35, 39, 43, 49, 53, 59]
[240] sizes A=[49, 9, 127] B=[31, 87, 48] kills=[('B', 1, 50)] [0.2s]
      blk1 |S|=50 offs=[-95, -93, -91, -89, -87, -85, -83, -81, -79, -77, -75, -73, -71, -69, -67, -65, -63, -61, -59, -57, -55, -53, -51, -49, -47, -45, -43, -41, -39, -37, -35, -33, -31, -29, -27, -25, -23, -21, -19, -17, 3, 5, 11, 13, 17, 35, 39, 43, 49, 57]
[241] sizes A=[49, 9, 127] B=[31, 87, 48] kills=[('B', 1, 52)] [0.2s]
      blk1 |S|=52 offs=[-95, -93, -91, -89, -87, -85, -83, -81, -79, -77, -75, -73, -71, -69, -67, -65, -63, -61, -59, -57, -55, -53, -51, -49, -47, -45, -43, -41, -39, -37, -35, -33, -31, -29, -27, -25, -23, -21, -19, -17, 3, 5, 11, 13, 17, 21, 35, 39, 43, 49, 53, 59]
[242] sizes A=[49, 9, 127] B=[31, 87, 48] kills=[('B', 1, 50)] [0.2s]
      blk1 |S|=50 offs=[-95, -93, -91, -89, -87, -85, -83, -81, -79, -77, -75, -73, -71, -69, -67, -65, -63, -61, -59, -57, -55, -53, -51, -49, -47, -45, -43, -41, -39, -37, -35, -33, -31, -29, -27, -25, -23, -21, -19, -17, 3, 5, 9, 11, 13, 17, 35, 39, 43, 49]
[243] sizes A=[49, 9, 126] B=[31, 87, 49] kills=[('B', 1, 33), ('B', 1, 25), ('B', 1, 30)] [0.3s]
      blk1 |S|=33 offs=[-95, -93, -91, -89, -87, -83, -81, -79, -77, -75, -73, -71, -69, -67, -65, -63, -59, -57, -55, -53, -51, -47, -45, -43, -39, -31, -27, -23, -19, 1, 9, 11, 39]
      blk1 |S|=25 offs=[-95, -91, -89, -87, -83, -79, -75, -73, -71, -69, -67, -63, -59, -55, -51, -47, -45, -43, -39, -31, -23, -19, 1, 9, 11]
      blk1 |S|=30 offs=[-95, -93, -91, -89, -87, -83, -81, -79, -75, -73, -71, -69, -67, -63, -59, -55, -51, -47, -45, -43, -39, -35, -31, -27, -23, -19, 1, 9, 11, 39]
[244] sizes A=[49, 9, 127] B=[31, 87, 48] kills=[('B', 1, 51)] [0.2s]
      blk1 |S|=51 offs=[-95, -93, -91, -89, -87, -85, -83, -81, -79, -77, -75, -73, -71, -69, -67, -65, -63, -61, -59, -57, -55, -53, -51, -49, -47, -45, -43, -41, -39, -37, -35, -33, -31, -29, -27, -25, -23, -21, -19, -17, 3, 5, 9, 11, 13, 17, 35, 39, 41, 43, 53]
[245] sizes A=[49, 9, 128] B=[31, 87, 47] kills=[('B', 1, 50)] [0.2s]
      blk1 |S|=50 offs=[-95, -93, -91, -89, -87, -85, -83, -81, -79, -77, -75, -73, -71, -69, -67, -65, -63, -61, -59, -57, -55, -53, -51, -49, -47, -45, -43, -41, -39, -37, -35, -33, -31, -29, -27, -25, -23, -21, -19, -17, 3, 5, 9, 11, 13, 17, 35, 39, 43, 53]
[246] sizes A=[49, 9, 126] B=[31, 87, 49] kills=[('B', 1, 52)] [0.2s]
      blk1 |S|=52 offs=[-95, -93, -91, -89, -87, -85, -83, -81, -79, -77, -75, -73, -71, -69, -67, -65, -63, -61, -59, -57, -55, -53, -51, -49, -47, -45, -43, -41, -39, -37, -35, -33, -31, -29, -27, -25, -23, -21, -19, -17, 1, 3, 5, 11, 17, 29, 33, 39, 41, 43, 53, 59]
[247] sizes A=[49, 9, 127] B=[31, 87, 48] kills=[('B', 1, 52)] [0.2s]
      blk1 |S|=52 offs=[-95, -93, -91, -89, -87, -85, -83, -81, -79, -77, -75, -73, -71, -69, -67, -65, -63, -61, -59, -57, -55, -53, -51, -49, -47, -45, -43, -41, -39, -37, -35, -33, -31, -29, -27, -25, -23, -21, -19, -17, 1, 3, 5, 11, 17, 29, 39, 41, 43, 53, 57, 59]
[248] sizes A=[49, 9, 127] B=[31, 87, 48] kills=[('B', 1, 52)] [0.2s]
      blk1 |S|=52 offs=[-95, -93, -91, -89, -87, -85, -83, -81, -79, -77, -75, -73, -71, -69, -67, -65, -63, -61, -59, -57, -55, -53, -51, -49, -47, -45, -43, -41, -39, -37, -35, -33, -31, -29, -27, -25, -23, -21, -19, -17, 1, 3, 5, 11, 17, 21, 29, 35, 39, 41, 43, 53]
[249] sizes A=[49, 9, 127] B=[31, 87, 48] kills=[('B', 1, 52)] [0.2s]
      blk1 |S|=52 offs=[-95, -93, -91, -89, -87, -85, -83, -81, -79, -77, -75, -73, -71, -69, -67, -65, -63, -61, -59, -57, -55, -53, -51, -49, -47, -45, -43, -41, -39, -37, -35, -33, -31, -29, -27, -25, -23, -21, -19, -17, 1, 3, 5, 11, 13, 17, 29, 33, 39, 43, 53, 59]
[250] sizes A=[49, 9, 127] B=[31, 87, 48] kills=[('B', 1, 52)] [0.2s]
      blk1 |S|=52 offs=[-95, -93, -91, -89, -87, -85, -83, -81, -79, -77, -75, -73, -71, -69, -67, -65, -63, -61, -59, -57, -55, -53, -51, -49, -47, -45, -43, -41, -39, -37, -35, -33, -31, -29, -27, -25, -23, -21, -19, -17, 1, 3, 5, 11, 13, 17, 29, 39, 43, 53, 57, 59]
[251] sizes A=[49, 9, 127] B=[31, 87, 48] kills=[('B', 1, 53)] [0.2s]
      blk1 |S|=53 offs=[-95, -93, -91, -89, -87, -85, -83, -81, -79, -77, -75, -73, -71, -69, -67, -65, -63, -61, -59, -57, -55, -53, -51, -49, -47, -45, -43, -41, -39, -37, -35, -33, -31, -29, -27, -25, -23, -21, -19, -17, 1, 3, 5, 11, 13, 17, 21, 29, 35, 39, 43, 53, 59]
[252] sizes A=[49, 9, 128] B=[31, 87, 47] kills=[('B', 1, 27), ('B', 1, 30)] [0.3s]
      blk1 |S|=27 offs=[-95, -93, -89, -87, -85, -81, -77, -69, -67, -65, -61, -57, -53, -49, -47, -45, -43, -41, -37, -29, -25, -21, -17, 3, 5, 13, 43]
      blk1 |S|=30 offs=[-95, -93, -89, -87, -85, -83, -81, -77, -73, -69, -67, -65, -63, -61, -57, -53, -49, -47, -45, -43, -41, -37, -29, -25, -21, -17, 3, 5, 13, 43]
[253] sizes A=[49, 9, 127] B=[31, 87, 48] kills=[('B', 1, 50)] [0.2s]
      blk1 |S|=50 offs=[-95, -93, -91, -89, -87, -85, -83, -81, -79, -77, -75, -73, -71, -69, -67, -65, -63, -61, -59, -57, -55, -53, -51, -49, -47, -45, -43, -41, -39, -37, -35, -33, -31, -29, -27, -25, -23, -21, -19, -17, 3, 5, 11, 17, 25, 29, 33, 35, 39, 43]
[254] sizes A=[49, 9, 127] B=[31, 87, 48] kills=[('B', 1, 49)] [0.2s]
      blk1 |S|=49 offs=[-95, -93, -91, -89, -87, -85, -83, -81, -79, -77, -75, -73, -71, -69, -67, -65, -63, -61, -59, -57, -55, -53, -51, -49, -47, -45, -43, -41, -39, -37, -35, -33, -31, -29, -27, -25, -23, -21, -19, -17, 3, 5, 11, 17, 25, 29, 35, 39, 43]
[255] sizes A=[49, 9, 127] B=[31, 87, 48] kills=[('B', 1, 48)] [0.2s]
      blk1 |S|=48 offs=[-95, -93, -91, -89, -87, -85, -83, -81, -79, -77, -75, -73, -69, -67, -65, -63, -61, -59, -57, -55, -53, -51, -49, -47, -45, -43, -41, -39, -37, -35, -33, -31, -29, -27, -25, -23, -21, -19, -17, 3, 5, 11, 17, 25, 35, 39, 53, 57]
[256] sizes A=[49, 9, 127] B=[31, 87, 48] kills=[('B', 1, 49)] [0.2s]
      blk1 |S|=49 offs=[-95, -93, -91, -89, -87, -85, -83, -81, -79, -77, -75, -73, -71, -69, -67, -65, -63, -61, -59, -57, -55, -53, -51, -49, -47, -45, -43, -41, -39, -37, -35, -33, -31, -29, -27, -25, -23, -21, -19, -17, 3, 5, 11, 17, 25, 33, 35, 39, 49]
[257] sizes A=[49, 9, 127] B=[31, 87, 48] kills=[('B', 1, 49)] [0.2s]
      blk1 |S|=49 offs=[-95, -93, -91, -89, -87, -85, -83, -81, -79, -77, -75, -73, -69, -67, -65, -63, -61, -59, -57, -55, -53, -51, -49, -47, -45, -43, -41, -39, -37, -35, -33, -31, -29, -25, -23, -21, -19, -17, 3, 5, 11, 17, 21, 25, 35, 39, 43, 49, 53]
[258] sizes A=[49, 9, 128] B=[31, 87, 47] kills=[('B', 1, 50)] [0.2s]
      blk1 |S|=50 offs=[-95, -93, -91, -89, -87, -85, -83, -81, -79, -77, -75, -73, -71, -69, -67, -65, -63, -61, -59, -57, -55, -53, -51, -49, -47, -45, -43, -41, -39, -37, -35, -33, -31, -29, -27, -25, -23, -21, -19, -17, 3, 5, 9, 11, 17, 25, 35, 39, 43, 49]
[259] sizes A=[49, 9, 129] B=[31, 87, 46] kills=[('B', 1, 50)] [0.2s]
      blk1 |S|=50 offs=[-95, -93, -91, -89, -87, -85, -83, -81, -79, -77, -75, -73, -71, -69, -67, -65, -63, -61, -59, -57, -55, -53, -51, -49, -47, -45, -43, -41, -39, -37, -35, -33, -31, -29, -27, -25, -23, -21, -19, -17, 3, 5, 9, 11, 17, 25, 35, 39, 43, 53]
[260] sizes A=[49, 8, 129] B=[31, 88, 46] kills=[('B', 1, 52)] [0.2s]
      blk1 |S|=52 offs=[-95, -93, -91, -89, -87, -85, -83, -81, -79, -77, -75, -73, -71, -69, -67, -65, -63, -61, -59, -57, -55, -53, -51, -49, -47, -45, -43, -41, -39, -37, -35, -33, -31, -29, -27, -25, -23, -21, -19, -17, -11, 1, 3, 5, 11, 17, 33, 35, 39, 43, 53, 59]
[261] sizes A=[49, 8, 130] B=[31, 88, 45] kills=[('B', 1, 39)] [0.3s]
      blk1 |S|=39 offs=[-95, -93, -91, -89, -87, -85, -83, -81, -79, -77, -75, -73, -71, -69, -67, -65, -63, -61, -59, -57, -53, -51, -47, -45, -43, -41, -39, -37, -33, -29, -27, -25, -23, -21, 3, 5, 17, 33, 39]
[262] sizes A=[49, 8, 130] B=[31, 88, 45] kills=[('B', 1, 38)] [0.3s]
      blk1 |S|=38 offs=[-95, -93, -91, -89, -85, -81, -79, -77, -75, -73, -69, -67, -65, -63, -61, -57, -55, -53, -51, -49, -47, -45, -43, -41, -39, -37, -35, -33, -29, -25, -21, -17, -11, 3, 5, 11, 17, 43]
[263] sizes A=[49, 8, 129] B=[31, 88, 46] kills=[('B', 1, 53)] [0.2s]
      blk1 |S|=53 offs=[-95, -93, -91, -89, -87, -85, -83, -81, -79, -77, -75, -73, -71, -69, -67, -65, -63, -61, -59, -57, -55, -53, -51, -49, -47, -45, -43, -41, -39, -37, -35, -33, -31, -29, -27, -25, -23, -21, -19, -17, -3, 1, 3, 5, 11, 17, 35, 39, 41, 43, 49, 53, 59]
[264] sizes A=[49, 8, 129] B=[31, 88, 46] kills=[('B', 1, 33)] [0.2s]
      blk1 |S|=33 offs=[-95, -93, -91, -89, -85, -81, -77, -73, -69, -67, -65, -63, -61, -57, -53, -51, -49, -47, -45, -43, -41, -39, -37, -35, -33, -29, -25, -21, -17, 5, 11, 17, 35]
[265] sizes A=[49, 8, 130] B=[31, 88, 45] kills=[('B', 1, 41)] [0.3s]
      blk1 |S|=41 offs=[-95, -93, -91, -89, -87, -81, -77, -75, -73, -71, -69, -67, -65, -63, -61, -59, -57, -55, -53, -51, -49, -47, -45, -43, -39, -37, -35, -33, -31, -29, -27, -21, -19, -17, 3, 5, 17, 25, 35, 39, 59]
[266] sizes A=[49, 8, 130] B=[31, 88, 45] kills=[('B', 1, 32)] [0.3s]
      blk1 |S|=32 offs=[-95, -87, -79, -77, -75, -71, -67, -65, -63, -61, -59, -57, -55, -51, -47, -45, -43, -41, -39, -35, -31, -29, -25, -23, -19, -3, 1, 3, 5, 17, 39, 41]
[267] sizes A=[49, 7, 132] B=[31, 89, 43] kills=[('B', 1, 35), ('B', 1, 30)] [0.3s]
      blk1 |S|=35 offs=[-95, -93, -89, -85, -81, -77, -75, -73, -71, -69, -65, -63, -61, -59, -57, -55, -53, -51, -49, -47, -45, -39, -37, -33, -29, -27, -21, -19, -17, 3, 5, 17, 35, 39, 43]
      blk1 |S|=30 offs=[-95, -93, -85, -81, -77, -75, -73, -69, -65, -63, -61, -59, -57, -53, -49, -47, -45, -39, -37, -33, -29, -21, -19, -17, -3, 3, 5, 17, 39, 43]
[268] sizes A=[49, 8, 129] B=[31, 88, 46] kills=[('B', 1, 36)] [0.3s]
      blk1 |S|=36 offs=[-95, -93, -91, -89, -85, -83, -81, -77, -75, -73, -71, -69, -67, -65, -63, -61, -57, -55, -53, -51, -49, -47, -45, -43, -41, -39, -37, -35, -33, -31, -27, -21, 3, 5, 17, 39]
[269] sizes A=[49, 8, 129] B=[31, 88, 46] kills=[('B', 1, 51)] [0.2s]
      blk1 |S|=51 offs=[-95, -93, -91, -89, -87, -85, -83, -81, -79, -77, -75, -73, -71, -69, -67, -65, -63, -61, -59, -57, -55, -53, -51, -49, -47, -45, -43, -41, -39, -37, -35, -33, -31, -29, -27, -25, -23, -21, -19, -11, -3, 3, 5, 7, 17, 35, 43, 47, 53, 59, 69]
[270] sizes A=[49, 8, 129] B=[31, 88, 46] kills=[('B', 1, 49)] [0.2s]
      blk1 |S|=49 offs=[-95, -93, -91, -89, -87, -85, -83, -81, -79, -77, -75, -73, -71, -69, -67, -65, -63, -61, -59, -57, -55, -53, -51, -49, -47, -45, -43, -41, -39, -37, -35, -33, -31, -29, -27, -25, -23, -21, -19, -11, -3, 3, 5, 7, 17, 35, 41, 43, 59]
[271] sizes A=[49, 9, 128] B=[31, 87, 47] kills=[('B', 1, 49)] [0.2s]
      blk1 |S|=49 offs=[-95, -93, -91, -89, -87, -85, -83, -81, -79, -77, -75, -73, -71, -69, -67, -65, -63, -61, -59, -57, -55, -53, -51, -49, -47, -45, -43, -41, -39, -37, -35, -33, -31, -29, -27, -25, -23, -21, -19, -3, 3, 5, 7, 17, 35, 43, 47, 49, 53]
[272] sizes A=[49, 9, 128] B=[31, 87, 47] kills=[('B', 1, 49)] [0.2s]
      blk1 |S|=49 offs=[-95, -93, -91, -89, -87, -85, -83, -81, -79, -77, -75, -73, -71, -69, -67, -65, -63, -61, -59, -57, -55, -53, -51, -49, -47, -45, -43, -41, -39, -37, -35, -33, -31, -29, -27, -25, -23, -21, -19, -3, 3, 5, 7, 9, 17, 35, 43, 47, 53]
[273] sizes A=[49, 9, 128] B=[31, 87, 47] kills=[('B', 1, 49)] [0.2s]
      blk1 |S|=49 offs=[-95, -93, -91, -89, -87, -85, -83, -81, -79, -77, -75, -73, -71, -69, -67, -65, -63, -61, -59, -57, -55, -53, -51, -49, -47, -45, -43, -41, -39, -37, -35, -33, -31, -29, -27, -25, -23, -21, -19, -3, 3, 5, 7, 17, 29, 35, 43, 47, 53]
[274] sizes A=[49, 9, 130] B=[31, 87, 45] kills=[('B', 1, 49)] [0.2s]
      blk1 |S|=49 offs=[-95, -93, -91, -89, -87, -85, -83, -81, -79, -77, -75, -73, -71, -69, -67, -65, -63, -61, -59, -57, -55, -53, -51, -49, -47, -45, -43, -41, -39, -37, -35, -33, -31, -29, -27, -25, -23, -21, -19, -3, 3, 5, 7, 17, 31, 35, 43, 49, 55]
[275] sizes A=[49, 9, 131] B=[31, 87, 44] kills=[('B', 1, 48)] [0.2s]
      blk1 |S|=48 offs=[-95, -93, -91, -89, -87, -85, -83, -81, -79, -77, -75, -73, -71, -69, -67, -65, -63, -61, -59, -57, -55, -53, -51, -49, -47, -45, -43, -41, -39, -37, -35, -33, -31, -29, -27, -25, -23, -21, -19, -3, 3, 5, 7, 17, 31, 35, 43, 49]
[276] sizes A=[49, 9, 131] B=[31, 87, 44] kills=[('B', 1, 49)] [0.2s]
      blk1 |S|=49 offs=[-95, -93, -91, -89, -87, -85, -83, -81, -79, -77, -75, -73, -71, -69, -67, -65, -63, -61, -59, -57, -55, -53, -51, -49, -47, -45, -43, -41, -39, -37, -35, -33, -31, -29, -27, -25, -23, -21, -19, -3, 3, 5, 7, 9, 17, 31, 35, 43, 53]
[277] sizes A=[49, 9, 131] B=[31, 87, 44] kills=[('B', 1, 49)] [0.2s]
      blk1 |S|=49 offs=[-95, -93, -91, -89, -87, -85, -83, -81, -79, -77, -75, -73, -71, -69, -67, -65, -63, -61, -59, -57, -55, -53, -51, -49, -47, -45, -43, -41, -39, -37, -35, -33, -31, -29, -27, -25, -23, -21, -19, -3, 3, 5, 7, 17, 29, 31, 35, 43, 53]
[278] sizes A=[49, 10, 130] B=[31, 86, 45] kills=[('B', 1, 46)] [0.2s]
      blk1 |S|=46 offs=[-95, -93, -91, -89, -87, -85, -83, -81, -79, -77, -75, -73, -71, -69, -67, -65, -63, -61, -59, -57, -55, -53, -51, -49, -47, -45, -43, -41, -39, -37, -35, -33, -31, -29, -27, -25, -23, -21, 3, 5, 7, 11, 17, 31, 35, 43]
[279] sizes A=[49, 10, 130] B=[31, 86, 45] kills=[('B', 1, 46)] [0.2s]
      blk1 |S|=46 offs=[-95, -93, -91, -89, -87, -85, -83, -81, -79, -77, -75, -73, -71, -69, -67, -65, -63, -61, -59, -57, -55, -53, -51, -49, -47, -45, -43, -41, -39, -37, -35, -33, -31, -29, -27, -25, -23, -21, 3, 5, 7, 11, 17, 35, 43, 47]
[280] sizes A=[49, 8, 131] B=[31, 88, 44] kills=[('B', 1, 44), ('B', 1, 40), ('B', 1, 24)] [0.5s]
      blk1 |S|=44 offs=[-95, -93, -91, -89, -87, -85, -83, -81, -79, -77, -75, -73, -71, -69, -67, -65, -63, -61, -59, -57, -55, -53, -51, -49, -47, -45, -43, -41, -39, -35, -33, -31, -29, -25, -23, -21, -19, -3, 3, 5, 17, 25, 43, 47]
      blk1 |S|=40 offs=[-95, -93, -89, -87, -85, -83, -81, -79, -77, -75, -69, -67, -65, -63, -61, -59, -57, -55, -53, -51, -49, -47, -45, -43, -41, -39, -35, -33, -31, -25, -23, -21, -19, -3, 3, 5, 17, 25, 43, 47]
      blk1 |S|=24 offs=[-95, -85, -83, -81, -77, -69, -67, -65, -63, -61, -57, -53, -51, -49, -45, -41, -39, -35, -33, -25, -19, 3, 5, 43]
[281] sizes A=[49, 8, 131] B=[31, 88, 44] kills=[('B', 1, 45), ('B', 1, 40), ('B', 1, 39)] [0.5s]
      blk1 |S|=45 offs=[-95, -93, -91, -89, -87, -85, -83, -81, -77, -73, -71, -69, -67, -65, -63, -61, -59, -57, -55, -53, -51, -49, -47, -45, -43, -41, -39, -37, -35, -33, -31, -29, -27, -25, -23, -21, -19, -9, -3, 3, 17, 25, 33, 35, 49]
      blk1 |S|=40 offs=[-95, -93, -91, -89, -85, -83, -81, -77, -73, -69, -67, -65, -63, -61, -57, -55, -53, -51, -49, -45, -43, -41, -39, -37, -35, -33, -31, -29, -27, -25, -21, -19, -9, -3, 3, 17, 25, 33, 35, 49]
      blk1 |S|=39 offs=[-95, -93, -91, -89, -85, -83, -81, -77, -73, -69, -67, -65, -63, -61, -57, -55, -53, -51, -49, -45, -43, -41, -39, -37, -35, -33, -29, -27, -25, -21, -19, -9, -3, 3, 17, 25, 33, 35, 49]
[282] sizes A=[49, 8, 132] B=[31, 88, 43] kills=[('B', 1, 46)] [0.3s]
      blk1 |S|=46 offs=[-95, -93, -91, -89, -87, -85, -83, -81, -79, -77, -75, -73, -71, -69, -67, -65, -63, -61, -59, -57, -55, -53, -51, -49, -47, -45, -43, -41, -39, -37, -35, -33, -31, -29, -27, -23, -21, -19, -9, -3, 3, 17, 25, 35, 47, 59]
[283] sizes A=[49, 8, 132] B=[31, 88, 43] kills=[('B', 1, 52)] [0.2s]
      blk1 |S|=52 offs=[-95, -93, -91, -89, -87, -85, -83, -81, -79, -77, -75, -73, -71, -69, -67, -65, -63, -61, -59, -57, -55, -53, -51, -47, -45, -43, -41, -39, -37, -35, -33, -31, -29, -27, -25, -23, -21, -19, -9, -3, 3, 17, 25, 35, 43, 49, 53, 55, 59, 69, 73, 79]
[284] sizes A=[49, 8, 132] B=[31, 88, 43] kills=[('B', 1, 41)] [0.3s]
      blk1 |S|=41 offs=[-95, -93, -91, -89, -87, -85, -83, -79, -77, -75, -73, -71, -69, -67, -65, -63, -59, -57, -55, -51, -49, -47, -45, -43, -41, -39, -37, -35, -33, -31, -27, -25, -23, -21, -19, -9, -3, 3, 17, 25, 53]
[285] sizes A=[49, 9, 130] B=[31, 87, 45] kills=[('B', 1, 33)] [0.3s]
      blk1 |S|=33 offs=[-93, -91, -89, -87, -85, -81, -77, -73, -71, -69, -67, -65, -61, -57, -55, -53, -51, -49, -47, -45, -43, -41, -37, -35, -33, -31, -29, -21, -9, 3, 11, 13, 33]
[286] sizes A=[49, 9, 130] B=[31, 87, 45] kills=[('B', 1, 34)] [0.2s]
      blk1 |S|=34 offs=[-95, -93, -89, -87, -85, -81, -77, -75, -71, -69, -67, -65, -61, -57, -55, -53, -51, -49, -47, -45, -43, -41, -39, -37, -35, -33, -29, -25, -21, -9, 3, 11, 13, 43]
[287] sizes A=[49, 8, 131] B=[31, 88, 44] kills=[('B', 1, 49)] [0.2s]
      blk1 |S|=49 offs=[-95, -93, -91, -89, -87, -85, -83, -81, -79, -77, -75, -73, -71, -69, -67, -65, -63, -61, -59, -57, -55, -53, -51, -49, -47, -45, -43, -41, -39, -37, -35, -33, -31, -29, -27, -25, -23, -21, -19, -11, -9, 3, 11, 17, 25, 35, 53, 55, 69]
[288] sizes A=[49, 8, 131] B=[31, 88, 44] kills=[('B', 1, 47)] [0.2s]
      blk1 |S|=47 offs=[-95, -93, -91, -89, -87, -85, -83, -81, -79, -77, -75, -73, -69, -67, -65, -63, -61, -59, -57, -55, -53, -51, -49, -47, -45, -43, -41, -39, -37, -35, -33, -31, -29, -27, -25, -23, -21, -19, -11, -9, 3, 11, 17, 25, 35, 53, 55]
[289] sizes A=[49, 8, 130] B=[31, 88, 45] kills=[('B', 1, 48)] [0.2s]
      blk1 |S|=48 offs=[-95, -93, -91, -89, -87, -85, -83, -81, -79, -77, -75, -73, -69, -67, -65, -63, -61, -59, -57, -55, -53, -51, -49, -47, -45, -43, -41, -39, -37, -35, -33, -31, -29, -27, -25, -23, -21, -19, -11, -1, 3, 11, 17, 25, 35, 47, 53, 55]
[290] sizes A=[49, 8, 131] B=[31, 88, 44] kills=[('B', 1, 48)] [0.2s]
      blk1 |S|=48 offs=[-95, -93, -91, -89, -87, -85, -83, -81, -79, -77, -75, -73, -69, -67, -65, -63, -61, -59, -57, -55, -53, -51, -49, -47, -45, -43, -41, -39, -37, -35, -33, -31, -29, -27, -25, -23, -21, -19, -11, -1, 3, 11, 17, 25, 35, 43, 53, 55]
[291] sizes A=[49, 9, 129] B=[31, 87, 46] kills=[('A', 1, 11), ('A', 1, 10), ('B', 1, 51)] [0.2s]
      blk1 |S|=11 offs=[-17, -15, -13, -9, -7, -5, -3, -1, 1, 5, 7]
      blk1 |S|=10 offs=[-17, -15, -13, -9, -7, -5, -3, -1, 1, 7]
      blk1 |S|=51 offs=[-95, -93, -91, -89, -87, -85, -83, -81, -79, -77, -75, -73, -71, -69, -67, -65, -63, -61, -59, -57, -55, -53, -51, -49, -47, -45, -43, -41, -39, -37, -35, -33, -31, -29, -27, -25, -23, -21, -19, -11, 3, 11, 17, 25, 35, 39, 41, 43, 47, 53, 55]
[292] sizes A=[49, 9, 129] B=[31, 87, 46] kills=[('B', 1, 52)] [0.2s]
      blk1 |S|=52 offs=[-95, -93, -91, -89, -87, -85, -83, -81, -79, -77, -75, -73, -71, -69, -67, -65, -63, -61, -59, -57, -55, -53, -51, -49, -47, -45, -43, -41, -39, -37, -35, -33, -31, -29, -27, -25, -23, -21, -19, -11, 1, 3, 11, 13, 17, 25, 35, 39, 43, 47, 53, 55]
[293] sizes A=[49, 9, 129] B=[31, 87, 46] kills=[('B', 1, 50)] [0.2s]
      blk1 |S|=50 offs=[-95, -93, -91, -89, -87, -85, -83, -81, -79, -77, -75, -73, -71, -69, -67, -65, -63, -61, -59, -57, -55, -53, -51, -49, -47, -45, -43, -41, -39, -37, -35, -33, -31, -29, -27, -25, -23, -21, -19, -11, 1, 3, 11, 13, 17, 25, 39, 43, 53, 55]
[294] sizes A=[49, 9, 128] B=[31, 87, 47] kills=[('B', 1, 51)] [0.2s]
      blk1 |S|=51 offs=[-95, -93, -91, -89, -87, -85, -83, -81, -79, -77, -75, -73, -71, -69, -67, -65, -63, -61, -59, -57, -55, -53, -51, -49, -47, -45, -43, -41, -39, -37, -35, -33, -31, -29, -27, -25, -23, -21, -19, -7, 3, 11, 17, 21, 25, 35, 43, 49, 53, 55, 79]
[295] sizes A=[49, 9, 128] B=[31, 87, 47] kills=[('B', 1, 51)] [0.2s]
      blk1 |S|=51 offs=[-95, -93, -91, -89, -87, -85, -83, -81, -79, -77, -75, -73, -71, -69, -67, -65, -63, -61, -59, -57, -55, -53, -51, -49, -47, -45, -43, -41, -39, -37, -35, -33, -31, -29, -27, -25, -23, -21, -19, -7, 3, 11, 17, 21, 25, 29, 35, 39, 43, 55, 79]
[296] sizes A=[49, 9, 128] B=[31, 87, 47] kills=[('B', 1, 51)] [0.2s]
      blk1 |S|=51 offs=[-95, -93, -91, -89, -87, -85, -83, -81, -79, -77, -75, -73, -71, -69, -67, -65, -63, -61, -59, -57, -55, -53, -51, -49, -47, -45, -43, -41, -39, -37, -35, -33, -31, -29, -27, -25, -23, -21, -19, -7, 3, 11, 17, 21, 25, 35, 43, 47, 49, 53, 55]
[297] sizes A=[49, 9, 128] B=[31, 87, 47] kills=[('B', 1, 50)] [0.2s]
      blk1 |S|=50 offs=[-95, -93, -91, -89, -87, -85, -83, -81, -79, -77, -75, -73, -71, -69, -67, -65, -63, -61, -59, -57, -55, -53, -51, -49, -47, -45, -43, -41, -39, -37, -35, -33, -29, -27, -25, -23, -21, -19, -7, 3, 11, 17, 21, 25, 29, 35, 39, 43, 47, 55]
[298] sizes A=[49, 9, 129] B=[31, 87, 46] kills=[('B', 1, 53)] [0.2s]
      blk1 |S|=53 offs=[-95, -93, -91, -89, -87, -85, -83, -81, -79, -77, -75, -73, -71, -69, -67, -65, -63, -61, -59, -57, -55, -53, -51, -49, -47, -45, -43, -41, -39, -37, -35, -33, -31, -29, -27, -25, -23, -21, -19, -7, 3, 9, 11, 17, 21, 25, 35, 39, 41, 47, 53, 55, 57]
[299] sizes A=[49, 9, 130] B=[31, 87, 45] kills=[('B', 1, 52)] [0.2s]
      blk1 |S|=52 offs=[-95, -93, -91, -89, -87, -85, -83, -81, -79, -77, -75, -73, -71, -69, -67, -65, -63, -61, -59, -57, -55, -53, -51, -49, -47, -45, -43, -41, -39, -37, -35, -33, -31, -29, -27, -25, -23, -21, -19, -7, 3, 9, 11, 17, 21, 25, 35, 39, 41, 47, 53, 55]
[300] sizes A=[49, 10, 129] B=[31, 86, 46] kills=[('A', 1, 11), ('A', 1, 11), ('A', 1, 12), ('B', 1, 53)] [0.2s]
      blk1 |S|=11 offs=[-17, -15, -13, -11, -9, -7, -5, -3, -1, 7, 9]
      blk1 |S|=11 offs=[-17, -15, -13, -11, -9, -7, -5, -3, -1, 5, 7]
      blk1 |S|=12 offs=[-17, -15, -13, -11, -9, -7, -5, -3, -1, 5, 7, 9]
      blk1 |S|=53 offs=[-95, -93, -91, -89, -87, -85, -83, -81, -79, -77, -75, -73, -71, -69, -67, -65, -63, -61, -59, -57, -55, -53, -51, -49, -47, -45, -43, -41, -39, -37, -35, -33, -31, -29, -27, -25, -23, -21, -19, 1, 3, 11, 17, 21, 25, 35, 39, 41, 43, 47, 49, 53, 55]
[301] sizes A=[49, 8, 130] B=[31, 88, 45] kills=[('B', 1, 54)] [0.2s]
      blk1 |S|=54 offs=[-95, -93, -91, -89, -87, -85, -83, -81, -79, -77, -75, -73, -71, -69, -67, -65, -63, -61, -59, -57, -55, -53, -51, -49, -47, -45, -43, -41, -39, -37, -35, -33, -31, -29, -27, -25, -23, -21, -19, -7, -1, 1, 3, 11, 17, 21, 25, 35, 39, 41, 43, 49, 53, 55]
[302] sizes A=[49, 8, 131] B=[31, 88, 44] kills=[('B', 1, 53)] [0.2s]
      blk1 |S|=53 offs=[-95, -93, -91, -89, -87, -85, -83, -81, -79, -77, -75, -73, -71, -69, -67, -65, -63, -61, -59, -57, -55, -53, -51, -49, -47, -45, -43, -41, -39, -37, -35, -33, -31, -29, -27, -25, -23, -21, -19, -7, -1, 1, 3, 11, 17, 21, 25, 35, 39, 41, 43, 53, 55]
[303] sizes A=[49, 8, 132] B=[31, 88, 43] kills=[('B', 1, 51)] [0.2s]
      blk1 |S|=51 offs=[-95, -93, -91, -89, -87, -85, -83, -81, -79, -77, -75, -73, -71, -69, -67, -65, -63, -61, -59, -57, -55, -53, -51, -49, -47, -45, -43, -41, -39, -37, -35, -33, -31, -29, -27, -25, -23, -21, -19, -7, -1, 3, 11, 17, 21, 25, 35, 39, 43, 53, 55]
[304] sizes A=[49, 9, 132] B=[31, 87, 43] kills=[('B', 1, 51)] [0.2s]
      blk1 |S|=51 offs=[-95, -93, -91, -89, -87, -85, -83, -81, -79, -77, -75, -73, -71, -69, -67, -65, -63, -61, -59, -57, -55, -53, -51, -49, -47, -45, -43, -41, -39, -37, -35, -33, -31, -29, -27, -25, -23, -21, -19, -1, 3, 11, 17, 21, 25, 35, 39, 41, 43, 53, 55]
[305] sizes A=[49, 9, 133] B=[31, 87, 42] kills=[('B', 1, 50)] [0.2s]
      blk1 |S|=50 offs=[-95, -93, -91, -89, -87, -85, -83, -81, -79, -77, -75, -73, -71, -69, -67, -65, -63, -61, -59, -57, -55, -53, -51, -49, -47, -45, -43, -41, -39, -37, -35, -33, -31, -29, -27, -25, -23, -21, -19, -1, 3, 11, 17, 21, 25, 35, 39, 43, 53, 55]
[306] sizes A=[49, 9, 134] B=[31, 87, 41] kills=[('B', 1, 49)] [0.2s]
      blk1 |S|=49 offs=[-95, -93, -91, -89, -87, -85, -83, -81, -79, -77, -75, -73, -71, -69, -67, -65, -63, -61, -59, -57, -55, -53, -51, -49, -47, -45, -43, -41, -39, -37, -35, -33, -31, -29, -27, -25, -23, -21, -19, -1, 3, 11, 17, 21, 25, 35, 43, 53, 55]
[307] sizes A=[49, 9, 134] B=[31, 87, 41] kills=[('B', 1, 33), ('B', 1, 28)] [0.4s]
      blk1 |S|=33 offs=[-95, -93, -91, -89, -85, -81, -77, -75, -73, -71, -69, -65, -63, -61, -57, -53, -51, -49, -47, -45, -43, -41, -39, -37, -29, -25, -21, -1, 3, 11, 13, 33, 43]
      blk1 |S|=28 offs=[-93, -91, -89, -85, -81, -77, -73, -71, -69, -65, -63, -61, -57, -53, -51, -49, -47, -45, -43, -41, -39, -29, -25, -21, -1, 3, 11, 33]
[308] sizes A=[49, 9, 134] B=[31, 87, 41] kills=[('B', 1, 30), ('B', 1, 31), ('B', 1, 29)] [0.4s]
      blk1 |S|=30 offs=[-95, -93, -89, -87, -85, -81, -77, -75, -71, -69, -67, -65, -61, -57, -55, -53, -49, -47, -45, -43, -41, -37, -35, -33, -29, -25, -21, 3, 11, 13]
      blk1 |S|=31 offs=[-95, -93, -89, -87, -85, -81, -77, -75, -73, -71, -69, -67, -65, -61, -57, -55, -53, -49, -47, -45, -43, -41, -37, -35, -33, -29, -25, -21, 3, 11, 13]
      blk1 |S|=29 offs=[-95, -93, -89, -87, -85, -81, -77, -75, -71, -69, -67, -65, -61, -57, -55, -53, -49, -45, -43, -41, -37, -35, -33, -29, -25, -21, 3, 11, 13]
[309] sizes A=[49, 8, 135] B=[31, 88, 40] kills=[('B', 1, 49)] [0.2s]
      blk1 |S|=49 offs=[-95, -93, -91, -89, -87, -85, -83, -81, -79, -77, -75, -73, -71, -69, -67, -65, -63, -61, -59, -57, -55, -53, -51, -49, -47, -45, -43, -41, -39, -37, -35, -33, -31, -29, -27, -25, -23, -21, -19, -3, -1, 3, 11, 17, 25, 35, 43, 53, 55]
[310] sizes A=[49, 9, 131] B=[31, 87, 44] kills=[('B', 1, 51)] [0.2s]
      blk1 |S|=51 offs=[-95, -93, -91, -89, -87, -85, -83, -81, -79, -77, -75, -73, -71, -69, -67, -65, -63, -61, -59, -57, -55, -53, -51, -49, -47, -45, -43, -41, -39, -37, -35, -33, -31, -29, -27, -25, -23, -21, -19, -3, 3, 11, 17, 25, 35, 39, 41, 43, 47, 53, 55]
[311] sizes A=[49, 9, 131] B=[31, 87, 44] kills=[('B', 1, 51)] [0.2s]
      blk1 |S|=51 offs=[-95, -93, -91, -89, -87, -85, -83, -81, -79, -77, -75, -73, -71, -69, -67, -65, -63, -61, -59, -57, -55, -53, -51, -49, -47, -45, -43, -41, -39, -37, -35, -33, -31, -29, -27, -25, -23, -21, -19, -3, 3, 11, 17, 25, 35, 39, 43, 47, 49, 53, 55]
[312] sizes A=[49, 9, 131] B=[31, 87, 44] kills=[('B', 1, 50)] [0.2s]
      blk1 |S|=50 offs=[-95, -93, -91, -89, -87, -85, -83, -81, -79, -77, -75, -73, -71, -69, -67, -65, -63, -61, -59, -57, -55, -53, -51, -49, -47, -45, -43, -41, -39, -37, -35, -33, -31, -29, -27, -25, -23, -21, -19, -3, 3, 11, 17, 25, 29, 35, 39, 43, 47, 55]
[313] sizes A=[49, 9, 131] B=[31, 87, 44] kills=[('B', 1, 50)] [0.2s]
      blk1 |S|=50 offs=[-95, -93, -91, -89, -87, -85, -83, -81, -79, -77, -75, -73, -71, -69, -67, -65, -63, -61, -59, -57, -55, -53, -51, -49, -47, -45, -43, -41, -39, -37, -35, -33, -31, -29, -27, -25, -23, -21, -19, -3, 3, 11, 17, 25, 35, 39, 43, 49, 53, 55]
[314] sizes A=[49, 9, 131] B=[31, 87, 44] kills=[('B', 1, 49)] [0.2s]
      blk1 |S|=49 offs=[-95, -93, -91, -89, -87, -85, -83, -81, -79, -77, -75, -73, -71, -69, -67, -65, -63, -61, -59, -57, -55, -53, -51, -49, -47, -45, -43, -41, -39, -37, -35, -33, -31, -29, -27, -25, -23, -21, -19, -3, 3, 11, 17, 25, 29, 35, 39, 43, 55]
[315] sizes A=[49, 8, 132] B=[31, 88, 43] kills=[('B', 1, 51)] [0.2s]
      blk1 |S|=51 offs=[-95, -93, -91, -89, -87, -85, -83, -81, -79, -77, -75, -73, -71, -69, -67, -65, -63, -61, -59, -57, -55, -53, -51, -49, -47, -45, -43, -41, -39, -37, -35, -33, -31, -29, -27, -25, -23, -21, -19, -11, -3, 3, 11, 17, 25, 35, 39, 43, 53, 55, 69]
[316] sizes A=[49, 9, 132] B=[31, 87, 43] kills=[('B', 1, 39)] [0.3s]
      blk1 |S|=39 offs=[-95, -93, -89, -87, -85, -83, -81, -77, -75, -71, -69, -67, -65, -63, -61, -55, -53, -49, -47, -45, -43, -41, -39, -37, -35, -33, -29, -25, -23, -21, -19, -3, 3, 17, 39, 49, 53, 55, 63]
[317] sizes A=[49, 9, 133] B=[31, 87, 42] kills=[('B', 1, 41), ('B', 1, 40), ('B', 1, 37), ('B', 1, 32)] [0.5s]
      blk1 |S|=41 offs=[-95, -93, -91, -89, -87, -85, -83, -81, -79, -77, -73, -71, -69, -65, -63, -61, -57, -55, -53, -51, -49, -47, -45, -43, -41, -39, -37, -35, -33, -31, -29, -27, -25, -23, -19, -3, 3, 17, 25, 35, 57]
      blk1 |S|=40 offs=[-95, -93, -91, -89, -87, -85, -83, -81, -79, -77, -73, -71, -69, -65, -63, -61, -57, -55, -53, -49, -47, -45, -43, -41, -39, -37, -35, -33, -31, -29, -27, -25, -23, -19, -3, 3, 17, 25, 35, 57]
      blk1 |S|=37 offs=[-95, -91, -89, -87, -85, -83, -81, -79, -77, -73, -71, -65, -63, -61, -57, -55, -53, -49, -47, -45, -43, -41, -39, -37, -35, -33, -31, -27, -25, -23, -19, -3, 3, 17, 25, 35, 57]
      blk1 |S|=32 offs=[-95, -93, -91, -89, -85, -83, -81, -79, -77, -73, -71, -65, -63, -59, -57, -55, -53, -49, -47, -43, -41, -39, -33, -31, -27, -25, -23, -3, 3, 17, 25, 35]
[318] sizes A=[49, 10, 130] B=[31, 86, 45] kills=[('B', 1, 50)] [0.2s]
      blk1 |S|=50 offs=[-95, -93, -91, -89, -87, -85, -83, -81, -79, -77, -75, -73, -71, -69, -67, -65, -63, -61, -59, -57, -55, -53, -51, -49, -47, -45, -43, -41, -39, -37, -35, -33, -31, -29, -27, -25, -23, -21, -19, 3, 7, 11, 17, 21, 25, 35, 49, 53, 55, 57]
[319] sizes A=[49, 10, 131] B=[31, 86, 44] kills=[('B', 1, 50)] [0.2s]
      blk1 |S|=50 offs=[-95, -93, -91, -89, -87, -85, -83, -81, -79, -77, -75, -73, -71, -69, -67, -65, -63, -61, -59, -57, -55, -53, -51, -49, -47, -45, -43, -41, -39, -37, -35, -33, -31, -29, -27, -25, -23, -21, -19, 3, 7, 11, 17, 21, 25, 35, 43, 49, 53, 55]
[320] sizes A=[49, 10, 131] B=[31, 86, 44] kills=[('B', 1, 49)] [0.2s]
      blk1 |S|=49 offs=[-95, -93, -91, -89, -87, -85, -83, -81, -79, -77, -75, -73, -71, -69, -67, -65, -63, -61, -59, -57, -55, -53, -51, -49, -47, -45, -43, -41, -39, -37, -35, -33, -31, -29, -27, -25, -23, -21, -19, 3, 7, 11, 17, 21, 25, 29, 35, 53, 55]
[321] sizes A=[49, 10, 131] B=[31, 86, 44] kills=[('B', 1, 52)] [0.2s]
      blk1 |S|=52 offs=[-95, -93, -91, -89, -87, -85, -83, -81, -79, -77, -75, -73, -71, -69, -67, -65, -63, -61, -59, -57, -55, -53, -51, -49, -47, -45, -43, -41, -39, -37, -35, -33, -31, -29, -27, -25, -23, -21, -19, 3, 7, 9, 11, 17, 21, 25, 35, 39, 41, 43, 47, 55]
[322] sizes A=[49, 10, 132] B=[31, 86, 43] kills=[('B', 1, 51)] [0.2s]
      blk1 |S|=51 offs=[-95, -93, -91, -89, -87, -85, -83, -81, -79, -77, -75, -73, -71, -69, -67, -65, -63, -61, -59, -57, -55, -53, -51, -49, -47, -45, -43, -41, -39, -37, -35, -33, -31, -29, -27, -25, -23, -21, -19, 3, 7, 9, 11, 17, 21, 25, 35, 41, 43, 47, 55]
[323] sizes A=[49, 10, 132] B=[31, 86, 43] kills=[('B', 1, 49)] [0.2s]
      blk1 |S|=49 offs=[-95, -93, -91, -89, -87, -85, -83, -81, -79, -77, -75, -73, -71, -69, -67, -65, -63, -61, -59, -57, -55, -53, -51, -49, -47, -45, -43, -41, -39, -37, -35, -33, -31, -29, -27, -25, -23, -21, -19, 3, 7, 9, 11, 17, 21, 25, 35, 47, 55]
[324] sizes A=[49, 10, 133] B=[31, 86, 42] kills=[('B', 1, 48)] [0.2s]
      blk1 |S|=48 offs=[-95, -93, -91, -89, -87, -85, -83, -81, -79, -77, -75, -73, -71, -69, -67, -65, -63, -61, -59, -57, -55, -53, -51, -49, -47, -45, -43, -41, -39, -37, -35, -33, -31, -29, -27, -25, -23, -21, -19, 3, 7, 9, 11, 17, 21, 25, 35, 47]
[325] sizes A=[49, 10, 133] B=[31, 86, 42] kills=[('B', 1, 49)] [0.2s]
      blk1 |S|=49 offs=[-95, -93, -91, -89, -87, -85, -83, -81, -79, -77, -75, -73, -71, -69, -67, -65, -63, -61, -59, -57, -55, -53, -51, -49, -47, -45, -43, -41, -39, -37, -35, -33, -31, -29, -27, -25, -23, -21, -19, 3, 7, 11, 17, 21, 25, 35, 43, 49, 53]
[326] sizes A=[49, 10, 133] B=[31, 86, 42] kills=[('B', 1, 48)] [0.2s]
      blk1 |S|=48 offs=[-95, -93, -91, -89, -87, -85, -83, -81, -79, -77, -75, -73, -71, -69, -67, -65, -63, -61, -59, -57, -55, -53, -51, -49, -47, -45, -43, -41, -39, -37, -35, -33, -31, -29, -27, -25, -23, -21, 3, 7, 11, 17, 21, 25, 29, 35, 43, 53]
[327] sizes A=[49, 9, 134] B=[31, 87, 41] kills=[('B', 1, 49)] [0.2s]
      blk1 |S|=49 offs=[-95, -93, -91, -89, -87, -85, -83, -81, -79, -77, -75, -73, -71, -69, -67, -65, -63, -61, -59, -57, -55, -53, -51, -49, -47, -45, -43, -41, -39, -37, -35, -33, -31, -29, -27, -25, -23, -21, -19, -1, 3, 7, 9, 11, 17, 21, 25, 35, 53]
[328] sizes A=[49, 9, 135] B=[31, 87, 40] kills=[('B', 1, 49)] [0.2s]
      blk1 |S|=49 offs=[-95, -93, -91, -89, -87, -85, -83, -81, -79, -77, -75, -73, -71, -69, -67, -65, -63, -61, -59, -57, -55, -53, -51, -49, -47, -45, -43, -41, -39, -37, -35, -33, -31, -29, -27, -25, -23, -21, -19, -1, 3, 7, 11, 17, 21, 25, 35, 43, 53]
[329] sizes A=[49, 8, 135] B=[31, 88, 40] kills=[('B', 1, 29)] [0.3s]
      blk1 |S|=29 offs=[-93, -91, -89, -85, -79, -77, -73, -69, -67, -65, -63, -61, -57, -55, -53, -49, -45, -43, -41, -39, -37, -33, -29, -21, -9, 3, 11, 17, 33]
[330] sizes A=[49, 8, 135] B=[31, 88, 40] kills=[('B', 1, 48)] [0.2s]
      blk1 |S|=48 offs=[-95, -93, -91, -89, -87, -85, -83, -81, -79, -77, -75, -73, -71, -69, -67, -65, -63, -61, -59, -57, -55, -53, -51, -49, -47, -45, -43, -41, -39, -37, -35, -33, -31, -29, -27, -25, -23, -21, -19, -11, -9, 3, 11, 17, 25, 35, 55, 69]
[331] sizes A=[49, 8, 135] B=[31, 88, 40] kills=[('B', 1, 49)] [0.2s]
      blk1 |S|=49 offs=[-95, -93, -91, -89, -87, -85, -83, -81, -79, -77, -75, -73, -71, -69, -67, -65, -63, -61, -59, -57, -55, -53, -51, -49, -47, -45, -43, -41, -39, -37, -35, -33, -31, -29, -27, -25, -23, -21, -19, -11, -9, 3, 11, 17, 25, 35, 41, 47, 55]
[332] sizes A=[49, 7, 136] B=[31, 89, 39] kills=[('B', 1, 48)] [0.2s]
      blk1 |S|=48 offs=[-95, -93, -91, -89, -87, -85, -83, -81, -79, -77, -75, -73, -71, -69, -67, -65, -63, -61, -59, -57, -55, -53, -51, -49, -47, -45, -43, -41, -39, -37, -35, -33, -31, -29, -27, -25, -23, -21, -19, -11, -9, 3, 11, 17, 25, 35, 41, 55]
[333] sizes A=[49, 7, 137] B=[31, 89, 38] kills=[('B', 1, 46)] [0.2s]
      blk1 |S|=46 offs=[-95, -93, -91, -89, -85, -83, -81, -79, -77, -75, -73, -69, -67, -65, -63, -61, -59, -57, -55, -53, -51, -49, -47, -45, -43, -41, -39, -37, -35, -33, -31, -29, -27, -25, -23, -21, -19, -11, -9, -1, 3, 11, 17, 25, 35, 55]
[334] sizes A=[49, 7, 137] B=[31, 89, 38] kills=[('B', 1, 49)] [0.2s]
      blk1 |S|=49 offs=[-95, -93, -91, -89, -87, -85, -83, -81, -79, -77, -75, -73, -71, -69, -67, -65, -63, -61, -59, -57, -55, -53, -51, -49, -47, -45, -43, -41, -39, -37, -35, -33, -31, -29, -27, -25, -23, -21, -19, -17, -11, 3, 11, 17, 25, 35, 43, 53, 57]
[335] sizes A=[49, 7, 137] B=[31, 89, 38] kills=[('B', 1, 50)] [0.2s]
      blk1 |S|=50 offs=[-95, -93, -91, -89, -87, -85, -83, -81, -79, -77, -75, -73, -71, -69, -67, -65, -63, -61, -59, -57, -55, -53, -51, -49, -47, -45, -43, -41, -39, -37, -35, -33, -31, -29, -27, -25, -23, -21, -19, -17, -11, -1, 3, 9, 11, 17, 25, 35, 43, 53]
[336] sizes A=[49, 7, 137] B=[31, 89, 38] kills=[('B', 1, 50)] [0.2s]
      blk1 |S|=50 offs=[-95, -93, -91, -89, -87, -85, -83, -81, -79, -77, -75, -73, -71, -69, -67, -65, -63, -61, -59, -57, -55, -53, -51, -49, -47, -45, -43, -41, -39, -37, -35, -33, -31, -29, -27, -25, -23, -21, -19, -17, -11, -1, 3, 11, 17, 21, 25, 35, 43, 53]
[337] sizes A=[49, 8, 137] B=[31, 88, 38] kills=[('B', 1, 49)] [0.2s]
      blk1 |S|=49 offs=[-95, -93, -91, -89, -87, -85, -83, -81, -79, -77, -75, -73, -71, -69, -67, -65, -63, -61, -59, -57, -55, -53, -51, -49, -47, -45, -43, -41, -39, -37, -35, -33, -31, -29, -27, -25, -23, -21, -19, -17, -1, 3, 11, 17, 21, 25, 35, 43, 53]
[338] sizes A=[49, 9, 134] B=[31, 87, 41] kills=[('B', 1, 51)] [0.1s]
      blk1 |S|=51 offs=[-95, -93, -91, -89, -87, -85, -83, -81, -79, -77, -75, -73, -71, -69, -67, -65, -63, -61, -59, -57, -55, -53, -51, -49, -47, -45, -43, -41, -39, -37, -35, -33, -31, -29, -27, -25, -23, -21, -19, -17, 3, 11, 17, 21, 25, 35, 39, 41, 43, 49, 53]
[339] sizes A=[49, 9, 134] B=[31, 87, 41] kills=[('B', 1, 51)] [0.2s]
      blk1 |S|=51 offs=[-95, -93, -91, -89, -87, -85, -83, -81, -79, -77, -75, -73, -71, -69, -67, -65, -63, -61, -59, -57, -55, -53, -51, -49, -47, -45, -43, -41, -39, -37, -35, -33, -31, -29, -27, -25, -23, -21, -19, -17, 3, 11, 17, 21, 25, 29, 35, 39, 43, 53, 59]
[340] sizes A=[49, 9, 134] B=[31, 87, 41] kills=[('B', 1, 50)] [0.2s]
      blk1 |S|=50 offs=[-95, -93, -91, -89, -87, -85, -83, -81, -79, -77, -75, -73, -71, -69, -67, -65, -63, -61, -59, -57, -55, -53, -51, -49, -47, -45, -43, -41, -39, -37, -35, -33, -31, -29, -27, -25, -23, -21, -19, -17, 3, 11, 17, 21, 25, 35, 39, 43, 49, 53]
[341] sizes A=[49, 9, 134] B=[31, 87, 41] kills=[('B', 1, 49)] [0.2s]
      blk1 |S|=49 offs=[-95, -93, -91, -89, -87, -85, -83, -81, -79, -77, -75, -73, -71, -69, -67, -65, -63, -61, -59, -57, -55, -53, -51, -49, -47, -45, -43, -41, -39, -37, -35, -33, -29, -27, -25, -23, -21, -19, -17, 3, 9, 11, 17, 21, 35, 39, 41, 43, 53]
[342] sizes A=[49, 9, 135] B=[31, 87, 40] kills=[('B', 1, 48)] [0.2s]
      blk1 |S|=48 offs=[-95, -93, -91, -89, -87, -85, -83, -81, -79, -77, -75, -73, -71, -69, -67, -65, -63, -61, -59, -57, -55, -53, -51, -49, -47, -45, -43, -41, -39, -37, -33, -29, -27, -25, -23, -21, -19, -17, 3, 9, 11, 17, 21, 25, 35, 39, 43, 53]
[343] sizes A=[49, 8, 136] B=[31, 88, 39] kills=[('B', 1, 50)] [0.2s]
      blk1 |S|=50 offs=[-95, -93, -91, -89, -87, -85, -83, -81, -79, -77, -75, -73, -71, -69, -67, -65, -63, -61, -59, -57, -55, -53, -51, -49, -47, -45, -43, -41, -39, -37, -35, -33, -31, -29, -27, -25, -23, -21, -19, -17, -11, 3, 11, 17, 21, 25, 35, 39, 43, 53]
[344] sizes A=[49, 8, 136] B=[31, 88, 39] kills=[('B', 1, 50)] [0.2s]
      blk1 |S|=50 offs=[-95, -93, -91, -89, -87, -85, -83, -81, -79, -77, -75, -73, -71, -69, -67, -65, -63, -61, -59, -57, -55, -53, -51, -49, -47, -45, -43, -41, -39, -37, -35, -33, -31, -29, -27, -25, -21, -19, -17, -11, 3, 11, 17, 25, 33, 35, 39, 43, 53, 59]
[345] sizes A=[49, 8, 136] B=[31, 88, 39] kills=[('B', 1, 51)] [0.2s]
      blk1 |S|=51 offs=[-95, -93, -91, -89, -87, -85, -83, -81, -79, -77, -75, -73, -71, -69, -67, -65, -63, -61, -59, -57, -55, -53, -51, -49, -47, -45, -43, -41, -39, -37, -35, -33, -31, -29, -27, -25, -23, -21, -19, -17, -11, 3, 9, 11, 17, 25, 35, 39, 43, 53, 69]
[346] sizes A=[49, 8, 136] B=[31, 88, 39] kills=[('B', 1, 51)] [0.2s]
      blk1 |S|=51 offs=[-95, -93, -91, -89, -87, -85, -83, -81, -79, -77, -75, -73, -71, -69, -67, -65, -63, -61, -59, -57, -55, -53, -51, -49, -47, -45, -43, -41, -39, -37, -35, -33, -31, -29, -27, -25, -23, -21, -19, -17, -11, 3, 9, 11, 17, 25, 35, 39, 41, 43, 53]
[347] sizes A=[49, 9, 135] B=[31, 87, 40] kills=[('B', 1, 49)] [0.2s]
      blk1 |S|=49 offs=[-95, -93, -91, -89, -87, -85, -83, -81, -79, -77, -75, -73, -71, -69, -67, -65, -63, -61, -59, -57, -55, -53, -51, -49, -47, -45, -43, -41, -39, -37, -35, -33, -31, -29, -27, -25, -23, -21, -19, -17, 3, 7, 9, 11, 17, 21, 35, 41, 53]
[348] sizes A=[49, 9, 135] B=[31, 87, 40] kills=[('B', 1, 46)] [0.2s]
      blk1 |S|=46 offs=[-95, -93, -91, -89, -87, -85, -83, -81, -79, -77, -75, -73, -71, -69, -67, -65, -63, -61, -59, -57, -55, -53, -51, -49, -47, -45, -43, -41, -39, -37, -35, -33, -31, -29, -23, -21, -19, -17, 3, 7, 9, 11, 17, 21, 35, 53]
[349] sizes A=[45, 5, 134] B=[35, 91, 41] kills=[('B', 1, 52)] [0.2s]
      blk1 |S|=52 offs=[-95, -93, -91, -89, -87, -85, -83, -81, -79, -77, -75, -73, -71, -69, -67, -65, -63, -61, -59, -57, -55, -53, -51, -49, -47, -45, -43, -41, -39, -37, -35, -33, -31, -29, -27, -25, -21, -19, -17, -13, -9, -7, -3, -1, 3, 7, 25, 33, 35, 43, 69, 85]
[350] sizes A=[45, 5, 135] B=[35, 91, 40] kills=[('B', 1, 51)] [0.2s]
      blk1 |S|=51 offs=[-95, -93, -91, -89, -87, -85, -83, -81, -79, -77, -75, -73, -71, -69, -67, -65, -63, -61, -59, -57, -55, -53, -51, -49, -47, -45, -43, -41, -39, -37, -35, -33, -31, -29, -27, -25, -21, -19, -17, -13, -9, -7, -3, -1, 3, 7, 25, 33, 35, 43, 85]
[351] sizes A=[45, 5, 135] B=[35, 91, 40] kills=[('B', 1, 30)] [0.3s]
      blk1 |S|=30 offs=[-93, -89, -87, -85, -83, -81, -77, -73, -69, -67, -65, -61, -57, -55, -53, -49, -47, -45, -43, -41, -37, -29, -21, -13, -9, -1, 3, 7, 25, 85]
[352] sizes A=[45, 5, 135] B=[35, 91, 40] kills=[('B', 1, 29), ('B', 1, 30)] [0.4s]
      blk1 |S|=29 offs=[-93, -91, -89, -85, -83, -77, -69, -65, -63, -61, -57, -53, -49, -47, -45, -43, -41, -37, -35, -33, -31, -29, -25, -21, -13, -9, 3, 7, 25]
      blk1 |S|=30 offs=[-93, -91, -89, -85, -83, -77, -73, -69, -65, -63, -61, -57, -53, -49, -47, -45, -43, -41, -37, -35, -33, -31, -29, -25, -21, -13, -9, 3, 7, 25]
[353] sizes A=[45, 5, 136] B=[35, 91, 39] kills=[('B', 1, 23), ('B', 1, 26), ('B', 1, 25)] [0.4s]
      blk1 |S|=23 offs=[-93, -85, -83, -81, -77, -73, -69, -65, -61, -53, -45, -41, -39, -37, -29, -21, -13, -9, -7, -1, 3, 25, 59]
      blk1 |S|=26 offs=[-93, -85, -83, -81, -77, -75, -73, -69, -65, -61, -57, -53, -45, -41, -39, -37, -29, -21, -17, -13, -9, -7, -1, 3, 25, 59]
      blk1 |S|=25 offs=[-93, -85, -83, -81, -77, -73, -69, -67, -65, -61, -53, -49, -45, -41, -39, -37, -29, -21, -17, -13, -9, -7, 3, 25, 59]
[354] sizes A=[45, 6, 135] B=[35, 90, 40] kills=[('B', 1, 38), ('B', 1, 25)] [0.4s]
      blk1 |S|=38 offs=[-95, -91, -89, -87, -83, -81, -79, -75, -73, -71, -69, -67, -65, -63, -59, -57, -55, -53, -51, -49, -47, -45, -43, -41, -39, -37, -35, -31, -29, -27, -25, -19, -9, -1, 1, 3, 25, 43]
      blk1 |S|=25 offs=[-95, -91, -87, -83, -81, -79, -75, -73, -71, -67, -63, -55, -53, -47, -45, -43, -41, -39, -35, -31, -27, -19, 1, 3, 25]
[355] sizes A=[45, 6, 134] B=[35, 90, 41] kills=[('B', 1, 31), ('B', 1, 35)] [0.3s]
      blk1 |S|=31 offs=[-95, -93, -91, -87, -85, -81, -77, -73, -69, -65, -61, -59, -57, -53, -49, -45, -41, -39, -37, -35, -33, -31, -29, -21, -13, -9, -3, 3, 29, 33, 59]
      blk1 |S|=35 offs=[-95, -93, -91, -87, -85, -81, -79, -77, -73, -69, -67, -65, -61, -59, -57, -53, -49, -47, -45, -41, -39, -37, -35, -33, -31, -29, -27, -21, -13, -9, -3, 3, 29, 33, 59]
[356] sizes A=[45, 5, 135] B=[35, 91, 40] kills=[('B', 1, 24)] [0.3s]
      blk1 |S|=24 offs=[-93, -85, -83, -81, -77, -69, -67, -65, -61, -57, -53, -49, -47, -45, -41, -39, -37, -29, -25, -21, -17, 3, 25, 43]
[357] sizes A=[44, 6, 132] B=[36, 90, 43] kills=[('B', 1, 31)] [0.3s]
      blk1 |S|=31 offs=[-93, -91, -89, -85, -83, -81, -77, -69, -67, -61, -57, -55, -53, -51, -49, -45, -43, -41, -39, -37, -35, -29, -21, -19, -17, -13, -3, 3, 9, 25, 59]
[358] sizes A=[44, 5, 133] B=[36, 91, 42] kills=[('B', 1, 28), ('B', 1, 36), ('B', 1, 32)] [0.4s]
      blk1 |S|=28 offs=[-95, -93, -87, -85, -83, -81, -77, -73, -65, -61, -53, -45, -41, -39, -37, -35, -33, -29, -21, -19, -13, -9, 3, 25, 29, 43, 57, 59]
      blk1 |S|=36 offs=[-95, -93, -89, -87, -85, -83, -81, -79, -77, -75, -73, -71, -69, -67, -65, -63, -61, -59, -55, -53, -51, -47, -45, -41, -39, -37, -29, -21, -19, -13, -9, 3, 25, 29, 43, 59]
      blk1 |S|=32 offs=[-95, -93, -89, -85, -83, -81, -79, -77, -75, -73, -71, -69, -67, -65, -63, -61, -59, -55, -53, -51, -47, -45, -41, -39, -37, -29, -21, -13, -9, 3, 25, 59]
[359] sizes A=[44, 7, 128] B=[36, 89, 47] kills=[('B', 1, 29)] [0.3s]
      blk1 |S|=29 offs=[-93, -89, -87, -85, -83, -81, -77, -71, -65, -61, -57, -53, -49, -45, -43, -41, -39, -37, -29, -21, -17, -13, -11, -3, -1, 3, 25, 29, 71]
[360] sizes A=[44, 6, 129] B=[36, 90, 46] kills=[('B', 1, 25)] [0.3s]
      blk1 |S|=25 offs=[-93, -89, -85, -83, -81, -79, -77, -65, -61, -53, -45, -43, -41, -39, -37, -29, -27, -21, -17, -13, -7, 3, 25, 35, 65]
[361] sizes A=[44, 8, 128] B=[36, 88, 47] kills=[('B', 1, 26), ('B', 1, 23), ('B', 1, 24)] [0.3s]
      blk1 |S|=26 offs=[-93, -91, -89, -85, -83, -81, -77, -73, -65, -63, -61, -53, -49, -45, -43, -41, -39, -37, -29, -21, -17, -13, 3, 41, 59, 65]
      blk1 |S|=23 offs=[-93, -91, -89, -85, -83, -81, -77, -65, -61, -53, -49, -45, -41, -39, -37, -29, -21, -17, -13, 3, 41, 59, 65]
      blk1 |S|=24 offs=[-93, -91, -89, -85, -83, -81, -77, -69, -65, -61, -53, -49, -45, -41, -39, -37, -29, -21, -17, -13, 3, 41, 59, 65]
[362] sizes A=[44, 8, 128] B=[36, 88, 47] kills=[('B', 1, 27)] [0.3s]
      blk1 |S|=27 offs=[-93, -89, -85, -83, -81, -79, -77, -61, -57, -53, -49, -45, -41, -39, -37, -33, -29, -27, -21, -17, -13, -1, 3, 21, 25, 35, 59]
[363] sizes A=[44, 9, 129] B=[36, 87, 46] kills=[('B', 1, 38)] [0.3s]
      blk1 |S|=38 offs=[-95, -93, -91, -89, -87, -85, -79, -77, -75, -71, -69, -67, -65, -63, -61, -59, -57, -55, -53, -51, -49, -47, -45, -43, -39, -37, -35, -31, -29, -21, -13, -3, 1, 3, 25, 43, 53, 71]
[364] sizes A=[44, 9, 128] B=[36, 87, 47] kills=[('B', 1, 38), ('B', 1, 33), ('B', 1, 28)] [0.3s]
      blk1 |S|=38 offs=[-95, -93, -91, -89, -87, -85, -83, -81, -79, -77, -75, -73, -71, -67, -63, -59, -57, -55, -53, -51, -47, -45, -43, -39, -35, -33, -31, -29, -27, -21, -17, -3, 1, 3, 17, 25, 29, 43]
      blk1 |S|=33 offs=[-95, -93, -91, -87, -85, -83, -81, -79, -75, -73, -71, -67, -63, -59, -55, -51, -47, -45, -43, -39, -35, -33, -31, -29, -27, -21, -3, 1, 3, 17, 25, 29, 43]
      blk1 |S|=28 offs=[-95, -93, -91, -87, -83, -81, -79, -75, -71, -67, -63, -59, -55, -51, -47, -45, -43, -39, -35, -33, -31, -27, -3, 1, 3, 17, 25, 29]
[365] sizes A=[44, 8, 129] B=[36, 88, 46] kills=[('B', 1, 33)] [0.3s]
      blk1 |S|=33 offs=[-95, -91, -87, -83, -81, -79, -77, -75, -73, -71, -69, -67, -65, -63, -61, -59, -57, -55, -53, -51, -47, -45, -39, -37, -35, -31, -27, -17, 1, 3, 17, 25, 49]
[366] sizes A=[44, 8, 129] B=[36, 88, 46] kills=[('B', 1, 26)] [0.3s]
      blk1 |S|=26 offs=[-95, -93, -91, -87, -83, -79, -77, -75, -71, -67, -63, -59, -55, -51, -47, -39, -35, -33, -31, -27, -17, 1, 17, 25, 31, 43]
[367] sizes A=[44, 8, 129] B=[36, 88, 46] kills=[('B', 1, 53)] [0.2s]
      blk1 |S|=53 offs=[-95, -93, -91, -89, -87, -85, -83, -81, -79, -77, -75, -73, -71, -69, -67, -65, -63, -61, -59, -57, -55, -53, -51, -49, -47, -45, -43, -41, -39, -37, -35, -33, -31, -29, -27, -21, -17, -13, -7, -3, -1, 1, 3, 13, 17, 25, 33, 35, 37, 39, 43, 53, 59]
[368] sizes A=[44, 8, 129] B=[36, 88, 46] kills=[('B', 1, 53)] [0.2s]
      blk1 |S|=53 offs=[-95, -93, -91, -89, -87, -85, -83, -81, -79, -77, -75, -73, -71, -69, -67, -65, -63, -61, -59, -57, -55, -53, -51, -49, -47, -45, -43, -41, -39, -37, -35, -33, -31, -29, -27, -21, -17, -13, -7, -3, -1, 1, 3, 13, 17, 25, 35, 37, 39, 43, 53, 59, 61]
[369] sizes A=[44, 8, 129] B=[36, 88, 46] kills=[('B', 1, 32), ('B', 1, 31), ('B', 1, 28)] [0.4s]
      blk1 |S|=32 offs=[-95, -93, -89, -87, -85, -83, -77, -75, -73, -71, -67, -65, -63, -61, -59, -55, -53, -51, -49, -47, -45, -43, -41, -39, -37, -29, -21, -17, -13, 3, 13, 25]
      blk1 |S|=31 offs=[-95, -93, -89, -87, -85, -83, -77, -75, -73, -71, -67, -65, -63, -61, -59, -55, -53, -47, -45, -43, -41, -39, -37, -29, -21, -17, -13, 3, 13, 17, 25]
      blk1 |S|=28 offs=[-95, -93, -89, -85, -83, -77, -75, -73, -71, -69, -67, -65, -63, -61, -59, -53, -45, -43, -41, -39, -37, -29, -21, -17, 3, 13, 17, 25]
[370] sizes A=[44, 8, 129] B=[36, 88, 46] kills=[('B', 1, 38), ('B', 1, 37)] [0.4s]
      blk1 |S|=38 offs=[-95, -93, -91, -89, -87, -85, -79, -77, -75, -73, -71, -69, -67, -65, -63, -61, -59, -57, -55, -53, -51, -49, -47, -45, -43, -41, -37, -29, -27, -21, -17, -13, -3, 3, 17, 37, 53, 59]
      blk1 |S|=37 offs=[-95, -93, -91, -89, -87, -85, -79, -77, -75, -73, -71, -69, -67, -65, -63, -61, -59, -57, -55, -53, -51, -49, -45, -43, -41, -37, -35, -29, -27, -21, -17, -13, 3, 17, 37, 53, 59]
[371] sizes A=[44, 7, 129] B=[36, 89, 46] kills=[('B', 1, 41)] [0.4s]
      blk1 |S|=41 offs=[-93, -91, -89, -85, -83, -81, -79, -77, -75, -73, -69, -67, -65, -63, -61, -59, -57, -55, -53, -51, -49, -45, -43, -41, -39, -37, -35, -33, -29, -27, -21, -17, -13, -11, -1, 3, 17, 25, 33, 39, 59]
[372] sizes A=[44, 6, 130] B=[36, 90, 45] kills=[('B', 1, 33), ('B', 1, 24), ('B', 1, 26)] [0.4s]
      blk1 |S|=33 offs=[-93, -91, -89, -85, -83, -81, -79, -77, -75, -73, -69, -65, -61, -57, -53, -49, -45, -41, -39, -37, -33, -29, -21, -17, -13, -3, -1, 3, 9, 17, 25, 53, 59]
      blk1 |S|=24 offs=[-93, -91, -85, -81, -77, -73, -69, -65, -61, -57, -53, -49, -45, -41, -39, -37, -33, -29, -21, -17, -13, -1, 3, 17]
      blk1 |S|=26 offs=[-93, -91, -85, -81, -77, -73, -69, -67, -65, -61, -57, -55, -53, -49, -45, -41, -39, -37, -33, -29, -21, -17, -13, -1, 3, 17]
[373] sizes A=[44, 7, 130] B=[36, 89, 45] kills=[('B', 1, 31)] [0.3s]
      blk1 |S|=31 offs=[-93, -89, -85, -79, -77, -75, -73, -69, -65, -63, -61, -57, -55, -53, -51, -49, -45, -43, -41, -37, -35, -33, -29, -23, -21, -17, -13, 3, 17, 43, 53]
[374] sizes A=[44, 8, 129] B=[36, 88, 46] kills=[('B', 1, 41), ('B', 1, 40)] [0.3s]
      blk1 |S|=41 offs=[-93, -89, -87, -85, -83, -81, -79, -77, -75, -73, -69, -67, -65, -63, -61, -59, -57, -55, -53, -51, -49, -45, -43, -41, -39, -37, -35, -33, -29, -27, -21, -17, -13, -11, 3, 9, 17, 25, 39, 43, 59]
      blk1 |S|=40 offs=[-93, -89, -87, -85, -83, -81, -79, -77, -75, -69, -67, -65, -63, -61, -59, -57, -55, -53, -51, -49, -45, -43, -41, -39, -37, -35, -33, -29, -27, -21, -17, -13, -11, 3, 9, 17, 25, 39, 43, 59]
[375] sizes A=[44, 9, 128] B=[36, 87, 47] kills=[('A', 1, 11), ('B', 1, 33)] [0.3s]
      blk1 |S|=11 offs=[-25, -19, -15, -11, -10, -9, -5, -1, 1, 5, 8]
      blk1 |S|=33 offs=[-95, -93, -89, -87, -85, -83, -79, -77, -73, -69, -67, -65, -61, -57, -55, -53, -51, -49, -47, -45, -43, -41, -37, -35, -33, -29, -21, -17, -13, 3, 9, 17, 21]
[376] sizes A=[44, 7, 129] B=[36, 89, 46] kills=[('B', 1, 42), ('B', 1, 40), ('B', 1, 37)] [0.5s]
      blk1 |S|=42 offs=[-95, -93, -91, -89, -87, -85, -79, -77, -75, -73, -71, -69, -67, -65, -63, -61, -59, -57, -55, -53, -51, -49, -45, -43, -41, -39, -37, -35, -31, -29, -27, -21, -13, -11, -7, -1, 3, 9, 33, 35, 53, 71]
      blk1 |S|=40 offs=[-95, -93, -91, -89, -85, -81, -79, -77, -75, -73, -71, -69, -67, -65, -63, -61, -59, -57, -55, -53, -51, -49, -45, -43, -41, -39, -37, -35, -29, -27, -21, -13, -11, -7, -1, 3, 9, 33, 53, 71]
      blk1 |S|=37 offs=[-95, -93, -91, -89, -85, -79, -77, -75, -73, -71, -69, -67, -65, -63, -61, -59, -57, -55, -53, -51, -49, -45, -43, -41, -39, -37, -35, -29, -27, -21, -13, -11, -1, 3, 9, 33, 53]
[377] sizes A=[44, 6, 130] B=[36, 90, 45] kills=[('B', 1, 33), ('B', 1, 34)] [0.4s]
      blk1 |S|=33 offs=[-93, -91, -89, -87, -85, -81, -79, -77, -73, -69, -65, -61, -59, -57, -53, -51, -49, -45, -43, -41, -39, -37, -33, -31, -29, -23, -21, -13, -1, 3, 9, 41, 53]
      blk1 |S|=34 offs=[-93, -91, -89, -87, -85, -81, -79, -77, -73, -69, -65, -61, -59, -57, -53, -51, -49, -45, -43, -41, -39, -37, -33, -31, -29, -23, -21, -17, -13, -1, 3, 9, 41, 53]
[378] sizes A=[44, 9, 126] B=[36, 87, 49] kills=[('A', 1, 13), ('A', 1, 9), ('B', 1, 38), ('B', 1, 36), ('B', 1, 37)] [0.4s]
      blk1 |S|=13 offs=[-25, -23, -19, -15, -10, -7, -5, -1, 1, 5, 8, 9, 13]
      blk1 |S|=9 offs=[-25, -19, -15, -10, -5, -1, 5, 8, 9]
      blk1 |S|=38 offs=[-95, -93, -89, -87, -85, -81, -79, -77, -75, -73, -71, -69, -65, -63, -61, -55, -53, -51, -45, -43, -41, -39, -37, -35, -31, -29, -27, -21, -17, -13, -11, 3, 21, 29, 31, 53, 59, 69]
      blk1 |S|=36 offs=[-95, -93, -89, -87, -85, -81, -79, -77, -75, -73, -69, -65, -63, -61, -57, -53, -51, -45, -43, -41, -37, -35, -31, -29, -27, -21, -17, -13, -11, 3, 21, 29, 31, 53, 59, 69]
      blk1 |S|=37 offs=[-95, -93, -89, -87, -85, -79, -77, -75, -73, -71, -69, -65, -63, -61, -59, -57, -55, -53, -51, -49, -45, -43, -41, -39, -37, -31, -29, -27, -21, -17, -13, 3, 21, 29, 31, 53, 69]
[379] sizes A=[44, 8, 127] B=[36, 88, 48] kills=[('B', 1, 37), ('B', 1, 31)] [0.4s]
      blk1 |S|=37 offs=[-93, -91, -89, -87, -85, -83, -81, -77, -75, -73, -71, -69, -67, -65, -61, -57, -53, -51, -49, -47, -45, -41, -39, -37, -35, -33, -31, -29, -21, -17, -13, 3, 15, 17, 21, 31, 33]
      blk1 |S|=31 offs=[-93, -89, -87, -81, -77, -75, -73, -71, -69, -67, -65, -61, -57, -53, -51, -49, -47, -45, -41, -39, -37, -35, -33, -29, -21, -13, 3, 15, 17, 21, 31]
[380] sizes A=[44, 8, 127] B=[36, 88, 48] kills=[('B', 1, 35)] [0.3s]
      blk1 |S|=35 offs=[-93, -91, -89, -87, -85, -83, -81, -79, -77, -75, -73, -69, -65, -61, -57, -53, -51, -49, -45, -43, -39, -37, -33, -31, -29, -21, -17, -15, -13, 3, 15, 17, 21, 33, 59]
[381] sizes A=[44, 8, 127] B=[36, 88, 48] kills=[('B', 1, 35)] [0.2s]
      blk1 |S|=35 offs=[-93, -91, -89, -87, -85, -83, -81, -79, -77, -75, -73, -69, -65, -61, -57, -53, -51, -49, -45, -43, -39, -37, -33, -31, -29, -21, -17, -15, -13, 3, 15, 17, 21, 59, 65]
[382] sizes A=[44, 9, 127] B=[36, 87, 48] kills=[('B', 1, 52)] [0.2s]
      blk1 |S|=52 offs=[-95, -93, -91, -89, -87, -85, -83, -81, -79, -77, -75, -73, -71, -69, -67, -65, -63, -61, -59, -57, -55, -53, -51, -49, -47, -45, -43, -41, -39, -37, -35, -33, -31, -29, -27, -21, -17, -15, -13, -3, 1, 3, 15, 17, 29, 35, 39, 43, 53, 59, 61, 65]
[383] sizes A=[44, 8, 128] B=[36, 88, 47] kills=[('B', 1, 40)] [0.3s]
      blk1 |S|=40 offs=[-95, -91, -89, -87, -85, -83, -81, -79, -77, -75, -73, -71, -69, -67, -65, -63, -61, -59, -55, -53, -49, -47, -45, -43, -39, -35, -31, -21, -17, -15, -13, -7, 1, 3, 15, 17, 43, 53, 59, 61]
[384] sizes A=[44, 8, 128] B=[36, 88, 47] kills=[('B', 1, 31)] [0.3s]
      blk1 |S|=31 offs=[-93, -85, -83, -81, -77, -75, -73, -71, -69, -65, -61, -59, -57, -53, -49, -47, -45, -41, -39, -37, -35, -33, -29, -21, -17, -13, 3, 9, 15, 17, 59]
[385] sizes A=[44, 9, 126] B=[36, 87, 49] kills=[('B', 1, 46)] [0.3s]
      blk1 |S|=46 offs=[-95, -93, -91, -89, -87, -85, -83, -81, -79, -77, -75, -73, -71, -69, -65, -63, -61, -59, -57, -55, -53, -51, -49, -45, -43, -41, -39, -37, -35, -33, -29, -27, -21, -13, -7, -3, -1, 3, 9, 13, 25, 33, 35, 55, 59, 71]
[386] sizes A=[44, 9, 126] B=[36, 87, 49] kills=[('B', 1, 45), ('B', 1, 44)] [0.3s]
      blk1 |S|=45 offs=[-95, -93, -91, -89, -87, -85, -83, -81, -79, -77, -75, -73, -69, -65, -63, -61, -59, -57, -55, -53, -51, -49, -45, -43, -41, -39, -37, -35, -33, -31, -29, -27, -21, -13, -7, -3, -1, 3, 9, 13, 25, 31, 33, 71, 73]
      blk1 |S|=44 offs=[-95, -93, -91, -89, -87, -85, -83, -81, -79, -77, -75, -73, -69, -65, -63, -61, -59, -57, -55, -53, -51, -49, -45, -43, -41, -39, -37, -33, -31, -29, -27, -21, -13, -7, -3, -1, 3, 9, 13, 25, 31, 33, 71, 73]
[387] sizes A=[44, 9, 127] B=[36, 87, 48] kills=[('B', 1, 41), ('B', 1, 40), ('B', 1, 41)] [0.5s]
      blk1 |S|=41 offs=[-95, -93, -91, -89, -87, -85, -83, -81, -79, -77, -75, -73, -71, -69, -65, -63, -61, -59, -57, -53, -51, -49, -47, -45, -43, -41, -39, -37, -35, -33, -29, -27, -21, -13, -7, -1, 3, 9, 13, 25, 71]
      blk1 |S|=40 offs=[-95, -93, -91, -89, -87, -85, -83, -81, -79, -77, -75, -73, -71, -69, -65, -63, -61, -59, -57, -53, -49, -47, -45, -43, -41, -39, -37, -35, -33, -29, -27, -21, -13, -7, -1, 3, 9, 13, 25, 71]
      blk1 |S|=41 offs=[-95, -93, -91, -89, -87, -85, -83, -81, -79, -77, -75, -73, -71, -69, -67, -65, -63, -61, -59, -57, -53, -49, -47, -45, -43, -41, -39, -37, -35, -33, -29, -27, -21, -13, -7, -1, 3, 9, 13, 25, 71]
[388] sizes A=[44, 10, 126] B=[36, 86, 49] kills=[('B', 1, 42), ('B', 1, 41)] [0.4s]
      blk1 |S|=42 offs=[-95, -93, -91, -89, -87, -85, -83, -79, -77, -75, -73, -71, -69, -67, -65, -63, -61, -59, -57, -55, -53, -51, -49, -47, -45, -43, -41, -39, -37, -35, -31, -29, -27, -13, -3, 3, 9, 13, 25, 31, 33, 39]
      blk1 |S|=41 offs=[-95, -93, -91, -89, -87, -85, -83, -79, -77, -75, -73, -71, -69, -67, -65, -63, -61, -59, -57, -55, -53, -51, -49, -47, -45, -43, -41, -39, -37, -35, -29, -27, -21, -13, 3, 9, 13, 25, 31, 33, 39]
[389] sizes A=[44, 10, 126] B=[36, 86, 49] kills=[('B', 1, 39), ('B', 1, 40)] [0.4s]
      blk1 |S|=39 offs=[-95, -93, -91, -89, -87, -83, -81, -77, -75, -73, -71, -67, -65, -63, -61, -59, -57, -55, -53, -51, -49, -47, -45, -43, -41, -39, -37, -35, -33, -31, -29, -21, -13, -3, 3, 9, 13, 25, 33]
      blk1 |S|=40 offs=[-95, -93, -91, -89, -87, -85, -83, -81, -79, -77, -75, -73, -71, -67, -65, -63, -61, -59, -57, -55, -53, -51, -49, -47, -45, -43, -41, -39, -37, -35, -33, -29, -21, -13, -3, 3, 9, 13, 25, 33]
[390] sizes A=[44, 10, 126] B=[36, 86, 49] kills=[('B', 1, 35), ('B', 1, 30)] [0.3s]
      blk1 |S|=35 offs=[-93, -91, -89, -87, -85, -81, -79, -77, -75, -73, -71, -69, -67, -65, -63, -61, -57, -55, -53, -49, -45, -43, -41, -39, -37, -29, -27, -21, -13, -1, 3, 9, 33, 39, 53]
      blk1 |S|=30 offs=[-93, -91, -89, -85, -81, -79, -77, -75, -73, -71, -69, -67, -65, -63, -61, -57, -55, -53, -49, -45, -43, -41, -39, -37, -29, -21, -13, -1, 3, 33]
[391] sizes A=[44, 10, 127] B=[36, 86, 48] kills=[('B', 1, 32), ('B', 1, 32)] [0.3s]
      blk1 |S|=32 offs=[-95, -93, -85, -81, -79, -77, -75, -73, -69, -67, -65, -61, -57, -55, -53, -49, -45, -43, -41, -39, -37, -35, -29, -21, -13, -3, 3, 9, 49, 53, 55, 71]
      blk1 |S|=32 offs=[-95, -93, -85, -81, -79, -77, -75, -73, -71, -69, -67, -65, -61, -57, -55, -53, -49, -45, -43, -41, -39, -37, -35, -29, -21, -13, -3, 3, 9, 49, 53, 71]
[392] sizes A=[44, 10, 127] B=[36, 86, 48] kills=[('B', 1, 28)] [0.2s]
      blk1 |S|=28 offs=[-93, -91, -89, -87, -85, -83, -81, -77, -73, -69, -61, -53, -49, -45, -41, -39, -37, -35, -33, -31, -29, -21, -13, -1, 3, 9, 25, 31]
[393] sizes A=[44, 9, 128] B=[36, 87, 47] kills=[('B', 1, 29), ('B', 1, 31), ('B', 1, 27)] [0.4s]
      blk1 |S|=29 offs=[-93, -89, -87, -85, -83, -81, -79, -77, -69, -61, -57, -53, -51, -45, -41, -39, -37, -33, -29, -27, -21, -13, -7, 3, 25, 39, 41, 61, 71]
      blk1 |S|=31 offs=[-93, -87, -85, -83, -81, -79, -77, -75, -73, -69, -63, -61, -57, -53, -51, -45, -41, -39, -37, -33, -29, -27, -21, -13, -7, 3, 25, 39, 41, 61, 71]
      blk1 |S|=27 offs=[-93, -87, -85, -83, -81, -77, -75, -73, -69, -63, -61, -57, -53, -51, -45, -39, -33, -29, -27, -21, -13, -7, 3, 25, 39, 61, 71]
[394] sizes A=[44, 10, 127] B=[36, 86, 48] kills=[('B', 1, 34), ('B', 1, 33), ('B', 1, 29)] [0.4s]
      blk1 |S|=34 offs=[-93, -89, -87, -85, -81, -79, -77, -73, -69, -67, -65, -61, -57, -55, -53, -51, -49, -47, -45, -43, -39, -37, -35, -33, -29, -27, -21, -13, -3, -1, 3, 9, 29, 39]
      blk1 |S|=33 offs=[-93, -89, -87, -85, -81, -79, -77, -75, -73, -71, -69, -67, -65, -61, -57, -55, -53, -49, -45, -43, -39, -37, -35, -29, -27, -21, -13, -3, -1, 3, 9, 29, 39]
      blk1 |S|=29 offs=[-93, -89, -87, -85, -81, -79, -77, -75, -73, -71, -69, -67, -65, -61, -57, -55, -49, -45, -43, -39, -35, -29, -27, -21, -3, 3, 9, 29, 39]
[395] sizes A=[44, 10, 127] B=[36, 86, 48] kills=[('B', 1, 32)] [0.2s]
      blk1 |S|=32 offs=[-93, -91, -89, -87, -85, -81, -79, -77, -69, -61, -59, -57, -53, -51, -49, -45, -41, -39, -37, -33, -31, -29, -27, -21, -13, -3, 3, 29, 35, 53, 55, 71]
[396] sizes A=[44, 10, 128] B=[36, 86, 47] kills=[('B', 1, 28)] [0.2s]
      blk1 |S|=28 offs=[-93, -89, -85, -81, -77, -73, -71, -69, -67, -65, -61, -57, -55, -53, -49, -45, -43, -41, -37, -35, -33, -29, -21, -13, 3, 7, 9, 43]
[397] sizes A=[44, 10, 127] B=[36, 86, 48] kills=[('B', 1, 35), ('B', 1, 36)] [0.3s]
      blk1 |S|=35 offs=[-95, -93, -91, -89, -87, -85, -83, -81, -75, -73, -69, -67, -65, -61, -59, -57, -55, -53, -51, -49, -47, -45, -43, -41, -39, -37, -35, -33, -29, -27, -21, -13, 3, 9, 43]
      blk1 |S|=36 offs=[-95, -93, -91, -89, -87, -85, -83, -81, -79, -75, -73, -69, -67, -65, -61, -59, -57, -55, -53, -51, -49, -47, -45, -43, -41, -39, -37, -35, -33, -29, -27, -21, -13, 3, 9, 43]
[398] sizes A=[42, 11, 125] B=[38, 85, 50] kills=[('B', 1, 36)] [0.3s]
      blk1 |S|=36 offs=[-95, -93, -91, -89, -87, -85, -83, -81, -79, -77, -75, -73, -71, -67, -65, -61, -59, -57, -55, -53, -51, -49, -47, -45, -43, -41, -39, -37, -35, -33, -29, -21, -13, 3, 9, 63]
[399] sizes A=[42, 10, 126] B=[38, 86, 49] kills=[('B', 1, 41), ('B', 1, 40)] [0.3s]
      blk1 |S|=41 offs=[-93, -91, -89, -87, -85, -83, -81, -79, -77, -75, -73, -67, -65, -63, -61, -57, -55, -53, -51, -49, -45, -43, -41, -39, -37, -35, -33, -31, -29, -21, -13, -11, -3, -1, 3, 13, 25, 53, 59, 61, 71]
      blk1 |S|=40 offs=[-93, -91, -89, -87, -85, -83, -81, -79, -77, -75, -73, -69, -67, -65, -63, -61, -57, -55, -53, -51, -49, -45, -43, -41, -39, -37, -35, -31, -29, -21, -13, -11, -3, -1, 3, 13, 25, 53, 61, 71]
[400] sizes A=[42, 11, 125] B=[38, 85, 50] kills=[('B', 1, 39), ('B', 1, 34), ('B', 1, 34), ('B', 1, 33)] [0.5s]
      blk1 |S|=39 offs=[-95, -93, -91, -85, -83, -81, -79, -77, -75, -73, -71, -69, -67, -65, -63, -61, -59, -57, -55, -53, -51, -49, -45, -43, -41, -39, -37, -35, -33, -31, -29, -21, -13, -3, -1, 3, 9, 21, 71]
      blk1 |S|=34 offs=[-95, -93, -91, -89, -85, -83, -81, -77, -75, -73, -71, -69, -67, -65, -61, -59, -57, -55, -53, -49, -47, -45, -43, -41, -39, -37, -31, -21, -13, -3, 3, 9, 21, 71]
      blk1 |S|=34 offs=[-95, -93, -91, -89, -87, -85, -83, -81, -79, -77, -75, -73, -71, -69, -67, -65, -63, -61, -59, -57, -55, -53, -49, -47, -45, -43, -41, -39, -37, -13, -3, 3, 9, 71]
      blk1 |S|=33 offs=[-95, -93, -91, -89, -87, -85, -83, -81, -79, -77, -75, -73, -71, -69, -67, -65, -63, -61, -59, -57, -55, -53, -49, -47, -45, -43, -41, -39, -37, -3, 3, 9, 59]
[401] sizes A=[42, 9, 124] B=[38, 87, 51] kills=[('B', 1, 35)] [0.2s]
      blk1 |S|=35 offs=[-93, -89, -87, -85, -81, -79, -77, -75, -73, -71, -69, -67, -65, -63, -61, -57, -55, -53, -51, -49, -45, -43, -41, -39, -37, -31, -29, -21, -13, -11, 3, 21, 55, 59, 61]
[402] sizes A=[42, 9, 125] B=[38, 87, 50] kills=[('B', 1, 36)] [0.3s]
      blk1 |S|=36 offs=[-93, -91, -89, -87, -85, -83, -81, -79, -77, -75, -73, -71, -69, -67, -65, -63, -61, -59, -57, -53, -45, -43, -41, -39, -37, -29, -21, -15, -13, -11, -1, 3, 25, 53, 65, 71]
[403] sizes A=[42, 9, 124] B=[38, 87, 51] kills=[('B', 1, 42), ('B', 1, 41), ('B', 1, 39)] [0.5s]
      blk1 |S|=42 offs=[-93, -91, -89, -87, -85, -83, -81, -79, -77, -75, -73, -71, -69, -67, -65, -63, -61, -59, -57, -55, -53, -51, -49, -45, -43, -41, -39, -37, -31, -29, -21, -13, -11, -7, -1, 3, 25, 53, 55, 61, 65, 71]
      blk1 |S|=41 offs=[-93, -91, -89, -87, -85, -83, -81, -79, -77, -75, -73, -71, -69, -67, -63, -61, -59, -57, -55, -53, -51, -49, -45, -43, -41, -39, -37, -31, -29, -21, -13, -11, -7, -1, 3, 25, 53, 55, 61, 65, 71]
      blk1 |S|=39 offs=[-93, -91, -89, -87, -85, -83, -81, -79, -77, -75, -71, -69, -67, -63, -61, -59, -57, -55, -53, -51, -45, -43, -41, -39, -37, -31, -29, -21, -13, -11, -7, -1, 3, 25, 53, 57, 61, 65, 71]
[404] sizes A=[42, 10, 123] B=[38, 86, 52] kills=[('B', 1, 26), ('B', 1, 21)] [0.3s]
      blk1 |S|=26 offs=[-93, -89, -85, -79, -77, -73, -69, -67, -65, -61, -57, -55, -53, -49, -45, -43, -41, -37, -35, -31, -29, -21, -13, 3, 21, 31]
      blk1 |S|=21 offs=[-93, -89, -85, -79, -77, -73, -69, -65, -61, -57, -53, -45, -41, -37, -35, -29, -21, -13, 3, 21, 31]
[405] sizes A=[42, 10, 123] B=[38, 86, 52] kills=[('B', 1, 40)] [0.2s]
      blk1 |S|=40 offs=[-93, -91, -89, -87, -85, -83, -81, -79, -77, -75, -73, -71, -69, -67, -65, -63, -61, -59, -57, -55, -53, -51, -49, -45, -43, -41, -39, -37, -33, -29, -21, -13, -7, -1, 3, 21, 25, 53, 65, 71]
[406] sizes A=[42, 10, 123] B=[38, 86, 52] kills=[('B', 1, 39)] [0.3s]
      blk1 |S|=39 offs=[-93, -91, -89, -87, -85, -83, -81, -79, -77, -75, -73, -71, -69, -67, -65, -63, -61, -59, -57, -55, -53, -51, -49, -45, -43, -41, -39, -37, -29, -21, -13, -7, -1, 3, 25, 45, 53, 65, 71]
[407] sizes A=[42, 9, 124] B=[38, 87, 51] kills=[('B', 1, 23)] [0.3s]
      blk1 |S|=23 offs=[-93, -91, -89, -85, -83, -81, -77, -69, -61, -53, -45, -41, -39, -37, -31, -29, -21, -13, -1, 3, 25, 31, 65]
[408] sizes A=[42, 7, 125] B=[38, 89, 50] kills=[('B', 1, 26)] [0.2s]
      blk1 |S|=26 offs=[-95, -93, -85, -83, -81, -77, -69, -61, -59, -57, -53, -45, -41, -37, -33, -29, -23, -21, -13, -7, 3, 25, 47, 53, 55, 71]
[409] sizes A=[42, 7, 126] B=[38, 89, 49] kills=[('B', 1, 30), ('B', 1, 28), ('B', 1, 28)] [0.3s]
      blk1 |S|=30 offs=[-95, -93, -91, -89, -85, -83, -81, -77, -73, -69, -63, -61, -57, -53, -45, -43, -41, -37, -33, -29, -23, -21, -13, -7, 3, 25, 39, 41, 49, 71]
      blk1 |S|=28 offs=[-93, -91, -89, -85, -83, -81, -77, -73, -69, -63, -61, -57, -53, -45, -43, -41, -37, -33, -29, -23, -21, -13, -7, 3, 25, 39, 49, 71]
      blk1 |S|=28 offs=[-93, -91, -89, -85, -83, -81, -77, -73, -69, -65, -63, -61, -57, -53, -45, -43, -41, -37, -29, -23, -21, -13, -7, 3, 25, 39, 49, 71]
[410] sizes A=[42, 7, 127] B=[38, 89, 48] kills=[('B', 1, 27), ('B', 1, 31)] [0.3s]
      blk1 |S|=27 offs=[-93, -85, -83, -81, -77, -73, -71, -69, -65, -61, -57, -53, -45, -41, -37, -33, -29, -21, -13, -11, -7, 3, 25, 39, 41, 59, 71]
      blk1 |S|=31 offs=[-95, -93, -91, -87, -85, -83, -81, -79, -77, -73, -71, -69, -65, -61, -57, -53, -45, -41, -37, -33, -29, -21, -13, -11, -7, 3, 25, 39, 41, 59, 71]
[411] sizes A=[42, 8, 127] B=[38, 88, 48] kills=[('B', 1, 36), ('B', 1, 35)] [0.4s]
      blk1 |S|=36 offs=[-93, -91, -89, -87, -85, -83, -81, -79, -77, -75, -73, -71, -69, -67, -65, -63, -61, -59, -57, -55, -53, -51, -47, -45, -43, -41, -37, -31, -29, -21, -13, -1, 3, 7, 13, 65]
      blk1 |S|=35 offs=[-93, -91, -89, -87, -85, -83, -81, -79, -77, -75, -73, -71, -69, -67, -65, -63, -61, -59, -57, -55, -53, -51, -47, -45, -43, -41, -37, -31, -29, -21, -13, -1, 3, 13, 65]
[412] sizes A=[42, 8, 128] B=[38, 88, 47] kills=[('B', 1, 33), ('B', 1, 36), ('B', 1, 29), ('B', 1, 33)] [0.5s]
      blk1 |S|=33 offs=[-95, -93, -91, -89, -87, -85, -81, -77, -69, -67, -65, -61, -59, -57, -53, -49, -47, -45, -43, -41, -39, -37, -35, -33, -31, -29, -21, -13, -1, 3, 21, 29, 65]
      blk1 |S|=36 offs=[-95, -93, -91, -89, -87, -85, -81, -77, -75, -73, -71, -69, -67, -65, -61, -59, -57, -53, -49, -47, -45, -43, -41, -39, -37, -35, -33, -31, -29, -21, -13, -1, 3, 21, 29, 65]
      blk1 |S|=29 offs=[-95, -93, -89, -87, -85, -81, -77, -69, -67, -65, -61, -59, -57, -53, -49, -47, -45, -43, -41, -39, -37, -33, -29, -21, -13, -1, 3, 21, 29]
      blk1 |S|=33 offs=[-95, -93, -91, -89, -87, -85, -83, -81, -79, -77, -75, -73, -71, -69, -67, -65, -63, -61, -59, -57, -53, -47, -45, -43, -41, -39, -37, -29, -21, -13, 3, 21, 29]
[413] sizes A=[42, 8, 128] B=[38, 88, 47] kills=[('B', 1, 34), ('B', 1, 34), ('B', 1, 33)] [0.4s]
      blk1 |S|=34 offs=[-93, -91, -87, -85, -83, -77, -73, -71, -69, -65, -63, -61, -59, -57, -53, -51, -49, -47, -45, -43, -41, -39, -37, -33, -31, -29, -21, -15, -13, -1, 3, 7, 25, 29]
      blk1 |S|=34 offs=[-93, -89, -87, -85, -83, -81, -77, -73, -71, -69, -67, -65, -63, -61, -59, -57, -53, -51, -49, -47, -45, -43, -41, -39, -37, -29, -21, -15, -13, -1, 3, 7, 25, 29]
      blk1 |S|=33 offs=[-93, -89, -87, -85, -83, -81, -77, -73, -71, -69, -67, -65, -63, -61, -59, -57, -53, -49, -47, -45, -43, -41, -39, -37, -29, -21, -15, -13, -1, 3, 7, 25, 29]
[414] sizes A=[42, 10, 123] B=[38, 86, 52] kills=[('B', 1, 26)] [0.2s]
      blk1 |S|=26 offs=[-95, -93, -87, -85, -81, -77, -69, -61, -59, -57, -53, -45, -41, -39, -37, -29, -21, -15, -13, -3, -1, 3, 29, 53, 55, 63]
[415] sizes A=[42, 10, 123] B=[38, 86, 52] kills=[('B', 1, 41)] [0.3s]
      blk1 |S|=41 offs=[-95, -93, -87, -85, -83, -81, -79, -77, -75, -73, -71, -69, -67, -65, -63, -61, -59, -57, -55, -53, -51, -49, -45, -41, -39, -37, -35, -33, -29, -21, -15, -13, -3, 3, 29, 49, 53, 55, 57, 69, 71]
[416] sizes A=[42, 10, 123] B=[38, 86, 52] kills=[('B', 1, 38), ('B', 1, 33), ('B', 1, 35)] [0.4s]
      blk1 |S|=38 offs=[-93, -91, -89, -87, -85, -83, -81, -79, -77, -75, -73, -71, -69, -67, -65, -63, -61, -59, -57, -55, -53, -51, -49, -45, -43, -41, -39, -37, -35, -33, -29, -21, -13, -3, 3, 29, 53, 71]
      blk1 |S|=33 offs=[-93, -91, -89, -87, -85, -81, -79, -77, -75, -73, -71, -69, -67, -65, -63, -61, -59, -57, -55, -53, -51, -45, -43, -41, -39, -37, -35, -29, -21, -13, 3, 29, 53]
      blk1 |S|=35 offs=[-93, -89, -87, -85, -83, -81, -79, -77, -73, -71, -69, -67, -65, -63, -61, -59, -57, -55, -53, -51, -49, -47, -45, -43, -41, -39, -37, -33, -29, -21, -13, -3, 3, 29, 53]
[417] sizes A=[42, 8, 125] B=[38, 88, 50] kills=[('B', 1, 34), ('B', 1, 26)] [0.4s]
      blk1 |S|=34 offs=[-95, -93, -89, -85, -83, -81, -79, -77, -73, -71, -69, -65, -61, -59, -57, -55, -53, -51, -49, -47, -45, -43, -41, -37, -29, -27, -21, -13, -1, 3, 5, 39, 41, 69]
      blk1 |S|=26 offs=[-93, -85, -83, -81, -79, -77, -73, -69, -65, -61, -57, -55, -53, -49, -45, -41, -37, -29, -27, -21, -3, 3, 5, 35, 39, 41]
[418] sizes A=[42, 9, 125] B=[38, 87, 50] kills=[('B', 1, 36), ('B', 1, 32)] [0.4s]
      blk1 |S|=36 offs=[-95, -93, -89, -85, -83, -79, -77, -75, -73, -71, -69, -67, -65, -63, -61, -59, -57, -55, -53, -49, -47, -45, -43, -41, -37, -33, -29, -27, -21, -15, -13, -1, 3, 5, 57, 63]
      blk1 |S|=32 offs=[-95, -93, -89, -85, -83, -81, -79, -77, -73, -71, -69, -67, -65, -63, -61, -57, -55, -53, -45, -43, -41, -37, -33, -29, -15, -13, -1, 3, 5, 43, 57, 63]
[419] sizes A=[42, 9, 125] B=[38, 87, 50] kills=[('B', 1, 49)] [0.2s]
      blk1 |S|=49 offs=[-95, -93, -91, -89, -87, -85, -83, -81, -79, -77, -75, -73, -71, -69, -67, -65, -63, -61, -59, -57, -55, -53, -51, -49, -47, -45, -43, -41, -39, -37, -35, -33, -31, -29, -27, -21, -15, -13, -1, 3, 5, 7, 25, 35, 41, 53, 55, 57, 59]
[420] sizes A=[42, 9, 126] B=[38, 87, 49] kills=[('B', 1, 50)] [0.2s]
      blk1 |S|=50 offs=[-95, -93, -91, -89, -87, -85, -83, -81, -79, -77, -75, -73, -71, -69, -67, -65, -63, -61, -59, -57, -55, -53, -51, -49, -47, -45, -43, -41, -39, -37, -35, -33, -31, -29, -27, -21, -15, -13, -3, -1, 3, 5, 7, 25, 35, 41, 53, 57, 59, 65]
[421] sizes A=[42, 9, 126] B=[38, 87, 49] kills=[('B', 1, 35)] [0.3s]
      blk1 |S|=35 offs=[-95, -93, -89, -85, -81, -79, -77, -75, -73, -71, -69, -67, -65, -63, -61, -59, -57, -55, -53, -51, -49, -47, -45, -43, -41, -37, -33, -29, -21, -15, -13, -1, 3, 5, 63]
[422] sizes A=[42, 9, 126] B=[38, 87, 49] kills=[('B', 1, 49)] [0.2s]
      blk1 |S|=49 offs=[-95, -93, -91, -89, -87, -85, -83, -81, -79, -77, -75, -73, -71, -69, -67, -65, -63, -61, -59, -57, -55, -53, -51, -49, -47, -45, -43, -41, -39, -37, -35, -33, -31, -29, -27, -21, -15, -13, -1, 3, 5, 7, 25, 35, 41, 53, 55, 59, 65]
[423] sizes A=[42, 9, 127] B=[38, 87, 48] kills=[('B', 1, 49)] [0.2s]
      blk1 |S|=49 offs=[-95, -93, -91, -89, -87, -85, -83, -81, -79, -77, -75, -73, -71, -69, -67, -65, -63, -61, -59, -57, -55, -53, -51, -49, -47, -45, -43, -41, -39, -37, -35, -33, -31, -29, -27, -21, -15, -13, -1, 3, 5, 7, 25, 35, 41, 53, 59, 65, 85]
[424] sizes A=[42, 9, 127] B=[38, 87, 48] kills=[('B', 1, 50)] [0.2s]
      blk1 |S|=50 offs=[-95, -93, -91, -89, -87, -85, -83, -81, -79, -77, -75, -73, -71, -69, -67, -65, -63, -61, -59, -57, -55, -53, -51, -49, -47, -45, -43, -41, -39, -37, -35, -33, -31, -29, -27, -21, -15, -13, -3, -1, 3, 5, 7, 25, 35, 41, 49, 53, 59, 65]
[425] sizes A=[42, 8, 128] B=[38, 88, 47] kills=[('B', 1, 48)] [0.2s]
      blk1 |S|=48 offs=[-95, -93, -91, -89, -87, -85, -83, -81, -79, -77, -75, -73, -71, -69, -67, -65, -63, -61, -59, -57, -55, -53, -51, -49, -47, -45, -43, -41, -39, -37, -35, -33, -31, -29, -27, -21, -15, -13, -1, 3, 5, 7, 25, 35, 41, 53, 59, 65]
[426] sizes A=[42, 8, 129] B=[38, 88, 46] kills=[('B', 1, 50)] [0.2s]
      blk1 |S|=50 offs=[-95, -93, -91, -89, -87, -85, -83, -81, -79, -77, -75, -73, -71, -69, -67, -65, -63, -61, -59, -57, -55, -53, -51, -49, -47, -45, -43, -41, -39, -37, -35, -33, -31, -29, -27, -23, -21, -15, -13, -3, -1, 3, 5, 7, 21, 25, 35, 43, 59, 65]
[427] sizes A=[42, 9, 128] B=[38, 87, 47] kills=[('B', 1, 33), ('B', 1, 35)] [0.3s]
      blk1 |S|=33 offs=[-95, -93, -91, -89, -85, -83, -81, -77, -73, -71, -69, -65, -61, -59, -57, -53, -49, -47, -45, -43, -41, -39, -37, -31, -29, -21, -13, -1, 3, 7, 21, 25, 65]
      blk1 |S|=35 offs=[-95, -93, -91, -89, -85, -83, -81, -77, -75, -73, -71, -69, -67, -65, -61, -59, -57, -53, -49, -47, -45, -43, -41, -39, -37, -31, -29, -21, -13, -1, 3, 7, 21, 25, 65]
[428] sizes A=[42, 9, 127] B=[38, 87, 48] kills=[('B', 1, 24), ('B', 1, 28)] [0.3s]
      blk1 |S|=24 offs=[-93, -85, -81, -79, -77, -73, -69, -65, -61, -57, -53, -49, -45, -41, -37, -35, -33, -29, -21, -13, 3, 5, 35, 55]
      blk1 |S|=28 offs=[-93, -89, -85, -81, -79, -77, -73, -69, -67, -65, -61, -57, -55, -53, -49, -45, -43, -41, -37, -35, -33, -29, -21, -13, 3, 5, 35, 55]
[429] sizes A=[42, 10, 125] B=[38, 86, 50] kills=[('B', 1, 33)] [0.2s]
      blk1 |S|=33 offs=[-93, -91, -85, -81, -79, -77, -75, -73, -69, -67, -65, -63, -61, -59, -57, -55, -53, -49, -45, -43, -41, -39, -37, -29, -21, -13, -3, -1, 3, 5, 7, 35, 65]
[430] sizes A=[42, 9, 126] B=[38, 87, 49] kills=[('B', 1, 34), ('B', 1, 25)] [0.3s]
      blk1 |S|=34 offs=[-93, -89, -85, -81, -79, -77, -75, -73, -69, -67, -65, -61, -57, -55, -53, -49, -45, -43, -41, -37, -35, -29, -21, -13, -11, -1, 3, 5, 31, 39, 43, 49, 59, 71]
      blk1 |S|=25 offs=[-93, -89, -85, -81, -79, -77, -73, -69, -65, -61, -57, -53, -49, -45, -41, -37, -35, -29, -21, -13, -1, 3, 5, 31, 39]
[431] sizes A=[42, 10, 123] B=[38, 86, 52] kills=[('B', 1, 49)] [0.2s]
      blk1 |S|=49 offs=[-95, -93, -91, -89, -87, -85, -83, -81, -79, -77, -75, -73, -71, -69, -67, -65, -63, -61, -59, -57, -55, -53, -51, -49, -47, -45, -43, -41, -39, -37, -35, -33, -31, -29, -21, -11, -3, -1, 1, 3, 5, 31, 41, 43, 49, 53, 59, 71, 93]
[432] sizes A=[42, 10, 124] B=[38, 86, 51] kills=[('B', 1, 37), ('B', 1, 39), ('B', 1, 32)] [0.4s]
      blk1 |S|=37 offs=[-95, -93, -81, -79, -77, -73, -71, -69, -67, -65, -63, -61, -59, -57, -55, -53, -51, -49, -47, -45, -43, -41, -39, -37, -35, -33, -31, -29, -21, -11, -3, 1, 3, 5, 31, 59, 71]
      blk1 |S|=39 offs=[-95, -93, -91, -87, -81, -79, -77, -73, -71, -69, -67, -65, -63, -61, -59, -57, -55, -53, -51, -49, -47, -45, -43, -41, -39, -37, -35, -33, -31, -29, -21, -11, -3, 1, 3, 5, 31, 59, 71]
      blk1 |S|=32 offs=[-95, -93, -81, -79, -77, -71, -69, -67, -65, -63, -61, -59, -57, -55, -53, -51, -49, -47, -45, -39, -33, -31, -21, -11, -3, -1, 1, 5, 31, 45, 59, 71]
[433] sizes A=[42, 11, 124] B=[38, 85, 51] kills=[('B', 1, 28), ('B', 1, 28)] [0.3s]
      blk1 |S|=28 offs=[-95, -93, -91, -87, -83, -79, -75, -73, -71, -67, -63, -59, -57, -55, -53, -51, -47, -45, -43, -39, -37, -35, -31, -13, 1, 5, 31, 47]
      blk1 |S|=28 offs=[-95, -93, -91, -87, -83, -79, -75, -73, -71, -67, -63, -61, -59, -57, -55, -53, -51, -49, -47, -45, -43, -39, -37, -35, -31, 1, 5, 31]
[434] sizes A=[42, 8, 125] B=[38, 88, 50] kills=[('B', 1, 28)] [0.2s]
      blk1 |S|=28 offs=[-93, -91, -89, -85, -83, -81, -77, -73, -65, -63, -61, -57, -53, -49, -45, -43, -41, -37, -33, -31, -29, -21, -13, -1, 3, 31, 41, 65]
[435] sizes A=[42, 7, 127] B=[38, 89, 48] kills=[('B', 1, 47)] [0.3s]
      blk1 |S|=47 offs=[-95, -93, -91, -89, -87, -85, -83, -81, -79, -77, -75, -73, -71, -69, -67, -65, -63, -61, -59, -57, -55, -53, -51, -49, -47, -45, -43, -41, -39, -37, -35, -29, -27, -21, -17, -13, -11, -3, -1, 3, 5, 21, 35, 45, 53, 63, 71]
[436] sizes A=[42, 7, 128] B=[38, 89, 47] kills=[('B', 1, 45), ('B', 1, 42), ('B', 1, 41)] [0.6s]
      blk1 |S|=45 offs=[-93, -91, -89, -87, -85, -83, -81, -79, -77, -75, -73, -71, -69, -67, -65, -63, -61, -59, -57, -55, -53, -51, -49, -47, -45, -43, -41, -39, -37, -35, -29, -27, -21, -17, -13, -11, -3, -1, 3, 5, 21, 35, 53, 63, 71]
      blk1 |S|=42 offs=[-93, -91, -89, -87, -85, -81, -79, -77, -75, -73, -71, -69, -67, -65, -63, -61, -59, -57, -55, -53, -51, -49, -47, -45, -43, -41, -39, -37, -35, -29, -27, -21, -17, -13, -3, -1, 3, 5, 21, 35, 53, 63]
      blk1 |S|=41 offs=[-93, -91, -89, -87, -85, -81, -79, -77, -75, -73, -71, -69, -67, -65, -63, -61, -59, -57, -53, -51, -49, -47, -45, -43, -41, -39, -37, -35, -29, -27, -21, -17, -13, -3, -1, 3, 5, 21, 35, 53, 63]
[437] sizes A=[42, 8, 125] B=[38, 88, 50] kills=[('B', 1, 41), ('B', 1, 39), ('B', 1, 37)] [0.4s]
      blk1 |S|=41 offs=[-93, -91, -89, -87, -85, -79, -77, -75, -73, -71, -69, -67, -65, -61, -57, -55, -53, -51, -49, -47, -45, -43, -41, -39, -37, -35, -33, -31, -29, -21, -17, -13, -11, -3, -1, 3, 5, 21, 63, 65, 71]
      blk1 |S|=39 offs=[-93, -91, -89, -87, -85, -79, -77, -75, -69, -67, -65, -61, -57, -55, -53, -51, -49, -47, -45, -43, -41, -39, -37, -35, -33, -31, -29, -21, -17, -13, -11, -3, -1, 3, 5, 21, 63, 65, 71]
      blk1 |S|=37 offs=[-93, -91, -89, -87, -85, -79, -77, -75, -69, -67, -65, -61, -57, -55, -53, -51, -49, -47, -45, -43, -41, -39, -37, -35, -33, -29, -21, -17, -13, -11, -3, -1, 3, 21, 63, 65, 71]
[438] sizes A=[42, 8, 126] B=[38, 88, 49] kills=[('B', 1, 45)] [0.4s]
      blk1 |S|=45 offs=[-93, -91, -89, -87, -85, -83, -81, -77, -75, -73, -69, -67, -65, -63, -61, -59, -57, -55, -53, -51, -49, -47, -45, -43, -41, -39, -37, -35, -33, -31, -29, -21, -13, -11, -7, -3, -1, 3, 5, 21, 43, 49, 59, 65, 71]
[439] sizes A=[42, 6, 128] B=[38, 90, 47] kills=[('B', 1, 54)] [0.2s]
      blk1 |S|=54 offs=[-95, -93, -91, -89, -87, -85, -83, -81, -79, -77, -75, -73, -71, -69, -67, -65, -63, -61, -59, -57, -55, -53, -51, -49, -47, -45, -43, -41, -39, -37, -35, -33, -31, -29, -27, -23, -21, -17, -13, -11, -7, -3, -1, 3, 5, 21, 35, 43, 53, 57, 59, 65, 71, 75]
[440] sizes A=[42, 6, 129] B=[38, 90, 46] kills=[('B', 1, 48), ('B', 1, 27)] [0.4s]
      blk1 |S|=48 offs=[-95, -93, -91, -89, -87, -85, -83, -81, -79, -77, -75, -73, -71, -69, -67, -65, -63, -61, -59, -57, -55, -53, -51, -49, -47, -45, -43, -41, -39, -37, -35, -29, -27, -23, -21, -17, -13, -11, -3, -1, 3, 5, 21, 35, 43, 45, 53, 71]
      blk1 |S|=27 offs=[-95, -89, -85, -81, -79, -77, -69, -61, -59, -57, -55, -53, -51, -49, -47, -45, -43, -41, -39, -37, -29, -21, -17, 3, 5, 21, 43]
[441] sizes A=[42, 6, 129] B=[38, 90, 46] kills=[('B', 1, 54)] [0.2s]
      blk1 |S|=54 offs=[-95, -93, -91, -89, -87, -85, -83, -81, -79, -77, -75, -73, -71, -69, -67, -65, -63, -61, -59, -57, -55, -53, -51, -49, -47, -45, -43, -41, -39, -37, -35, -33, -31, -29, -27, -23, -21, -17, -13, -11, -7, -3, -1, 1, 3, 5, 35, 43, 45, 53, 57, 59, 65, 71]
[442] sizes A=[42, 7, 128] B=[38, 89, 47] kills=[('B', 1, 54)] [0.2s]
      blk1 |S|=54 offs=[-95, -93, -91, -89, -87, -85, -83, -81, -79, -77, -75, -73, -71, -69, -67, -65, -63, -61, -59, -57, -55, -53, -51, -49, -47, -45, -43, -41, -39, -37, -35, -33, -31, -29, -27, -21, -17, -13, -11, -7, -3, -1, 1, 3, 5, 35, 43, 45, 49, 53, 57, 59, 65, 71]
[443] sizes A=[42, 8, 128] B=[38, 88, 47] kills=[('B', 1, 53)] [0.2s]
      blk1 |S|=53 offs=[-95, -93, -91, -89, -87, -85, -83, -81, -79, -77, -75, -73, -71, -69, -67, -65, -63, -61, -59, -57, -55, -53, -51, -49, -47, -45, -43, -41, -39, -37, -35, -33, -31, -29, -27, -21, -17, -13, -7, -3, -1, 1, 3, 5, 35, 43, 45, 49, 53, 57, 59, 65, 71]
[444] sizes A=[42, 7, 129] B=[38, 89, 46] kills=[('B', 1, 53)] [0.2s]
      blk1 |S|=53 offs=[-95, -93, -91, -89, -87, -85, -83, -81, -79, -77, -75, -73, -71, -69, -67, -65, -63, -61, -59, -57, -55, -53, -51, -49, -47, -45, -43, -41, -39, -37, -35, -33, -31, -29, -27, -23, -21, -17, -13, -7, -3, -1, 1, 3, 5, 35, 43, 45, 53, 57, 59, 65, 71]
[445] sizes A=[42, 8, 129] B=[38, 88, 46] kills=[('B', 1, 52)] [0.2s]
      blk1 |S|=52 offs=[-95, -93, -91, -89, -87, -85, -83, -81, -79, -77, -75, -73, -71, -69, -67, -65, -63, -61, -59, -57, -55, -53, -51, -49, -47, -45, -43, -41, -39, -37, -35, -33, -31, -29, -27, -21, -17, -13, -7, -3, -1, 1, 3, 5, 35, 43, 49, 53, 57, 59, 65, 71]
[446] sizes A=[42, 7, 130] B=[38, 89, 45] kills=[('B', 1, 52)] [0.2s]
      blk1 |S|=52 offs=[-95, -93, -91, -89, -87, -85, -83, -81, -79, -77, -75, -73, -71, -69, -67, -65, -63, -61, -59, -57, -55, -53, -51, -49, -47, -45, -43, -41, -39, -37, -35, -33, -31, -29, -27, -23, -21, -17, -13, -7, -3, -1, 1, 3, 5, 35, 43, 53, 57, 59, 65, 71]
[447] sizes A=[42, 8, 130] B=[38, 88, 45] kills=[('B', 1, 51)] [0.2s]
      blk1 |S|=51 offs=[-95, -93, -91, -89, -87, -85, -83, -81, -79, -77, -75, -73, -71, -69, -67, -65, -63, -61, -59, -57, -55, -53, -51, -49, -47, -45, -43, -41, -39, -37, -35, -33, -31, -29, -27, -21, -17, -13, -7, -3, -1, 1, 3, 5, 35, 43, 49, 53, 59, 65, 71]
[448] sizes A=[42, 7, 131] B=[38, 89, 44] kills=[('B', 1, 51)] [0.2s]
      blk1 |S|=51 offs=[-95, -93, -91, -89, -87, -85, -83, -81, -79, -77, -75, -73, -71, -69, -67, -65, -63, -61, -59, -57, -55, -53, -51, -49, -47, -45, -43, -41, -39, -37, -35, -33, -31, -29, -27, -23, -21, -17, -13, -7, -3, -1, 1, 3, 5, 35, 43, 53, 59, 65, 71]
[449] sizes A=[42, 9, 126] B=[38, 87, 49] kills=[('B', 1, 53)] [0.2s]
      blk1 |S|=53 offs=[-95, -93, -91, -89, -87, -85, -83, -81, -79, -77, -75, -73, -71, -69, -67, -65, -63, -61, -59, -57, -55, -53, -51, -49, -47, -45, -43, -41, -39, -37, -35, -33, -31, -29, -21, -17, -13, -7, -3, -1, 1, 3, 5, 35, 43, 45, 49, 53, 59, 65, 71, 75, 93]
[450] sizes A=[42, 9, 126] B=[38, 87, 49] kills=[('B', 1, 41)] [0.3s]
      blk1 |S|=41 offs=[-95, -91, -89, -87, -85, -83, -81, -79, -77, -75, -73, -71, -69, -67, -65, -63, -61, -59, -57, -55, -53, -51, -49, -47, -45, -43, -41, -39, -37, -29, -21, -17, -13, -7, -3, -1, 1, 5, 35, 57, 75]
[451] sizes A=[42, 8, 127] B=[38, 88, 48] kills=[('B', 1, 51)] [0.2s]
      blk1 |S|=51 offs=[-95, -93, -91, -89, -87, -85, -83, -81, -79, -77, -75, -73, -71, -69, -67, -65, -63, -61, -59, -57, -55, -53, -51, -49, -47, -45, -43, -41, -39, -37, -35, -33, -31, -29, -21, -17, -15, -13, -7, -3, -1, 1, 3, 5, 35, 45, 49, 53, 59, 71, 75]
[452] sizes A=[42, 8, 127] B=[38, 88, 48] kills=[('B', 1, 53)] [0.2s]
      blk1 |S|=53 offs=[-95, -93, -91, -89, -87, -85, -83, -81, -79, -77, -75, -73, -71, -69, -67, -65, -63, -61, -59, -57, -55, -53, -51, -49, -47, -45, -43, -41, -39, -37, -35, -33, -31, -29, -23, -21, -17, -13, -7, -3, -1, 1, 3, 5, 35, 43, 45, 53, 59, 65, 71, 75, 93]
[453] sizes A=[42, 8, 127] B=[38, 88, 48] kills=[('B', 1, 38), ('B', 1, 31)] [0.4s]
      blk1 |S|=38 offs=[-95, -93, -91, -87, -83, -81, -79, -77, -75, -73, -71, -69, -67, -65, -63, -61, -59, -57, -55, -53, -51, -49, -47, -45, -43, -41, -39, -35, -31, -27, -23, -13, -3, -1, 1, 3, 25, 39]
      blk1 |S|=31 offs=[-95, -93, -91, -87, -83, -81, -79, -75, -71, -67, -63, -55, -53, -51, -49, -47, -45, -43, -41, -39, -35, -31, -27, -23, -13, -3, -1, 1, 3, 25, 39]
[454] sizes A=[42, 9, 126] B=[38, 87, 49] kills=[('B', 1, 39), ('B', 1, 38), ('B', 1, 28)] [0.5s]
      blk1 |S|=39 offs=[-95, -93, -91, -89, -87, -85, -81, -79, -77, -75, -73, -71, -69, -67, -65, -63, -61, -59, -57, -55, -53, -51, -49, -47, -45, -43, -41, -39, -37, -35, -33, -29, -27, -21, -7, -3, 1, 3, 17]
      blk1 |S|=38 offs=[-95, -93, -91, -89, -87, -85, -81, -77, -75, -73, -71, -69, -67, -65, -63, -61, -59, -57, -55, -53, -51, -49, -47, -45, -43, -41, -39, -37, -35, -33, -29, -27, -21, -7, -3, 1, 3, 17]
      blk1 |S|=28 offs=[-95, -91, -89, -87, -81, -77, -75, -73, -69, -67, -65, -63, -61, -59, -57, -55, -53, -51, -49, -47, -43, -37, -27, -7, -3, 1, 17, 43]
[455] sizes A=[42, 11, 123] B=[38, 85, 52] kills=[('B', 1, 53)] [0.2s]
      blk1 |S|=53 offs=[-95, -93, -91, -89, -87, -85, -83, -81, -79, -77, -75, -73, -71, -69, -67, -65, -63, -61, -59, -57, -55, -53, -51, -49, -47, -45, -43, -41, -39, -37, -35, -33, -31, -29, -21, -13, -3, -1, 1, 3, 17, 21, 25, 35, 39, 41, 45, 49, 53, 55, 59, 61, 65]
[456] sizes A=[42, 10, 123] B=[38, 86, 52] kills=[('B', 1, 38)] [0.3s]
      blk1 |S|=38 offs=[-95, -93, -91, -89, -87, -85, -83, -81, -79, -75, -73, -71, -69, -67, -65, -63, -57, -55, -53, -51, -49, -47, -45, -41, -39, -37, -35, -33, -31, -29, -21, -11, 1, 3, 17, 25, 53, 59]
[457] sizes A=[42, 11, 122] B=[38, 85, 53] kills=[('B', 1, 32), ('B', 1, 29), ('B', 1, 28)] [0.4s]
      blk1 |S|=32 offs=[-95, -93, -91, -89, -87, -83, -81, -79, -75, -73, -71, -69, -67, -65, -63, -61, -57, -55, -51, -47, -45, -43, -39, -37, -35, -33, -31, -21, 1, 3, 17, 25]
      blk1 |S|=29 offs=[-95, -91, -89, -87, -85, -83, -81, -79, -75, -73, -71, -69, -67, -63, -61, -57, -55, -51, -47, -45, -43, -39, -35, -33, -31, 1, 3, 17, 25]
      blk1 |S|=28 offs=[-95, -91, -89, -87, -85, -83, -81, -79, -75, -71, -69, -67, -63, -61, -57, -55, -51, -47, -45, -43, -39, -35, -33, -31, 1, 3, 17, 25]
[458] sizes A=[42, 11, 122] B=[38, 85, 53] kills=[('B', 1, 36)] [0.2s]
      blk1 |S|=36 offs=[-95, -91, -89, -87, -79, -77, -73, -71, -69, -67, -65, -63, -61, -59, -57, -55, -53, -51, -49, -47, -45, -39, -31, -29, -21, -13, -3, 1, 3, 15, 17, 37, 41, 49, 61, 65]
[459] sizes A=[42, 10, 123] B=[38, 86, 52] kills=[('B', 1, 43)] [0.2s]
      blk1 |S|=43 offs=[-95, -91, -89, -87, -85, -83, -79, -77, -75, -73, -71, -69, -67, -65, -63, -61, -59, -57, -55, -53, -51, -49, -47, -45, -43, -41, -39, -37, -35, -31, -29, -21, -13, -11, -3, 1, 3, 15, 17, 41, 47, 49, 65]
[460] sizes A=[42, 11, 122] B=[38, 85, 53] kills=[('B', 1, 39), ('B', 1, 25)] [0.3s]
      blk1 |S|=39 offs=[-95, -91, -89, -87, -81, -79, -77, -75, -73, -71, -69, -67, -65, -63, -59, -57, -55, -53, -49, -47, -45, -41, -39, -37, -35, -33, -31, -29, -21, -13, -3, 1, 3, 15, 17, 21, 45, 49, 65]
      blk1 |S|=25 offs=[-95, -91, -87, -79, -77, -73, -71, -69, -67, -65, -63, -55, -47, -39, -35, -31, -29, -21, -3, 1, 3, 15, 17, 49, 65]
[461] sizes A=[42, 10, 123] B=[38, 86, 52] kills=[('B', 1, 55)] [0.2s]
      blk1 |S|=55 offs=[-95, -93, -91, -89, -87, -85, -83, -81, -79, -77, -75, -73, -71, -69, -67, -65, -63, -61, -59, -57, -55, -53, -51, -49, -47, -45, -43, -41, -39, -37, -35, -33, -31, -29, -21, -13, -7, -3, -1, 1, 3, 7, 15, 17, 35, 37, 43, 45, 49, 53, 55, 57, 59, 61, 75]
[462] sizes A=[42, 10, 123] B=[38, 86, 52] kills=[('B', 1, 55)] [0.2s]
      blk1 |S|=55 offs=[-95, -93, -91, -89, -87, -85, -83, -81, -79, -77, -75, -73, -71, -69, -67, -65, -63, -61, -59, -57, -55, -53, -51, -49, -47, -45, -43, -41, -39, -37, -35, -33, -31, -29, -21, -13, -7, -3, -1, 1, 3, 7, 15, 17, 35, 37, 43, 47, 49, 53, 57, 59, 61, 75, 81]
[463] sizes A=[42, 10, 123] B=[38, 86, 52] kills=[('B', 1, 53)] [0.1s]
      blk1 |S|=53 offs=[-95, -93, -91, -89, -87, -85, -83, -81, -79, -77, -75, -73, -71, -69, -67, -65, -63, -61, -59, -57, -55, -53, -51, -49, -47, -45, -43, -41, -39, -37, -35, -33, -31, -29, -21, -13, -7, -3, -1, 1, 3, 7, 15, 17, 21, 35, 37, 43, 47, 59, 61, 75, 81]
[464] sizes A=[42, 10, 123] B=[38, 86, 52] kills=[('B', 1, 52)] [0.2s]
      blk1 |S|=52 offs=[-95, -93, -91, -89, -87, -85, -83, -81, -79, -77, -75, -73, -71, -69, -67, -65, -63, -61, -59, -57, -55, -53, -51, -49, -47, -45, -43, -41, -39, -37, -35, -33, -31, -29, -21, -13, -7, -3, -1, 1, 3, 7, 15, 17, 21, 35, 37, 45, 49, 55, 61, 75]
[465] sizes A=[42, 9, 125] B=[38, 87, 50] kills=[('B', 1, 50)] [0.2s]
      blk1 |S|=50 offs=[-95, -93, -91, -89, -87, -85, -83, -81, -79, -77, -75, -73, -71, -69, -67, -65, -63, -61, -59, -57, -55, -53, -51, -49, -47, -45, -43, -41, -39, -37, -35, -33, -31, -29, -21, -15, -13, -7, -3, -1, 1, 3, 7, 15, 17, 43, 53, 55, 59, 61]
[466] sizes A=[42, 10, 124] B=[38, 86, 51] kills=[('B', 1, 53)] [0.2s]
      blk1 |S|=53 offs=[-95, -93, -91, -89, -87, -85, -83, -81, -79, -77, -75, -73, -71, -69, -67, -65, -63, -61, -59, -57, -55, -53, -51, -49, -47, -45, -43, -41, -39, -37, -35, -33, -31, -29, -21, -13, -7, -3, -1, 1, 3, 7, 15, 17, 21, 35, 37, 43, 45, 49, 53, 59, 61]
[467] sizes A=[42, 10, 124] B=[38, 86, 51] kills=[('B', 1, 51)] [0.2s]
      blk1 |S|=51 offs=[-95, -93, -91, -89, -87, -85, -83, -81, -79, -77, -75, -73, -71, -69, -67, -65, -63, -61, -59, -57, -55, -53, -51, -49, -47, -45, -43, -41, -39, -37, -35, -33, -31, -29, -21, -13, -7, -3, -1, 1, 3, 7, 15, 17, 21, 37, 43, 47, 59, 61, 81]
[468] sizes A=[42, 10, 124] B=[38, 86, 51] kills=[('B', 1, 54)] [0.2s]
      blk1 |S|=54 offs=[-95, -93, -91, -89, -87, -85, -83, -81, -79, -77, -75, -73, -71, -69, -67, -65, -63, -61, -59, -57, -55, -53, -51, -49, -47, -45, -43, -41, -39, -37, -35, -33, -31, -29, -21, -13, -7, -3, -1, 1, 3, 7, 15, 17, 35, 37, 43, 47, 49, 53, 57, 59, 61, 81]
[469] sizes A=[42, 10, 124] B=[38, 86, 51] kills=[('B', 1, 50)] [0.2s]
      blk1 |S|=50 offs=[-95, -93, -91, -89, -87, -85, -83, -81, -79, -77, -75, -73, -71, -69, -67, -65, -63, -61, -59, -57, -55, -53, -51, -49, -47, -45, -43, -41, -39, -37, -35, -33, -31, -29, -21, -13, -7, -3, -1, 1, 3, 7, 15, 17, 35, 37, 49, 53, 57, 61]
[470] sizes A=[42, 10, 125] B=[38, 86, 50] kills=[('B', 1, 35), ('B', 1, 34), ('B', 1, 33)] [0.3s]
      blk1 |S|=35 offs=[-95, -91, -89, -87, -83, -79, -77, -71, -69, -67, -65, -63, -61, -59, -57, -55, -53, -51, -49, -47, -45, -43, -41, -31, -21, -13, -7, -3, 1, 3, 7, 15, 37, 45, 61]
      blk1 |S|=34 offs=[-95, -91, -89, -87, -83, -79, -77, -75, -71, -69, -67, -65, -63, -61, -59, -57, -55, -51, -47, -45, -43, -41, -31, -21, -13, -7, -3, 1, 3, 7, 15, 37, 45, 61]
      blk1 |S|=33 offs=[-95, -93, -91, -89, -87, -83, -81, -79, -75, -71, -69, -67, -65, -63, -61, -59, -57, -55, -51, -47, -45, -43, -41, -31, -21, -7, -3, 1, 3, 7, 37, 45, 61]
[471] sizes A=[42, 10, 125] B=[38, 86, 50] kills=[('B', 1, 53)] [0.2s]
      blk1 |S|=53 offs=[-95, -93, -91, -89, -87, -85, -83, -81, -79, -77, -75, -73, -71, -69, -67, -65, -63, -61, -59, -57, -55, -53, -51, -49, -47, -45, -43, -41, -39, -37, -35, -33, -31, -29, -21, -13, -7, -3, -1, 1, 3, 7, 15, 17, 35, 37, 43, 47, 49, 59, 61, 81, 93]
[472] sizes A=[42, 11, 124] B=[38, 85, 51] kills=[('B', 1, 53)] [0.2s]
      blk1 |S|=53 offs=[-95, -93, -91, -89, -87, -85, -83, -81, -79, -77, -75, -73, -71, -69, -67, -65, -63, -61, -59, -57, -55, -53, -51, -49, -47, -45, -43, -41, -39, -37, -35, -33, -31, -29, -21, -13, -3, -1, 1, 3, 7, 15, 17, 35, 37, 43, 45, 47, 49, 53, 59, 61, 93]
[473] sizes A=[42, 10, 125] B=[38, 86, 50] kills=[('B', 1, 36), ('B', 1, 32)] [0.4s]
      blk1 |S|=36 offs=[-95, -93, -91, -87, -85, -83, -79, -77, -75, -71, -69, -67, -65, -63, -61, -59, -55, -53, -51, -49, -47, -43, -41, -39, -37, -35, -31, -29, -21, -15, 1, 7, 15, 17, 53, 61]
      blk1 |S|=32 offs=[-95, -93, -91, -89, -87, -83, -79, -77, -75, -71, -67, -63, -61, -59, -55, -49, -47, -43, -41, -39, -37, -35, -33, -31, -21, -15, -3, 1, 15, 17, 53, 61]
[474] sizes A=[42, 11, 124] B=[38, 85, 51] kills=[('B', 1, 53)] [0.2s]
      blk1 |S|=53 offs=[-95, -93, -91, -89, -87, -85, -83, -81, -79, -77, -75, -73, -71, -69, -67, -65, -63, -61, -59, -57, -55, -53, -51, -49, -47, -45, -43, -41, -39, -37, -35, -33, -31, -29, -21, -13, -3, -1, 1, 3, 7, 15, 17, 21, 35, 37, 43, 45, 47, 49, 53, 59, 61]
[475] sizes A=[42, 11, 124] B=[38, 85, 51] kills=[('B', 1, 50)] [0.2s]
      blk1 |S|=50 offs=[-95, -93, -91, -89, -87, -85, -83, -81, -79, -77, -75, -73, -71, -69, -67, -65, -63, -61, -59, -57, -55, -53, -51, -49, -47, -45, -43, -41, -39, -37, -35, -33, -31, -29, -21, -13, -3, -1, 1, 3, 7, 15, 17, 35, 37, 45, 47, 49, 53, 61]
[476] sizes A=[42, 10, 125] B=[38, 86, 50] kills=[('B', 1, 51)] [0.2s]
      blk1 |S|=51 offs=[-95, -93, -91, -89, -87, -85, -83, -81, -79, -77, -75, -73, -71, -69, -67, -65, -63, -61, -59, -57, -55, -53, -51, -49, -47, -45, -43, -41, -39, -37, -35, -33, -31, -29, -27, -21, -13, -3, -1, 1, 3, 7, 15, 17, 35, 37, 41, 47, 49, 53, 61]
[477] sizes A=[42, 10, 126] B=[38, 86, 49] kills=[('B', 1, 52)] [0.2s]
      blk1 |S|=52 offs=[-95, -93, -91, -89, -87, -85, -83, -81, -79, -77, -75, -73, -71, -69, -67, -65, -63, -61, -59, -57, -55, -53, -51, -49, -47, -45, -43, -41, -39, -37, -35, -33, -31, -29, -21, -13, -7, -3, -1, 1, 3, 7, 15, 17, 35, 37, 43, 49, 59, 61, 81, 93]
[478] sizes A=[42, 10, 126] B=[38, 86, 49] kills=[('B', 1, 52)] [0.2s]
      blk1 |S|=52 offs=[-95, -93, -91, -89, -87, -85, -83, -81, -79, -77, -75, -73, -71, -69, -67, -65, -63, -61, -59, -57, -55, -53, -51, -49, -47, -45, -43, -41, -39, -37, -35, -33, -31, -29, -21, -13, -7, -3, -1, 1, 3, 7, 15, 17, 21, 35, 37, 43, 49, 59, 61, 81]
[479] sizes A=[42, 10, 126] B=[38, 86, 49] kills=[('B', 1, 52)] [0.2s]
      blk1 |S|=52 offs=[-95, -93, -91, -89, -87, -85, -83, -81, -79, -77, -75, -73, -71, -69, -67, -65, -63, -61, -59, -57, -55, -53, -51, -49, -47, -45, -43, -41, -39, -37, -35, -33, -31, -29, -21, -13, -7, -3, -1, 1, 3, 7, 13, 15, 17, 35, 37, 43, 53, 59, 61, 81]
[480] sizes A=[42, 11, 124] B=[38, 85, 51] kills=[('B', 1, 48)] [0.2s]
      blk1 |S|=48 offs=[-95, -93, -91, -89, -87, -85, -83, -81, -79, -77, -75, -73, -71, -69, -67, -65, -63, -61, -59, -57, -55, -53, -51, -49, -47, -45, -43, -41, -39, -37, -35, -33, -31, -29, -21, -13, -3, -1, 1, 3, 7, 13, 15, 17, 35, 37, 53, 93]
[481] sizes A=[42, 11, 124] B=[38, 85, 51] kills=[('B', 1, 48)] [0.2s]
      blk1 |S|=48 offs=[-95, -93, -91, -89, -87, -85, -83, -81, -79, -77, -75, -73, -71, -69, -67, -65, -63, -61, -59, -57, -55, -53, -51, -49, -47, -45, -43, -41, -39, -37, -35, -33, -31, -29, -21, -13, -3, -1, 1, 3, 7, 13, 15, 17, 21, 35, 37, 53]
[482] sizes A=[42, 11, 124] B=[38, 85, 51] kills=[('B', 1, 46)] [0.2s]
      blk1 |S|=46 offs=[-95, -93, -91, -89, -87, -85, -83, -81, -79, -77, -75, -73, -71, -69, -67, -65, -63, -61, -59, -57, -55, -53, -51, -49, -47, -45, -43, -41, -39, -37, -35, -33, -31, -29, -21, -13, -3, -1, 1, 3, 7, 13, 15, 17, 37, 53]
[483] sizes A=[42, 11, 123] B=[38, 85, 52] kills=[('B', 1, 37), ('B', 1, 38), ('B', 1, 33)] [0.3s]
      blk1 |S|=37 offs=[-95, -91, -89, -87, -81, -79, -77, -73, -71, -69, -67, -65, -63, -61, -59, -57, -55, -53, -51, -49, -47, -45, -39, -31, -29, -21, -13, -3, 1, 3, 15, 17, 37, 39, 41, 45, 61]
      blk1 |S|=38 offs=[-95, -91, -89, -87, -85, -81, -79, -77, -75, -73, -71, -69, -67, -65, -63, -61, -59, -57, -55, -53, -51, -49, -47, -45, -39, -31, -29, -21, -13, -3, 1, 3, 15, 17, 37, 39, 41, 61]
      blk1 |S|=33 offs=[-95, -91, -89, -87, -85, -83, -81, -79, -77, -75, -73, -71, -69, -67, -65, -63, -59, -55, -53, -51, -49, -47, -45, -39, -31, -29, -13, 1, 3, 15, 17, 37, 41]
[484] sizes A=[42, 9, 124] B=[38, 87, 51] kills=[('B', 1, 51)] [0.2s]
      blk1 |S|=51 offs=[-95, -93, -91, -89, -87, -85, -83, -81, -79, -77, -75, -73, -71, -69, -67, -65, -63, -61, -59, -57, -55, -53, -51, -49, -47, -45, -43, -41, -39, -37, -35, -33, -31, -29, -21, -15, -13, -11, -7, -3, 1, 3, 7, 13, 15, 17, 33, 53, 57, 59, 75]
[485] sizes A=[42, 9, 125] B=[38, 87, 50] kills=[('B', 1, 54)] [0.2s]
      blk1 |S|=54 offs=[-95, -93, -91, -89, -87, -85, -83, -81, -79, -77, -75, -73, -71, -69, -67, -65, -63, -61, -59, -57, -55, -53, -51, -49, -47, -45, -43, -41, -39, -37, -35, -33, -31, -29, -21, -15, -13, -11, -7, -3, 1, 3, 7, 13, 15, 17, 33, 35, 37, 53, 55, 59, 75, 81]
[486] sizes A=[42, 9, 126] B=[38, 87, 49] kills=[('B', 1, 52)] [0.2s]
      blk1 |S|=52 offs=[-95, -93, -91, -89, -87, -85, -83, -81, -79, -77, -75, -73, -71, -69, -67, -65, -63, -61, -59, -57, -55, -53, -51, -49, -47, -45, -43, -41, -39, -37, -35, -33, -31, -29, -21, -15, -13, -11, -7, -3, 1, 3, 7, 13, 15, 17, 33, 37, 53, 59, 75, 81]
[487] sizes A=[42, 9, 127] B=[38, 87, 48] kills=[('B', 1, 51)] [0.2s]
      blk1 |S|=51 offs=[-95, -93, -91, -89, -87, -85, -83, -81, -79, -77, -75, -73, -71, -69, -67, -65, -63, -61, -59, -57, -55, -53, -51, -49, -47, -45, -43, -41, -39, -37, -35, -33, -31, -29, -21, -15, -13, -11, -7, -3, 1, 3, 7, 13, 15, 17, 33, 37, 53, 59, 81]
[488] sizes A=[42, 9, 127] B=[38, 87, 48] kills=[('B', 1, 51)] [0.2s]
      blk1 |S|=51 offs=[-95, -93, -91, -89, -87, -85, -83, -81, -79, -77, -75, -73, -71, -69, -67, -65, -63, -61, -59, -57, -55, -53, -51, -49, -47, -45, -43, -41, -39, -37, -35, -33, -31, -29, -21, -15, -13, -11, -7, -3, 1, 3, 7, 13, 15, 17, 33, 35, 37, 53, 59]
[489] sizes A=[42, 10, 126] B=[38, 86, 49] kills=[('B', 1, 50)] [0.2s]
      blk1 |S|=50 offs=[-95, -93, -91, -89, -87, -85, -83, -81, -79, -77, -75, -73, -71, -69, -67, -65, -63, -61, -59, -57, -55, -53, -51, -49, -47, -45, -43, -41, -39, -37, -35, -33, -31, -29, -21, -15, -13, -7, -3, 1, 3, 7, 13, 15, 17, 33, 37, 49, 53, 59]
[490] sizes A=[42, 10, 127] B=[38, 86, 48] kills=[('B', 1, 50)] [0.2s]
      blk1 |S|=50 offs=[-95, -93, -91, -89, -87, -85, -83, -81, -79, -77, -75, -73, -71, -69, -67, -65, -63, -61, -59, -57, -55, -53, -51, -49, -47, -45, -43, -41, -39, -37, -35, -33, -31, -29, -21, -15, -13, -7, -3, 1, 3, 7, 15, 17, 33, 35, 45, 49, 53, 59]
[491] sizes A=[42, 9, 127] B=[38, 87, 48] kills=[('B', 1, 49)] [0.2s]
      blk1 |S|=49 offs=[-95, -93, -91, -89, -87, -85, -83, -81, -79, -77, -75, -73, -71, -69, -67, -65, -63, -61, -59, -57, -55, -53, -51, -49, -47, -45, -43, -41, -39, -37, -35, -33, -31, -29, -21, -15, -13, -11, -7, -3, 1, 3, 7, 15, 17, 31, 33, 53, 59]
[492] sizes A=[42, 11, 125] B=[38, 85, 50] kills=[('B', 1, 49)] [0.2s]
      blk1 |S|=49 offs=[-95, -93, -91, -89, -87, -85, -83, -81, -79, -77, -75, -73, -71, -69, -67, -65, -63, -61, -59, -57, -55, -53, -51, -49, -47, -45, -43, -41, -39, -37, -35, -33, -31, -29, -21, -13, -7, -3, 1, 3, 5, 7, 13, 15, 17, 33, 37, 49, 53]
[493] sizes A=[42, 11, 125] B=[38, 85, 50] kills=[('B', 1, 49)] [0.1s]
      blk1 |S|=49 offs=[-95, -93, -91, -89, -87, -85, -83, -81, -79, -77, -75, -73, -71, -69, -67, -65, -63, -61, -59, -57, -55, -53, -51, -49, -47, -45, -43, -41, -39, -37, -35, -33, -31, -29, -21, -13, -7, -3, 1, 3, 5, 7, 13, 15, 17, 35, 37, 49, 53]
[494] sizes A=[42, 10, 126] B=[38, 86, 49] kills=[('B', 1, 49)] [0.2s]
      blk1 |S|=49 offs=[-95, -93, -91, -89, -87, -85, -83, -81, -79, -77, -75, -73, -71, -69, -67, -65, -63, -61, -59, -57, -55, -53, -51, -49, -47, -45, -43, -41, -39, -37, -35, -33, -31, -29, -21, -15, -13, -7, -3, 1, 3, 5, 7, 15, 17, 37, 49, 53, 59]
[495] sizes A=[42, 10, 126] B=[38, 86, 49] kills=[('B', 1, 49)] [0.2s]
      blk1 |S|=49 offs=[-95, -93, -91, -89, -87, -85, -83, -81, -79, -77, -75, -73, -71, -69, -67, -65, -63, -61, -59, -57, -55, -53, -51, -49, -47, -45, -43, -41, -39, -37, -35, -33, -31, -29, -21, -13, -11, -7, -3, 1, 3, 5, 7, 13, 15, 17, 35, 59, 65]
[496] sizes A=[42, 9, 126] B=[38, 87, 49] kills=[('B', 1, 51)] [0.2s]
      blk1 |S|=51 offs=[-95, -93, -91, -89, -87, -85, -83, -81, -79, -77, -75, -73, -71, -69, -67, -65, -63, -61, -59, -57, -55, -53, -51, -49, -47, -45, -43, -41, -39, -37, -35, -33, -31, -29, -21, -13, -11, -7, -3, -1, 1, 3, 5, 7, 15, 17, 45, 49, 53, 59, 93]
[497] sizes A=[42, 9, 126] B=[38, 87, 49] kills=[('B', 1, 49)] [0.2s]
      blk1 |S|=49 offs=[-95, -93, -91, -89, -87, -85, -83, -81, -79, -77, -75, -73, -71, -69, -67, -65, -63, -61, -59, -57, -55, -53, -51, -49, -47, -45, -43, -41, -39, -37, -35, -33, -31, -29, -21, -13, -11, -7, -3, -1, 1, 3, 5, 7, 15, 17, 21, 49, 53]
[498] sizes A=[42, 9, 126] B=[38, 87, 49] kills=[('B', 1, 48)] [0.2s]
      blk1 |S|=48 offs=[-95, -93, -91, -89, -87, -85, -83, -81, -79, -77, -75, -73, -71, -69, -67, -65, -63, -61, -59, -57, -55, -53, -51, -49, -47, -45, -43, -41, -39, -37, -35, -33, -31, -29, -21, -11, -7, -3, -1, 1, 3, 5, 7, 15, 17, 45, 49, 59]
[499] sizes A=[42, 10, 126] B=[38, 86, 49] kills=[('B', 1, 49)] [0.1s]
      blk1 |S|=49 offs=[-95, -93, -91, -89, -87, -85, -83, -81, -79, -77, -75, -73, -71, -69, -67, -65, -63, -61, -59, -57, -55, -53, -51, -49, -47, -45, -43, -41, -39, -37, -35, -33, -31, -29, -21, -13, -7, -3, -1, 1, 3, 5, 7, 15, 17, 35, 37, 49, 53]
[500] sizes A=[42, 11, 124] B=[38, 85, 51] kills=[('B', 1, 48)] [0.1s]
      blk1 |S|=48 offs=[-95, -93, -91, -89, -87, -85, -83, -81, -79, -77, -75, -73, -71, -69, -67, -65, -63, -61, -59, -57, -55, -53, -51, -49, -47, -45, -43, -41, -39, -37, -35, -33, -31, -29, -21, -13, -11, -3, 1, 3, 5, 7, 13, 15, 17, 57, 59, 65]
[501] sizes A=[42, 11, 124] B=[38, 85, 51] kills=[('B', 1, 47)] [0.1s]
      blk1 |S|=47 offs=[-95, -93, -91, -89, -87, -85, -83, -81, -79, -77, -75, -73, -71, -69, -67, -65, -63, -61, -59, -57, -55, -53, -51, -49, -47, -45, -43, -41, -39, -37, -35, -33, -31, -29, -21, -13, -11, -3, 1, 3, 5, 7, 13, 15, 17, 59, 65]
[502] sizes A=[42, 12, 124] B=[38, 84, 51] kills=[('B', 1, 49)] [0.2s]
      blk1 |S|=49 offs=[-95, -93, -91, -89, -87, -85, -83, -81, -79, -77, -75, -73, -71, -69, -67, -65, -63, -61, -59, -57, -55, -53, -51, -49, -47, -45, -43, -41, -39, -37, -35, -33, -31, -29, -21, -13, -3, 1, 3, 5, 7, 13, 17, 35, 45, 49, 53, 59, 73]
[503] sizes A=[42, 11, 126] B=[38, 85, 49] kills=[('B', 1, 47)] [0.2s]
      blk1 |S|=47 offs=[-95, -93, -91, -89, -87, -85, -83, -81, -79, -77, -75, -73, -71, -69, -67, -65, -63, -61, -59, -57, -55, -53, -51, -49, -47, -45, -43, -41, -39, -37, -35, -33, -31, -29, -27, -21, -13, -3, 1, 3, 5, 7, 13, 17, 35, 53, 59]
[504] sizes A=[42, 11, 126] B=[38, 85, 49] kills=[('B', 1, 49)] [0.2s]
      blk1 |S|=49 offs=[-95, -93, -91, -89, -87, -85, -83, -81, -79, -77, -75, -73, -71, -69, -67, -65, -63, -61, -59, -57, -55, -53, -51, -49, -47, -45, -43, -41, -39, -37, -35, -33, -31, -29, -21, -15, -13, -3, 1, 3, 5, 7, 17, 35, 49, 53, 59, 65, 73]
[505] sizes A=[42, 12, 124] B=[38, 84, 51] kills=[('B', 1, 48)] [0.2s]
      blk1 |S|=48 offs=[-95, -93, -91, -89, -87, -85, -83, -81, -79, -77, -75, -73, -71, -69, -67, -65, -63, -61, -59, -57, -55, -53, -51, -49, -47, -45, -43, -41, -39, -37, -35, -33, -31, -29, -21, -13, -3, 1, 3, 5, 7, 17, 45, 49, 53, 59, 65, 73]
[506] sizes A=[42, 11, 125] B=[38, 85, 50] kills=[('B', 1, 48)] [0.2s]
      blk1 |S|=48 offs=[-95, -93, -91, -89, -87, -85, -83, -81, -79, -77, -75, -73, -71, -69, -67, -65, -63, -61, -59, -57, -55, -53, -51, -49, -47, -45, -43, -41, -39, -37, -35, -33, -31, -29, -27, -21, -13, -3, 1, 3, 5, 7, 17, 35, 41, 47, 53, 59]
[507] sizes A=[42, 12, 125] B=[38, 84, 50] kills=[('B', 1, 47)] [0.2s]
      blk1 |S|=47 offs=[-95, -93, -91, -89, -87, -85, -83, -81, -79, -77, -75, -73, -71, -69, -67, -65, -63, -61, -59, -57, -55, -53, -51, -49, -47, -45, -43, -41, -39, -37, -35, -33, -31, -29, -21, -13, -3, 1, 3, 5, 7, 17, 45, 49, 53, 59, 65]
[508] sizes A=[42, 11, 125] B=[38, 85, 50] kills=[('B', 1, 47)] [0.2s]
      blk1 |S|=47 offs=[-95, -93, -91, -89, -87, -85, -83, -81, -79, -77, -75, -73, -71, -69, -67, -65, -63, -61, -59, -57, -55, -53, -51, -49, -47, -45, -43, -41, -39, -37, -35, -33, -31, -29, -21, -13, -11, -3, 1, 3, 5, 7, 13, 17, 35, 41, 65]
[509] sizes A=[42, 10, 126] B=[38, 86, 49] kills=[('B', 1, 49)] [0.2s]
      blk1 |S|=49 offs=[-95, -93, -91, -89, -87, -85, -83, -81, -79, -77, -75, -73, -71, -69, -67, -65, -63, -61, -59, -57, -55, -53, -51, -49, -47, -45, -43, -41, -39, -37, -35, -33, -31, -29, -21, -11, -7, -3, 1, 3, 5, 7, 13, 17, 35, 43, 47, 53, 65]
[510] sizes A=[42, 9, 127] B=[38, 87, 48] kills=[('B', 1, 50)] [0.2s]
      blk1 |S|=50 offs=[-95, -93, -91, -89, -87, -85, -83, -81, -79, -77, -75, -73, -71, -69, -67, -65, -63, -61, -59, -57, -55, -53, -51, -49, -47, -45, -43, -41, -39, -37, -35, -33, -31, -29, -21, -17, -13, -11, -7, -3, 1, 3, 5, 7, 13, 17, 35, 53, 59, 65]
[511] sizes A=[42, 10, 126] B=[38, 86, 49] kills=[('B', 1, 52)] [0.2s]
      blk1 |S|=52 offs=[-95, -93, -91, -89, -87, -85, -83, -81, -79, -77, -75, -73, -71, -69, -67, -65, -63, -61, -59, -57, -55, -53, -51, -49, -47, -45, -43, -41, -39, -37, -35, -33, -31, -29, -23, -21, -13, -11, -3, 1, 3, 5, 7, 13, 17, 35, 43, 45, 47, 53, 59, 65]
[512] sizes A=[42, 10, 126] B=[38, 86, 49] kills=[('B', 1, 50)] [0.2s]
      blk1 |S|=50 offs=[-95, -93, -91, -89, -87, -85, -83, -81, -79, -77, -75, -73, -71, -69, -67, -65, -63, -61, -59, -57, -55, -53, -51, -49, -47, -45, -43, -41, -39, -37, -35, -33, -31, -29, -23, -21, -13, -11, -3, 1, 3, 5, 7, 17, 35, 43, 45, 53, 59, 65]
[513] sizes A=[42, 10, 126] B=[38, 86, 49] kills=[('B', 1, 26)] [0.2s]
      blk1 |S|=26 offs=[-95, -89, -83, -79, -67, -65, -63, -61, -59, -57, -55, -51, -47, -45, -43, -41, -39, -31, -21, -13, -7, 1, 3, 5, 37, 41]
[514] sizes A=[42, 9, 126] B=[38, 87, 49] kills=[('B', 1, 51)] [0.2s]
      blk1 |S|=51 offs=[-95, -93, -91, -89, -87, -85, -83, -81, -79, -77, -75, -73, -71, -69, -67, -65, -63, -61, -59, -57, -55, -53, -51, -49, -47, -45, -43, -41, -39, -37, -35, -33, -31, -29, -21, -17, -13, -9, -7, -3, 1, 3, 5, 13, 17, 37, 45, 49, 53, 59, 75]
[515] sizes A=[42, 9, 127] B=[38, 87, 48] kills=[('B', 1, 50)] [0.2s]
      blk1 |S|=50 offs=[-95, -93, -91, -89, -87, -85, -83, -81, -79, -77, -75, -73, -71, -69, -67, -65, -63, -61, -59, -57, -55, -53, -51, -49, -47, -45, -43, -41, -39, -37, -35, -33, -31, -29, -21, -17, -13, -9, -7, -3, 1, 3, 5, 13, 17, 37, 49, 53, 59, 75]
[516] sizes A=[45, 9, 127] B=[35, 87, 48] kills=[('B', 1, 52)] [0.2s]
      blk1 |S|=52 offs=[-95, -93, -91, -89, -87, -85, -83, -81, -79, -77, -75, -73, -71, -69, -67, -65, -63, -61, -59, -57, -55, -53, -51, -49, -47, -45, -43, -41, -39, -37, -35, -33, -31, -29, -21, -17, -13, -9, -7, -3, 1, 3, 5, 13, 17, 35, 43, 49, 53, 59, 65, 75]
[517] sizes A=[45, 8, 128] B=[35, 88, 47] kills=[('B', 1, 50)] [0.2s]
      blk1 |S|=50 offs=[-95, -93, -91, -89, -87, -85, -83, -81, -79, -77, -75, -73, -71, -69, -67, -65, -63, -61, -59, -57, -55, -53, -51, -49, -47, -45, -43, -41, -39, -37, -35, -31, -29, -21, -17, -15, -13, -9, -7, -3, 1, 3, 5, 17, 35, 49, 53, 59, 65, 75]
[518] sizes A=[45, 8, 128] B=[35, 88, 47] kills=[('B', 1, 52)] [0.2s]
      blk1 |S|=52 offs=[-95, -93, -91, -89, -87, -85, -83, -81, -79, -77, -75, -73, -71, -69, -67, -65, -63, -61, -59, -57, -55, -53, -51, -49, -47, -45, -43, -41, -39, -37, -35, -33, -31, -29, -21, -17, -13, -11, -9, -7, -3, 1, 3, 5, 13, 17, 35, 43, 53, 59, 65, 75]
[519] sizes A=[45, 8, 128] B=[35, 88, 47] kills=[('B', 1, 35), ('B', 1, 36), ('B', 1, 36)] [0.4s]
      blk1 |S|=35 offs=[-95, -91, -87, -83, -81, -79, -75, -73, -71, -69, -67, -63, -61, -59, -57, -55, -53, -51, -47, -45, -41, -39, -35, -31, -21, -15, -11, -9, -7, 1, 3, 13, 53, 59, 65]
      blk1 |S|=36 offs=[-95, -93, -91, -83, -81, -79, -75, -73, -71, -69, -67, -65, -63, -61, -59, -57, -55, -53, -51, -47, -45, -41, -39, -35, -31, -21, -15, -11, -9, -7, 1, 3, 13, 53, 59, 65]
      blk1 |S|=36 offs=[-95, -93, -91, -87, -83, -81, -79, -75, -73, -71, -69, -67, -65, -63, -61, -59, -57, -55, -53, -51, -47, -45, -41, -39, -35, -31, -21, -15, -11, -9, -7, 1, 3, 13, 59, 65]
[520] sizes A=[45, 8, 128] B=[35, 88, 47] kills=[('B', 1, 50)] [0.2s]
      blk1 |S|=50 offs=[-95, -93, -91, -89, -87, -85, -83, -81, -79, -77, -75, -73, -71, -69, -67, -65, -63, -61, -59, -57, -55, -53, -51, -49, -47, -45, -43, -41, -39, -37, -35, -33, -31, -29, -21, -15, -13, -11, -9, -7, 1, 3, 13, 15, 17, 37, 53, 55, 59, 75]
[521] sizes A=[45, 9, 127] B=[35, 87, 48] kills=[('B', 1, 52)] [0.2s]
      blk1 |S|=52 offs=[-95, -93, -91, -89, -87, -85, -83, -81, -79, -77, -75, -73, -71, -69, -67, -65, -63, -61, -59, -57, -55, -53, -51, -49, -47, -45, -43, -41, -39, -37, -35, -33, -31, -29, -21, -15, -13, -9, -7, -3, 1, 3, 13, 15, 17, 35, 37, 49, 53, 55, 59, 75]
[522] sizes A=[45, 9, 128] B=[35, 87, 47] kills=[('B', 1, 40), ('B', 1, 38), ('B', 1, 35)] [0.5s]
      blk1 |S|=40 offs=[-95, -93, -91, -87, -85, -83, -79, -77, -75, -73, -71, -69, -67, -65, -63, -61, -59, -55, -53, -51, -49, -47, -45, -43, -41, -39, -37, -35, -31, -29, -21, -15, -13, -9, 1, 3, 17, 53, 55, 75]
      blk1 |S|=38 offs=[-95, -93, -91, -87, -85, -83, -79, -77, -75, -73, -71, -69, -67, -65, -63, -61, -59, -55, -53, -51, -47, -45, -43, -41, -39, -37, -35, -31, -29, -21, -15, -13, -9, 1, 3, 17, 53, 55]
      blk1 |S|=35 offs=[-93, -91, -87, -83, -79, -77, -75, -73, -71, -67, -65, -63, -61, -59, -57, -55, -53, -51, -49, -47, -45, -43, -41, -39, -37, -35, -29, -21, -13, -9, -3, 1, 17, 35, 53]
[523] sizes A=[45, 9, 125] B=[35, 87, 50] kills=[('B', 1, 49)] [0.2s]
      blk1 |S|=49 offs=[-95, -93, -91, -89, -87, -85, -83, -81, -79, -77, -75, -73, -71, -69, -67, -65, -63, -61, -59, -57, -55, -53, -51, -49, -47, -45, -43, -41, -39, -37, -35, -33, -31, -29, -23, -21, -15, -7, -3, 1, 3, 17, 21, 33, 35, 45, 49, 53, 79]
[524] sizes A=[45, 9, 125] B=[35, 87, 50] kills=[('B', 1, 48)] [0.2s]
      blk1 |S|=48 offs=[-95, -93, -91, -89, -87, -85, -83, -81, -79, -77, -75, -73, -71, -69, -67, -65, -63, -61, -59, -57, -55, -53, -51, -49, -47, -45, -43, -41, -39, -37, -35, -33, -31, -29, -23, -21, -15, -7, -3, 1, 3, 17, 21, 33, 45, 47, 49, 53]
[525] sizes A=[45, 10, 124] B=[35, 86, 51] kills=[('B', 1, 33)] [0.2s]
      blk1 |S|=33 offs=[-93, -91, -89, -87, -85, -83, -81, -77, -73, -65, -63, -61, -57, -53, -49, -45, -43, -41, -39, -37, -35, -33, -29, -23, -13, -7, -3, 1, 3, 17, 47, 55, 59]
[526] sizes A=[45, 10, 124] B=[35, 86, 51] kills=[('B', 1, 36), ('B', 1, 28), ('B', 1, 23)] [0.3s]
      blk1 |S|=36 offs=[-95, -93, -91, -89, -87, -83, -81, -79, -77, -73, -71, -69, -67, -65, -63, -59, -57, -55, -53, -51, -49, -47, -45, -43, -39, -37, -33, -31, -23, -21, 1, 3, 13, 17, 21, 39]
      blk1 |S|=28 offs=[-95, -93, -91, -89, -87, -83, -81, -79, -71, -67, -65, -63, -59, -55, -51, -47, -45, -43, -39, -37, -33, -31, -23, 1, 3, 13, 17, 21]
      blk1 |S|=23 offs=[-95, -93, -91, -89, -87, -83, -79, -71, -67, -65, -63, -59, -55, -51, -47, -43, -39, -37, -31, -23, 1, 3, 21]
[527] sizes A=[42, 10, 121] B=[38, 86, 54] kills=[('B', 1, 42)] [0.3s]
      blk1 |S|=42 offs=[-95, -91, -89, -87, -85, -83, -81, -79, -77, -75, -73, -71, -69, -67, -65, -63, -61, -59, -57, -55, -53, -51, -49, -47, -45, -43, -41, -39, -37, -35, -33, -31, -29, -21, -13, -11, -3, 1, 3, 17, 55, 59]
[528] sizes A=[42, 9, 122] B=[38, 87, 53] kills=[('B', 1, 43), ('B', 1, 43)] [0.3s]
      blk1 |S|=43 offs=[-95, -91, -89, -87, -85, -83, -81, -79, -77, -75, -73, -71, -69, -67, -65, -63, -61, -59, -57, -55, -53, -51, -49, -47, -45, -43, -41, -39, -37, -35, -33, -31, -29, -21, -17, -13, -11, 1, 3, 17, 21, 33, 59]
      blk1 |S|=43 offs=[-95, -93, -91, -89, -87, -85, -83, -81, -79, -77, -75, -73, -71, -69, -67, -65, -63, -61, -59, -57, -55, -53, -51, -49, -47, -45, -43, -41, -39, -37, -35, -33, -31, -29, -21, -13, -11, 1, 3, 17, 21, 33, 59]
[529] sizes A=[41, 8, 120] B=[39, 88, 55] kills=[('B', 1, 40)] [0.3s]
      blk1 |S|=40 offs=[-95, -93, -91, -89, -87, -83, -81, -79, -77, -75, -73, -71, -69, -67, -65, -63, -61, -59, -57, -55, -51, -49, -47, -43, -41, -39, -37, -35, -31, -29, -21, -17, -15, -11, -7, 1, 3, 37, 57, 59]
[530] sizes A=[41, 9, 120] B=[39, 87, 55] kills=[('B', 1, 40)] [0.3s]
      blk1 |S|=40 offs=[-95, -93, -91, -89, -87, -85, -83, -81, -79, -77, -75, -73, -71, -69, -67, -65, -63, -61, -59, -57, -55, -53, -49, -47, -45, -43, -41, -39, -37, -35, -31, -29, -17, -11, -3, 1, 3, 17, 53, 59]
[531] sizes A=[41, 10, 118] B=[39, 86, 57] kills=[('B', 1, 32)] [0.2s]
      blk1 |S|=32 offs=[-91, -89, -85, -83, -81, -79, -77, -75, -73, -71, -69, -67, -65, -61, -59, -57, -55, -53, -51, -49, -45, -43, -41, -39, -33, -31, -29, -21, -3, 1, 3, 17]
[532] sizes A=[41, 10, 119] B=[39, 86, 56] kills=[('B', 1, 33), ('B', 1, 32)] [0.4s]
      blk1 |S|=33 offs=[-93, -91, -87, -85, -83, -79, -75, -73, -71, -67, -65, -63, -61, -59, -55, -53, -51, -49, -47, -45, -43, -41, -39, -37, -35, -33, -29, -21, -13, -7, 3, 7, 17]
      blk1 |S|=32 offs=[-93, -91, -85, -83, -79, -75, -73, -71, -67, -65, -63, -61, -59, -55, -53, -51, -49, -47, -45, -43, -41, -39, -37, -35, -33, -29, -21, -13, -7, 3, 7, 17]
[533] sizes A=[41, 10, 120] B=[39, 86, 55] kills=[('B', 1, 29)] [0.3s]
      blk1 |S|=29 offs=[-93, -89, -85, -83, -81, -79, -77, -73, -71, -67, -65, -61, -57, -55, -53, -49, -45, -43, -41, -37, -33, -29, -21, -13, 3, 39, 41, 53, 59]
[534] sizes A=[41, 10, 120] B=[39, 86, 55] kills=[('B', 1, 32), ('B', 1, 20), ('B', 1, 21)] [0.3s]
      blk1 |S|=32 offs=[-95, -93, -89, -85, -81, -79, -77, -75, -71, -69, -61, -57, -53, -51, -45, -43, -41, -39, -37, -33, -31, -29, -21, -13, -11, 3, 17, 21, 33, 45, 55, 59]
      blk1 |S|=20 offs=[-93, -81, -79, -77, -75, -69, -61, -57, -53, -45, -39, -37, -33, -29, -13, -11, 3, 17, 21, 59]
      blk1 |S|=21 offs=[-93, -85, -81, -79, -77, -75, -69, -61, -57, -53, -45, -39, -37, -33, -29, -13, -11, 3, 17, 21, 59]
[535] sizes A=[41, 8, 122] B=[39, 88, 53] kills=[('B', 1, 33), ('B', 1, 34), ('B', 1, 26)] [0.3s]
      blk1 |S|=33 offs=[-93, -91, -89, -87, -85, -81, -79, -77, -75, -69, -65, -63, -61, -57, -53, -45, -43, -41, -39, -37, -33, -29, -21, -15, -13, -9, 3, 33, 37, 39, 49, 55, 57]
      blk1 |S|=34 offs=[-93, -91, -89, -87, -85, -81, -79, -77, -75, -73, -69, -65, -63, -61, -57, -53, -45, -43, -41, -39, -37, -33, -29, -21, -15, -13, -9, 3, 33, 37, 39, 49, 55, 57]
      blk1 |S|=26 offs=[-93, -91, -89, -87, -85, -81, -77, -65, -61, -57, -53, -45, -43, -41, -37, -33, -29, -21, -15, -13, -9, 3, 33, 39, 49, 57]
[536] sizes A=[41, 8, 122] B=[39, 88, 53] kills=[('B', 1, 35)] [0.3s]
      blk1 |S|=35 offs=[-93, -91, -89, -85, -83, -81, -77, -75, -73, -71, -69, -65, -61, -57, -53, -51, -45, -43, -41, -39, -37, -33, -29, -21, -15, -13, -11, -9, -7, 3, 33, 39, 55, 57, 59]
[537] sizes A=[41, 7, 124] B=[39, 89, 51] kills=[('B', 1, 33), ('B', 1, 29)] [0.5s]
      blk1 |S|=33 offs=[-93, -89, -83, -81, -77, -75, -73, -69, -67, -65, -63, -61, -59, -57, -55, -53, -51, -49, -47, -45, -43, -41, -39, -37, -33, -29, -21, -13, -11, -9, 3, 17, 59]
      blk1 |S|=29 offs=[-93, -89, -85, -81, -77, -75, -73, -69, -65, -63, -61, -59, -57, -55, -53, -49, -45, -43, -41, -37, -33, -29, -21, -13, -11, -9, 3, 17, 59]
[538] sizes A=[41, 4, 113] B=[39, 92, 62] kills=[('B', 0, 46), ('B', 1, 34)] [0.3s]
      blk0 |S|=46 offs=[2, 4, 6, 8, 10, 12, 14, 16, 18, 20, 22, 24, 26, 28, 30, 32, 34, 36, 38, 40, 44, 46, 48, 50, 52, 54, 56, 58, 60, 62, 64, 66, 68, 70, 72, 74, 76, 78, 80, 146, 148, 150, 152, 154, 156, 158]
      blk1 |S|=34 offs=[-95, -93, -91, -89, -87, -83, -79, -77, -75, -71, -67, -65, -63, -55, -47, -45, -43, -39, -37, -35, -33, -31, -23, -15, -13, -3, -1, 1, 3, 49, 53, 59, 61, 63]
[539] sizes A=[42, 4, 114] B=[38, 92, 61] kills=[('B', 0, 44), ('B', 1, 30)] [0.3s]
      blk0 |S|=44 offs=[4, 6, 8, 10, 12, 14, 16, 18, 20, 22, 24, 26, 28, 30, 32, 34, 36, 38, 40, 44, 46, 48, 50, 52, 54, 56, 58, 60, 62, 64, 66, 68, 70, 72, 74, 76, 78, 80, 146, 148, 150, 152, 154, 156]
      blk1 |S|=30 offs=[-95, -91, -89, -87, -79, -77, -75, -67, -65, -63, -61, -59, -57, -55, -51, -47, -45, -43, -39, -37, -31, -23, -15, -13, -3, 1, 3, 49, 59, 61]
[540] sizes A=[43, 4, 115] B=[37, 92, 60] kills=[('B', 1, 42)] [0.4s]
      blk1 |S|=42 offs=[-95, -93, -91, -89, -87, -85, -83, -81, -79, -77, -71, -69, -67, -63, -61, -59, -57, -55, -51, -49, -47, -45, -43, -41, -39, -33, -31, -29, -27, -25, -23, -21, -19, -15, -13, -3, -1, 1, 3, 49, 55, 79]
[541] sizes A=[43, 4, 116] B=[37, 92, 59] kills=[('B', 1, 34), ('B', 1, 29)] [0.4s]
      blk1 |S|=34 offs=[-95, -89, -87, -83, -81, -79, -77, -75, -73, -71, -69, -67, -65, -63, -61, -59, -57, -55, -53, -51, -49, -47, -45, -43, -41, -39, -31, -23, -19, -15, 1, 3, 49, 57]
      blk1 |S|=29 offs=[-95, -87, -83, -81, -79, -77, -75, -73, -71, -69, -67, -65, -63, -61, -55, -51, -47, -45, -43, -41, -39, -31, -23, -19, -15, 1, 3, 49, 57]
[542] sizes A=[43, 4, 117] B=[37, 92, 58] kills=[('B', 1, 34), ('B', 1, 29)] [0.4s]
      blk1 |S|=34 offs=[-95, -91, -89, -87, -85, -83, -81, -79, -77, -75, -73, -71, -69, -67, -65, -63, -61, -55, -51, -47, -45, -43, -41, -39, -31, -23, -19, -15, -1, 1, 3, 49, 53, 93]
      blk1 |S|=29 offs=[-95, -87, -85, -83, -81, -79, -77, -75, -73, -71, -69, -67, -65, -63, -61, -55, -51, -47, -43, -41, -39, -31, -23, -19, -15, 1, 3, 49, 53]
[543] sizes A=[43, 4, 118] B=[37, 92, 57] kills=[('B', 1, 36)] [0.3s]
      blk1 |S|=36 offs=[-95, -93, -91, -89, -87, -83, -81, -79, -77, -71, -67, -65, -63, -61, -55, -51, -47, -45, -43, -41, -39, -37, -33, -31, -23, -19, -15, -13, -3, -1, 1, 3, 51, 53, 59, 69]
[544] sizes A=[43, 4, 119] B=[37, 92, 56] kills=[('B', 1, 38)] [0.3s]
      blk1 |S|=38 offs=[-95, -91, -89, -87, -83, -79, -77, -75, -73, -71, -69, -67, -65, -63, -61, -59, -55, -51, -47, -45, -43, -41, -39, -37, -35, -31, -23, -19, -17, -15, -13, -5, -3, 1, 3, 53, 59, 81]
[545] sizes A=[42, 4, 110] B=[38, 92, 65] kills=[('B', 0, 43), ('B', 1, 37), ('B', 1, 40), ('B', 1, 34)] [0.5s]
      blk0 |S|=43 offs=[2, 4, 8, 12, 14, 16, 18, 20, 22, 24, 26, 28, 30, 32, 34, 36, 38, 40, 42, 44, 46, 48, 50, 52, 54, 56, 58, 60, 62, 64, 66, 68, 70, 72, 74, 76, 78, 80, 146, 148, 150, 152, 158]
      blk1 |S|=37 offs=[-95, -93, -87, -83, -79, -77, -75, -73, -71, -69, -67, -65, -63, -61, -59, -57, -55, -53, -51, -49, -47, -45, -43, -41, -39, -31, -29, -17, -15, -5, -1, 1, 3, 61, 63, 65, 69]
      blk1 |S|=40 offs=[-95, -93, -91, -89, -87, -85, -83, -79, -77, -75, -73, -71, -69, -67, -65, -63, -61, -59, -57, -55, -53, -51, -49, -47, -45, -43, -41, -39, -31, -29, -17, -15, -5, -1, 1, 3, 61, 63, 65, 69]
      blk1 |S|=34 offs=[-95, -93, -83, -79, -77, -75, -73, -71, -69, -67, -65, -63, -61, -59, -57, -55, -53, -51, -49, -47, -45, -43, -41, -39, -31, -19, -17, -15, -1, 1, 3, 61, 65, 69]
[546] sizes A=[43, 4, 111] B=[37, 92, 64] kills=[('B', 1, 44), ('B', 1, 40), ('B', 1, 32), ('B', 1, 35)] [0.7s]
      blk1 |S|=44 offs=[-95, -93, -91, -89, -87, -85, -83, -81, -77, -75, -73, -71, -69, -67, -65, -61, -59, -57, -53, -51, -49, -47, -45, -43, -41, -39, -37, -35, -31, -29, -27, -21, -19, -17, -13, -7, -5, -3, -1, 1, 3, 61, 87, 93]
      blk1 |S|=40 offs=[-95, -93, -91, -89, -87, -85, -83, -81, -77, -73, -71, -69, -67, -65, -61, -57, -53, -49, -47, -45, -43, -41, -37, -35, -31, -29, -27, -21, -19, -17, -13, -7, -5, -3, -1, 1, 3, 61, 87, 93]
      blk1 |S|=32 offs=[-95, -93, -91, -89, -87, -85, -83, -81, -77, -73, -71, -69, -65, -61, -57, -53, -49, -47, -45, -43, -41, -29, -21, -17, -13, -3, -1, 1, 3, 61, 87, 93]
      blk1 |S|=35 offs=[-95, -93, -91, -89, -87, -85, -83, -81, -79, -77, -75, -73, -71, -69, -65, -61, -59, -57, -53, -49, -47, -45, -43, -41, -39, -37, -29, -21, -17, -3, -1, 1, 3, 87, 93]
[547] sizes A=[43, 4, 112] B=[37, 92, 63] kills=[('B', 1, 57)] [0.2s]
      blk1 |S|=57 offs=[-95, -93, -91, -89, -87, -85, -83, -81, -79, -77, -75, -73, -71, -69, -67, -65, -63, -61, -59, -57, -55, -53, -51, -49, -47, -45, -43, -41, -39, -37, -35, -33, -31, -29, -27, -25, -21, -19, -17, -15, -13, -7, -5, -3, -1, 1, 3, 57, 59, 61, 63, 77, 81, 83, 87, 89, 91]
[548] sizes A=[43, 4, 113] B=[37, 92, 62] kills=[('B', 1, 58)] [0.2s]
      blk1 |S|=58 offs=[-95, -93, -91, -89, -87, -85, -83, -81, -79, -77, -75, -73, -71, -69, -67, -65, -63, -61, -59, -57, -55, -53, -51, -49, -47, -45, -43, -41, -39, -37, -35, -33, -31, -29, -27, -25, -21, -19, -17, -15, -13, -7, -5, -3, -1, 1, 3, 49, 55, 57, 59, 61, 63, 77, 81, 83, 87, 91]
[549] sizes A=[43, 4, 114] B=[37, 92, 61] kills=[('B', 1, 57)] [0.2s]
      blk1 |S|=57 offs=[-95, -93, -91, -89, -87, -85, -83, -81, -79, -77, -75, -73, -71, -69, -67, -65, -63, -61, -59, -57, -55, -53, -51, -49, -47, -45, -43, -41, -39, -37, -35, -33, -31, -29, -27, -25, -21, -19, -17, -15, -13, -7, -5, -3, -1, 1, 3, 49, 55, 59, 61, 63, 77, 81, 83, 87, 91]
[550] sizes A=[43, 4, 115] B=[37, 92, 60] kills=[('B', 1, 47)] [0.4s]
      blk1 |S|=47 offs=[-95, -93, -91, -89, -87, -85, -83, -81, -79, -77, -75, -73, -71, -69, -67, -65, -63, -61, -59, -57, -55, -53, -51, -49, -47, -45, -43, -41, -39, -37, -35, -27, -25, -21, -19, -15, -7, -5, -3, -1, 1, 3, 53, 73, 77, 81, 83]
[551] sizes A=[43, 4, 116] B=[37, 92, 59] kills=[('B', 1, 48)] [0.3s]
      blk1 |S|=48 offs=[-95, -93, -91, -89, -87, -85, -83, -81, -79, -77, -75, -73, -71, -69, -67, -65, -63, -61, -59, -57, -55, -53, -51, -49, -47, -45, -43, -41, -39, -37, -35, -33, -27, -25, -21, -19, -15, -13, -7, -5, -3, -1, 1, 3, 53, 73, 81, 87]
[552] sizes A=[43, 4, 117] B=[37, 92, 58] kills=[('B', 1, 48)] [0.5s]
      blk1 |S|=48 offs=[-95, -93, -91, -89, -87, -85, -83, -81, -79, -77, -75, -73, -71, -69, -67, -65, -63, -61, -59, -57, -55, -53, -51, -49, -47, -45, -43, -41, -39, -37, -35, -33, -27, -25, -21, -19, -15, -13, -7, -5, -3, -1, 1, 3, 53, 73, 75, 81]
[553] sizes A=[43, 5, 117] B=[37, 91, 58] kills=[('B', 1, 38), ('B', 1, 34), ('B', 1, 12)] [0.4s]
      blk1 |S|=38 offs=[-95, -93, -91, -87, -83, -79, -77, -75, -73, -71, -69, -67, -65, -63, -61, -59, -57, -55, -53, -51, -49, -47, -45, -43, -41, -39, -31, -29, -17, -15, -5, -3, -1, 1, 3, 61, 63, 65]
      blk1 |S|=34 offs=[-95, -91, -83, -79, -77, -75, -73, -71, -69, -67, -65, -63, -61, -59, -57, -55, -53, -51, -49, -47, -45, -43, -41, -39, -31, -19, -17, -15, -3, -1, 1, 3, 61, 65]
      blk1 |S|=12 offs=[-95, -83, -65, -63, -47, -41, -31, -19, -17, 1, 3, 61]
[554] sizes A=[43, 6, 118] B=[37, 90, 57] kills=[('B', 1, 36)] [0.3s]
      blk1 |S|=36 offs=[-95, -91, -89, -87, -81, -79, -77, -75, -73, -71, -69, -67, -65, -63, -59, -55, -53, -47, -45, -39, -37, -35, -31, -25, -15, -13, -5, -3, -1, 1, 3, 49, 51, 59, 61, 71]
[555] sizes A=[43, 6, 119] B=[37, 90, 56] kills=[('B', 1, 34)] [0.3s]
      blk1 |S|=34 offs=[-95, -91, -89, -87, -81, -79, -77, -75, -73, -71, -69, -67, -65, -63, -59, -55, -53, -47, -45, -39, -37, -35, -31, -25, -15, -13, -5, -3, 1, 3, 49, 59, 61, 67]
[556] sizes A=[43, 6, 120] B=[37, 90, 55] kills=[('B', 1, 38)] [0.3s]
      blk1 |S|=38 offs=[-95, -93, -91, -87, -83, -81, -79, -77, -75, -73, -71, -69, -67, -65, -63, -61, -59, -57, -55, -53, -51, -49, -47, -45, -43, -41, -39, -37, -35, -33, -31, -15, -5, -1, 1, 3, 77, 91]
[557] sizes A=[43, 6, 121] B=[37, 90, 54] kills=[('B', 1, 38), ('B', 1, 28)] [0.3s]
      blk1 |S|=38 offs=[-95, -91, -89, -87, -83, -81, -79, -77, -75, -73, -71, -69, -67, -65, -63, -61, -59, -57, -55, -53, -51, -49, -47, -45, -41, -39, -31, -25, -21, -15, -3, -1, 1, 3, 53, 61, 73, 77]
      blk1 |S|=28 offs=[-95, -91, -87, -79, -75, -73, -71, -69, -67, -65, -63, -61, -59, -57, -55, -53, -51, -49, -47, -45, -39, -31, -21, -15, -3, 1, 3, 61]
[558] sizes A=[43, 5, 121] B=[37, 91, 54] kills=[('B', 1, 29)] [0.3s]
      blk1 |S|=29 offs=[-95, -91, -89, -87, -83, -79, -77, -75, -71, -63, -59, -57, -55, -51, -47, -45, -43, -39, -37, -35, -31, -15, -13, -5, 1, 3, 13, 53, 59]
[559] sizes A=[43, 5, 122] B=[37, 91, 53] kills=[('B', 1, 23)] [0.3s]
      blk1 |S|=23 offs=[-95, -91, -87, -79, -75, -71, -69, -67, -65, -63, -55, -47, -39, -35, -31, -29, -15, -1, 1, 3, 13, 29, 77]
[560] sizes A=[43, 4, 123] B=[37, 92, 52] kills=[('B', 1, 30)] [0.3s]
      blk1 |S|=30 offs=[-95, -91, -89, -87, -83, -81, -79, -77, -75, -63, -55, -51, -47, -45, -43, -41, -39, -37, -35, -31, -27, -15, -13, -7, -3, 1, 3, 13, 59, 81]
[561] sizes A=[43, 5, 123] B=[37, 91, 52] kills=[('B', 1, 55)] [0.2s]
      blk1 |S|=55 offs=[-95, -93, -91, -89, -87, -85, -83, -81, -79, -77, -75, -73, -71, -69, -67, -65, -63, -61, -59, -57, -55, -53, -51, -49, -47, -45, -43, -41, -39, -37, -35, -33, -31, -29, -25, -21, -17, -15, -13, -9, -7, -5, -3, -1, 1, 3, 13, 49, 59, 71, 73, 75, 77, 79, 81]
[562] sizes A=[43, 5, 124] B=[37, 91, 51] kills=[('B', 1, 54)] [0.2s]
      blk1 |S|=54 offs=[-95, -93, -91, -89, -87, -85, -83, -81, -79, -77, -75, -73, -71, -69, -67, -65, -63, -61, -59, -57, -55, -53, -51, -49, -47, -45, -43, -41, -39, -37, -35, -33, -31, -29, -25, -21, -17, -15, -13, -9, -7, -5, -3, -1, 1, 3, 13, 49, 59, 71, 73, 75, 77, 81]
[563] sizes A=[43, 5, 125] B=[37, 91, 50] kills=[('B', 1, 54)] [0.2s]
      blk1 |S|=54 offs=[-95, -93, -91, -89, -87, -85, -83, -81, -79, -77, -75, -73, -71, -69, -67, -65, -63, -61, -59, -57, -55, -53, -51, -49, -47, -45, -43, -41, -39, -37, -35, -33, -31, -29, -25, -21, -17, -15, -13, -9, -7, -5, -3, -1, 1, 3, 13, 59, 69, 71, 73, 75, 77, 81]
[564] sizes A=[43, 4, 126] B=[37, 92, 49] kills=[('B', 1, 26)] [0.3s]
      blk1 |S|=26 offs=[-95, -89, -87, -85, -83, -79, -75, -63, -55, -47, -43, -41, -39, -35, -31, -19, -15, -7, -5, -3, 1, 13, 59, 75, 77, 81]
[565] sizes A=[43, 5, 126] B=[37, 91, 49] kills=[('B', 1, 26)] [0.3s]
      blk1 |S|=26 offs=[-95, -91, -89, -87, -85, -83, -79, -75, -71, -63, -59, -55, -51, -47, -43, -41, -39, -35, -31, -19, -15, -5, 1, 13, 59, 75]
[566] sizes A=[43, 5, 126] B=[37, 91, 49] kills=[('B', 1, 39)] [0.3s]
      blk1 |S|=39 offs=[-95, -93, -91, -89, -87, -83, -81, -79, -75, -71, -69, -67, -65, -63, -61, -57, -55, -53, -51, -49, -47, -45, -41, -39, -37, -35, -31, -29, -21, -17, -15, -13, -9, -1, 1, 3, 7, 59, 69]
[567] sizes A=[43, 5, 126] B=[37, 91, 49] kills=[('B', 1, 38)] [0.3s]
      blk1 |S|=38 offs=[-95, -93, -91, -89, -87, -85, -83, -79, -77, -75, -73, -71, -69, -67, -65, -63, -59, -55, -53, -47, -45, -41, -39, -37, -31, -29, -17, -15, -13, -5, -3, -1, 1, 3, 59, 69, 77, 81]
[568] sizes A=[43, 4, 127] B=[37, 92, 48] kills=[('B', 1, 52)] [0.2s]
      blk1 |S|=52 offs=[-95, -93, -91, -89, -87, -85, -83, -81, -79, -77, -75, -73, -71, -69, -67, -65, -63, -61, -59, -57, -55, -53, -51, -49, -47, -45, -43, -41, -39, -37, -33, -31, -29, -25, -23, -21, -19, -17, -15, -13, -9, -5, -3, -1, 1, 3, 37, 59, 75, 77, 81, 93]
[569] sizes A=[43, 3, 128] B=[37, 93, 47] kills=[('B', 1, 38), ('B', 1, 37)] [0.4s]
      blk1 |S|=38 offs=[-95, -91, -89, -87, -85, -83, -81, -79, -77, -75, -73, -71, -69, -67, -65, -63, -61, -59, -57, -55, -53, -51, -49, -47, -45, -43, -41, -39, -35, -31, -23, -19, -15, -5, -3, 1, 3, 59]
      blk1 |S|=37 offs=[-95, -91, -89, -87, -83, -81, -79, -77, -75, -73, -71, -69, -67, -65, -63, -61, -59, -57, -55, -53, -51, -49, -47, -45, -43, -41, -39, -35, -31, -23, -19, -15, -5, -3, 1, 3, 59]
[570] sizes A=[43, 4, 128] B=[37, 92, 47] kills=[('B', 1, 24)] [0.3s]
      blk1 |S|=24 offs=[-95, -89, -83, -79, -71, -67, -65, -63, -61, -59, -55, -51, -47, -43, -41, -39, -31, -21, -17, -15, -7, 1, 3, 37]
[571] sizes A=[43, 3, 129] B=[37, 93, 46] kills=[('B', 1, 45)] [0.4s]
      blk1 |S|=45 offs=[-95, -91, -89, -87, -85, -83, -81, -79, -77, -75, -73, -71, -69, -67, -65, -63, -61, -59, -57, -55, -53, -51, -49, -47, -45, -43, -41, -39, -37, -35, -33, -31, -29, -25, -19, -15, -11, -9, -7, -3, -1, 1, 3, 77, 81]
[572] sizes A=[43, 3, 129] B=[37, 93, 46] kills=[('B', 1, 40)] [0.3s]
      blk1 |S|=40 offs=[-95, -91, -89, -87, -85, -83, -79, -77, -75, -73, -71, -69, -67, -65, -63, -59, -55, -53, -47, -45, -43, -41, -39, -37, -35, -31, -29, -27, -19, -15, -13, -9, -7, -5, -3, 1, 3, 59, 77, 81]
[573] sizes A=[43, 4, 129] B=[37, 92, 46] kills=[('B', 1, 34)] [0.3s]
      blk1 |S|=34 offs=[-95, -93, -89, -87, -83, -79, -75, -73, -71, -69, -67, -65, -63, -55, -53, -47, -43, -41, -39, -37, -31, -29, -19, -17, -15, -13, -7, -5, -1, 1, 3, 59, 69, 77]
[574] sizes A=[43, 5, 127] B=[37, 91, 48] kills=[('B', 1, 29)] [0.3s]
      blk1 |S|=29 offs=[-95, -89, -87, -83, -79, -75, -71, -69, -67, -65, -63, -55, -47, -43, -41, -39, -37, -35, -31, -21, -19, -15, -13, -1, 1, 3, 41, 59, 77]
[575] sizes A=[43, 3, 129] B=[37, 93, 46] kills=[('B', 1, 44), ('B', 1, 34)] [0.5s]
      blk1 |S|=44 offs=[-95, -93, -91, -89, -87, -83, -81, -79, -77, -75, -73, -71, -69, -67, -65, -63, -61, -59, -57, -55, -53, -51, -49, -47, -45, -43, -41, -39, -37, -35, -33, -31, -29, -19, -15, -11, -9, -5, -3, -1, 1, 3, 59, 77]
      blk1 |S|=34 offs=[-95, -93, -91, -89, -83, -79, -77, -75, -73, -71, -69, -67, -65, -63, -61, -59, -57, -55, -53, -51, -49, -47, -45, -43, -41, -39, -37, -31, -29, -15, -1, 1, 3, 77]
[576] sizes A=[43, 3, 129] B=[37, 93, 46] kills=[('B', 1, 34), ('B', 1, 41), ('B', 1, 38)] [0.6s]
      blk1 |S|=34 offs=[-95, -93, -89, -87, -85, -81, -79, -77, -69, -67, -65, -61, -59, -55, -53, -49, -45, -43, -41, -39, -37, -31, -29, -21, -17, -13, -11, -5, -3, -1, 3, 59, 77, 93]
      blk1 |S|=41 offs=[-95, -93, -89, -87, -85, -81, -79, -77, -75, -73, -71, -69, -67, -65, -63, -61, -59, -57, -55, -53, -51, -49, -47, -45, -43, -41, -39, -37, -31, -29, -25, -21, -17, -13, -11, -5, -1, 3, 59, 77, 93]
      blk1 |S|=38 offs=[-95, -93, -89, -87, -85, -81, -77, -75, -73, -71, -69, -67, -65, -63, -61, -59, -57, -55, -53, -49, -47, -45, -43, -41, -39, -37, -29, -25, -21, -17, -13, -11, -5, -1, 3, 59, 77, 93]
[577] sizes A=[43, 3, 130] B=[37, 93, 45] kills=[('B', 1, 36)] [0.3s]
      blk1 |S|=36 offs=[-95, -93, -89, -87, -85, -81, -79, -77, -69, -67, -65, -61, -59, -55, -53, -49, -47, -45, -43, -41, -39, -37, -31, -29, -21, -17, -13, -11, -9, -5, -3, -1, 3, 59, 75, 77]
[578] sizes A=[43, 3, 130] B=[37, 93, 45] kills=[('B', 1, 19)] [0.3s]
      blk1 |S|=19 offs=[-93, -85, -77, -65, -61, -57, -53, -49, -45, -41, -37, -29, -21, -17, -13, -5, 3, 7, 59]
[579] sizes A=[43, 3, 130] B=[37, 93, 45] kills=[('B', 1, 26)] [0.4s]
      blk1 |S|=26 offs=[-93, -89, -85, -81, -79, -77, -73, -67, -61, -55, -53, -49, -45, -43, -41, -39, -37, -29, -21, -19, -17, -13, -7, 3, 41, 59]
[580] sizes A=[43, 4, 129] B=[37, 92, 46] kills=[('B', 1, 31), ('B', 1, 32), ('B', 1, 31)] [0.4s]
      blk1 |S|=31 offs=[-93, -91, -89, -85, -81, -79, -77, -69, -67, -61, -55, -53, -49, -45, -43, -41, -39, -37, -33, -29, -25, -21, -19, -17, -13, -11, -9, 3, 41, 53, 59]
      blk1 |S|=32 offs=[-93, -91, -89, -85, -81, -79, -77, -69, -67, -65, -61, -55, -53, -49, -45, -43, -41, -39, -37, -33, -29, -25, -21, -19, -17, -13, -11, -9, 3, 41, 53, 59]
      blk1 |S|=31 offs=[-93, -91, -89, -85, -81, -79, -77, -69, -67, -65, -61, -55, -53, -49, -45, -43, -41, -39, -37, -29, -25, -21, -19, -17, -13, -11, -9, 3, 41, 53, 59]
[581] sizes A=[43, 4, 129] B=[37, 92, 46] kills=[('B', 1, 30)] [0.3s]
      blk1 |S|=30 offs=[-93, -91, -89, -87, -85, -83, -81, -77, -65, -61, -55, -53, -49, -45, -43, -41, -39, -37, -35, -29, -25, -21, -17, -13, -5, -3, 3, 13, 41, 59]
[582] sizes A=[43, 5, 127] B=[37, 91, 48] kills=[('B', 1, 25)] [0.3s]
      blk1 |S|=25 offs=[-93, -89, -85, -81, -79, -77, -69, -61, -59, -53, -49, -45, -43, -41, -39, -37, -33, -29, -21, -17, -13, -5, 3, 27, 53]
[583] sizes A=[43, 5, 127] B=[37, 91, 48] kills=[('B', 1, 26)] [0.3s]
      blk1 |S|=26 offs=[-93, -87, -85, -77, -73, -71, -67, -65, -61, -55, -53, -49, -45, -41, -37, -35, -29, -25, -21, -13, -5, -3, 3, 45, 59, 61]
[584] sizes A=[43, 4, 128] B=[37, 92, 47] kills=[('B', 1, 39), ('B', 1, 23), ('B', 1, 31)] [0.4s]
      blk1 |S|=39 offs=[-95, -93, -89, -87, -85, -83, -79, -77, -73, -71, -67, -65, -61, -59, -53, -51, -47, -45, -43, -41, -37, -35, -33, -31, -29, -25, -23, -21, -19, -17, -15, -13, -5, -3, 3, 41, 45, 53, 77]
      blk1 |S|=23 offs=[-95, -93, -87, -85, -77, -71, -65, -61, -59, -53, -45, -41, -37, -31, -29, -25, -23, -21, -13, -3, 3, 41, 45]
      blk1 |S|=31 offs=[-95, -93, -91, -89, -87, -85, -81, -77, -73, -71, -65, -61, -59, -57, -53, -51, -45, -41, -37, -31, -29, -25, -23, -21, -17, -13, -3, 3, 41, 45, 59]
[585] sizes A=[43, 4, 128] B=[37, 92, 47] kills=[('B', 1, 34)] [0.3s]
      blk1 |S|=34 offs=[-93, -89, -85, -83, -81, -79, -77, -71, -67, -65, -61, -53, -51, -49, -47, -45, -43, -41, -37, -33, -31, -29, -25, -21, -13, -11, -5, -3, 3, 45, 53, 59, 75, 77]
[586] sizes A=[43, 4, 127] B=[37, 92, 48] kills=[('B', 1, 35)] [0.3s]
      blk1 |S|=35 offs=[-93, -89, -85, -83, -81, -79, -77, -75, -71, -65, -63, -61, -55, -53, -51, -47, -45, -43, -41, -39, -37, -33, -31, -29, -25, -21, -13, -5, -3, 3, 45, 53, 59, 69, 77]
[587] sizes A=[43, 4, 128] B=[37, 92, 47] kills=[('B', 1, 34)] [0.3s]
      blk1 |S|=34 offs=[-93, -89, -85, -83, -81, -79, -77, -71, -65, -61, -53, -51, -49, -47, -45, -43, -41, -37, -35, -33, -31, -29, -25, -21, -17, -13, -5, -3, 3, 21, 45, 59, 75, 77]
[588] sizes A=[43, 4, 128] B=[37, 92, 47] kills=[('B', 1, 29)] [0.3s]
      blk1 |S|=29 offs=[-93, -89, -87, -85, -79, -77, -71, -65, -61, -59, -53, -51, -45, -43, -41, -37, -33, -31, -29, -25, -21, -13, -5, -3, 3, 37, 45, 53, 59]
[589] sizes A=[43, 3, 129] B=[37, 93, 46] kills=[('B', 1, 33), ('B', 1, 33)] [0.3s]
      blk1 |S|=33 offs=[-93, -89, -85, -83, -81, -79, -77, -69, -65, -61, -59, -57, -53, -49, -47, -45, -43, -41, -39, -37, -33, -29, -25, -21, -17, -13, -5, -3, -1, 3, 53, 59, 77]
      blk1 |S|=33 offs=[-95, -93, -89, -85, -83, -81, -79, -77, -65, -61, -57, -53, -49, -47, -45, -43, -41, -39, -37, -33, -29, -25, -21, -17, -13, -5, -3, -1, 3, 53, 59, 69, 77]
[590] sizes A=[43, 3, 130] B=[37, 93, 45] kills=[('B', 1, 30)] [0.3s]
      blk1 |S|=30 offs=[-95, -93, -89, -87, -85, -77, -73, -69, -65, -61, -55, -53, -49, -45, -43, -41, -37, -35, -29, -21, -17, -13, -9, -5, -3, -1, 3, 59, 69, 77]
[591] sizes A=[43, 3, 130] B=[37, 93, 45] kills=[('B', 1, 31)] [0.3s]
      blk1 |S|=31 offs=[-93, -89, -87, -85, -83, -77, -73, -67, -65, -63, -61, -59, -57, -55, -53, -45, -43, -41, -37, -35, -29, -25, -23, -21, -13, -5, -3, 3, 37, 59, 77]
[592] sizes A=[43, 4, 129] B=[37, 92, 46] kills=[('B', 1, 33)] [0.3s]
      blk1 |S|=33 offs=[-93, -91, -89, -87, -85, -81, -77, -75, -65, -61, -57, -55, -53, -45, -43, -41, -39, -37, -35, -29, -21, -17, -15, -13, -9, -5, -3, -1, 3, 49, 59, 75, 77]
[593] sizes A=[43, 4, 129] B=[37, 92, 46] kills=[('B', 1, 38)] [0.3s]
      blk1 |S|=38 offs=[-95, -93, -91, -89, -85, -83, -81, -79, -77, -73, -71, -67, -65, -61, -53, -51, -45, -43, -41, -39, -37, -35, -29, -25, -21, -19, -17, -15, -13, -7, -5, -3, -1, 3, 13, 59, 75, 77]
[594] sizes A=[43, 5, 127] B=[37, 91, 48] kills=[('B', 1, 26), ('B', 1, 23)] [0.3s]
      blk1 |S|=26 offs=[-93, -87, -85, -83, -81, -77, -65, -61, -53, -45, -41, -39, -37, -35, -29, -21, -17, -13, -9, -5, -3, 3, 13, 29, 59, 75]
      blk1 |S|=23 offs=[-93, -87, -85, -83, -81, -65, -61, -53, -45, -41, -39, -37, -35, -29, -21, -13, -9, -5, -3, 3, 13, 29, 75]
[595] sizes A=[43, 5, 126] B=[37, 91, 49] kills=[('B', 1, 37), ('B', 1, 31), ('B', 1, 37), ('B', 1, 33)] [0.5s]
      blk1 |S|=37 offs=[-93, -89, -87, -85, -83, -79, -77, -73, -71, -69, -67, -65, -61, -59, -55, -53, -51, -49, -45, -43, -41, -37, -35, -31, -29, -21, -17, -13, -9, -5, -3, 3, 29, 37, 41, 59, 73]
      blk1 |S|=31 offs=[-93, -89, -87, -85, -83, -79, -77, -73, -71, -67, -65, -61, -59, -53, -51, -45, -43, -41, -37, -35, -31, -29, -21, -17, -13, -3, 3, 29, 37, 59, 73]
      blk1 |S|=37 offs=[-93, -91, -89, -87, -85, -83, -81, -79, -77, -75, -73, -71, -69, -67, -65, -63, -61, -59, -57, -53, -51, -45, -43, -41, -37, -35, -31, -29, -21, -17, -13, -3, 3, 29, 37, 59, 73]
      blk1 |S|=33 offs=[-93, -91, -89, -87, -85, -83, -81, -79, -77, -75, -73, -71, -69, -67, -65, -63, -61, -59, -57, -53, -51, -45, -41, -37, -35, -29, -21, -17, -3, 3, 29, 37, 73]
[596] sizes A=[43, 5, 127] B=[37, 91, 48] kills=[('B', 1, 32), ('B', 1, 31)] [0.3s]
      blk1 |S|=32 offs=[-93, -91, -89, -87, -85, -83, -77, -75, -73, -67, -65, -61, -59, -55, -53, -51, -49, -45, -43, -41, -37, -35, -31, -29, -21, -13, -9, -3, 3, 29, 41, 59]
      blk1 |S|=31 offs=[-93, -89, -87, -85, -83, -77, -73, -67, -65, -61, -59, -55, -53, -51, -49, -45, -43, -41, -37, -35, -31, -29, -21, -19, -13, -9, -3, 3, 29, 41, 59]
[597] sizes A=[43, 3, 128] B=[37, 93, 47] kills=[('B', 1, 28)] [0.3s]
      blk1 |S|=28 offs=[-95, -93, -91, -87, -85, -83, -81, -77, -65, -61, -53, -45, -41, -39, -37, -29, -27, -21, -17, -13, -7, -5, -3, 3, 29, 37, 59, 77]
[598] sizes A=[43, 3, 129] B=[37, 93, 46] kills=[('B', 1, 29)] [0.3s]
      blk1 |S|=29 offs=[-93, -91, -89, -87, -85, -83, -81, -77, -65, -61, -55, -53, -49, -45, -43, -41, -39, -37, -29, -21, -17, -13, -7, -5, -3, 3, 29, 59, 77]
[599] sizes A=[43, 3, 130] B=[37, 93, 45] kills=[('B', 1, 28), ('B', 1, 29), ('B', 1, 26)] [0.4s]
      blk1 |S|=28 offs=[-93, -91, -89, -87, -85, -83, -81, -77, -65, -61, -55, -53, -49, -45, -43, -41, -39, -37, -29, -21, -17, -13, -5, -3, 3, 49, 59, 77]
      blk1 |S|=29 offs=[-93, -91, -89, -87, -85, -83, -81, -77, -67, -61, -55, -53, -49, -45, -43, -41, -39, -37, -29, -21, -17, -15, -13, -5, -3, 3, 49, 59, 77]
      blk1 |S|=26 offs=[-93, -91, -87, -85, -83, -81, -77, -65, -61, -57, -53, -49, -45, -41, -39, -37, -29, -21, -17, -13, -5, -3, 3, 49, 59, 77]
[600] sizes A=[43, 3, 130] B=[37, 93, 45] kills=[('B', 1, 39)] [0.3s]
      blk1 |S|=39 offs=[-95, -93, -87, -85, -83, -81, -77, -75, -73, -71, -69, -67, -65, -61, -55, -53, -51, -49, -47, -45, -43, -41, -39, -37, -35, -31, -29, -25, -21, -15, -13, -9, -7, -5, -3, 3, 13, 59, 77]
[601] sizes A=[43, 2, 131] B=[37, 94, 44] kills=[('B', 1, 27), ('B', 1, 32), ('B', 1, 33), ('B', 1, 33)] [0.5s]
      blk1 |S|=27 offs=[-93, -87, -85, -81, -79, -77, -69, -65, -61, -59, -53, -49, -45, -41, -39, -37, -31, -29, -21, -17, -13, -5, -3, -1, 3, 59, 77]
      blk1 |S|=32 offs=[-95, -93, -91, -89, -87, -85, -83, -81, -79, -77, -75, -69, -65, -61, -59, -53, -49, -45, -41, -39, -37, -31, -29, -21, -17, -13, -5, -3, -1, 3, 59, 77]
      blk1 |S|=33 offs=[-93, -89, -87, -85, -83, -81, -79, -77, -75, -69, -67, -65, -61, -59, -57, -53, -49, -47, -45, -41, -39, -37, -31, -29, -21, -17, -13, -5, -3, -1, 3, 59, 77]
      blk1 |S|=33 offs=[-93, -89, -87, -85, -83, -81, -79, -77, -75, -69, -65, -61, -59, -57, -55, -53, -51, -49, -45, -41, -39, -37, -31, -29, -21, -17, -13, -5, -3, -1, 3, 59, 77]
[602] sizes A=[43, 5, 128] B=[37, 91, 47] kills=[('B', 1, 34), ('B', 1, 19)] [0.3s]
      blk1 |S|=34 offs=[-95, -93, -91, -89, -87, -85, -81, -79, -77, -73, -65, -61, -59, -53, -45, -43, -41, -39, -37, -33, -31, -29, -21, -17, -15, -13, -9, -5, 3, 17, 29, 59, 65, 77]
      blk1 |S|=19 offs=[-93, -91, -85, -81, -77, -65, -61, -53, -45, -41, -39, -37, -29, -21, -17, -13, -5, 3, 65]
[603] sizes A=[43, 6, 126] B=[37, 90, 49] kills=[('B', 1, 32)] [0.3s]
      blk1 |S|=32 offs=[-93, -91, -89, -87, -85, -81, -79, -77, -73, -65, -61, -59, -53, -45, -43, -41, -37, -33, -31, -29, -21, -17, -15, -13, -9, -5, -3, 3, 17, 29, 59, 75]
[604] sizes A=[43, 6, 125] B=[37, 90, 50] kills=[('B', 1, 40)] [0.3s]
      blk1 |S|=40 offs=[-95, -93, -89, -87, -85, -83, -81, -79, -77, -75, -73, -71, -67, -65, -63, -61, -59, -57, -55, -53, -51, -49, -47, -45, -43, -41, -39, -37, -35, -33, -31, -29, -21, -19, -17, -13, -9, 3, 13, 29]
[605] sizes A=[43, 7, 122] B=[37, 89, 53] kills=[('B', 1, 38), ('B', 1, 25)] [0.3s]
      blk1 |S|=38 offs=[-93, -89, -87, -85, -83, -81, -77, -75, -73, -71, -69, -67, -65, -63, -61, -59, -57, -55, -53, -51, -49, -47, -45, -43, -41, -39, -37, -35, -29, -21, -17, -13, -7, 3, 13, 17, 61, 71]
      blk1 |S|=25 offs=[-89, -85, -81, -77, -75, -73, -71, -69, -67, -65, -63, -61, -57, -53, -45, -43, -41, -39, -37, -29, -21, -17, -13, 3, 17]
[606] sizes A=[43, 6, 123] B=[37, 90, 52] kills=[('B', 1, 53)] [0.2s]
      blk1 |S|=53 offs=[-95, -93, -91, -89, -87, -85, -83, -81, -79, -77, -75, -73, -71, -69, -67, -65, -63, -61, -59, -57, -55, -53, -51, -49, -47, -45, -43, -41, -39, -37, -35, -33, -31, -29, -27, -21, -19, -17, -15, -13, -7, -3, -1, 3, 7, 15, 49, 53, 59, 65, 69, 73, 77]
[607] sizes A=[43, 6, 124] B=[37, 90, 51] kills=[('B', 1, 40)] [0.3s]
      blk1 |S|=40 offs=[-95, -93, -91, -89, -87, -85, -81, -79, -77, -75, -73, -71, -69, -67, -65, -63, -61, -57, -55, -53, -49, -47, -45, -43, -41, -39, -37, -33, -31, -29, -27, -19, -17, -15, -13, -1, 3, 7, 59, 61]
[608] sizes A=[43, 7, 123] B=[37, 89, 52] kills=[('B', 1, 54)] [0.2s]
      blk1 |S|=54 offs=[-95, -93, -91, -89, -87, -85, -83, -81, -79, -77, -75, -73, -71, -69, -67, -65, -63, -61, -59, -57, -55, -53, -51, -49, -47, -45, -43, -41, -39, -37, -35, -33, -31, -29, -21, -19, -17, -15, -13, -7, -3, -1, 3, 7, 15, 27, 49, 53, 59, 61, 65, 69, 71, 77]
[609] sizes A=[43, 7, 124] B=[37, 89, 51] kills=[('B', 1, 54)] [0.2s]
      blk1 |S|=54 offs=[-95, -93, -91, -89, -87, -85, -83, -81, -79, -77, -75, -73, -71, -69, -67, -65, -63, -61, -59, -57, -55, -53, -51, -49, -47, -45, -43, -41, -39, -37, -35, -33, -31, -29, -21, -19, -17, -15, -13, -7, -3, -1, 3, 7, 15, 27, 49, 53, 59, 61, 65, 69, 73, 77]
[610] sizes A=[43, 7, 124] B=[37, 89, 51] kills=[('B', 1, 51)] [0.2s]
      blk1 |S|=51 offs=[-95, -93, -91, -89, -87, -85, -83, -81, -79, -77, -75, -73, -71, -69, -67, -65, -63, -61, -59, -57, -55, -53, -51, -49, -47, -45, -43, -41, -39, -37, -35, -33, -31, -29, -21, -19, -17, -15, -13, -7, -3, -1, 3, 7, 15, 49, 53, 59, 61, 65, 69]
[611] sizes A=[43, 7, 125] B=[37, 89, 50] kills=[('B', 1, 52)] [0.2s]
      blk1 |S|=52 offs=[-95, -93, -91, -89, -87, -85, -83, -81, -79, -77, -75, -73, -71, -69, -67, -65, -63, -61, -59, -57, -55, -53, -51, -49, -47, -45, -43, -41, -39, -37, -35, -33, -31, -29, -21, -19, -17, -15, -13, -7, -1, 3, 7, 15, 37, 49, 53, 59, 61, 65, 73, 77]
[612] sizes A=[43, 7, 126] B=[37, 89, 49] kills=[('B', 1, 52)] [0.2s]
      blk1 |S|=52 offs=[-95, -93, -91, -89, -87, -85, -83, -81, -79, -77, -75, -73, -71, -69, -67, -65, -63, -61, -59, -57, -55, -53, -51, -49, -47, -45, -43, -41, -39, -37, -35, -33, -31, -29, -21, -19, -17, -15, -13, -7, -1, 3, 7, 15, 37, 45, 49, 53, 59, 61, 65, 77]
[613] sizes A=[43, 7, 126] B=[37, 89, 49] kills=[('B', 1, 42), ('B', 1, 40)] [0.4s]
      blk1 |S|=42 offs=[-95, -93, -91, -85, -83, -81, -79, -77, -73, -69, -67, -65, -61, -57, -55, -53, -51, -49, -45, -43, -41, -39, -37, -35, -33, -29, -21, -19, -17, -15, -13, -3, -1, 3, 7, 15, 27, 37, 49, 53, 61, 77]
      blk1 |S|=40 offs=[-95, -93, -91, -85, -83, -81, -79, -77, -73, -69, -67, -65, -61, -57, -55, -53, -51, -49, -45, -43, -41, -37, -35, -33, -29, -21, -19, -17, -15, -13, -3, -1, 7, 15, 27, 37, 49, 53, 61, 77]
[614] sizes A=[43, 7, 126] B=[37, 89, 49] kills=[('B', 1, 37), ('B', 1, 39)] [0.4s]
      blk1 |S|=37 offs=[-95, -93, -91, -85, -83, -81, -77, -73, -69, -67, -65, -61, -57, -55, -53, -51, -49, -47, -45, -43, -41, -39, -37, -35, -33, -31, -29, -21, -19, -13, -3, -1, 3, 7, 37, 65, 81]
      blk1 |S|=39 offs=[-95, -93, -91, -85, -83, -81, -77, -73, -71, -69, -67, -65, -61, -59, -57, -55, -53, -51, -49, -47, -45, -43, -41, -39, -37, -35, -33, -29, -21, -19, -17, -13, -3, -1, 3, 7, 37, 65, 81]
[615] sizes A=[43, 6, 127] B=[37, 90, 48] kills=[('B', 1, 40)] [0.4s]
      blk1 |S|=40 offs=[-95, -93, -91, -89, -87, -85, -83, -81, -77, -73, -69, -67, -65, -61, -57, -55, -53, -51, -49, -45, -43, -41, -39, -37, -35, -33, -29, -21, -19, -17, -13, -3, 3, 7, 15, 27, 37, 49, 53, 65]
[616] sizes A=[43, 6, 127] B=[37, 90, 48] kills=[('B', 1, 52)] [0.2s]
      blk1 |S|=52 offs=[-95, -93, -91, -89, -87, -85, -83, -81, -79, -77, -75, -73, -71, -69, -67, -65, -63, -61, -59, -57, -55, -53, -51, -49, -47, -45, -43, -41, -39, -37, -35, -33, -31, -29, -23, -21, -19, -17, -15, -13, -7, -1, 3, 7, 15, 37, 45, 49, 53, 59, 65, 77]
[617] sizes A=[43, 6, 127] B=[37, 90, 48] kills=[('B', 1, 28)] [0.3s]
      blk1 |S|=28 offs=[-93, -89, -85, -77, -73, -71, -69, -65, -61, -57, -53, -49, -45, -41, -39, -37, -35, -33, -29, -21, -19, -13, -1, 3, 7, 15, 27, 69]
[618] sizes A=[43, 6, 127] B=[37, 90, 48] kills=[('B', 1, 53)] [0.2s]
      blk1 |S|=53 offs=[-95, -93, -91, -89, -87, -85, -83, -81, -79, -77, -75, -73, -71, -69, -67, -65, -63, -61, -59, -57, -55, -53, -51, -49, -47, -45, -43, -41, -39, -37, -35, -33, -31, -29, -23, -21, -19, -17, -15, -13, -7, -3, -1, 3, 7, 15, 45, 49, 53, 59, 65, 69, 77]
[619] sizes A=[43, 6, 127] B=[37, 90, 48] kills=[('B', 1, 53)] [0.2s]
      blk1 |S|=53 offs=[-95, -93, -91, -89, -87, -85, -83, -81, -79, -77, -75, -73, -71, -69, -67, -65, -63, -61, -59, -57, -55, -53, -51, -49, -47, -45, -43, -41, -39, -37, -35, -33, -31, -29, -23, -21, -19, -17, -15, -13, -7, -3, -1, 3, 7, 15, 49, 53, 59, 65, 69, 77, 81]
[620] sizes A=[43, 6, 128] B=[37, 90, 47] kills=[('B', 1, 35)] [0.3s]
      blk1 |S|=35 offs=[-95, -93, -89, -87, -85, -81, -79, -77, -73, -71, -69, -67, -65, -61, -59, -57, -53, -51, -49, -45, -43, -41, -37, -33, -29, -23, -21, -17, -13, -1, 3, 15, 21, 27, 53]
[621] sizes A=[43, 6, 128] B=[37, 90, 47] kills=[('B', 1, 52)] [0.2s]
      blk1 |S|=52 offs=[-95, -93, -91, -89, -87, -85, -83, -81, -79, -77, -75, -73, -71, -69, -67, -65, -63, -61, -59, -57, -55, -53, -51, -49, -47, -45, -43, -41, -39, -37, -35, -33, -31, -29, -23, -21, -19, -17, -15, -13, -7, -3, -1, 3, 7, 15, 45, 53, 59, 65, 69, 77]
[622] sizes A=[43, 6, 128] B=[37, 90, 47] kills=[('B', 1, 40), ('B', 1, 40), ('B', 1, 37)] [0.5s]
      blk1 |S|=40 offs=[-95, -93, -91, -89, -85, -83, -81, -79, -77, -75, -73, -71, -67, -65, -61, -59, -57, -55, -53, -49, -47, -45, -43, -41, -39, -37, -35, -33, -31, -29, -23, -21, -17, -13, -3, 3, 7, 15, 21, 65]
      blk1 |S|=40 offs=[-95, -93, -91, -85, -83, -81, -79, -77, -75, -73, -71, -69, -67, -65, -61, -59, -57, -55, -53, -49, -47, -45, -43, -41, -39, -37, -35, -33, -31, -29, -23, -21, -17, -13, -3, 3, 7, 15, 21, 65]
      blk1 |S|=37 offs=[-95, -93, -91, -85, -83, -79, -77, -75, -73, -71, -69, -67, -65, -61, -59, -57, -55, -53, -49, -47, -45, -43, -41, -39, -37, -35, -33, -31, -29, -21, -17, -13, 3, 7, 15, 21, 65]
[623] sizes A=[43, 6, 128] B=[37, 90, 47] kills=[('B', 1, 52)] [0.2s]
      blk1 |S|=52 offs=[-95, -93, -91, -89, -87, -85, -83, -81, -79, -77, -75, -73, -71, -69, -67, -65, -63, -61, -59, -57, -55, -53, -51, -49, -47, -45, -43, -41, -39, -37, -35, -33, -31, -29, -23, -21, -19, -17, -15, -13, -7, -3, -1, 3, 7, 15, 53, 59, 65, 69, 77, 81]
[624] sizes A=[43, 6, 128] B=[37, 90, 47] kills=[('B', 1, 40)] [0.3s]
      blk1 |S|=40 offs=[-93, -91, -89, -87, -85, -83, -81, -79, -77, -73, -69, -67, -65, -61, -57, -55, -53, -51, -49, -45, -43, -41, -37, -35, -33, -31, -29, -21, -19, -17, -13, -3, -1, 3, 7, 15, 27, 53, 65, 77]
[625] sizes A=[43, 6, 128] B=[37, 90, 47] kills=[('B', 1, 52)] [0.2s]
      blk1 |S|=52 offs=[-95, -93, -91, -89, -87, -85, -83, -81, -79, -77, -75, -73, -71, -69, -67, -65, -63, -61, -59, -57, -55, -53, -51, -49, -47, -45, -43, -41, -39, -37, -35, -33, -31, -29, -23, -21, -19, -17, -15, -13, -7, -3, -1, 3, 7, 15, 37, 45, 53, 59, 65, 77]
[626] sizes A=[43, 5, 129] B=[37, 91, 46] kills=[('B', 1, 49)] [0.2s]
      blk1 |S|=49 offs=[-95, -93, -91, -89, -87, -85, -83, -81, -79, -77, -75, -73, -71, -69, -67, -65, -63, -61, -59, -57, -55, -53, -51, -49, -47, -45, -43, -41, -39, -37, -35, -33, -31, -29, -27, -23, -21, -17, -15, -13, -3, -1, 3, 7, 15, 37, 53, 59, 65]
[627] sizes A=[43, 5, 130] B=[37, 91, 45] kills=[('B', 1, 33), ('B', 1, 34), ('B', 1, 37), ('B', 1, 35)] [0.5s]
      blk1 |S|=33 offs=[-93, -91, -89, -85, -81, -79, -77, -73, -69, -67, -65, -61, -57, -55, -53, -49, -45, -43, -41, -39, -37, -33, -31, -29, -19, -17, -13, -7, 3, 7, 15, 59, 65]
      blk1 |S|=34 offs=[-93, -91, -89, -85, -81, -79, -77, -75, -73, -69, -67, -65, -61, -57, -55, -53, -49, -45, -43, -41, -39, -37, -33, -31, -29, -19, -17, -13, -7, 3, 7, 15, 59, 65]
      blk1 |S|=37 offs=[-95, -93, -91, -89, -87, -85, -81, -79, -77, -75, -73, -71, -69, -67, -65, -63, -61, -57, -55, -53, -49, -47, -45, -43, -41, -39, -37, -31, -29, -19, -17, -13, 3, 7, 15, 59, 65]
      blk1 |S|=35 offs=[-93, -91, -89, -85, -81, -79, -77, -75, -73, -69, -67, -65, -61, -57, -55, -53, -49, -45, -43, -41, -39, -37, -33, -31, -29, -21, -19, -17, -13, -7, 3, 7, 15, 59, 65]
[628] sizes A=[43, 5, 129] B=[37, 91, 46] kills=[('B', 1, 27)] [0.3s]
      blk1 |S|=27 offs=[-93, -89, -85, -83, -77, -73, -65, -63, -61, -57, -53, -49, -47, -45, -43, -41, -39, -37, -35, -33, -29, -21, -17, -13, 3, 15, 25]
[629] sizes A=[43, 5, 129] B=[37, 91, 46] kills=[('B', 1, 29), ('B', 1, 26)] [0.3s]
      blk1 |S|=29 offs=[-93, -91, -89, -85, -83, -81, -79, -77, -65, -61, -53, -51, -49, -45, -43, -41, -39, -37, -33, -29, -23, -21, -17, -13, 3, 25, 53, 59, 65]
      blk1 |S|=26 offs=[-93, -91, -89, -85, -81, -79, -77, -65, -61, -53, -51, -49, -45, -43, -41, -39, -37, -33, -29, -23, -21, -17, -13, 3, 53, 65]
[630] sizes A=[43, 6, 127] B=[37, 90, 48] kills=[('B', 1, 39), ('B', 1, 36), ('B', 1, 37)] [0.4s]
      blk1 |S|=39 offs=[-93, -91, -89, -87, -85, -83, -81, -79, -77, -75, -71, -69, -67, -65, -63, -61, -59, -55, -53, -49, -45, -43, -41, -39, -37, -33, -29, -27, -21, -17, -13, -7, -1, 3, 25, 53, 59, 61, 65]
      blk1 |S|=36 offs=[-93, -91, -89, -87, -85, -81, -79, -77, -75, -71, -67, -65, -63, -61, -59, -55, -53, -49, -45, -43, -41, -39, -37, -33, -29, -27, -21, -17, -13, -7, -1, 3, 53, 59, 61, 65]
      blk1 |S|=37 offs=[-95, -93, -91, -89, -87, -85, -83, -81, -79, -77, -75, -73, -71, -69, -67, -65, -63, -61, -59, -55, -53, -49, -45, -43, -41, -39, -37, -33, -29, -27, -21, -17, -13, -7, 3, 53, 59]
[631] sizes A=[43, 7, 124] B=[37, 89, 51] kills=[('B', 1, 36), ('B', 1, 28), ('B', 1, 25)] [0.3s]
      blk1 |S|=36 offs=[-95, -93, -89, -87, -85, -83, -81, -79, -77, -73, -69, -61, -59, -53, -51, -49, -45, -41, -39, -37, -35, -33, -31, -29, -21, -17, -13, -7, 3, 25, 27, 55, 59, 61, 65, 75]
      blk1 |S|=28 offs=[-93, -89, -85, -83, -81, -79, -77, -69, -65, -61, -59, -53, -49, -45, -41, -39, -37, -29, -21, -17, -13, -7, 3, 25, 55, 59, 65, 75]
      blk1 |S|=25 offs=[-93, -89, -85, -83, -81, -77, -69, -65, -61, -57, -53, -49, -45, -41, -37, -33, -29, -17, -13, -7, 3, 25, 55, 59, 75]
[632] sizes A=[43, 6, 125] B=[37, 90, 50] kills=[('B', 1, 29)] [0.3s]
      blk1 |S|=29 offs=[-93, -91, -89, -85, -83, -81, -77, -65, -61, -53, -45, -43, -41, -39, -37, -33, -31, -29, -25, -21, -17, -13, -7, -1, 3, 25, 27, 59, 65]
[633] sizes A=[43, 6, 126] B=[37, 90, 49] kills=[('B', 1, 24)] [0.3s]
      blk1 |S|=24 offs=[-93, -91, -89, -85, -83, -81, -77, -65, -61, -53, -45, -41, -39, -37, -29, -21, -17, -15, -13, -7, 3, 25, 59, 77]
[634] sizes A=[43, 6, 125] B=[37, 90, 50] kills=[('B', 1, 29)] [0.3s]
      blk1 |S|=29 offs=[-93, -87, -85, -83, -77, -73, -65, -61, -53, -49, -47, -45, -41, -37, -33, -31, -29, -21, -17, -13, -11, -3, -1, 3, 15, 27, 53, 59, 77]
[635] sizes A=[43, 6, 125] B=[37, 90, 50] kills=[('B', 1, 32)] [0.2s]
      blk1 |S|=32 offs=[-93, -91, -89, -87, -85, -77, -73, -65, -63, -61, -55, -53, -49, -47, -45, -43, -41, -39, -37, -35, -31, -29, -21, -17, -13, -3, -1, 3, 15, 53, 61, 65]
[636] sizes A=[43, 6, 125] B=[37, 90, 50] kills=[('B', 1, 33)] [0.3s]
      blk1 |S|=33 offs=[-93, -91, -89, -87, -85, -83, -81, -79, -77, -65, -61, -53, -49, -45, -43, -41, -39, -37, -33, -29, -21, -17, -13, -11, -3, -1, 3, 25, 53, 59, 61, 65, 83]
[637] sizes A=[43, 5, 127] B=[37, 91, 48] kills=[('B', 1, 24), ('B', 1, 23)] [0.3s]
      blk1 |S|=24 offs=[-95, -93, -89, -85, -83, -81, -77, -67, -65, -61, -53, -45, -41, -39, -37, -29, -21, -17, -13, -11, 3, 25, 59, 69]
      blk1 |S|=23 offs=[-93, -89, -85, -83, -81, -77, -67, -65, -61, -57, -53, -47, -45, -41, -39, -37, -29, -21, -17, -13, 3, 25, 59]
[638] sizes A=[43, 4, 128] B=[37, 92, 47] kills=[('B', 1, 31)] [0.3s]
      blk1 |S|=31 offs=[-93, -89, -85, -83, -79, -77, -75, -73, -61, -57, -53, -49, -45, -43, -41, -37, -35, -33, -29, -25, -21, -15, -13, -11, -3, -1, 3, 15, 49, 61, 73]
[639] sizes A=[43, 4, 129] B=[37, 92, 46] kills=[('B', 1, 28), ('B', 1, 31), ('B', 1, 32), ('B', 1, 15)] [0.4s]
      blk1 |S|=28 offs=[-93, -91, -89, -87, -85, -77, -65, -61, -57, -53, -49, -45, -43, -41, -37, -31, -29, -25, -21, -17, -13, -9, -1, 3, 15, 31, 65, 69]
      blk1 |S|=31 offs=[-93, -91, -89, -87, -85, -81, -77, -73, -69, -65, -61, -57, -53, -49, -45, -43, -41, -37, -31, -29, -25, -21, -17, -13, -9, -1, 3, 15, 31, 65, 69]
      blk1 |S|=32 offs=[-95, -93, -91, -89, -87, -85, -77, -75, -69, -65, -63, -61, -57, -55, -53, -49, -45, -43, -41, -37, -35, -31, -29, -21, -17, -13, -9, 3, 15, 31, 65, 69]
      blk1 |S|=15 offs=[-89, -85, -77, -65, -61, -53, -45, -41, -37, -29, -21, -17, -13, 3, 31]
[640] sizes A=[43, 4, 129] B=[37, 92, 46] kills=[('B', 1, 24)] [0.3s]
      blk1 |S|=24 offs=[-93, -91, -85, -77, -75, -73, -67, -65, -61, -57, -53, -49, -45, -41, -37, -31, -29, -21, -17, -13, 3, 15, 41, 65]
[641] sizes A=[43, 3, 130] B=[37, 93, 45] kills=[('B', 1, 32)] [0.3s]
      blk1 |S|=32 offs=[-95, -93, -91, -87, -85, -83, -77, -75, -73, -69, -65, -61, -53, -45, -41, -39, -37, -35, -31, -29, -27, -21, -17, -13, -9, -7, 3, 15, 49, 61, 65, 69]
[642] sizes A=[43, 3, 131] B=[37, 93, 44] kills=[('B', 1, 32)] [0.3s]
      blk1 |S|=32 offs=[-93, -91, -87, -85, -83, -77, -75, -73, -71, -65, -61, -53, -49, -45, -41, -39, -37, -35, -31, -29, -21, -19, -17, -13, -7, -3, -1, 3, 15, 49, 61, 65]
[643] sizes A=[43, 5, 128] B=[37, 91, 47] kills=[('B', 1, 32), ('B', 1, 31), ('B', 1, 26), ('B', 1, 15)] [0.4s]
      blk1 |S|=32 offs=[-93, -91, -89, -87, -85, -81, -79, -77, -75, -73, -69, -65, -61, -57, -55, -53, -49, -45, -43, -41, -39, -37, -29, -27, -25, -13, -9, -1, 3, 7, 29, 73]
      blk1 |S|=31 offs=[-93, -91, -89, -87, -85, -81, -79, -77, -75, -73, -71, -69, -67, -65, -61, -53, -49, -45, -43, -41, -39, -37, -29, -25, -13, -9, -1, 3, 7, 29, 73]
      blk1 |S|=26 offs=[-93, -91, -89, -87, -85, -81, -77, -73, -69, -65, -61, -53, -49, -45, -43, -41, -39, -37, -29, -25, -13, -9, -1, 3, 29, 73]
      blk1 |S|=15 offs=[-93, -85, -81, -77, -73, -69, -65, -61, -53, -45, -41, -29, -25, 3, 7]
[644] sizes A=[43, 4, 131] B=[37, 92, 44] kills=[('B', 1, 25)] [0.3s]
      blk1 |S|=25 offs=[-93, -89, -85, -79, -77, -75, -73, -65, -61, -53, -49, -45, -43, -41, -37, -33, -29, -25, -21, -15, -13, -1, 3, 15, 49]
[645] sizes A=[43, 3, 132] B=[37, 93, 43] kills=[('B', 1, 23)] [0.3s]
      blk1 |S|=23 offs=[-93, -89, -85, -79, -77, -73, -65, -61, -53, -49, -45, -43, -41, -37, -33, -29, -25, -21, -13, -1, 3, 15, 77]
[646] sizes A=[43, 4, 131] B=[37, 92, 44] kills=[('B', 1, 32)] [0.3s]
      blk1 |S|=32 offs=[-95, -93, -91, -89, -87, -85, -79, -77, -73, -71, -67, -63, -61, -55, -53, -49, -47, -45, -43, -41, -39, -37, -33, -31, -29, -23, -21, -13, -1, 3, 15, 65]
[647] sizes A=[43, 5, 130] B=[37, 91, 45] kills=[('B', 1, 29), ('B', 1, 36), ('B', 1, 38)] [0.4s]
      blk1 |S|=29 offs=[-93, -89, -87, -85, -81, -79, -77, -73, -69, -61, -53, -49, -45, -41, -37, -35, -33, -31, -29, -21, -13, -11, -9, -3, -1, 3, 15, 29, 73]
      blk1 |S|=36 offs=[-93, -91, -89, -87, -85, -81, -79, -77, -75, -73, -71, -69, -65, -63, -61, -57, -55, -53, -49, -45, -43, -41, -39, -37, -35, -31, -29, -21, -13, -11, -3, -1, 3, 15, 29, 73]
      blk1 |S|=38 offs=[-93, -91, -89, -87, -85, -81, -79, -77, -75, -73, -71, -69, -65, -63, -61, -59, -57, -55, -53, -49, -45, -43, -41, -39, -37, -35, -31, -29, -21, -13, -11, -9, -3, -1, 3, 15, 29, 73]
[648] sizes A=[43, 4, 131] B=[37, 92, 44] kills=[('B', 1, 32)] [0.3s]
      blk1 |S|=32 offs=[-93, -91, -89, -85, -79, -77, -75, -71, -63, -61, -57, -55, -53, -51, -47, -45, -43, -41, -39, -37, -35, -31, -29, -21, -15, -13, -1, 3, 15, 49, 65, 77]
[649] sizes A=[43, 4, 131] B=[37, 92, 44] kills=[('B', 1, 42)] [0.3s]
      blk1 |S|=42 offs=[-95, -93, -91, -89, -87, -85, -79, -77, -73, -71, -69, -67, -65, -63, -61, -59, -57, -55, -53, -51, -49, -47, -45, -43, -41, -39, -37, -35, -33, -31, -29, -21, -19, -13, -11, -9, -3, -1, 3, 13, 15, 73]
[650] sizes A=[43, 4, 132] B=[37, 92, 43] kills=[('B', 1, 22)] [0.3s]
      blk1 |S|=22 offs=[-93, -87, -85, -77, -73, -61, -57, -53, -49, -45, -41, -37, -35, -33, -29, -21, -13, -9, -1, 3, 13, 15]
[651] sizes A=[43, 4, 132] B=[37, 92, 43] kills=[('B', 1, 27)] [0.3s]
      blk1 |S|=27 offs=[-93, -89, -85, -79, -77, -75, -63, -61, -57, -53, -51, -45, -43, -41, -39, -37, -35, -31, -29, -21, -15, -13, -1, 3, 15, 49, 77]
[652] sizes A=[43, 3, 133] B=[37, 93, 42] kills=[('B', 1, 14), ('B', 1, 15)] [0.3s]
      blk1 |S|=14 offs=[-93, -77, -73, -69, -61, -53, -45, -37, -29, -17, -13, 3, 15, 35]
      blk1 |S|=15 offs=[-93, -85, -77, -73, -69, -61, -53, -45, -37, -29, -17, -13, 3, 15, 35]
[653] sizes A=[43, 3, 133] B=[37, 93, 42] kills=[('B', 1, 24), ('B', 1, 21)] [0.3s]
      blk1 |S|=24 offs=[-93, -89, -85, -83, -81, -77, -69, -65, -61, -59, -53, -49, -45, -43, -41, -39, -37, -29, -23, -21, -17, -13, 3, 25]
      blk1 |S|=21 offs=[-93, -85, -83, -81, -77, -69, -61, -59, -53, -49, -45, -41, -39, -37, -29, -23, -21, -17, -13, 3, 25]
[654] sizes A=[43, 4, 132] B=[37, 92, 43] kills=[('B', 1, 14), ('B', 1, 18), ('B', 1, 26)] [0.3s]
      blk1 |S|=14 offs=[-93, -89, -85, -77, -65, -45, -43, -41, -37, -21, -9, 3, 25, 35]
      blk1 |S|=18 offs=[-93, -89, -85, -77, -65, -53, -49, -45, -43, -41, -37, -33, -21, -17, -9, 3, 25, 35]
      blk1 |S|=26 offs=[-93, -89, -87, -85, -79, -77, -73, -71, -69, -67, -65, -63, -61, -55, -53, -49, -47, -45, -43, -41, -37, -33, -17, -9, 3, 25]
[655] sizes A=[43, 4, 131] B=[37, 92, 44] kills=[('B', 1, 24)] [0.3s]
      blk1 |S|=24 offs=[-93, -89, -85, -83, -81, -79, -77, -65, -61, -53, -45, -43, -41, -39, -37, -33, -29, -25, -21, -13, -7, 3, 25, 53]
[656] sizes A=[43, 5, 131] B=[37, 91, 44] kills=[('B', 1, 28), ('B', 1, 25), ('B', 1, 24)] [0.4s]
      blk1 |S|=28 offs=[-93, -91, -89, -87, -85, -83, -81, -77, -67, -65, -61, -55, -53, -49, -45, -43, -41, -39, -37, -29, -21, -19, -17, -13, 3, 25, 49, 61]
      blk1 |S|=25 offs=[-93, -89, -85, -83, -81, -77, -67, -65, -61, -59, -55, -53, -49, -47, -45, -43, -41, -39, -37, -29, -21, -17, -13, 3, 25]
      blk1 |S|=24 offs=[-93, -89, -85, -83, -81, -67, -65, -61, -59, -55, -53, -49, -47, -45, -43, -41, -39, -37, -29, -21, -17, -13, 3, 25]
[657] sizes A=[43, 4, 131] B=[37, 92, 44] kills=[('B', 1, 30)] [0.3s]
      blk1 |S|=30 offs=[-93, -89, -87, -85, -81, -77, -75, -73, -67, -65, -61, -55, -53, -49, -45, -43, -41, -39, -37, -35, -31, -29, -25, -21, -13, -11, 3, 41, 49, 61]
[658] sizes A=[43, 3, 132] B=[37, 93, 43] kills=[('B', 1, 35)] [0.3s]
      blk1 |S|=35 offs=[-93, -91, -89, -87, -85, -83, -81, -79, -77, -65, -61, -53, -51, -47, -45, -43, -41, -39, -37, -35, -33, -29, -27, -21, -19, -17, -13, -11, -7, -5, -3, 3, 53, 61, 77]
[659] sizes A=[43, 4, 130] B=[37, 92, 45] kills=[('B', 1, 34)] [0.3s]
      blk1 |S|=34 offs=[-93, -89, -87, -85, -81, -79, -77, -75, -73, -71, -65, -61, -53, -51, -49, -45, -43, -41, -39, -37, -35, -31, -29, -25, -21, -13, -11, -7, 3, 45, 49, 53, 61, 75]
[660] sizes A=[43, 4, 130] B=[37, 92, 45] kills=[('B', 1, 34), ('B', 1, 33), ('B', 1, 25)] [0.5s]
      blk1 |S|=34 offs=[-93, -91, -89, -87, -85, -81, -79, -77, -65, -61, -57, -55, -53, -49, -47, -45, -43, -41, -39, -37, -33, -29, -21, -19, -17, -13, -11, -5, -3, -1, 3, 53, 61, 75]
      blk1 |S|=33 offs=[-93, -89, -87, -85, -81, -79, -77, -75, -65, -61, -57, -55, -53, -49, -47, -45, -43, -41, -39, -37, -33, -29, -21, -17, -13, -11, -5, -3, -1, 3, 53, 61, 75]
      blk1 |S|=25 offs=[-93, -89, -87, -85, -81, -79, -77, -75, -65, -61, -53, -47, -45, -43, -41, -39, -37, -29, -21, -17, -13, -5, 3, 53, 61]
[661] sizes A=[43, 3, 131] B=[37, 93, 44] kills=[('B', 1, 31)] [0.3s]
      blk1 |S|=31 offs=[-93, -91, -89, -87, -85, -81, -77, -65, -61, -55, -53, -49, -45, -43, -41, -39, -37, -29, -25, -21, -19, -17, -13, -9, -5, -3, -1, 3, 49, 61, 75]
[662] sizes A=[43, 2, 132] B=[37, 94, 43] kills=[('B', 1, 31), ('B', 1, 32)] [0.4s]
      blk1 |S|=31 offs=[-93, -91, -89, -87, -85, -83, -81, -77, -65, -61, -55, -53, -49, -45, -43, -41, -39, -37, -29, -25, -21, -19, -17, -13, -9, -5, -3, 3, 49, 61, 77]
      blk1 |S|=32 offs=[-93, -91, -89, -87, -85, -83, -81, -77, -73, -65, -61, -55, -53, -49, -45, -43, -41, -39, -37, -29, -25, -21, -19, -17, -13, -9, -5, -3, 3, 49, 61, 77]
[663] sizes A=[43, 2, 133] B=[37, 94, 42] kills=[('B', 1, 28)] [0.3s]
      blk1 |S|=28 offs=[-93, -91, -89, -85, -79, -77, -75, -73, -71, -65, -61, -57, -53, -45, -43, -41, -37, -35, -31, -29, -21, -15, -13, -11, -7, 3, 49, 77]
[664] sizes A=[43, 3, 132] B=[37, 93, 43] kills=[('B', 1, 30)] [0.3s]
      blk1 |S|=30 offs=[-93, -91, -89, -85, -81, -77, -75, -73, -67, -65, -61, -55, -53, -49, -45, -43, -41, -39, -37, -35, -33, -31, -29, -21, -19, -13, -5, 3, 41, 49]
[665] sizes A=[43, 3, 132] B=[37, 93, 43] kills=[('B', 1, 26)] [0.3s]
      blk1 |S|=26 offs=[-93, -89, -85, -81, -77, -75, -65, -61, -57, -53, -47, -45, -43, -41, -39, -37, -33, -29, -25, -21, -17, -15, -13, -5, 3, 49]
[666] sizes A=[43, 4, 131] B=[37, 92, 44] kills=[('B', 1, 25)] [0.3s]
      blk1 |S|=25 offs=[-93, -89, -85, -81, -77, -75, -65, -61, -57, -53, -47, -45, -43, -41, -39, -37, -33, -29, -21, -17, -15, -13, -5, 3, 49]
[667] sizes A=[43, 4, 131] B=[37, 92, 44] kills=[('B', 1, 39)] [0.3s]
      blk1 |S|=39 offs=[-95, -93, -91, -89, -87, -85, -81, -77, -75, -73, -71, -69, -65, -61, -57, -53, -51, -49, -45, -43, -41, -39, -37, -35, -33, -31, -29, -21, -19, -17, -13, -7, -5, -1, 3, 13, 35, 73, 77]
[668] sizes A=[43, 3, 132] B=[37, 93, 43] kills=[('B', 1, 38)] [0.3s]
      blk1 |S|=38 offs=[-93, -91, -89, -87, -85, -83, -81, -79, -77, -75, -71, -69, -65, -61, -59, -57, -53, -51, -49, -45, -43, -41, -39, -37, -35, -33, -31, -29, -25, -21, -17, -13, -9, -7, -5, 3, 13, 77]
[669] sizes A=[43, 4, 131] B=[37, 92, 44] kills=[('B', 1, 37)] [0.3s]
      blk1 |S|=37 offs=[-95, -93, -89, -87, -85, -83, -81, -79, -77, -73, -71, -69, -61, -59, -57, -53, -49, -45, -43, -41, -39, -37, -35, -33, -29, -27, -21, -19, -17, -13, -9, -5, -1, 3, 13, 35, 61]
[670] sizes A=[43, 5, 129] B=[37, 91, 46] kills=[('B', 1, 39)] [0.3s]
      blk1 |S|=39 offs=[-95, -93, -89, -87, -85, -83, -81, -79, -77, -73, -71, -69, -65, -61, -59, -53, -49, -45, -43, -41, -39, -37, -33, -29, -21, -19, -17, -13, -9, -7, -5, -3, -1, 3, 13, 35, 61, 69, 75]
[671] sizes A=[43, 5, 129] B=[37, 91, 46] kills=[('B', 1, 41)] [0.4s]
      blk1 |S|=41 offs=[-95, -93, -91, -89, -87, -85, -83, -81, -79, -77, -75, -73, -71, -67, -65, -61, -59, -55, -53, -51, -49, -45, -43, -41, -39, -37, -35, -31, -29, -21, -19, -17, -15, -13, -7, -1, 3, 13, 35, 61, 75]
[672] sizes A=[43, 5, 129] B=[37, 91, 46] kills=[('B', 1, 34)] [0.3s]
      blk1 |S|=34 offs=[-95, -93, -89, -87, -85, -83, -81, -77, -73, -69, -65, -63, -61, -53, -49, -45, -43, -41, -39, -37, -35, -33, -29, -21, -17, -13, -9, -5, -1, 3, 7, 13, 37, 61]
[673] sizes A=[43, 5, 129] B=[37, 91, 46] kills=[('B', 1, 27)] [0.3s]
      blk1 |S|=27 offs=[-93, -89, -85, -81, -77, -73, -71, -65, -63, -61, -57, -53, -51, -49, -45, -43, -41, -37, -35, -33, -29, -21, -13, -5, 3, 7, 13]
[674] sizes A=[43, 5, 129] B=[37, 91, 46] kills=[('B', 1, 34)] [0.4s]
      blk1 |S|=34 offs=[-95, -93, -91, -89, -87, -85, -83, -81, -77, -75, -73, -71, -67, -65, -63, -61, -59, -57, -55, -53, -51, -45, -43, -41, -39, -37, -35, -31, -29, -21, -19, -13, 3, 13]
[675] sizes A=[43, 5, 129] B=[37, 91, 46] kills=[('B', 1, 31)] [0.3s]
      blk1 |S|=31 offs=[-93, -87, -85, -83, -81, -77, -73, -71, -67, -61, -57, -53, -49, -45, -43, -41, -39, -37, -35, -29, -21, -17, -15, -13, -7, -5, -1, 3, 13, 61, 71]
[676] sizes A=[43, 4, 130] B=[37, 92, 45] kills=[('B', 1, 32)] [0.3s]
      blk1 |S|=32 offs=[-93, -89, -87, -85, -83, -81, -77, -73, -67, -61, -55, -53, -49, -45, -43, -41, -39, -37, -35, -33, -29, -21, -17, -13, -9, -5, -3, 3, 41, 61, 71, 77]
[677] sizes A=[43, 4, 131] B=[37, 92, 44] kills=[('B', 1, 32), ('B', 1, 32)] [0.4s]
      blk1 |S|=32 offs=[-95, -93, -91, -89, -87, -85, -83, -81, -77, -75, -65, -61, -55, -53, -45, -43, -41, -39, -37, -29, -21, -17, -13, -11, -9, -5, -3, 3, 61, 71, 77, 81]
      blk1 |S|=32 offs=[-93, -91, -89, -87, -85, -83, -81, -77, -75, -65, -61, -55, -53, -49, -45, -43, -41, -39, -37, -29, -21, -17, -13, -11, -9, -5, -3, 3, 61, 71, 77, 81]
[678] sizes A=[43, 4, 132] B=[37, 92, 43] kills=[('B', 1, 29)] [0.3s]
      blk1 |S|=29 offs=[-93, -87, -85, -83, -81, -77, -65, -63, -61, -57, -53, -51, -49, -45, -43, -41, -39, -37, -33, -29, -21, -17, -13, -3, -1, 3, 35, 61, 77]
[679] sizes A=[43, 3, 133] B=[37, 93, 42] kills=[('B', 1, 39)] [0.3s]
      blk1 |S|=39 offs=[-95, -93, -91, -89, -87, -85, -83, -81, -77, -73, -71, -69, -65, -61, -59, -55, -53, -51, -49, -45, -43, -41, -39, -37, -31, -29, -21, -17, -15, -13, -11, -9, -7, -5, -3, 3, 61, 71, 77]
[680] sizes A=[43, 2, 134] B=[37, 94, 41] kills=[('B', 1, 30), ('B', 1, 31), ('B', 1, 24)] [0.4s]
      blk1 |S|=30 offs=[-93, -89, -87, -85, -83, -81, -79, -77, -65, -61, -55, -53, -49, -45, -43, -41, -39, -37, -33, -29, -27, -21, -19, -17, -13, -9, -3, 3, 61, 77]
      blk1 |S|=31 offs=[-93, -89, -87, -85, -83, -81, -79, -77, -69, -65, -61, -55, -53, -49, -45, -43, -41, -39, -37, -33, -29, -27, -21, -19, -17, -13, -9, -3, 3, 61, 77]
      blk1 |S|=24 offs=[-93, -89, -87, -85, -83, -81, -77, -65, -61, -53, -49, -45, -43, -41, -39, -37, -29, -21, -17, -13, -3, 3, 61, 77]
[681] sizes A=[43, 2, 135] B=[37, 94, 40] kills=[('B', 1, 28), ('B', 1, 36), ('B', 1, 32), ('B', 1, 29)] [0.4s]
      blk1 |S|=28 offs=[-95, -93, -87, -85, -81, -77, -67, -65, -61, -53, -49, -45, -41, -39, -37, -31, -29, -21, -19, -17, -13, -11, -9, -7, -5, -1, 3, 77]
      blk1 |S|=36 offs=[-95, -93, -87, -85, -83, -81, -79, -77, -73, -71, -69, -67, -65, -63, -61, -55, -53, -49, -47, -45, -41, -39, -37, -31, -29, -21, -19, -17, -13, -11, -9, -7, -5, -1, 3, 77]
      blk1 |S|=32 offs=[-95, -93, -89, -87, -85, -81, -77, -73, -69, -67, -65, -61, -57, -53, -49, -45, -41, -39, -37, -31, -29, -21, -19, -17, -13, -11, -9, -7, -5, -1, 3, 77]
      blk1 |S|=29 offs=[-95, -93, -91, -89, -87, -85, -81, -77, -73, -69, -67, -65, -61, -57, -53, -49, -45, -41, -39, -37, -31, -29, -17, -13, -11, -9, -5, 3, 77]
[682] sizes A=[43, 5, 132] B=[37, 91, 43] kills=[('B', 1, 33), ('B', 1, 31), ('B', 1, 30), ('B', 1, 32)] [0.4s]
      blk1 |S|=33 offs=[-93, -91, -89, -87, -85, -81, -79, -77, -73, -71, -69, -65, -61, -59, -57, -53, -49, -45, -43, -41, -39, -37, -33, -29, -21, -17, -13, -9, -7, -5, 3, 13, 71]
      blk1 |S|=31 offs=[-93, -89, -87, -85, -81, -77, -73, -71, -69, -65, -61, -57, -53, -51, -49, -45, -43, -41, -39, -37, -33, -29, -21, -17, -13, -9, -7, -5, 3, 13, 71]
      blk1 |S|=30 offs=[-93, -89, -87, -85, -81, -77, -73, -71, -69, -65, -61, -53, -51, -49, -45, -43, -41, -39, -37, -33, -29, -21, -17, -13, -9, -7, -5, 3, 13, 71]
      blk1 |S|=32 offs=[-93, -91, -89, -85, -83, -81, -77, -75, -73, -71, -69, -67, -65, -61, -59, -57, -53, -47, -45, -43, -41, -39, -37, -29, -21, -17, -13, -7, -5, 3, 13, 71]
[683] sizes A=[43, 5, 131] B=[37, 91, 44] kills=[('B', 1, 38)] [0.3s]
      blk1 |S|=38 offs=[-93, -89, -87, -85, -83, -81, -79, -77, -73, -71, -69, -63, -61, -59, -57, -53, -51, -49, -47, -45, -43, -41, -39, -37, -33, -29, -27, -21, -17, -15, -13, -7, -5, -3, 3, 21, 53, 71]
[684] sizes A=[43, 6, 129] B=[37, 90, 46] kills=[('B', 1, 37)] [0.3s]
      blk1 |S|=37 offs=[-93, -91, -89, -85, -83, -81, -79, -77, -75, -71, -69, -65, -63, -61, -55, -53, -51, -47, -45, -43, -41, -39, -37, -35, -33, -31, -29, -21, -17, -15, -13, -5, 3, 21, 35, 45, 53]
[685] sizes A=[43, 6, 129] B=[37, 90, 46] kills=[('B', 1, 30)] [0.3s]
      blk1 |S|=30 offs=[-93, -89, -87, -85, -81, -79, -77, -69, -63, -61, -57, -53, -51, -49, -45, -43, -41, -39, -37, -35, -33, -29, -21, -17, -13, -5, -1, 3, 21, 35]
[686] sizes A=[43, 5, 130] B=[37, 91, 45] kills=[('B', 1, 36), ('B', 1, 37), ('B', 1, 34)] [0.5s]
      blk1 |S|=36 offs=[-93, -89, -87, -85, -83, -81, -79, -77, -69, -63, -61, -57, -55, -53, -51, -49, -45, -43, -41, -39, -37, -35, -33, -29, -25, -21, -17, -15, -13, -7, -5, -1, 3, 21, 53, 71]
      blk1 |S|=37 offs=[-93, -89, -87, -85, -83, -81, -79, -77, -73, -69, -63, -61, -59, -57, -55, -53, -51, -49, -45, -43, -41, -39, -37, -35, -33, -29, -25, -21, -17, -15, -13, -7, -1, 3, 21, 53, 71]
      blk1 |S|=34 offs=[-93, -89, -87, -85, -83, -81, -79, -77, -73, -69, -61, -59, -57, -55, -53, -51, -49, -45, -43, -41, -39, -37, -33, -29, -25, -21, -17, -15, -7, -1, 3, 21, 53, 71]
[687] sizes A=[43, 4, 130] B=[37, 92, 45] kills=[('B', 1, 25), ('B', 1, 26), ('B', 1, 27), ('B', 1, 21)] [0.4s]
      blk1 |S|=25 offs=[-93, -89, -85, -81, -79, -77, -69, -65, -61, -59, -53, -49, -45, -43, -41, -39, -37, -33, -29, -21, -17, -13, -5, 3, 53]
      blk1 |S|=26 offs=[-93, -89, -85, -81, -79, -77, -73, -69, -65, -61, -59, -53, -49, -45, -43, -41, -39, -37, -33, -29, -21, -17, -13, -5, 3, 53]
      blk1 |S|=27 offs=[-93, -89, -85, -81, -79, -77, -73, -69, -65, -61, -59, -57, -53, -49, -45, -43, -41, -39, -37, -33, -29, -21, -17, -13, -5, 3, 53]
      blk1 |S|=21 offs=[-93, -85, -81, -79, -77, -69, -65, -61, -59, -53, -49, -45, -41, -39, -37, -29, -21, -17, -13, 3, 53]
[688] sizes A=[43, 3, 131] B=[37, 93, 44] kills=[('B', 1, 25)] [0.3s]
      blk1 |S|=25 offs=[-95, -93, -91, -85, -81, -77, -69, -65, -61, -53, -45, -41, -39, -37, -35, -33, -31, -29, -21, -17, -13, -5, 3, 69, 81]
[689] sizes A=[43, 3, 132] B=[37, 93, 43] kills=[('B', 1, 20), ('B', 1, 30), ('B', 1, 27)] [0.4s]
      blk1 |S|=20 offs=[-95, -93, -85, -77, -69, -65, -61, -53, -45, -41, -37, -35, -33, -31, -29, -21, -13, -5, 3, 69]
      blk1 |S|=30 offs=[-95, -93, -91, -85, -83, -81, -79, -77, -75, -73, -71, -69, -67, -65, -63, -61, -53, -51, -45, -41, -37, -35, -33, -31, -29, -21, -13, -5, 3, 69]
      blk1 |S|=27 offs=[-95, -93, -91, -85, -83, -81, -79, -77, -75, -73, -71, -69, -67, -65, -63, -61, -53, -51, -45, -41, -37, -31, -29, -21, -13, 3, 69]
[690] sizes A=[43, 2, 133] B=[37, 94, 42] kills=[('B', 1, 26)] [0.3s]
      blk1 |S|=26 offs=[-93, -87, -85, -81, -79, -77, -65, -61, -59, -53, -49, -45, -41, -39, -37, -31, -29, -21, -17, -13, -5, -3, -1, 3, 71, 77]
[691] sizes A=[43, 2, 134] B=[37, 94, 41] kills=[('B', 1, 27), ('B', 1, 26)] [0.4s]
      blk1 |S|=27 offs=[-95, -93, -91, -89, -87, -85, -81, -77, -65, -61, -59, -53, -49, -45, -41, -39, -37, -31, -29, -21, -17, -13, -9, -5, -3, 3, 77]
      blk1 |S|=26 offs=[-95, -93, -89, -87, -85, -81, -77, -65, -61, -59, -53, -49, -45, -41, -39, -37, -31, -29, -21, -17, -13, -9, -5, -3, 3, 77]
[692] sizes A=[43, 2, 135] B=[37, 94, 40] kills=[('B', 1, 62)] [0.2s]
      blk1 |S|=62 offs=[-188, -186, -184, -182, -180, -178, -176, -174, -172, -170, -168, -166, -164, -162, -160, -94, -92, -90, -88, -86, -84, -82, -80, -78, -76, -74, -72, -70, -68, -66, -64, -62, -60, -58, -56, -54, -52, -50, -48, -46, -44, -42, -40, -38, -36, -34, -32, -30, -28, -26, -24, -22, -20, -18, -16, -14, -12, -8, -6, -4, -2, 0]
[693] sizes A=[41, 3, 119] B=[39, 93, 56] kills=[('B', 1, 58)] [0.3s]
      blk1 |S|=58 offs=[-95, -93, -91, -89, -87, -85, -83, -81, -79, -77, -75, -73, -71, -69, -67, -65, -63, -61, -59, -57, -55, -53, -51, -49, -47, -45, -43, -41, -39, -37, -35, -33, -31, -29, -27, -25, -23, -21, -19, -17, -15, -13, -11, -9, -5, -1, 13, 15, 17, 19, 21, 23, 25, 37, 41, 45, 65, 93]
[694] sizes A=[41, 3, 120] B=[39, 93, 55] kills=[('B', 1, 60)] [0.2s]
      blk1 |S|=60 offs=[-95, -93, -91, -89, -87, -85, -83, -81, -79, -77, -75, -73, -71, -69, -67, -65, -63, -61, -59, -57, -55, -53, -51, -49, -47, -45, -43, -41, -39, -37, -35, -33, -31, -29, -27, -25, -23, -21, -19, -17, -15, -13, -11, -9, -5, -1, 13, 15, 17, 19, 23, 25, 27, 37, 39, 41, 45, 47, 91, 93]
[695] sizes A=[41, 3, 121] B=[39, 93, 54] kills=[('B', 1, 59)] [0.3s]
      blk1 |S|=59 offs=[-95, -93, -91, -89, -87, -85, -83, -81, -79, -77, -75, -73, -71, -69, -67, -65, -63, -61, -59, -57, -55, -53, -51, -49, -47, -45, -43, -41, -39, -37, -35, -33, -31, -29, -27, -25, -23, -21, -19, -17, -15, -13, -11, -9, -5, -1, 13, 15, 17, 19, 23, 25, 27, 37, 39, 41, 45, 47, 93]
[696] sizes A=[41, 3, 122] B=[39, 93, 53] kills=[('B', 1, 58)] [0.2s]
      blk1 |S|=58 offs=[-95, -93, -91, -89, -87, -85, -83, -81, -79, -77, -75, -73, -71, -69, -67, -65, -63, -61, -59, -57, -55, -53, -51, -49, -47, -45, -43, -41, -39, -37, -35, -33, -31, -29, -27, -25, -23, -21, -19, -17, -15, -13, -11, -9, -5, -1, 13, 15, 17, 19, 23, 25, 27, 37, 39, 41, 45, 47]
[697] sizes A=[41, 3, 123] B=[39, 93, 52] kills=[('B', 1, 63)] [0.2s]
      blk1 |S|=63 offs=[-95, -93, -91, -89, -87, -85, -83, -81, -79, -77, -75, -73, -71, -69, -67, -65, -63, -61, -59, -57, -55, -53, -51, -49, -47, -45, -43, -41, -39, -37, -35, -33, -31, -29, -27, -25, -23, -21, -19, -17, -15, -13, -11, -9, -5, -1, 15, 17, 19, 23, 25, 27, 37, 39, 41, 45, 47, 61, 63, 65, 71, 83, 85]
[698] sizes A=[41, 3, 124] B=[39, 93, 51] kills=[('B', 1, 63)] [0.2s]
      blk1 |S|=63 offs=[-95, -93, -91, -89, -87, -85, -83, -81, -79, -77, -75, -73, -71, -69, -67, -65, -63, -61, -59, -57, -55, -53, -51, -49, -47, -45, -43, -41, -39, -37, -35, -33, -31, -29, -27, -25, -23, -21, -19, -17, -15, -13, -11, -9, -5, -1, 15, 17, 19, 23, 25, 27, 37, 39, 41, 45, 47, 61, 63, 65, 67, 71, 83]
[699] sizes A=[41, 3, 125] B=[39, 93, 50] kills=[('B', 1, 62)] [0.3s]
      blk1 |S|=62 offs=[-95, -93, -91, -89, -87, -85, -83, -81, -79, -77, -75, -73, -71, -69, -67, -65, -63, -61, -59, -57, -55, -53, -51, -49, -47, -45, -43, -41, -39, -37, -35, -33, -31, -29, -27, -25, -23, -21, -19, -17, -15, -13, -11, -9, -5, -1, 15, 17, 19, 23, 25, 27, 37, 39, 41, 45, 47, 61, 63, 65, 67, 71]
[700] sizes A=[41, 3, 126] B=[39, 93, 49] kills=[('B', 1, 62)] [0.2s]
      blk1 |S|=62 offs=[-95, -93, -91, -89, -87, -85, -83, -81, -79, -77, -75, -73, -71, -69, -67, -65, -63, -61, -59, -57, -55, -53, -51, -49, -47, -45, -43, -41, -39, -37, -35, -33, -31, -29, -27, -25, -23, -21, -19, -17, -15, -13, -11, -9, -5, -1, 15, 17, 19, 23, 27, 37, 39, 41, 45, 47, 61, 63, 65, 67, 71, 89]
[701] sizes A=[41, 3, 127] B=[39, 93, 48] kills=[('B', 1, 62)] [0.3s]
      blk1 |S|=62 offs=[-95, -93, -91, -89, -87, -85, -83, -81, -79, -77, -75, -73, -71, -69, -67, -65, -63, -61, -59, -57, -55, -53, -51, -49, -47, -45, -43, -41, -39, -37, -35, -33, -31, -29, -27, -25, -23, -21, -19, -17, -15, -13, -11, -9, -5, -1, 15, 17, 19, 23, 27, 37, 39, 41, 45, 47, 61, 63, 65, 67, 71, 87]
[702] sizes A=[41, 3, 128] B=[39, 93, 47] kills=[('B', 1, 61)] [0.2s]
      blk1 |S|=61 offs=[-95, -93, -91, -89, -87, -85, -83, -81, -79, -77, -75, -73, -71, -69, -67, -65, -63, -61, -59, -57, -55, -53, -51, -49, -47, -45, -43, -41, -39, -37, -35, -33, -31, -29, -27, -25, -23, -21, -19, -17, -15, -13, -11, -9, -5, -1, 15, 17, 19, 23, 27, 37, 39, 41, 45, 47, 61, 63, 65, 67, 71]
[703] sizes A=[41, 3, 129] B=[39, 93, 46] kills=[('B', 1, 60)] [0.2s]
      blk1 |S|=60 offs=[-95, -93, -91, -89, -87, -85, -83, -81, -79, -77, -75, -73, -71, -69, -67, -65, -63, -61, -59, -57, -55, -53, -51, -49, -47, -45, -43, -41, -39, -37, -35, -33, -31, -29, -27, -25, -23, -21, -19, -17, -15, -13, -11, -9, -5, -1, 15, 17, 19, 23, 27, 37, 41, 45, 47, 61, 63, 65, 67, 71]
[704] sizes A=[41, 3, 130] B=[39, 93, 45] kills=[('B', 1, 59)] [0.2s]
      blk1 |S|=59 offs=[-95, -93, -91, -89, -87, -85, -83, -81, -79, -77, -75, -73, -71, -69, -67, -65, -63, -61, -59, -57, -55, -53, -51, -49, -47, -45, -43, -41, -39, -37, -35, -33, -31, -29, -27, -25, -23, -21, -19, -17, -15, -13, -11, -9, -5, -1, 15, 17, 19, 23, 27, 37, 41, 45, 47, 61, 63, 65, 71]
[705] sizes A=[41, 3, 131] B=[39, 93, 44] kills=[('B', 1, 58)] [0.2s]
      blk1 |S|=58 offs=[-95, -93, -91, -89, -87, -85, -83, -81, -79, -77, -75, -73, -71, -69, -67, -65, -63, -61, -59, -57, -55, -53, -51, -49, -47, -45, -43, -41, -39, -37, -35, -33, -31, -29, -27, -25, -23, -21, -19, -17, -15, -13, -11, -9, -5, -1, 15, 17, 19, 23, 27, 37, 41, 45, 47, 61, 63, 65]
[706] sizes A=[41, 3, 132] B=[39, 93, 43] kills=[('B', 1, 57)] [0.2s]
      blk1 |S|=57 offs=[-95, -93, -91, -89, -87, -85, -83, -81, -79, -77, -75, -73, -71, -69, -67, -65, -63, -61, -59, -57, -55, -53, -51, -49, -47, -45, -43, -41, -39, -37, -35, -33, -31, -29, -27, -25, -23, -21, -19, -17, -15, -13, -11, -9, -5, -1, 15, 17, 19, 23, 27, 37, 41, 47, 61, 63, 65]
[707] sizes A=[41, 3, 133] B=[39, 93, 42] kills=[('B', 1, 56)] [0.2s]
      blk1 |S|=56 offs=[-95, -93, -91, -89, -87, -85, -83, -81, -79, -77, -75, -73, -71, -69, -67, -65, -63, -61, -59, -57, -55, -53, -51, -49, -47, -45, -43, -41, -39, -37, -35, -33, -31, -29, -27, -25, -23, -21, -19, -17, -15, -13, -11, -9, -5, -1, 15, 17, 19, 23, 27, 37, 41, 47, 61, 65]
[708] sizes A=[41, 3, 134] B=[39, 93, 41] kills=[('B', 1, 55)] [0.2s]
      blk1 |S|=55 offs=[-95, -93, -91, -89, -87, -85, -83, -81, -79, -77, -75, -73, -71, -69, -67, -65, -63, -61, -59, -57, -55, -53, -51, -49, -47, -45, -43, -41, -39, -37, -35, -33, -31, -29, -27, -25, -23, -21, -19, -17, -15, -13, -11, -9, -5, -1, 15, 17, 19, 23, 27, 37, 47, 61, 65]
[709] sizes A=[41, 3, 135] B=[39, 93, 40] kills=[('B', 1, 38)] [0.3s]
      blk1 |S|=38 offs=[-95, -93, -91, -89, -87, -85, -83, -79, -77, -75, -73, -71, -67, -65, -63, -57, -55, -51, -49, -47, -45, -43, -41, -39, -37, -31, -23, -17, -15, -13, -11, -9, 1, 15, 19, 23, 47, 61]
[710] sizes A=[41, 3, 135] B=[39, 93, 40] kills=[('B', 1, 52)] [0.2s]
      blk1 |S|=52 offs=[-95, -93, -91, -89, -85, -83, -81, -79, -77, -75, -73, -71, -69, -67, -65, -63, -61, -59, -57, -55, -53, -51, -49, -47, -45, -43, -41, -39, -37, -35, -33, -31, -29, -27, -25, -23, -21, -17, -15, -13, -11, -9, -5, -1, 15, 17, 19, 23, 27, 47, 61, 65]
[711] sizes A=[41, 3, 135] B=[39, 93, 40] kills=[('B', 1, 54)] [0.2s]
      blk1 |S|=54 offs=[-95, -93, -91, -89, -87, -85, -83, -81, -79, -77, -75, -73, -71, -69, -67, -65, -63, -61, -59, -57, -55, -53, -51, -49, -47, -45, -43, -41, -39, -37, -35, -33, -31, -29, -27, -25, -23, -21, -19, -17, -15, -13, -11, -9, -5, -1, 9, 15, 19, 23, 27, 47, 61, 65]
[712] sizes A=[41, 3, 136] B=[39, 93, 39] kills=[('B', 1, 33), ('B', 1, 27)] [0.4s]
      blk1 |S|=33 offs=[-95, -93, -91, -87, -85, -83, -79, -77, -75, -73, -71, -67, -65, -63, -57, -55, -51, -47, -43, -41, -39, -37, -35, -31, -23, -19, -17, -15, 1, 15, 19, 47, 61]
      blk1 |S|=27 offs=[-95, -93, -91, -87, -79, -73, -71, -67, -63, -61, -55, -49, -47, -43, -39, -37, -31, -23, -19, -17, -15, -11, 1, 19, 27, 47, 61]
[713] sizes A=[41, 3, 136] B=[39, 93, 39] kills=[('B', 1, 53)] [0.2s]
      blk1 |S|=53 offs=[-95, -93, -91, -89, -87, -85, -83, -81, -79, -77, -75, -73, -71, -69, -67, -65, -63, -61, -59, -57, -55, -53, -51, -49, -47, -45, -43, -41, -39, -37, -35, -33, -31, -29, -27, -25, -23, -21, -19, -17, -15, -13, -11, -9, -5, -1, 15, 17, 19, 27, 47, 61, 65]
[714] sizes A=[41, 3, 136] B=[39, 93, 39] kills=[('B', 1, 34), ('B', 1, 37), ('B', 1, 38)] [0.5s]
      blk1 |S|=34 offs=[-95, -93, -91, -85, -83, -81, -79, -77, -73, -71, -67, -65, -63, -59, -57, -53, -51, -47, -43, -41, -39, -37, -35, -33, -29, -27, -25, -19, -11, -1, 9, 15, 19, 27]
      blk1 |S|=37 offs=[-95, -93, -91, -89, -87, -85, -83, -81, -79, -77, -75, -73, -71, -69, -67, -65, -63, -59, -57, -53, -51, -47, -43, -41, -39, -37, -35, -29, -27, -25, -19, -11, -1, 9, 15, 19, 27]
      blk1 |S|=38 offs=[-95, -93, -91, -89, -87, -85, -83, -81, -79, -77, -75, -73, -71, -69, -67, -65, -63, -61, -59, -57, -53, -51, -47, -43, -41, -39, -37, -35, -29, -27, -25, -19, -11, -1, 9, 15, 19, 27]
[715] sizes A=[41, 3, 137] B=[39, 93, 38] kills=[('B', 1, 50)] [0.2s]
      blk1 |S|=50 offs=[-95, -93, -91, -89, -87, -85, -83, -81, -79, -77, -75, -73, -71, -69, -67, -65, -63, -61, -57, -53, -51, -49, -47, -45, -43, -41, -39, -37, -35, -33, -31, -29, -27, -25, -23, -21, -19, -17, -15, -13, -11, -9, -5, -1, 15, 17, 19, 27, 47, 61]
[716] sizes A=[41, 3, 138] B=[39, 93, 37] kills=[('B', 1, 29)] [0.3s]
      blk1 |S|=29 offs=[-95, -93, -91, -87, -85, -83, -81, -79, -77, -67, -63, -55, -49, -47, -45, -43, -41, -39, -33, -31, -27, -23, -19, -15, -13, 1, 15, 19, 27]
[717] sizes A=[41, 3, 138] B=[39, 93, 37] kills=[('B', 1, 36)] [0.4s]
      blk1 |S|=36 offs=[-93, -89, -87, -85, -83, -81, -77, -75, -73, -69, -67, -65, -61, -57, -53, -49, -47, -45, -41, -39, -37, -35, -33, -29, -27, -25, -23, -21, -17, -9, -5, -1, 15, 17, 19, 27]
[718] sizes A=[41, 3, 139] B=[39, 93, 36] kills=[('B', 1, 30), ('B', 1, 23), ('B', 1, 29)] [0.4s]
      blk1 |S|=30 offs=[-95, -93, -91, -87, -83, -79, -77, -75, -69, -67, -63, -59, -57, -55, -51, -47, -45, -43, -41, -39, -35, -33, -31, -23, -19, -15, -11, 1, 15, 27]
      blk1 |S|=23 offs=[-95, -93, -91, -87, -83, -79, -77, -67, -63, -55, -47, -45, -43, -41, -39, -33, -31, -23, -19, -15, 1, 15, 27]
      blk1 |S|=29 offs=[-95, -93, -91, -87, -83, -79, -77, -75, -69, -67, -63, -59, -57, -55, -51, -47, -45, -43, -41, -39, -35, -33, -31, -23, -15, -11, 1, 15, 27]
[719] sizes A=[41, 3, 139] B=[39, 93, 36] kills=[('B', 1, 48)] [0.2s]
      blk1 |S|=48 offs=[-95, -93, -91, -89, -87, -85, -83, -81, -79, -77, -75, -73, -71, -69, -67, -65, -61, -59, -57, -55, -53, -51, -49, -47, -45, -43, -41, -39, -37, -35, -33, -31, -29, -27, -25, -23, -21, -19, -17, -15, -13, -11, -9, -1, 15, 17, 27, 47]
[720] sizes A=[41, 3, 140] B=[39, 93, 35] kills=[('B', 1, 37), ('B', 1, 35)] [0.5s]
      blk1 |S|=37 offs=[-95, -93, -91, -87, -85, -83, -81, -79, -75, -73, -71, -69, -67, -65, -61, -59, -57, -55, -51, -45, -43, -39, -37, -35, -33, -31, -27, -25, -23, -21, -19, -15, -11, -9, 15, 17, 27]
      blk1 |S|=35 offs=[-95, -93, -91, -87, -85, -83, -81, -79, -75, -71, -69, -67, -65, -63, -61, -59, -57, -55, -51, -45, -43, -39, -35, -33, -31, -27, -25, -23, -21, -19, -15, -11, 15, 17, 27]
[721] sizes A=[41, 3, 140] B=[39, 93, 35] kills=[('B', 1, 41)] [0.4s]
      blk1 |S|=41 offs=[-95, -93, -91, -89, -87, -85, -83, -81, -79, -77, -75, -73, -71, -69, -67, -65, -61, -59, -55, -53, -51, -49, -47, -43, -41, -39, -37, -35, -33, -31, -29, -27, -25, -23, -21, -19, -11, -1, 9, 15, 27]
[722] sizes A=[41, 2, 141] B=[39, 94, 34] kills=[('B', 1, 21)] [0.3s]
      blk1 |S|=21 offs=[-93, -77, -73, -65, -61, -57, -53, -49, -45, -41, -37, -33, -29, -25, -21, -17, -9, -5, -1, 15, 27]
[723] sizes A=[41, 2, 142] B=[39, 94, 33] kills=[('B', 1, 59)] [0.3s]
      blk1 |S|=59 offs=[-188, -184, -182, -180, -178, -176, -174, -172, -170, -168, -162, -160, -94, -92, -90, -88, -86, -84, -82, -80, -78, -76, -74, -72, -70, -68, -66, -64, -62, -60, -58, -56, -54, -52, -50, -48, -46, -44, -42, -40, -38, -36, -34, -32, -30, -28, -26, -24, -22, -20, -16, -14, -12, -10, -8, -6, -4, -2, 0]
[724] sizes A=[41, 2, 134] B=[39, 94, 41] kills=[('B', 1, 13)] [0.3s]
      blk1 |S|=13 offs=[-81, -73, -65, -57, -49, -41, -33, -25, -17, -9, -1, 15, 39]
[725] sizes A=[41, 3, 132] B=[39, 93, 43] kills=[('B', 1, 50)] [0.2s]
      blk1 |S|=50 offs=[-95, -93, -91, -89, -87, -85, -83, -81, -79, -77, -75, -73, -71, -69, -67, -65, -63, -61, -59, -57, -55, -53, -51, -49, -47, -45, -43, -41, -39, -37, -35, -33, -31, -29, -27, -25, -23, -21, -19, -15, -13, -11, -9, -5, -3, -1, 13, 15, 35, 39]
[726] sizes A=[41, 3, 132] B=[39, 93, 43] kills=[('B', 1, 26)] [0.3s]
      blk1 |S|=26 offs=[-93, -89, -85, -81, -77, -73, -69, -65, -61, -57, -53, -49, -45, -41, -37, -33, -29, -25, -21, -13, -9, -5, -1, 15, 35, 43]
[727] sizes A=[41, 3, 132] B=[39, 93, 43] kills=[('B', 1, 19)] [0.3s]
      blk1 |S|=19 offs=[-93, -89, -85, -81, -73, -65, -57, -49, -41, -37, -33, -29, -25, -21, -9, -1, 15, 23, 35]
[728] sizes A=[41, 3, 132] B=[39, 93, 43] kills=[('B', 1, 42), ('B', 1, 41), ('B', 1, 43)] [0.6s]
      blk1 |S|=42 offs=[-95, -93, -91, -89, -87, -85, -83, -81, -79, -77, -75, -73, -71, -69, -67, -65, -63, -61, -59, -55, -51, -49, -47, -45, -43, -41, -39, -37, -35, -33, -31, -29, -27, -23, -13, -11, -9, -5, 13, 15, 39, 61]
      blk1 |S|=41 offs=[-95, -93, -89, -87, -85, -83, -81, -79, -77, -75, -73, -71, -69, -67, -65, -63, -61, -59, -55, -51, -49, -47, -45, -43, -41, -39, -37, -35, -33, -31, -29, -27, -23, -13, -11, -9, -5, 13, 15, 39, 61]
      blk1 |S|=43 offs=[-95, -93, -89, -87, -85, -83, -81, -79, -77, -75, -73, -71, -69, -67, -65, -63, -61, -59, -55, -53, -51, -49, -47, -45, -43, -41, -39, -37, -35, -33, -31, -29, -27, -23, -21, -13, -11, -9, -5, 13, 15, 39, 61]
[729] sizes A=[41, 3, 132] B=[39, 93, 43] kills=[('B', 1, 32)] [0.3s]
      blk1 |S|=32 offs=[-93, -89, -85, -81, -73, -71, -69, -65, -63, -61, -57, -53, -49, -45, -43, -41, -39, -37, -35, -33, -29, -25, -21, -13, -11, -9, -3, -1, 15, 39, 43, 61]
[730] sizes A=[41, 3, 132] B=[39, 93, 43] kills=[('B', 1, 20)] [0.3s]
      blk1 |S|=20 offs=[-93, -89, -81, -69, -65, -63, -57, -51, -45, -39, -33, -21, -15, -9, -3, -1, 15, 23, 39, 61]
[731] sizes A=[41, 4, 130] B=[39, 92, 45] kills=[('B', 1, 39)] [0.4s]
      blk1 |S|=39 offs=[-95, -93, -89, -87, -85, -81, -79, -77, -75, -73, -71, -65, -63, -61, -55, -51, -49, -45, -43, -41, -39, -37, -35, -33, -31, -29, -25, -23, -21, -15, -13, -11, -9, -3, 7, 13, 15, 45, 61]
[732] sizes A=[41, 4, 130] B=[39, 92, 45] kills=[('B', 1, 51)] [0.2s]
      blk1 |S|=51 offs=[-95, -93, -91, -89, -87, -85, -83, -81, -79, -77, -75, -73, -71, -69, -67, -65, -63, -61, -59, -57, -55, -53, -51, -49, -47, -45, -43, -41, -39, -37, -35, -33, -31, -29, -27, -25, -23, -21, -19, -15, -13, -11, -9, -3, -1, 13, 15, 31, 39, 45, 61]
[733] sizes A=[41, 4, 131] B=[39, 92, 44] kills=[('B', 1, 35), ('B', 1, 32), ('B', 1, 28)] [0.5s]
      blk1 |S|=35 offs=[-95, -93, -91, -87, -85, -81, -79, -77, -75, -69, -67, -63, -59, -51, -49, -43, -41, -39, -37, -35, -33, -31, -29, -27, -25, -23, -19, -15, -11, -9, -3, 13, 15, 39, 45]
      blk1 |S|=32 offs=[-95, -91, -87, -85, -83, -81, -79, -77, -75, -69, -67, -63, -59, -51, -49, -43, -41, -39, -37, -35, -33, -31, -29, -27, -23, -19, -11, -9, -3, 13, 15, 39]
      blk1 |S|=28 offs=[-95, -91, -87, -85, -83, -79, -77, -75, -71, -67, -63, -59, -51, -49, -47, -45, -43, -41, -39, -35, -33, -31, -27, -19, -11, -3, 13, 15]
[734] sizes A=[41, 4, 131] B=[39, 92, 44] kills=[('B', 1, 32), ('B', 1, 31), ('B', 1, 30)] [0.4s]
      blk1 |S|=32 offs=[-93, -89, -87, -85, -81, -77, -75, -73, -71, -69, -65, -63, -61, -57, -53, -45, -43, -39, -37, -35, -33, -29, -27, -25, -21, -13, -9, -1, 15, 35, 39, 45]
      blk1 |S|=31 offs=[-93, -89, -87, -85, -81, -77, -75, -73, -71, -69, -65, -63, -61, -57, -53, -45, -43, -39, -37, -35, -33, -29, -27, -25, -21, -13, -9, -1, 15, 35, 45]
      blk1 |S|=30 offs=[-93, -89, -87, -85, -81, -77, -75, -73, -71, -69, -65, -61, -57, -53, -49, -45, -39, -37, -35, -33, -29, -27, -25, -21, -13, -9, -1, 15, 35, 45]
[735] sizes A=[41, 5, 129] B=[39, 91, 46] kills=[('B', 1, 51)] [0.2s]
      blk1 |S|=51 offs=[-95, -93, -91, -89, -87, -85, -83, -81, -79, -77, -75, -73, -71, -69, -67, -65, -63, -61, -59, -57, -55, -53, -51, -49, -47, -45, -43, -41, -39, -37, -35, -33, -31, -29, -27, -25, -23, -21, -19, -15, -11, -9, -3, 15, 21, 29, 35, 39, 43, 45, 55]
[736] sizes A=[41, 5, 129] B=[39, 91, 46] kills=[('B', 1, 43), ('B', 1, 44), ('B', 1, 42), ('B', 1, 27)] [0.6s]
      blk1 |S|=43 offs=[-95, -93, -89, -87, -85, -83, -79, -77, -73, -71, -69, -65, -63, -61, -59, -57, -55, -53, -51, -49, -47, -45, -43, -41, -39, -37, -35, -33, -31, -29, -27, -25, -23, -21, -15, -11, -9, -3, -1, 7, 15, 21, 29]
      blk1 |S|=44 offs=[-95, -93, -91, -89, -87, -85, -83, -79, -77, -73, -71, -69, -65, -63, -61, -59, -57, -55, -53, -51, -49, -47, -45, -43, -41, -39, -37, -35, -33, -31, -29, -27, -25, -23, -21, -15, -11, -9, -3, -1, 7, 15, 21, 29]
      blk1 |S|=42 offs=[-95, -93, -89, -87, -85, -83, -79, -77, -73, -71, -69, -65, -63, -61, -59, -55, -53, -51, -49, -47, -45, -43, -41, -39, -37, -35, -33, -31, -29, -27, -25, -23, -21, -15, -11, -9, -3, -1, 7, 15, 21, 29]
      blk1 |S|=27 offs=[-95, -93, -89, -87, -85, -77, -73, -69, -65, -61, -53, -49, -45, -43, -41, -37, -35, -33, -29, -27, -25, -21, -1, 7, 15, 21, 29]
[737] sizes A=[41, 5, 129] B=[39, 91, 46] kills=[('B', 1, 51)] [0.2s]
      blk1 |S|=51 offs=[-95, -93, -91, -89, -87, -85, -83, -81, -79, -77, -75, -73, -71, -69, -67, -65, -63, -61, -59, -57, -55, -53, -51, -49, -47, -45, -43, -41, -39, -37, -35, -33, -31, -29, -27, -25, -23, -21, -19, -15, -11, -9, -3, 15, 21, 29, 31, 35, 39, 43, 45]
[738] sizes A=[41, 5, 129] B=[39, 91, 46] kills=[('B', 1, 36), ('B', 1, 35), ('B', 1, 36), ('B', 1, 30)] [0.5s]
      blk1 |S|=36 offs=[-95, -93, -89, -87, -85, -83, -77, -75, -73, -71, -69, -65, -63, -61, -57, -53, -51, -49, -45, -43, -41, -39, -37, -33, -31, -29, -27, -21, -15, -9, -3, -1, 11, 15, 21, 45]
      blk1 |S|=35 offs=[-95, -93, -89, -87, -85, -83, -77, -75, -73, -71, -69, -65, -63, -61, -57, -53, -51, -49, -45, -43, -41, -39, -37, -33, -31, -29, -27, -21, -15, -9, -3, 11, 15, 21, 45]
      blk1 |S|=36 offs=[-95, -93, -89, -87, -85, -83, -81, -77, -75, -73, -71, -69, -65, -63, -61, -57, -53, -51, -49, -45, -43, -41, -39, -37, -33, -31, -29, -27, -21, -15, -9, -3, 11, 15, 21, 45]
      blk1 |S|=30 offs=[-95, -93, -89, -87, -85, -81, -77, -75, -73, -69, -65, -63, -61, -57, -55, -53, -51, -49, -45, -39, -37, -35, -33, -29, -21, -15, -9, 11, 15, 21]
[739] sizes A=[41, 5, 129] B=[39, 91, 46] kills=[('B', 1, 40)] [0.3s]
      blk1 |S|=40 offs=[-95, -93, -91, -89, -87, -85, -83, -81, -79, -77, -73, -71, -69, -65, -61, -57, -53, -51, -47, -45, -43, -41, -39, -37, -35, -33, -31, -29, -27, -25, -23, -21, -19, -15, -11, -1, 7, 21, 43, 45]
[740] sizes A=[41, 5, 129] B=[39, 91, 46] kills=[('B', 1, 42)] [0.3s]
      blk1 |S|=42 offs=[-95, -93, -89, -87, -85, -83, -81, -79, -77, -73, -71, -69, -67, -65, -63, -61, -57, -55, -53, -51, -49, -45, -43, -41, -39, -37, -33, -31, -29, -25, -23, -21, -19, -11, -9, -3, 15, 21, 43, 45, 47, 55]
[741] sizes A=[41, 5, 129] B=[39, 91, 46] kills=[('B', 1, 38), ('B', 1, 35), ('B', 1, 28)] [0.4s]
      blk1 |S|=38 offs=[-93, -89, -87, -83, -81, -75, -73, -71, -69, -67, -65, -63, -57, -53, -51, -49, -47, -45, -43, -41, -39, -37, -33, -27, -25, -23, -21, -19, -15, -11, -9, -3, 15, 21, 31, 39, 45, 47]
      blk1 |S|=35 offs=[-93, -89, -87, -83, -81, -73, -71, -69, -67, -65, -63, -57, -53, -51, -49, -47, -45, -43, -41, -39, -37, -33, -25, -23, -21, -19, -15, -11, -9, -3, 15, 21, 31, 45, 47]
      blk1 |S|=28 offs=[-93, -87, -83, -73, -71, -69, -67, -63, -57, -53, -51, -49, -47, -45, -43, -41, -39, -33, -25, -23, -21, -19, -15, -11, -3, 15, 21, 45]
[742] sizes A=[41, 4, 130] B=[39, 92, 45] kills=[('B', 1, 40), ('B', 1, 40), ('B', 1, 23)] [0.5s]
      blk1 |S|=40 offs=[-95, -93, -89, -87, -85, -83, -81, -79, -73, -69, -65, -63, -61, -57, -55, -53, -51, -49, -47, -45, -43, -41, -39, -37, -33, -31, -29, -27, -25, -23, -21, -15, -9, -3, -1, 15, 21, 39, 43, 47]
      blk1 |S|=40 offs=[-95, -93, -89, -87, -85, -83, -81, -79, -73, -69, -65, -63, -57, -55, -53, -51, -49, -47, -45, -43, -41, -39, -37, -33, -31, -29, -27, -25, -23, -21, -15, -9, -3, -1, 15, 21, 31, 39, 43, 47]
      blk1 |S|=23 offs=[-93, -89, -87, -81, -73, -69, -65, -63, -57, -51, -49, -45, -41, -39, -37, -33, -25, -21, -9, -3, 15, 21, 39]
[743] sizes A=[41, 4, 131] B=[39, 92, 44] kills=[('B', 1, 51)] [0.2s]
      blk1 |S|=51 offs=[-95, -93, -91, -89, -87, -85, -83, -81, -79, -77, -75, -73, -71, -69, -67, -65, -63, -61, -59, -57, -55, -53, -51, -49, -47, -45, -43, -41, -39, -37, -35, -33, -31, -29, -27, -25, -23, -21, -19, -15, -11, -9, -5, -3, -1, 21, 31, 35, 39, 43, 47]
[744] sizes A=[41, 4, 132] B=[39, 92, 43] kills=[('B', 1, 37), ('B', 1, 34), ('B', 1, 39)] [0.5s]
      blk1 |S|=37 offs=[-95, -93, -91, -89, -87, -85, -83, -79, -77, -73, -71, -69, -67, -65, -63, -59, -51, -47, -45, -43, -41, -37, -35, -33, -31, -27, -25, -23, -21, -19, -11, -5, -3, 21, 35, 39, 47]
      blk1 |S|=34 offs=[-95, -91, -89, -87, -85, -83, -77, -75, -73, -71, -69, -67, -63, -59, -51, -47, -45, -43, -41, -37, -35, -33, -31, -27, -25, -23, -21, -19, -11, -5, -3, 21, 39, 47]
      blk1 |S|=39 offs=[-95, -93, -91, -89, -87, -85, -83, -77, -75, -73, -71, -67, -63, -59, -57, -51, -49, -47, -45, -43, -41, -39, -37, -35, -33, -31, -29, -27, -25, -23, -21, -19, -11, -5, -3, -1, 21, 39, 47]
[745] sizes A=[41, 4, 132] B=[39, 92, 43] kills=[('B', 1, 43)] [0.3s]
      blk1 |S|=43 offs=[-95, -93, -91, -89, -87, -83, -81, -79, -77, -75, -73, -71, -69, -67, -65, -63, -61, -59, -55, -53, -51, -47, -43, -41, -37, -35, -33, -31, -29, -27, -25, -23, -21, -19, -15, -11, -9, -3, 21, 29, 35, 39, 43]
[746] sizes A=[41, 4, 132] B=[39, 92, 43] kills=[('B', 1, 33)] [0.3s]
      blk1 |S|=33 offs=[-93, -89, -85, -81, -79, -77, -75, -73, -71, -69, -65, -59, -57, -55, -49, -47, -45, -43, -41, -37, -35, -33, -29, -27, -25, -23, -21, -11, -9, -1, 11, 21, 43]
[747] sizes A=[41, 4, 132] B=[39, 92, 43] kills=[('B', 1, 39), ('B', 1, 41)] [0.4s]
      blk1 |S|=39 offs=[-95, -93, -91, -89, -87, -85, -83, -81, -77, -73, -71, -69, -65, -63, -61, -59, -57, -53, -49, -45, -43, -41, -37, -35, -33, -31, -29, -27, -25, -23, -21, -15, -11, -9, 21, 23, 29, 35, 39]
      blk1 |S|=41 offs=[-95, -91, -89, -87, -85, -83, -81, -77, -75, -73, -71, -69, -67, -65, -63, -61, -59, -57, -53, -49, -45, -43, -41, -39, -37, -35, -33, -31, -29, -27, -25, -23, -21, -15, -11, -9, 21, 23, 29, 35, 39]
[748] sizes A=[41, 4, 132] B=[39, 92, 43] kills=[('B', 1, 33), ('B', 1, 22)] [0.4s]
      blk1 |S|=33 offs=[-93, -89, -87, -85, -81, -77, -75, -73, -69, -65, -63, -61, -57, -51, -47, -45, -41, -39, -37, -35, -33, -31, -29, -25, -21, -19, -9, -5, 11, 21, 23, 35, 39]
      blk1 |S|=22 offs=[-93, -89, -85, -81, -73, -69, -65, -63, -57, -51, -45, -39, -33, -31, -29, -21, -9, -5, 11, 21, 23, 35]
[749] sizes A=[41, 5, 130] B=[39, 91, 45] kills=[('B', 1, 51)] [0.2s]
      blk1 |S|=51 offs=[-95, -93, -91, -89, -87, -85, -83, -81, -79, -77, -75, -73, -71, -69, -67, -65, -63, -61, -59, -57, -55, -53, -51, -49, -47, -45, -43, -41, -39, -37, -35, -33, -31, -29, -27, -25, -23, -21, -19, -15, -11, -9, -3, -1, 7, 11, 21, 23, 35, 39, 45]
[750] sizes A=[41, 5, 130] B=[39, 91, 45] kills=[('B', 1, 49)] [0.2s]
      blk1 |S|=49 offs=[-95, -93, -91, -89, -87, -85, -83, -81, -79, -77, -75, -73, -71, -69, -67, -65, -63, -61, -59, -57, -55, -53, -51, -49, -47, -45, -43, -41, -39, -37, -35, -33, -31, -29, -27, -25, -21, -19, -15, -9, -3, -1, 11, 21, 23, 35, 39, 45, 55]
[751] sizes A=[41, 5, 130] B=[39, 91, 45] kills=[('B', 1, 41), ('B', 1, 36)] [0.5s]
      blk1 |S|=41 offs=[-95, -93, -91, -89, -87, -85, -83, -81, -79, -77, -75, -73, -71, -69, -67, -65, -63, -59, -57, -53, -51, -49, -45, -43, -41, -39, -37, -35, -33, -31, -29, -25, -21, -19, -9, -1, 11, 21, 31, 35, 45]
      blk1 |S|=36 offs=[-95, -93, -91, -89, -87, -85, -83, -81, -79, -77, -75, -73, -71, -69, -65, -63, -57, -53, -51, -49, -45, -41, -39, -35, -33, -29, -25, -21, -19, -9, -1, 11, 21, 31, 35, 45]
[752] sizes A=[41, 5, 130] B=[39, 91, 45] kills=[('B', 1, 50)] [0.2s]
      blk1 |S|=50 offs=[-95, -93, -91, -89, -87, -85, -83, -81, -79, -77, -75, -73, -71, -69, -67, -65, -63, -61, -59, -57, -55, -53, -51, -49, -47, -45, -43, -41, -39, -37, -35, -33, -31, -29, -27, -25, -23, -21, -19, -15, -9, -3, -1, 11, 19, 21, 23, 35, 39, 45]
[753] sizes A=[41, 5, 130] B=[39, 91, 45] kills=[('B', 1, 35)] [0.3s]
      blk1 |S|=35 offs=[-95, -93, -91, -89, -87, -85, -81, -77, -75, -73, -71, -69, -61, -55, -53, -51, -45, -43, -41, -37, -35, -33, -31, -29, -25, -21, -19, -15, -11, -1, 7, 21, 23, 35, 45]
[754] sizes A=[41, 5, 130] B=[39, 91, 45] kills=[('B', 1, 51)] [0.2s]
      blk1 |S|=51 offs=[-95, -93, -91, -89, -87, -85, -83, -81, -79, -77, -75, -73, -71, -69, -67, -65, -63, -61, -59, -57, -55, -53, -51, -49, -47, -45, -43, -41, -39, -37, -35, -33, -31, -29, -27, -25, -23, -21, -19, -15, -11, -9, -3, -1, 21, 23, 35, 39, 45, 47, 55]
[755] sizes A=[41, 5, 130] B=[39, 91, 45] kills=[('B', 1, 51)] [0.2s]
      blk1 |S|=51 offs=[-95, -93, -91, -89, -87, -85, -83, -81, -79, -77, -75, -73, -71, -69, -67, -65, -63, -61, -59, -57, -55, -53, -51, -49, -47, -45, -43, -41, -39, -37, -35, -33, -31, -29, -27, -25, -23, -21, -19, -15, -11, -9, -3, -1, 21, 23, 31, 35, 39, 45, 47]
[756] sizes A=[41, 5, 130] B=[39, 91, 45] kills=[('B', 1, 51)] [0.2s]
      blk1 |S|=51 offs=[-95, -93, -91, -89, -87, -85, -83, -81, -79, -77, -75, -73, -71, -69, -67, -65, -63, -61, -59, -57, -55, -53, -51, -49, -47, -45, -43, -41, -39, -37, -35, -33, -31, -29, -27, -25, -23, -21, -19, -15, -11, -9, -3, -1, 19, 21, 23, 35, 39, 45, 47]
[757] sizes A=[41, 5, 130] B=[39, 91, 45] kills=[('B', 1, 43)] [0.4s]
      blk1 |S|=43 offs=[-95, -93, -91, -87, -85, -83, -81, -79, -77, -75, -73, -71, -69, -67, -65, -63, -61, -57, -53, -51, -49, -47, -45, -41, -39, -37, -35, -33, -31, -29, -27, -25, -21, -19, -15, -11, -9, -3, 21, 35, 39, 45, 47]
[758] sizes A=[41, 5, 130] B=[39, 91, 45] kills=[('B', 1, 51)] [0.2s]
      blk1 |S|=51 offs=[-95, -93, -91, -89, -87, -85, -83, -81, -79, -77, -75, -73, -71, -69, -67, -65, -63, -61, -59, -57, -55, -53, -51, -49, -47, -45, -43, -41, -39, -37, -35, -33, -31, -29, -27, -25, -23, -21, -19, -15, -11, -9, -3, -1, 13, 21, 29, 35, 39, 45, 55]
[759] sizes A=[41, 5, 130] B=[39, 91, 45] kills=[('B', 1, 43), ('B', 1, 41), ('B', 1, 42)] [0.6s]
      blk1 |S|=43 offs=[-95, -93, -91, -87, -85, -83, -81, -79, -77, -75, -73, -69, -67, -65, -61, -59, -57, -55, -53, -51, -49, -47, -45, -43, -41, -39, -37, -35, -33, -29, -27, -25, -23, -21, -19, -11, -9, -1, 7, 13, 21, 29, 45]
      blk1 |S|=41 offs=[-95, -93, -87, -85, -83, -81, -79, -77, -75, -73, -69, -67, -65, -63, -61, -59, -57, -55, -53, -51, -49, -47, -45, -43, -41, -39, -37, -35, -33, -29, -27, -25, -21, -19, -11, -9, -1, 7, 13, 21, 29]
      blk1 |S|=42 offs=[-95, -93, -91, -87, -85, -83, -81, -79, -77, -75, -73, -69, -67, -65, -63, -61, -59, -57, -55, -53, -51, -49, -47, -45, -43, -41, -39, -37, -35, -33, -29, -27, -25, -21, -19, -11, -9, -1, 7, 13, 21, 29]
[760] sizes A=[41, 5, 130] B=[39, 91, 45] kills=[('B', 1, 51)] [0.2s]
      blk1 |S|=51 offs=[-95, -93, -91, -89, -87, -85, -83, -81, -79, -77, -75, -73, -71, -69, -67, -65, -63, -61, -59, -57, -55, -53, -51, -49, -47, -45, -43, -41, -39, -37, -35, -33, -31, -29, -27, -25, -23, -21, -19, -15, -11, -9, -3, -1, 13, 21, 29, 31, 35, 39, 45]
[761] sizes A=[41, 5, 130] B=[39, 91, 45] kills=[('B', 1, 44), ('B', 1, 42)] [0.5s]
      blk1 |S|=44 offs=[-95, -93, -91, -89, -85, -83, -81, -79, -77, -75, -73, -71, -67, -65, -63, -59, -57, -55, -53, -51, -49, -47, -45, -43, -41, -39, -37, -35, -31, -29, -27, -25, -23, -21, -15, -11, -9, -3, -1, 13, 19, 21, 39, 45]
      blk1 |S|=42 offs=[-95, -93, -91, -89, -85, -83, -81, -79, -77, -75, -73, -71, -67, -65, -63, -59, -57, -55, -53, -51, -49, -47, -45, -43, -41, -39, -37, -35, -31, -29, -27, -25, -23, -15, -11, -9, -1, 13, 19, 21, 39, 45]
[762] sizes A=[41, 5, 130] B=[39, 91, 45] kills=[('B', 1, 51)] [0.2s]
      blk1 |S|=51 offs=[-95, -93, -91, -89, -87, -85, -83, -81, -79, -77, -75, -73, -71, -69, -67, -65, -63, -61, -59, -57, -55, -53, -51, -49, -47, -45, -43, -41, -39, -37, -35, -33, -31, -29, -27, -25, -23, -21, -19, -15, -11, -9, -3, -1, 7, 11, 13, 21, 35, 39, 45]
[763] sizes A=[41, 5, 130] B=[39, 91, 45] kills=[('B', 1, 51)] [0.2s]
      blk1 |S|=51 offs=[-95, -93, -91, -89, -87, -85, -83, -81, -79, -77, -75, -73, -71, -69, -67, -65, -63, -61, -59, -57, -55, -53, -51, -49, -47, -45, -43, -41, -39, -37, -35, -33, -31, -29, -27, -25, -23, -21, -19, -15, -11, -9, -3, -1, 11, 13, 21, 35, 39, 45, 55]
[764] sizes A=[41, 4, 131] B=[39, 92, 44] kills=[('B', 1, 43)] [0.4s]
      blk1 |S|=43 offs=[-95, -93, -91, -89, -87, -83, -81, -77, -75, -73, -71, -69, -67, -65, -63, -61, -59, -57, -55, -53, -51, -47, -45, -43, -41, -39, -37, -35, -33, -31, -29, -27, -23, -19, -15, -11, -5, -1, 11, 13, 21, 35, 39]
[765] sizes A=[41, 4, 131] B=[39, 92, 44] kills=[('B', 1, 31), ('B', 1, 30), ('B', 1, 32)] [0.5s]
      blk1 |S|=31 offs=[-95, -93, -91, -89, -87, -85, -83, -77, -75, -71, -67, -61, -59, -51, -47, -43, -41, -39, -35, -33, -31, -27, -25, -23, -11, -5, 13, 21, 35, 39, 45]
      blk1 |S|=30 offs=[-95, -93, -91, -89, -87, -85, -83, -75, -71, -67, -61, -59, -51, -47, -43, -41, -39, -35, -33, -31, -27, -25, -23, -11, -5, 13, 21, 35, 39, 45]
      blk1 |S|=32 offs=[-95, -93, -91, -89, -87, -83, -79, -77, -75, -71, -67, -63, -61, -59, -55, -51, -47, -45, -43, -41, -39, -35, -33, -31, -27, -23, -11, -5, 13, 21, 35, 39]
[766] sizes A=[41, 4, 131] B=[39, 92, 44] kills=[('B', 1, 43)] [0.4s]
      blk1 |S|=43 offs=[-95, -93, -91, -89, -87, -85, -83, -77, -75, -71, -69, -67, -63, -61, -59, -57, -51, -49, -47, -43, -41, -39, -37, -35, -33, -31, -29, -27, -25, -23, -21, -19, -11, -9, -5, -3, -1, 11, 13, 21, 39, 45, 61]
[767] sizes A=[41, 4, 131] B=[39, 92, 44] kills=[('B', 1, 39)] [0.3s]
      blk1 |S|=39 offs=[-95, -93, -91, -89, -87, -85, -83, -81, -79, -75, -71, -69, -67, -63, -59, -55, -51, -49, -47, -43, -41, -39, -37, -35, -33, -31, -29, -27, -25, -23, -19, -11, -5, -3, 13, 21, 29, 39, 59]
[768] sizes A=[41, 4, 131] B=[39, 92, 44] kills=[('B', 1, 51)] [0.2s]
      blk1 |S|=51 offs=[-95, -93, -91, -89, -87, -85, -83, -81, -79, -77, -75, -73, -71, -69, -67, -65, -63, -61, -59, -57, -55, -53, -51, -49, -47, -45, -43, -41, -39, -37, -35, -33, -31, -29, -27, -25, -23, -21, -19, -15, -11, -9, -5, -3, -1, 13, 21, 23, 29, 39, 61]
[769] sizes A=[41, 4, 131] B=[39, 92, 44] kills=[('B', 1, 41)] [0.3s]
      blk1 |S|=41 offs=[-95, -91, -89, -87, -85, -83, -79, -75, -73, -71, -67, -65, -63, -59, -57, -55, -51, -49, -47, -45, -43, -41, -39, -37, -35, -33, -31, -29, -27, -25, -23, -19, -11, -5, -3, -1, 13, 19, 21, 29, 39]
[770] sizes A=[41, 4, 131] B=[39, 92, 44] kills=[('B', 1, 42), ('B', 1, 43), ('B', 1, 29), ('B', 1, 28)] [0.5s]
      blk1 |S|=42 offs=[-95, -91, -85, -83, -81, -79, -77, -75, -71, -69, -67, -63, -61, -59, -57, -53, -51, -49, -47, -45, -43, -41, -39, -37, -35, -33, -31, -29, -27, -23, -21, -19, -15, -11, -9, -5, -3, -1, 11, 13, 29, 39]
      blk1 |S|=43 offs=[-95, -91, -85, -83, -81, -79, -77, -75, -71, -69, -67, -63, -61, -59, -57, -53, -51, -49, -47, -45, -43, -41, -39, -37, -35, -33, -31, -29, -27, -23, -21, -19, -15, -11, -9, -5, -3, -1, 11, 13, 21, 29, 39]
      blk1 |S|=29 offs=[-95, -91, -85, -83, -81, -79, -77, -75, -71, -67, -65, -59, -53, -51, -47, -43, -41, -39, -35, -33, -27, -23, -19, -11, -1, 11, 13, 29, 39]
      blk1 |S|=28 offs=[-95, -91, -85, -83, -81, -79, -77, -71, -67, -65, -59, -53, -51, -47, -43, -41, -39, -35, -33, -27, -23, -19, -11, -1, 11, 13, 29, 39]
[771] sizes A=[41, 4, 132] B=[39, 92, 43] kills=[('B', 1, 35)] [0.3s]
      blk1 |S|=35 offs=[-95, -89, -87, -85, -83, -81, -77, -71, -69, -63, -61, -59, -57, -53, -49, -47, -41, -39, -37, -35, -33, -31, -29, -23, -21, -19, -15, -11, -5, -3, -1, 11, 13, 21, 39]
[772] sizes A=[41, 5, 130] B=[39, 91, 45] kills=[('B', 1, 40)] [0.3s]
      blk1 |S|=40 offs=[-95, -93, -89, -87, -85, -83, -79, -77, -75, -73, -71, -69, -63, -61, -59, -55, -53, -51, -49, -45, -43, -41, -39, -37, -31, -29, -27, -25, -23, -21, -19, -15, -3, -1, 7, 11, 13, 21, 39, 45]
[773] sizes A=[41, 5, 130] B=[39, 91, 45] kills=[('B', 1, 38), ('B', 1, 37), ('B', 1, 39), ('B', 1, 34)] [0.6s]
      blk1 |S|=38 offs=[-95, -93, -91, -89, -85, -83, -81, -79, -77, -75, -71, -67, -65, -63, -59, -55, -53, -51, -47, -45, -43, -41, -39, -37, -35, -33, -31, -29, -27, -25, -23, -19, -11, -9, 11, 13, 21, 39]
      blk1 |S|=37 offs=[-95, -93, -91, -89, -85, -83, -81, -79, -77, -75, -71, -67, -65, -63, -59, -55, -53, -51, -47, -45, -43, -41, -39, -37, -35, -33, -31, -27, -25, -23, -19, -11, -9, 11, 13, 21, 39]
      blk1 |S|=39 offs=[-95, -93, -91, -89, -85, -83, -81, -79, -77, -75, -73, -71, -69, -67, -65, -63, -59, -55, -53, -51, -47, -45, -43, -41, -39, -37, -35, -33, -31, -27, -25, -23, -19, -11, -9, 11, 13, 21, 39]
      blk1 |S|=34 offs=[-95, -91, -85, -83, -81, -79, -77, -75, -73, -71, -69, -67, -65, -63, -59, -55, -53, -51, -47, -45, -43, -41, -39, -37, -35, -33, -31, -27, -23, -19, -11, 11, 13, 21]
[774] sizes A=[41, 5, 129] B=[39, 91, 46] kills=[('B', 1, 44), ('B', 1, 44), ('B', 1, 33)] [0.5s]
      blk1 |S|=44 offs=[-95, -93, -89, -87, -85, -81, -79, -75, -73, -71, -69, -67, -65, -63, -61, -57, -55, -53, -51, -49, -47, -45, -43, -41, -39, -37, -35, -33, -31, -29, -27, -21, -19, -15, -11, -9, -3, 19, 21, 29, 43, 45, 55, 61]
      blk1 |S|=44 offs=[-95, -93, -89, -87, -81, -79, -77, -75, -73, -71, -69, -67, -65, -63, -61, -57, -55, -53, -51, -49, -47, -45, -43, -41, -39, -37, -35, -33, -31, -29, -27, -21, -19, -15, -11, -9, -3, 19, 21, 29, 43, 45, 55, 61]
      blk1 |S|=33 offs=[-95, -89, -87, -81, -79, -77, -75, -73, -71, -69, -67, -65, -63, -61, -57, -55, -53, -51, -49, -45, -41, -37, -35, -31, -29, -15, -11, -9, 19, 21, 29, 43, 55]
[775] sizes A=[41, 5, 130] B=[39, 91, 45] kills=[('B', 1, 45), ('B', 1, 43)] [0.5s]
      blk1 |S|=45 offs=[-95, -93, -91, -89, -87, -85, -83, -79, -75, -73, -67, -65, -63, -61, -59, -57, -55, -53, -51, -49, -47, -45, -41, -39, -37, -35, -33, -31, -29, -27, -25, -23, -21, -19, -15, -9, -3, -1, 19, 21, 29, 39, 43, 45, 61]
      blk1 |S|=43 offs=[-95, -93, -91, -89, -87, -85, -83, -79, -75, -73, -65, -63, -61, -59, -57, -55, -53, -51, -49, -45, -41, -39, -37, -35, -33, -31, -29, -27, -25, -23, -21, -19, -15, -9, -3, -1, 19, 21, 29, 39, 43, 45, 61]
[776] sizes A=[41, 5, 130] B=[39, 91, 45] kills=[('B', 1, 51)] [0.2s]
      blk1 |S|=51 offs=[-95, -93, -91, -89, -87, -85, -83, -81, -79, -77, -75, -73, -71, -69, -67, -65, -63, -61, -59, -57, -55, -53, -51, -49, -47, -45, -43, -41, -39, -37, -35, -33, -31, -29, -27, -25, -23, -21, -19, -15, -11, -9, -3, -1, 19, 21, 23, 29, 39, 45, 61]
[777] sizes A=[41, 5, 130] B=[39, 91, 45] kills=[('B', 1, 44), ('B', 1, 42)] [0.6s]
      blk1 |S|=44 offs=[-95, -93, -91, -89, -85, -83, -81, -79, -77, -73, -71, -69, -67, -65, -63, -61, -59, -57, -53, -51, -49, -47, -45, -43, -41, -37, -35, -33, -31, -29, -27, -25, -23, -21, -19, -11, -9, -3, 19, 21, 39, 43, 47, 61]
      blk1 |S|=42 offs=[-95, -93, -91, -89, -85, -83, -81, -79, -77, -73, -71, -69, -67, -65, -63, -61, -59, -57, -53, -51, -49, -47, -45, -41, -37, -35, -33, -31, -29, -27, -25, -23, -21, -19, -11, -9, 19, 21, 39, 43, 47, 61]
[778] sizes A=[41, 5, 130] B=[39, 91, 45] kills=[('B', 1, 51)] [0.2s]
      blk1 |S|=51 offs=[-95, -93, -91, -89, -87, -85, -83, -81, -79, -77, -75, -73, -71, -69, -67, -65, -63, -61, -59, -57, -55, -53, -51, -49, -47, -45, -43, -41, -39, -37, -35, -33, -31, -29, -27, -25, -23, -21, -19, -15, -11, -9, -3, -1, 19, 21, 23, 39, 45, 47, 61]
[779] sizes A=[41, 5, 130] B=[39, 91, 45] kills=[('B', 1, 51)] [0.2s]
      blk1 |S|=51 offs=[-95, -93, -91, -89, -87, -85, -83, -81, -79, -77, -75, -73, -71, -69, -67, -65, -63, -61, -59, -57, -55, -53, -51, -49, -47, -45, -43, -41, -39, -37, -35, -33, -31, -29, -27, -25, -23, -21, -19, -15, -11, -9, -3, -1, 11, 19, 21, 23, 39, 45, 61]
[780] sizes A=[41, 5, 130] B=[39, 91, 45] kills=[('B', 1, 36)] [0.3s]
      blk1 |S|=36 offs=[-95, -93, -91, -89, -87, -85, -83, -81, -77, -73, -69, -67, -65, -61, -59, -57, -53, -51, -49, -45, -43, -41, -39, -37, -35, -33, -31, -29, -21, -9, -3, -1, 7, 11, 21, 23]
[781] sizes A=[41, 5, 130] B=[39, 91, 45] kills=[('B', 1, 51)] [0.2s]
      blk1 |S|=51 offs=[-95, -93, -91, -89, -87, -85, -83, -81, -79, -77, -75, -73, -71, -69, -67, -65, -63, -61, -59, -57, -55, -53, -51, -49, -47, -45, -43, -41, -39, -37, -35, -33, -31, -29, -27, -25, -23, -21, -19, -15, -11, -9, -3, -1, 11, 21, 23, 39, 45, 55, 61]
[782] sizes A=[41, 5, 130] B=[39, 91, 45] kills=[('B', 1, 34)] [0.3s]
      blk1 |S|=34 offs=[-95, -93, -91, -89, -87, -85, -81, -79, -77, -73, -69, -67, -65, -61, -57, -53, -51, -49, -45, -41, -37, -35, -33, -31, -29, -27, -21, -9, -1, 11, 21, 23, 31, 39]
[783] sizes A=[41, 4, 131] B=[39, 92, 44] kills=[('B', 1, 30), ('B', 1, 32), ('B', 1, 33), ('B', 1, 30)] [0.5s]
      blk1 |S|=30 offs=[-95, -93, -89, -87, -85, -81, -79, -77, -69, -65, -61, -59, -53, -49, -45, -41, -39, -37, -35, -33, -29, -27, -21, -19, -9, -5, 11, 21, 23, 39]
      blk1 |S|=32 offs=[-95, -93, -89, -87, -85, -81, -79, -77, -69, -65, -61, -59, -57, -53, -51, -49, -45, -41, -39, -37, -35, -33, -29, -27, -21, -19, -9, -5, 11, 21, 23, 39]
      blk1 |S|=33 offs=[-95, -93, -91, -89, -87, -85, -81, -79, -77, -73, -69, -67, -65, -61, -57, -53, -49, -45, -41, -39, -37, -35, -33, -29, -27, -21, -19, -9, -5, 11, 21, 23, 39]
      blk1 |S|=30 offs=[-95, -93, -91, -89, -87, -85, -81, -79, -77, -73, -69, -67, -65, -61, -57, -53, -49, -45, -41, -39, -37, -35, -29, -27, -21, -19, 11, 21, 23, 39]
[784] sizes A=[41, 4, 130] B=[39, 92, 45] kills=[('B', 1, 47)] [0.4s]
      blk1 |S|=47 offs=[-95, -91, -89, -87, -83, -81, -79, -77, -75, -73, -71, -69, -67, -65, -63, -61, -59, -57, -55, -53, -51, -49, -47, -45, -43, -41, -39, -35, -33, -31, -29, -27, -25, -23, -21, -19, -15, -11, -9, -3, 21, 29, 39, 43, 45, 59, 61]
[785] sizes A=[41, 4, 131] B=[39, 92, 44] kills=[('B', 1, 34)] [0.4s]
      blk1 |S|=34 offs=[-95, -91, -87, -85, -83, -81, -77, -75, -73, -71, -69, -67, -65, -61, -59, -53, -51, -45, -43, -41, -37, -31, -29, -27, -23, -21, -19, -15, -11, -5, 21, 29, 39, 43]
[786] sizes A=[41, 4, 131] B=[39, 92, 44] kills=[('B', 1, 37)] [0.3s]
      blk1 |S|=37 offs=[-95, -91, -85, -83, -81, -79, -75, -69, -67, -63, -61, -59, -53, -51, -45, -43, -41, -39, -37, -35, -33, -31, -29, -27, -25, -23, -21, -19, -11, -9, -5, -1, 21, 23, 29, 59, 61]
[787] sizes A=[41, 4, 132] B=[39, 92, 43] kills=[('B', 1, 39), ('B', 1, 39)] [0.4s]
      blk1 |S|=39 offs=[-95, -93, -89, -85, -83, -81, -77, -73, -71, -65, -63, -61, -59, -57, -55, -53, -47, -43, -41, -39, -37, -35, -33, -31, -29, -25, -23, -21, -19, -15, -11, -9, -5, -3, 21, 23, 29, 39, 61]
      blk1 |S|=39 offs=[-95, -93, -91, -89, -87, -85, -83, -81, -79, -77, -75, -73, -71, -69, -67, -65, -63, -61, -59, -57, -53, -49, -47, -41, -37, -35, -33, -29, -25, -23, -21, -19, -11, -5, 21, 23, 29, 39, 61]
[788] sizes A=[41, 3, 133] B=[39, 93, 42] kills=[('B', 1, 32)] [0.4s]
      blk1 |S|=32 offs=[-95, -93, -91, -87, -85, -83, -79, -75, -73, -71, -63, -59, -55, -51, -47, -43, -39, -37, -35, -33, -31, -27, -25, -23, -19, -17, -15, -11, -3, 21, 29, 39]
